#{"t_start": 1775959733.6788962, "env_id": "None"}
r,l,t
-5863.248115,55,0.523921
-10035.382361,81,0.540335
-6490.887632,52,0.550185
-7154.526306,51,0.559909
-11017.180321,92,0.578047
-11927.204627,82,0.593828
-8035.230722,64,0.609208
-9705.479856,72,0.62317
-7191.525053,59,0.634483
-11578.18324,84,0.650445
-9419.185944,68,0.664449
-10916.122132,74,0.680683
-10070.670932,73,0.695686
-8168.700166,62,0.708998
-11066.648369,77,0.724695
-8123.049381,68,0.737815
-4992.425458,42,0.745856
-5297.292808,50,0.755471
-11944.414493,93,0.773063
-7849.479845,58,0.784033
-6475.426228,48,0.793186
-7893.950168,65,0.807724
-11320.903464,66,0.820787
-11967.352633,90,0.838202
-5854.841437,50,0.847585
-10033.108766,80,0.862525
-5497.27887,46,0.871229
-5396.373191,41,0.878928
-10742.698418,81,0.894147
-8177.192878,61,0.905564
-4844.915207,34,0.912797
-8279.559964,72,0.926639
-7860.401433,65,0.938891
-8060.64791,66,0.95118
-8987.935002,72,0.964586
-9644.41253,65,0.976575
-8307.419638,72,0.989876
-12585.197449,98,1.008094
-9355.76026,74,1.023069
-8949.487541,68,1.036038
-7730.932618,62,1.047704
-8928.012844,71,1.061245
-5016.515068,34,1.067766
-9871.264446,80,1.082992
-7952.65421,56,1.093634
-8718.441724,64,1.106801
-4378.212371,48,1.115887
-7089.495542,51,1.126579
-8992.263627,73,1.140807
-7347.222316,61,1.152429
-4727.435518,43,1.160445
-7162.609289,76,1.174698
-4237.522096,36,1.18153
-5145.161143,46,1.190019
-11788.069793,85,1.206151
-5822.062963,52,1.215988
-9085.532212,64,1.229082
-9873.719352,90,1.24705
-7118.050101,62,1.258863
-5035.567879,40,1.266591
-6421.78748,58,1.277471
-5884.116794,53,1.28745
-9656.302243,79,1.302178
-5705.869382,48,1.785229
-4954.765509,31,1.79165
-3980.599231,31,1.799464
-7268.921062,60,1.810998
-11713.576049,99,1.830855
-7066.287276,61,1.842772
-10369.013493,82,1.859554
-7912.931667,58,1.870847
-9250.869774,69,1.884159
-6014.440946,56,1.894865
-8534.921822,74,1.908911
-10261.652285,76,1.92351
-10155.228788,90,1.940583
-9364.724672,84,1.956423
-11733.891741,85,1.973551
-5922.831401,59,1.984956
-5844.879212,52,1.994712
-7672.268115,59,2.006149
-5034.501196,32,2.012235
-10843.750904,83,2.027858
-12261.467147,91,2.044809
-6613.950131,59,2.055987
-7336.465888,54,2.067419
-7090.330677,63,2.080063
-11453.480589,94,2.098574
-7977.915337,61,2.1101
-8579.137952,74,2.124484
-7000.599607,60,2.135842
-8692.62611,59,2.146897
-10142.157921,84,2.162612
-10055.987186,79,2.178242
-12688.653679,90,2.195393
-10032.457338,71,2.208917
-7974.695756,65,2.221434
-10399.069429,78,2.236333
-7252.536209,60,2.248122
-9859.981262,74,2.261963
-6248.405317,42,2.270036
-12153.952065,84,2.286988
-10981.153339,101,2.305915
-5790.423322,40,2.313492
-8285.378682,61,2.324976
-5601.842584,49,2.334249
-10602.056031,76,2.348422
-6549.010713,52,2.358092
-8189.535239,67,2.370771
-11672.020301,98,2.390103
-7710.972307,63,2.402184
-8274.002246,69,2.415188
-8786.323684,74,2.429299
-8259.516544,62,2.441304
-4116.295818,28,2.446729
-5277.950693,40,2.454178
-10121.234099,74,2.468092
-4463.426994,44,2.476491
-6611.575155,52,2.487187
-7343.582871,57,2.498324
-10890.859983,84,2.514446
-9480.15997,66,2.526762
-6879.00947,50,2.536303
-7486.650813,63,2.548297
-6425.471687,56,2.55882
-10769.166563,79,2.573726
-11423.875944,82,3.021168
-11042.504626,68,3.034622
-8790.191184,70,3.047973
-5657.051265,49,3.057364
-7877.343895,60,3.068927
-8834.241277,70,3.082364
-9605.888642,78,3.097426
-9702.885728,74,3.1116
-11410.875414,92,3.130293
-8595.381121,66,3.142903
-4939.249123,32,3.149071
-10304.368837,76,3.163565
-11220.075642,80,3.178818
-6183.836133,62,3.190707
-8643.580297,84,3.206717
-4185.723789,33,3.213797
-7983.737041,70,3.227663
-8051.056733,70,3.241189
-8106.394557,63,3.253567
-4444.937132,40,3.261315
-4998.610238,41,3.269317
-10282.567649,87,3.285866
-9489.968183,74,3.29985
-5438.546318,44,3.308196
-9887.816161,82,3.32443
-8802.176772,68,3.337715
-9184.143582,74,3.351781
-10643.988057,85,3.367794
-7730.699572,60,3.37927
-9048.261878,74,3.393439
-4174.300359,42,3.401447
-7160.359435,58,3.412386
-5164.595902,40,3.420058
-8384.43933,58,3.43207
-10955.707689,86,3.448386
-8214.235999,62,3.460132
-6175.052438,54,3.470354
-6487.21864,45,3.478895
-10872.709196,85,3.495261
-9362.408609,64,3.507551
-9321.560564,68,3.520685
-4932.039163,44,3.529105
-9387.878014,59,3.541372
-8390.314946,66,3.554125
-9659.070105,75,3.568326
-8354.044129,66,3.580839
-10259.302003,72,3.594946
-11127.040796,79,3.610375
-12708.770338,90,3.627368
-8731.356579,68,3.641034
-7317.661381,51,3.651418
-9323.914748,68,3.664375
-7730.102622,57,3.675195
-7620.572527,60,3.686527
-10772.43038,82,3.701892
-9278.827364,80,3.718112
-4802.13649,48,3.727965
-8455.409029,78,3.744135
-4325.863958,28,3.749708
-3952.08994,30,3.755442
-8972.454046,78,3.770095
-6357.645797,49,3.779245
-8206.594852,73,3.793308
-5353.340152,36,4.223593
-8235.899369,64,4.236155
-9658.077517,66,4.249663
-8297.786842,66,4.262085
-8470.652417,68,4.275966
-9845.296521,77,4.290996
-6505.310472,58,4.302107
-11073.682154,85,4.318178
-9844.882984,82,4.333713
-3993.268484,24,4.338268
-9047.99092,78,4.352951
-5271.924674,54,4.363189
-9581.487115,83,4.379995
-7936.857152,63,4.392452
-8265.201685,54,4.403024
-4596.83501,38,4.410368
-4579.442415,46,4.419296
-4828.262293,35,4.42606
-9489.270115,74,4.440253
-10645.466409,85,4.456563
-10174.323139,77,4.471242
-8653.184832,81,4.487557
-11198.210824,86,4.504136
-9553.437604,68,4.516929
-10704.897131,78,4.531614
-9384.736205,78,4.546454
-10534.309003,81,4.561479
-6529.34477,57,4.572089
-6961.123731,55,4.582417
-10215.844724,79,4.599073
-9386.542606,69,4.612425
-4655.530561,45,4.621151
-10539.03338,80,4.636651
-7275.875221,70,4.650102
-4733.117176,44,4.658558
-9131.376756,75,4.672789
-12088.933968,93,4.690252
-8215.350945,63,4.703349
-8752.256098,71,4.717023
-11873.140863,90,4.734202
-12410.942158,105,4.754387
-4697.580678,31,4.760367
-6037.668343,49,4.769655
-10350.463529,84,4.785509
-8513.854048,72,4.800375
-10064.118977,82,4.81693
-11340.015704,80,4.832143
-10574.797954,80,4.847321
-8348.676566,72,4.860927
-7101.425605,62,4.872557
-6328.211093,52,4.882532
-5585.665768,44,4.891078
-11684.573282,84,4.907762
-7915.72858,76,4.922663
-11898.944434,92,4.940048
-8137.777972,65,4.952378
-8555.353475,80,4.967522
-4554.466322,41,4.975325
-7967.494007,66,4.987831
-8414.567953,73,5.001724
-12105.923489,94,5.454194
-7903.675114,72,5.468062
-8070.293562,69,5.481303
-10901.171842,92,5.499049
-9846.682642,64,5.511281
-9656.16979,84,5.527508
-7286.501444,62,5.540271
-8077.894195,62,5.552501
-6138.939094,51,5.562274
-5775.173232,45,5.570977
-4734.84209,41,5.578825
-7919.578115,66,5.591578
-9187.899981,77,5.606388
-5070.908136,47,5.615732
-7087.161336,52,5.625589
-8232.654218,69,5.638642
-4712.277696,34,5.646023
-5594.619786,48,5.655604
-8711.716708,70,5.669088
-9348.206935,82,5.684712
-10197.250701,88,5.701596
-8011.66674,54,5.712095
-8176.065149,62,5.724065
-7247.292669,65,5.736326
-7126.510498,59,5.748258
-9165.429545,75,5.762608
-8332.828958,60,5.774368
-10183.596249,76,5.788899
-10809.597483,90,5.807591
-9239.102602,82,5.823604
-7602.548199,65,5.836334
-8620.496963,75,5.850345
-11221.398284,92,5.869131
-10316.520004,82,5.884839
-8944.196599,80,5.900036
-5958.10871,57,5.910927
-9417.660328,75,5.925009
-5426.404627,48,5.933987
-10113.746951,84,5.949637
-7710.428707,66,5.962776
-9125.267949,69,5.97649
-4480.796422,37,5.983813
-8383.273911,71,5.997387
-9395.608615,77,6.011995
-5220.736815,41,6.019835
-7091.907454,58,6.030875
-8708.607452,66,6.043424
-11362.790963,73,6.057477
-9520.406408,58,6.069396
-9684.657645,73,6.084175
-7625.091051,74,6.098499
-12417.330049,83,6.114506
-9046.830669,81,6.129995
-9374.147102,73,6.143963
-6580.729125,51,6.153841
-7423.717411,60,6.165445
-11814.586457,76,6.181258
-10933.743368,86,6.197896
-4023.810376,27,6.203077
-12701.077383,91,6.22046
-6098.260087,53,6.230597
-9228.012709,82,6.73187
-6870.328042,49,6.741456
-7863.678344,66,6.754189
-9891.536834,78,6.769349
-11746.545982,85,6.785553
-9744.02654,86,6.803862
-7259.721037,64,6.817101
-5926.22893,59,6.829013
-10251.40389,69,6.842773
-6598.251468,58,6.854403
-4979.902249,39,6.861885
-4880.203236,50,6.871759
-6283.739397,50,6.88139
-6387.831696,51,6.891052
-9388.582175,78,6.906683
-6014.572453,47,6.916101
-4960.723316,38,6.923396
-9374.184686,70,6.936885
-10147.302967,78,6.95175
-7288.265749,56,6.962317
-7965.741832,61,6.973934
-11312.705886,75,6.988115
-7004.165435,64,7.000367
-9906.917162,72,7.014738
-9588.779583,68,7.027809
-10846.251363,84,7.04405
-11417.179863,80,7.05928
-9611.743675,78,7.074554
-8734.145859,64,7.086831
-12166.887692,95,7.105332
-8729.900123,71,7.119706
-5536.610829,45,7.128415
-4810.264888,32,7.134859
-5827.286917,47,7.143894
-8527.787048,72,7.157771
-13051.796203,96,7.176096
-6934.504799,58,7.187211
-6405.785541,48,7.19634
-8542.613891,66,7.208637
-6638.987488,60,7.21992
-7459.693328,56,7.231772
-7260.918152,61,7.243495
-9937.432724,74,7.258338
-8305.618333,69,7.271575
-8796.404069,72,7.285242
-9149.666226,72,7.298994
-8148.982176,63,7.310965
-5042.805549,48,7.320079
-13540.311833,94,7.338923
-8868.087463,56,7.349759
-11708.634045,92,7.367144
-9962.415769,90,7.384308
-9400.734834,72,7.397811
-7840.699032,67,7.410349
-10493.276719,89,7.427201
-7043.196751,67,7.440916
-11089.936101,86,7.457667
-8594.517038,69,7.470865
-5281.666353,45,7.479526
-6116.648474,54,7.489866
-11532.494825,72,7.503605
-5869.553092,51,7.513221
-12174.454273,85,7.949498
-4710.664892,34,7.956129
-10224.121185,80,7.972727
-5770.661382,51,7.982896
-9846.054488,76,7.997313
-7394.89798,49,8.006498
-6309.033318,46,8.015182
-10087.731783,77,8.029685
-12299.132332,90,8.046719
-6735.898192,61,8.058431
-4626.113588,48,8.068492
-8860.046606,81,8.084388
-7847.186286,62,8.096151
-9710.070071,72,8.109767
-7646.064402,61,8.121422
-8824.518298,74,8.135401
-9005.994539,70,8.14858
-7647.369997,63,8.160419
-7136.191305,55,8.171737
-9188.981144,72,8.185868
-8603.296553,72,8.199545
-9365.465351,79,8.21436
-9085.775321,68,8.227129
-8964.798153,72,8.24064
-5887.063827,58,8.252198
-5008.848682,46,8.261196
-7032.406523,64,8.273395
-6782.372293,64,8.286543
-8321.858946,70,8.300086
-5601.800376,45,8.308908
-8133.648779,60,8.320473
-4319.838065,39,8.327981
-8941.598205,70,8.341538
-8165.304153,62,8.353478
-11323.111794,83,8.369348
-8747.739517,65,8.382533
-5206.726903,44,8.391128
-10213.174117,83,8.40702
-8223.318866,71,8.420505
-8818.371248,73,8.434304
-7162.032132,62,8.446064
-4776.401464,34,8.452469
-8453.477904,86,8.468672
-10034.720134,80,8.483755
-4813.440569,50,8.494344
-10567.682321,67,8.507165
-9516.42987,68,8.520152
-4171.563305,28,8.52549
-9405.85281,78,8.540159
-8067.382909,65,8.552599
-10844.062057,78,8.567666
-4583.542049,36,8.574597
-5241.551515,53,8.584805
-13686.450434,100,8.605523
-7818.844612,68,8.619149
-12459.917388,94,8.637293
-9755.388076,82,8.653503
-12071.754561,88,8.670658
-7906.329879,65,8.683214
-11185.81295,77,8.699143
-4517.266054,30,8.705224
-7749.791657,60,8.71692
-8654.903625,73,8.731078
-9719.74637,78,9.186775
-6701.704266,52,9.196653
-8121.563351,65,9.208791
-9726.635893,75,9.222707
-6119.442881,51,9.233544
-10202.513251,81,9.249856
-4791.285673,34,9.2565
-12291.73077,83,9.272343
-10705.915699,87,9.288859
-9907.284418,79,9.304039
-5912.102908,57,9.314952
-9185.435377,64,9.326913
-10468.403153,86,9.3443
-5359.526604,50,9.354329
-5367.400492,54,9.364817
-6676.768708,61,9.37653
-5970.444445,46,9.385408
-8908.780195,70,9.398833
-8388.128919,70,9.412212
-9948.749254,75,9.426438
-12274.449406,88,9.443909
-6687.629467,58,9.455182
-11613.101443,92,9.47277
-6977.749975,60,9.484233
-6806.228693,63,9.496335
-5747.701758,47,9.505326
-7676.461048,68,9.518615
-7496.335927,56,9.529305
-5529.129664,40,9.536944
-11879.712477,87,9.554405
-9611.462613,70,9.567796
-9813.533362,78,9.582603
-5587.570286,49,9.591964
-8545.542122,64,9.604095
-11802.395402,96,9.62219
-9825.284893,72,9.635757
-11516.871777,87,9.652854
-5118.690562,56,9.664212
-10762.412437,92,9.68135
-9068.151527,80,9.69631
-8443.949627,73,9.710255
-5827.494135,45,9.718864
-9813.403767,85,9.734965
-6889.078381,58,9.745946
-6983.050969,57,9.757754
-10925.822984,89,9.775082
-9400.98758,82,9.79055
-10875.739358,82,9.806725
-8224.84767,63,9.818926
-9693.215244,78,9.833755
-3491.551855,21,9.837833
-7615.393144,62,9.849833
-5046.81551,52,9.860623
-8286.141171,61,9.872662
-4743.291014,42,9.880852
-8127.488798,66,9.893474
-8546.094426,77,9.90828
-7602.378588,66,9.92094
-6894.509203,59,9.932231
-5779.283477,41,9.940087
-11896.940882,100,9.959171
-9575.884327,77,10.401544
-7831.762864,56,10.412201
-7988.522555,72,10.425697
-8016.690612,67,10.438186
-6817.84502,56,10.448952
-5712.550918,44,10.457492
-5147.448332,53,10.467758
-7983.933476,70,10.481172
-7643.835187,69,10.495146
-11810.047577,86,10.512052
-8144.358582,62,10.524197
-8097.177038,81,10.539535
-10337.064513,82,10.555243
-10423.982074,78,10.570343
-10420.785596,76,10.585004
-13525.588135,96,10.604289
-8897.960908,61,10.616049
-8427.731471,73,10.629942
-8469.346387,69,10.643416
-8669.954419,80,10.658902
-10201.376454,84,10.674803
-5690.85026,55,10.685181
-5774.443602,50,10.694681
-9944.527975,82,10.711546
-7885.238261,62,10.72361
-8185.499779,73,10.737552
-5678.843438,55,10.747928
-4896.084106,38,10.75514
-6727.995689,50,10.764695
-6296.500422,59,10.776035
-8485.695526,69,10.789262
-9522.576333,75,10.804235
-7269.849217,60,10.817146
-7123.758835,58,10.82852
-5667.063097,57,10.839518
-11197.262,90,10.85648
-12957.537211,91,10.87371
-7320.152884,56,10.884283
-8388.364177,68,10.897049
-5561.194856,41,10.904771
-5131.541999,48,10.91458
-8152.752913,70,10.928155
-10638.101433,86,10.944468
-12104.378596,92,10.961756
-10693.063824,76,10.976098
-5277.808452,32,10.982179
-8834.925173,66,10.994564
-9482.907159,80,11.009489
-9834.717771,82,11.025942
-9115.999701,69,11.039159
-10749.065397,85,11.055488
-7833.416896,64,11.067796
-5302.537562,42,11.075881
-10651.016031,80,11.091223
-5201.176598,50,11.100994
-6913.136811,64,11.113217
-8264.543612,71,11.127572
-7785.948508,68,11.140917
-9028.806002,69,11.154293
-10323.888231,78,11.169233
-11294.673695,90,11.618438
-10448.778795,66,11.63117
-9148.315355,60,11.642707
-5686.711834,50,11.653494
-8641.133484,66,11.666849
-7403.191617,71,11.680787
-8335.141473,61,11.692428
-12363.304819,90,11.709408
-8923.793011,80,11.724627
-7105.63017,70,11.737749
-11956.838125,81,11.752835
-8708.612541,79,11.769081
-8307.936948,72,11.782753
-6577.94996,51,11.792381
-7602.30413,72,11.806653
-9999.99692,80,11.822119
-9058.536613,72,11.835971
-6154.322149,62,11.847701
-10762.704973,98,11.86772
-6506.935861,55,11.878672
-5887.395179,56,11.890084
-6914.149943,67,11.903727
-7449.657345,64,11.916798
-12044.148443,91,11.934866
-8475.571421,80,11.950463
-7865.930809,62,11.962626
-8298.410368,62,11.976309
-11446.505602,96,11.994868
-10012.486991,78,12.010186
-12150.334784,92,12.027739
-6991.236889,64,12.040164
-10063.619633,79,12.055591
-4571.176878,40,12.063754
-10305.878858,80,12.081525
-9890.142803,86,12.09858
-8952.041811,73,12.112591
-5168.455118,49,12.122563
-10623.961612,76,12.137504
-11105.017205,75,12.151723
-9596.361718,73,12.165753
-8768.662329,72,12.18102
-4685.460141,47,12.19026
-10428.132581,74,12.204899
-9605.993084,73,12.219059
-8560.529549,80,12.2344
-11332.389883,83,12.250625
-8909.580878,72,12.264622
-10400.031268,85,12.281588
-9535.217853,72,12.295441
-10850.950615,86,12.311911
-6722.185813,64,12.323856
-9540.136131,68,12.336579
-6395.423959,59,12.347556
-6305.766183,58,12.358408
-6236.621304,62,12.370242
-10198.255629,92,12.388609
-7639.169389,63,12.400925
-10660.679337,68,12.413946
-4392.140194,40,12.850284
-9008.374646,83,12.866123
-9028.200124,79,12.880928
-11695.662064,84,12.896612
-10257.593782,78,12.911163
-9062.095511,71,12.926075
-11673.325599,88,12.943417
-9363.143504,80,12.959079
-9139.884365,75,12.973526
-7690.694519,70,12.986832
-8429.279009,77,13.001502
-5668.772497,46,13.010253
-8222.503743,74,13.0255
-5665.961829,52,13.035459
-11112.637803,89,13.052381
-9973.459794,62,13.064443
-10591.261773,82,13.080374
-10326.734666,80,13.095704
-8512.687343,72,13.109424
-10214.914835,86,13.126687
-10689.032549,82,13.142424
-11177.721569,90,13.159788
-6526.856543,62,13.171665
-8507.395479,64,13.183888
-9112.368244,74,13.198057
-4809.758092,44,13.206586
-7202.413729,60,13.21803
-4357.906973,34,13.224557
-4340.74839,31,13.23128
-4515.765475,40,13.239251
-8876.85331,80,13.25558
-5883.159596,52,13.265761
-6998.562394,60,13.277502
-7801.797249,64,13.290054
-8794.121435,74,13.304488
-10478.844442,81,13.320102
-9748.642707,73,13.334182
-4447.413835,40,13.342847
-10626.52765,93,13.360585
-8852.296639,76,13.374866
-8864.525471,83,13.390465
-9762.088632,82,13.405833
-9876.373487,82,13.421182
-9112.640584,68,13.43422
-9636.483495,88,13.452265
-9298.330732,76,13.467082
-4561.902828,42,13.474982
-11774.046329,86,13.491121
-7745.270015,66,13.503518
-4845.407242,31,13.509366
-5067.120234,38,13.516709
-4794.415332,36,13.523745
-10062.239977,74,13.538135
-10626.855474,73,13.552772
-9859.782072,81,13.568712
-5666.678526,54,13.579113
-4223.871024,43,13.587322
-7829.464209,71,13.600894
-8526.700276,68,13.614253
-8013.611623,62,13.626547
-12724.931817,103,14.071427
-7552.464871,62,14.085195
-8072.982281,72,14.09914
-10102.780254,91,14.116646
-11823.830007,90,14.134069
-8973.188512,68,14.14712
-10229.244766,76,14.161508
-8929.575067,75,14.175661
-5516.794802,38,14.183699
-5586.931696,48,14.193311
-6535.959805,64,14.205543
-7261.14363,62,14.217328
-8628.046492,76,14.231656
-6058.255651,52,14.241527
-8418.502072,71,14.255834
-9064.251594,67,14.268771
-9223.219826,76,14.283166
-5961.590329,51,14.293876
-5157.373027,35,14.3008
-9201.160218,72,14.314377
-6393.422881,47,14.323241
-11626.139628,100,14.342666
-4635.96551,27,14.347952
-9377.994351,88,14.364893
-11100.223623,84,14.380857
-10590.112587,78,14.3965
-12317.703639,74,14.410939
-9978.580097,82,14.426602
-6690.292281,64,14.438685
-6252.583964,56,14.449379
-8460.216679,70,14.468348
-10375.492208,85,14.487492
-6163.662486,42,14.495859
-6054.581675,69,14.510297
-7837.421581,64,14.522538
-10892.798787,90,14.54005
-10707.943818,87,14.556699
-10011.274856,70,14.570036
-7819.528009,71,14.583654
-11661.954046,86,14.60002
-10194.267545,87,14.61786
-10911.787207,85,14.634249
-12221.197428,84,14.65041
-5622.968819,52,14.660482
-5230.525363,45,14.669577
-13143.792996,93,14.687624
-5935.034169,39,14.695187
-11648.46603,88,14.713353
-10675.846441,94,14.731726
-6999.877847,67,14.744717
-8859.259255,69,14.758027
-6793.183128,60,14.769661
-9052.038594,67,14.782454
-8077.416074,68,14.795364
-6582.866076,52,14.806118
-7547.456546,66,14.819898
-9096.229287,75,14.834328
-8185.894051,64,14.846453
-6009.384236,50,14.855883
-7854.210686,74,14.870053
-8788.236357,79,15.311752
-7577.761889,62,15.323753
-11494.911804,83,15.339697
-10306.649481,87,15.35769
-11508.124702,82,15.373226
-6763.57249,57,15.383884
-6068.842562,37,15.39081
-9240.275761,87,15.407299
-12863.243092,96,15.425345
-12096.631798,92,15.442523
-8959.15684,77,15.458291
-8095.63538,67,15.471298
-9431.383198,78,15.486206
-8865.104136,72,15.49977
-11242.901577,79,15.514932
-10257.507328,80,15.530211
-7337.557058,61,15.541877
-13616.304705,92,15.56043
-8271.150688,72,15.574219
-10044.304674,71,15.58756
-11465.390698,90,15.604794
-8809.155461,72,15.618487
-10227.927644,73,15.632229
-10263.744458,83,15.64779
-4466.53044,39,15.65513
-9111.343023,78,15.67101
-6412.154278,55,15.681445
-9306.828145,68,15.694114
-5981.743515,54,15.704228
-11483.504772,92,15.721741
-5440.657973,48,15.731101
-5819.393206,55,15.741675
-5798.205636,49,15.751067
-8210.148863,66,15.76448
-13695.051229,93,15.782221
-9179.904047,75,15.796324
-8923.134533,74,15.811698
-8970.20623,75,15.826619
-9344.380922,77,15.841482
-9049.295124,76,15.856325
-11895.792486,85,15.873755
-5684.308142,52,15.884202
-8476.977658,60,15.895536
-7738.485147,73,15.909338
-6361.270679,52,15.919294
-9314.000348,91,15.936867
-8223.96541,74,15.951078
-9951.512928,76,15.965595
-11028.097959,84,15.982609
-6201.817875,57,15.993549
-8788.973,70,16.006913
-6814.156114,69,16.019975
-9547.887905,70,16.03323
-6504.46534,53,16.043141
-7920.540448,62,16.054888
-9801.42153,74,16.06907
-10082.556158,71,16.083496
-8001.302531,64,16.543328
-11339.569772,93,16.561684
-7579.99337,63,16.574527
-9487.965149,70,16.589913
-10026.92605,92,16.608944
-12763.81557,99,16.62856
-9954.542771,83,16.644398
-10063.545361,80,16.65995
-6538.406158,54,16.670231
-10841.331301,81,16.686035
-11231.01428,86,16.702333
-8191.347216,66,16.715874
-5575.288074,55,16.726581
-6327.854883,60,16.738032
-10197.410127,87,16.75485
-12505.673859,86,16.771356
-7864.386744,66,16.783863
-7433.803503,61,16.79559
-10158.129257,84,16.811374
-6599.773112,48,16.821627
-8187.84845,67,16.835128
-6382.620416,65,16.847682
-5800.922404,50,16.857279
-9112.53338,72,16.871264
-9149.370322,71,16.884898
-7153.335238,54,16.89617
-10050.138365,74,16.910676
-8246.024571,72,16.926582
-6269.989692,55,16.937581
-9474.642679,70,16.950879
-7343.363291,68,16.96378
-10062.175188,87,16.980329
-5006.65071,49,16.989641
-11311.45782,90,17.006975
-8383.606995,76,17.021518
-8727.623402,62,17.034241
-5260.239756,48,17.043572
-9960.957365,84,17.060064
-9207.669447,81,17.075595
-10467.866303,80,17.091146
-5032.431773,33,17.097532
-8693.626526,70,17.110716
-4041.707112,40,17.118226
-7758.20765,61,17.129693
-10030.873659,71,17.144094
-6257.323589,54,17.154573
-10178.608152,81,17.170357
-8718.850131,73,17.184058
-7450.159897,59,17.195013
-7130.795201,62,17.207079
-6110.651237,57,17.21803
-5937.063342,54,17.228315
-9589.425858,66,17.24166
-9558.686481,79,17.257739
-5761.770511,49,17.267246
-8392.36881,65,17.27943
-9445.903251,67,17.292095
-10434.707308,80,17.307346
-6505.91877,58,17.318264
-7686.354384,73,17.331975
-10623.203278,67,17.767946
-4724.26582,38,17.776511
-9564.162354,86,17.793056
-7379.286992,66,17.806314
-9980.544329,94,17.824455
-6059.073314,51,17.834465
-10165.729519,87,17.851269
-10850.511891,78,17.866254
-8530.775484,64,17.879343
-8635.667614,73,17.893484
-6735.441911,64,17.905866
-9019.621975,73,17.919697
-10331.46314,80,17.934857
-5750.046921,56,17.945447
-5407.900631,51,17.955059
-10922.360137,93,17.972589
-6114.342486,51,17.983137
-10047.30669,92,18.001114
-9852.026231,82,18.016613
-5304.922339,50,18.026036
-9443.888557,78,18.040647
-7146.850351,58,18.05198
-7739.501747,72,18.066004
-8486.468931,78,18.081241
-5154.692673,48,18.09136
-5178.146206,50,18.101571
-4536.164891,29,18.107199
-9236.010919,76,18.121856
-7329.773711,52,18.131835
-6967.409839,60,18.143354
-10407.802276,75,18.157662
-8808.173318,75,18.171967
-7342.743078,64,18.184139
-9975.757204,80,18.200526
-6316.374689,63,18.212568
-10518.096421,84,18.228436
-10652.909351,88,18.245299
-8741.553738,74,18.259657
-7956.109541,65,18.272005
-10547.415708,75,18.28634
-4324.470484,31,18.292308
-6987.819371,55,18.303907
-6381.958336,48,18.313275
-8476.394396,75,18.327666
-8644.186931,64,18.340089
-4665.972241,46,18.348936
-9778.523845,78,18.363835
-8629.918503,72,18.377555
-8050.136288,74,18.391644
-10738.867625,81,18.408051
-7127.564054,62,18.420062
-9820.804154,84,18.436044
-11776.753633,97,18.454643
-7120.403741,50,18.464326
-10789.321609,83,18.480167
-6281.796867,65,18.492588
-5695.30176,49,18.502734
-6734.789255,62,18.514869
-6878.956922,64,18.527284
-8602.319444,78,18.542201
-10411.729039,92,18.99452
-9506.655739,87,19.011142
-6593.808195,61,19.022769
-8405.050217,61,19.035626
-7966.157399,65,19.048331
-7160.111848,63,19.060616
-8260.97419,82,19.076518
-11318.537671,84,19.092617
-8214.466627,63,19.104736
-7081.448142,50,19.114272
-8771.795553,72,19.127885
-13397.707346,104,19.148972
-5162.953732,44,19.157398
-6899.586031,55,19.167839
-5750.187193,60,19.179097
-10969.686255,93,19.196566
-10660.758047,92,19.213855
-8322.437945,70,19.226953
-10723.013591,90,19.245864
-10257.69108,82,19.262035
-5732.05163,50,19.271696
-5614.552595,45,19.280428
-6077.101524,54,19.290636
-7240.673501,64,19.302924
-7090.653803,58,19.314046
-8989.004222,78,19.328886
-4658.730039,28,19.334365
-7327.144188,66,19.347881
-4812.121322,43,19.3564
-9842.629469,80,19.371968
-4353.441734,41,19.379964
-10521.630941,95,19.398045
-10627.184309,75,19.412482
-8789.902534,86,19.429141
-11674.598133,98,19.450283
-6284.284784,56,19.461794
-6879.656315,62,19.474079
-9097.569995,84,19.490158
-4627.684257,33,19.496639
-6996.777763,64,19.509067
-11489.397331,90,19.526423
-9610.985618,82,19.542106
-8988.494191,72,19.556565
-7011.904262,60,19.568491
-10420.319004,88,19.585155
-8211.837075,72,19.59877
-6839.223426,46,19.607484
-10373.662566,80,19.622923
-7301.916139,74,19.637106
-9017.99735,68,19.649968
-7553.677439,62,19.662354
-10091.941002,90,19.679958
-8316.73492,80,19.6955
-7443.678979,55,19.706117
-9801.056113,83,19.722142
-9285.004822,92,19.739709
-10088.045897,75,19.754102
-6925.354337,44,19.762643
-7348.323133,54,19.77394
-8330.891764,56,19.784955
-4839.621953,40,20.21729
-6761.738351,62,20.229502
-8189.487173,67,20.242373
-8153.687749,66,20.255382
-8216.945837,72,20.269517
-5729.766928,47,20.278553
-6294.755198,52,20.288462
-9504.143966,84,20.305618
-8802.213414,78,20.320523
-8594.751011,79,20.335674
-7576.072435,61,20.34729
-10709.033714,78,20.362213
-10465.413758,81,20.377551
-6557.989046,57,20.388724
-8148.237207,72,20.403583
-8982.488007,74,20.417919
-9937.479405,82,20.433789
-5861.912454,64,20.446196
-8289.846076,66,20.458935
-8595.313338,62,20.470726
-8677.830783,71,20.484069
-9801.313007,78,20.499526
-8634.386129,78,20.515105
-10851.740812,82,20.530959
-11747.620814,77,20.54571
-8845.220924,90,20.562891
-8140.034761,64,20.57493
-9808.917715,87,20.591213
-10161.8255,82,20.607483
-6407.793502,51,20.617645
-9787.255784,80,20.632782
-7257.264376,74,20.646972
-9928.398028,84,20.662954
-4190.939917,34,20.669446
-7586.795871,60,20.680862
-9794.003471,86,20.697231
-9789.124676,83,20.713817
-11709.557379,84,20.731158
-4656.171195,41,20.739039
-9846.797349,70,20.752152
-8653.179011,70,20.765424
-8573.571767,66,20.777851
-5894.311169,59,20.789058
-6613.068151,60,20.80105
-9248.632039,80,20.817688
-11721.993268,93,20.835952
-4945.472037,44,20.844553
-5297.315707,46,20.853335
-8479.938301,67,20.86599
-11419.222018,91,20.883275
-9919.03475,71,20.896982
-9070.235011,78,20.91198
-12651.562102,87,20.929572
-9044.8037,56,20.940261
-8504.717856,72,20.954186
-8819.952006,69,20.967431
-10195.057858,84,20.983638
-7201.327942,59,20.995102
-11543.878142,92,21.435624
-7869.542997,78,21.451521
-10264.074569,80,21.467242
-5740.587268,49,21.476602
-10207.406222,79,21.492123
-8582.010108,72,21.505873
-9607.676343,82,21.521361
-9029.484826,81,21.536832
-7384.312416,65,21.549288
-7172.659759,67,21.563184
-7235.036512,59,21.574561
-9242.906957,80,21.589787
-7604.505911,66,21.603235
-8666.918035,69,21.617533
-5155.356751,51,21.627505
-8018.459757,65,21.640163
-9912.100463,78,21.655634
-9145.959225,75,21.673674
-12008.368884,90,21.695433
-12171.527624,84,21.71221
-7198.900161,63,21.724545
-6046.583196,58,21.735992
-5619.815307,41,21.744078
-8662.54152,88,21.76126
-6112.155973,50,21.772384
-9942.440019,84,21.788684
-8856.387226,68,21.802258
-7024.537222,63,21.814571
-10989.821507,90,21.831966
-9463.145286,69,21.845003
-5786.70465,50,21.854425
-12209.994704,90,21.872169
-5859.094709,51,21.882537
-5028.868695,56,21.893333
-10086.088702,79,21.908546
-9224.497351,79,21.924014
-7576.19568,68,21.938118
-12147.294678,87,21.956128
-7678.720372,70,21.969415
-11615.380168,87,21.987236
-10081.360327,80,22.00288
-11263.020614,90,22.019978
-11630.577358,86,22.036301
-5871.42308,51,22.045987
-7796.806268,61,22.05756
-8979.223639,76,22.072279
-9650.645791,85,22.089939
-5888.838918,51,22.100151
-9431.492369,66,22.112649
-6555.202043,58,22.123477
-8027.516495,65,22.135903
-7665.809182,70,22.149409
-6433.958957,64,22.16138
-12743.205325,95,22.179132
-11930.300464,92,22.19798
-7284.005094,57,22.208761
-6900.920205,66,22.221552
-7628.757261,64,22.233822
-8713.08244,72,22.672471
-3749.411134,23,22.676987
-10639.455169,95,22.695226
-10523.415292,86,22.712794
-8592.228352,77,22.728343
-8024.959666,68,22.741557
-7312.834147,71,22.75536
-7393.166397,57,22.766282
-8607.74062,68,22.779057
-6404.743333,64,22.791743
-7285.17816,60,22.803357
-5083.569475,36,22.810214
-10955.804691,94,22.829812
-10975.079768,90,22.84711
-10590.96206,93,22.864627
-11475.251635,94,22.882583
-7713.752592,72,22.896452
-6286.051096,56,22.907217
-10622.789286,87,22.924473
-9004.610877,69,22.937921
-5029.685487,51,22.947508
-5995.308426,54,22.957594
-9410.741247,74,22.971746
-4624.496674,34,22.978291
-9635.241385,84,22.994335
-9627.035878,69,23.007384
-9021.522625,70,23.020551
-10364.440081,87,23.038081
-4824.880761,42,23.046175
-9507.941162,56,23.057195
-9428.01697,80,23.07263
-7370.601597,60,23.084429
-12173.462771,98,23.103067
-6971.436846,68,23.115978
-7955.882654,68,23.128781
-10303.64371,85,23.146318
-6392.638751,42,23.154418
-8890.786375,69,23.167527
-8604.383772,72,23.181202
-9094.599202,68,23.194066
-8768.933665,82,23.209565
-5693.078523,60,23.22086
-8164.152271,87,23.238091
-6247.839527,54,23.249803
-8535.967099,75,23.264226
-7130.938069,61,23.276051
-9199.53603,77,23.290827
-10619.932531,82,23.306558
-9800.803486,84,23.322752
-9780.355615,77,23.337447
-8765.162477,77,23.353228
-8922.553602,81,23.368885
-9601.943414,90,23.386088
-6432.229548,62,23.397972
-6195.917665,56,23.408763
-6565.888468,63,23.420811
-6629.160843,61,23.432445
-9792.408137,76,23.447703
-5557.031471,54,23.893887
-5808.660178,47,23.903118
-7475.034766,82,23.918984
-6308.110911,54,23.929231
-6802.861606,69,23.942386
-6380.785246,67,23.955056
-5470.157436,53,23.965122
-6464.398193,46,23.97379
-8434.475428,79,23.990286
-9552.287625,89,24.007476
-8148.278362,62,24.019276
-6498.640996,56,24.029842
-7688.414376,76,24.044199
-9340.961986,78,24.059287
-7673.833246,62,24.071305
-9630.394272,72,24.086136
-8744.260376,70,24.100038
-11198.943174,84,24.115917
-6764.422399,62,24.127823
-10000.712482,74,24.141946
-7902.416766,61,24.153523
-9981.44122,92,24.170878
-8956.795388,72,24.184425
-8237.706851,58,24.196557
-5215.365101,47,24.205826
-7299.274149,65,24.218269
-4249.019939,46,24.226951
-5039.747163,42,24.234835
-7267.103271,68,24.248214
-13186.669959,102,24.267545
-8160.869877,74,24.281354
-5922.172085,52,24.292103
-5021.565376,38,24.29962
-9768.082764,73,24.313305
-10796.621739,87,24.329884
-9868.959446,74,24.343965
-9146.950965,77,24.358405
-10138.382147,75,24.372612
-9210.458195,80,24.387588
-8870.947946,80,24.403777
-8110.479857,57,24.41487
-7953.517583,66,24.42736
-12552.87744,91,24.444531
-7007.838233,68,24.457421
-14763.072419,108,24.505469
-8006.320691,54,24.516457
-6629.103956,59,24.527921
-9930.267649,75,24.542378
-7144.068268,63,24.554596
-9924.400896,83,24.570723
-10115.670836,70,24.584319
-7426.51126,64,24.597165
-9146.427296,79,24.613258
-5634.537792,48,24.622808
-5753.63011,48,24.632413
-6671.760033,60,24.644068
-7362.443232,71,24.657826
-12162.347229,90,24.674993
-9884.1247,89,24.694548
-10235.618422,78,24.710153
-10414.492201,78,25.16622
-12365.551386,96,25.185053
-6570.035738,60,25.196768
-9183.986791,82,25.212588
-5759.200376,59,25.224131
-8017.892317,72,25.238096
-7504.522923,67,25.252386
-9955.03282,93,25.270774
-10721.072664,90,25.288075
-7546.279872,65,25.300758
-9004.922788,84,25.317124
-8575.551236,70,25.330522
-7131.685575,62,25.342456
-8654.577534,67,25.356401
-9239.351163,77,25.37131
-8507.319858,75,25.385759
-8312.605056,76,25.400237
-8666.632769,78,25.415354
-6063.256655,55,25.426094
-9809.963387,85,25.442708
-4472.299761,43,25.451536
-7867.820387,82,25.469268
-6805.777043,68,25.482844
-7406.864475,66,25.495789
-8955.880827,64,25.508376
-9411.99028,87,25.525919
-8953.575953,80,25.541676
-7007.956711,57,25.552601
-12679.390723,96,25.572464
-9168.594171,79,25.587742
-7395.479673,63,25.599687
-7831.221025,77,25.614144
-8671.813857,67,25.626743
-9305.543811,81,25.642421
-7446.26777,69,25.655806
-9780.620837,87,25.673754
-5012.695911,36,25.680799
-6654.133874,66,25.693581
-9433.689011,79,25.709015
-9113.387235,76,25.723575
-10246.696876,88,25.740196
-10918.230235,92,25.758219
-9362.065878,88,25.776231
-8707.049461,69,25.789744
-11059.036341,92,25.807949
-9828.940639,81,25.823849
-8063.208306,76,25.838506
-6522.623455,71,25.852201
-7700.195834,71,25.865693
-5938.673205,58,25.877712
-7674.256319,67,25.890869
-10040.638774,85,25.907383
-9122.741563,87,25.92415
-5766.055794,62,25.935931
-9062.034682,79,25.951058
-7213.390762,58,26.420478
-8772.306912,82,26.436335
-6903.220681,66,26.448845
-7222.619394,62,26.460671
-10478.841547,79,26.475475
-5959.560412,64,26.487517
-5077.006713,46,26.496173
-8083.920925,77,26.51233
-8033.889286,69,26.525725
-7954.251158,72,26.539625
-7343.274753,76,26.554273
-10977.66846,88,26.571356
-11924.655651,88,26.588178
-8535.090718,83,26.603925
-7748.844924,78,26.619967
-10323.783282,86,26.637726
-8238.261342,60,26.650619
-5961.075226,68,26.663876
-9674.75062,79,26.679026
-6921.596114,72,26.692716
-12874.063545,90,26.709537
-4955.003089,43,26.718793
-6524.33513,68,26.732431
-9680.119376,74,26.746469
-11088.658372,88,26.764013
-8352.882241,71,26.777731
-7005.580192,62,26.789569
-11997.059655,89,26.807443
-7196.65913,53,26.819524
-9329.751997,91,26.838412
-8667.312389,73,26.852837
-8442.128103,84,26.868625
-7200.836017,68,26.881373
-10737.039235,92,26.898661
-7471.412281,64,26.910969
-5970.108871,52,26.921008
-9107.773297,75,26.93662
-6316.83832,59,26.948236
-9397.009339,74,26.962925
-8429.002509,76,26.977606
-5979.407146,62,26.989874
-9688.03906,78,27.004939
-9260.4131,85,27.021032
-6533.542992,71,27.035313
-9873.631119,79,27.051201
-6431.585302,64,27.063734
-5723.459924,53,27.07397
-11583.610961,78,27.08899
-6848.65186,53,27.099248
-8853.336136,73,27.11313
-11379.583316,102,27.132568
-11134.22537,82,27.14937
-7894.892323,69,27.162498
-6727.739065,71,27.175863
-7136.709205,71,27.189493
-11590.862012,97,27.208093
-7016.011031,71,27.660662
-7409.631418,61,27.673838
-6945.102616,60,27.685584
-9165.187711,78,27.701203
-9098.850328,80,27.716595
-11150.355773,88,27.733865
-6556.054244,60,27.74535
-5973.740179,52,27.755305
-9451.707731,77,27.794544
-9377.280068,78,27.814401
-11349.178702,88,27.835811
-9825.485773,84,27.853962
-9718.858735,75,27.868875
-4706.337491,48,27.878564
-9140.268274,80,27.895908
-7782.229338,71,27.909839
-8711.531398,78,27.924968
-10684.555664,76,27.944343
-9840.397588,87,27.962438
-9774.950123,81,27.979382
-9712.566488,86,27.997119
-8077.941673,70,28.010635
-8750.80367,71,28.024353
-9561.915245,86,28.04077
-5127.3552,43,28.049218
-11622.042767,90,28.066538
-8824.425123,81,28.082039
-5963.466105,60,28.095384
-10945.621577,84,28.112566
-11019.669541,87,28.130051
-6532.326456,60,28.141783
-6446.325676,66,28.154606
-10634.002903,97,28.173673
-9094.822357,83,28.189761
-9708.908734,81,28.206244
-9410.494535,84,28.222568
-5457.699588,53,28.232607
-8469.140271,76,28.248017
-10286.883892,86,28.264696
-10900.24388,73,28.278642
-4537.938233,39,28.28642
-8844.173727,76,28.300884
-8520.760654,84,28.318156
-8799.074675,72,28.33194
-10603.214197,69,28.344999
-12407.798402,94,28.363047
-9753.565728,83,28.378791
-8214.691286,76,28.393207
-10029.152016,84,28.409043
-11516.089189,98,28.428925
-7847.962788,74,28.443039
-8749.448578,65,28.455288
-7411.225743,74,28.469232
-9341.741251,74,28.483154
-7671.645706,74,28.497155
-10299.992357,85,28.948971
-9452.490702,87,28.965806
-6086.061526,50,28.975362
-7793.69258,62,28.987178
-8749.159307,72,29.001344
-6590.874543,61,29.013222
-9904.411435,86,29.029874
-7645.194784,77,29.045384
-8548.07884,71,29.059451
-10364.426633,89,29.076739
-8045.71438,77,29.091688
-5730.785988,50,29.101254
-9754.428071,80,29.116322
-5278.795524,55,29.126693
-6277.264966,56,29.137172
-10957.672939,84,29.153929
-5578.667013,58,29.165417
-6795.560241,66,29.177752
-5977.543211,57,29.188666
-9954.321831,88,29.205383
-9044.99416,80,29.22047
-6892.447328,60,29.231667
-6858.992429,68,29.244673
-5559.582839,50,29.25524
-4466.867579,46,29.264339
-6077.759946,57,29.275119
-10155.410798,80,29.290125
-9360.334289,79,29.304874
-8167.046553,75,29.31898
-6374.347074,58,29.330397
-6616.315558,64,29.343595
-8169.071281,66,29.356219
-8315.479485,76,29.371873
-9004.777224,79,29.387011
-8755.748715,82,29.402592
-5571.55617,46,29.41143
-10709.923394,74,29.425621
-6885.352079,56,29.436254
-12912.012528,102,29.45546
-11025.212387,76,29.470672
-5484.33007,50,29.480425
-7154.467506,64,29.492682
-9480.68575,81,29.508108
-10138.730062,90,29.525288
-4925.350802,48,29.534333
-7241.611781,71,29.547627
-5051.537346,47,29.556392
-9627.585913,94,29.575549
-5409.419338,53,29.586159
-10496.032355,97,29.604615
-8864.874072,76,29.618855
-5233.224994,42,29.626845
-11171.760579,83,29.642488
-9066.623189,77,29.657148
-6747.100114,69,29.670154
-6274.005048,59,29.682476
-11762.95399,98,29.701119
-4662.086166,40,29.708858
-4758.027723,47,29.717809
-9297.134777,77,30.15625
-8337.090074,66,30.169378
-10272.425099,92,30.186969
-7331.555244,68,30.199953
-9704.199424,80,30.21692
-10343.468825,86,30.23346
-9600.588715,81,30.249432
-9514.543708,77,30.264202
-8709.721452,70,30.277443
-6961.741919,60,30.288944
-6704.18257,57,30.300149
-8374.609205,69,30.314186
-10740.99217,92,30.332383
-8507.498618,67,30.345225
-6432.875969,69,30.35836
-9312.859064,74,30.372491
-6672.972823,65,30.385188
-4840.111053,41,30.39314
-7615.793145,68,30.406569
-9125.928538,83,30.424407
-7698.409691,59,30.436387
-8678.942283,75,30.450676
-8043.800993,70,30.463931
-12180.9452,83,30.479475
-6105.478639,57,30.525522
-7944.75603,76,30.540593
-7628.128503,76,30.555123
-9430.07273,79,30.570174
-9175.834623,77,30.58482
-6829.034427,67,30.597564
-9261.339633,78,30.612253
-11434.782479,95,30.631205
-8230.397931,76,30.645921
-5091.727902,49,30.655454
-10855.305766,84,30.671514
-9691.435677,89,30.688303
-10496.164633,91,30.705549
-7254.642544,67,30.718183
-14393.452294,103,30.738334
-6708.954419,65,30.750996
-9047.108363,84,30.76676
-6175.951749,51,30.776235
-7156.792756,64,30.788537
-10195.655318,79,30.804747
-6192.938052,55,30.816752
-10380.526726,86,30.834093
-6634.153794,61,30.847137
-10705.293719,86,30.864479
-7199.556146,62,30.876363
-10163.865768,78,30.89104
-5172.699602,45,30.899573
-7851.905261,62,30.911202
-10494.094134,87,30.927945
-9706.861933,84,30.94475
-10683.740881,88,30.962027
-10584.130302,90,30.979295
-9295.880604,79,31.418435
-5889.447958,59,31.429623
-9788.011069,86,31.445841
-5475.72465,47,31.45467
-6180.705094,64,31.467008
-8144.705585,74,31.482516
-8864.061385,88,31.499251
-6871.551187,65,31.511581
-8998.648355,83,31.527175
-8705.120433,79,31.542043
-8806.180165,74,31.555962
-6923.666674,65,31.568558
-8785.20895,70,31.582849
-8184.776215,71,31.596339
-6605.222493,70,31.609623
-6580.921207,57,31.620403
-6382.444521,54,31.63061
-8329.896531,80,31.645822
-8070.118629,64,31.658188
-8261.649639,72,31.671911
-4986.594565,51,31.682448
-5710.567799,60,31.694011
-6847.811915,74,31.707902
-8093.159925,81,31.72319
-7411.961207,60,31.734546
-9560.959619,78,31.749247
-8173.335281,74,31.763022
-7354.197907,78,31.777576
-9393.083486,74,31.792301
-4510.22757,38,31.801247
-7243.289604,66,31.814564
-10292.07766,93,31.832849
-8796.4868,82,31.848578
-7574.262587,78,31.863423
-10972.629166,93,31.88145
-8556.556643,78,31.897318
-6190.105757,58,31.908765
-5216.435852,52,31.919046
-8452.118884,77,31.933676
-8083.357996,73,31.94748
-7718.485235,69,31.960702
-6822.865738,56,31.971298
-9483.780849,86,31.987441
-6304.454834,63,32.000228
-9411.773121,80,32.015894
-6005.099489,55,32.026468
-8275.59366,78,32.041277
-11598.627702,74,32.055588
-7162.7147,64,32.067926
-8362.033371,64,32.080337
-7817.911565,70,32.093592
-6452.866173,48,32.103826
-9452.969243,79,32.119362
-6818.903478,66,32.132169
-9641.210352,92,32.149895
-8515.639868,72,32.163873
-5737.508138,55,32.174613
-8790.540023,70,32.188064
-9181.904216,77,32.679473
-4942.933954,44,32.688774
-7812.404757,78,32.703971
-5877.054348,58,32.715273
-8701.36067,75,32.730023
-10613.598106,87,32.748157
-9058.402973,68,32.761246
-5117.287518,57,32.772255
-7801.163017,73,32.786432
-9183.93443,79,32.802681
-11326.933165,86,32.820145
-8259.752759,77,32.835597
-6016.826769,60,32.848136
-9228.518622,80,32.864237
-7655.013473,66,32.877179
-8385.338494,78,32.892576
-6343.213261,50,32.902388
-12882.110704,93,32.919988
-7084.67255,60,32.931304
-10014.629818,86,32.948882
-11037.423953,98,32.968369
-9056.48705,76,32.982754
-9387.526791,86,32.999013
-9031.591265,73,33.012856
-11491.779361,90,33.029845
-9320.556765,70,33.042997
-6137.146336,70,33.057483
-8981.964725,82,33.073481
-11279.876731,90,33.090965
-7513.677173,78,33.105776
-9981.413304,94,33.123656
-6316.376669,63,33.135763
-6439.4779,67,33.148511
-10740.994819,87,33.165811
-8746.791208,89,33.183119
-9322.451797,72,33.196769
-5554.064236,55,33.207153
-10523.919562,95,33.224881
-10192.800893,84,33.240581
-9164.314667,73,33.254773
-6922.486051,65,33.268062
-9184.863368,78,33.283506
-7423.499177,63,33.29542
-7265.05083,75,33.309918
-12101.321009,90,33.327227
-8690.575312,83,33.342956
-7146.975989,64,33.355103
-8281.443084,88,33.372463
-8274.113165,69,33.386125
-9415.147827,73,33.400109
-6220.209417,70,33.413371
-6262.722869,61,33.424845
-5280.998057,60,33.436132
-8426.069106,82,33.451675
-7098.888919,63,33.463674
-6594.384192,72,33.916162
-7315.717449,72,33.931257
-9574.338987,86,33.948213
-5895.719603,53,33.958677
-6695.037399,74,33.974707
-10083.672438,78,33.991622
-10788.48816,94,34.011828
-6064.274692,68,34.026182
-6551.387621,61,34.038081
-5796.234705,58,34.049455
-5745.564186,40,34.057246
-4733.311711,34,34.06461
-8116.493278,70,34.078123
-10060.643168,85,34.094332
-6105.873998,68,34.107187
-12939.672299,98,34.12707
-8283.299385,78,34.142018
-12771.646813,110,34.162848
-12289.313216,103,34.182234
-8989.327942,85,34.1985
-9909.45388,87,34.214847
-10130.962667,84,34.231938
-9923.761502,84,34.248463
-8660.601102,86,34.264601
-11317.110158,94,34.282475
-6543.876899,62,34.294368
-12553.805298,102,34.31371
-5860.491631,59,34.325783
-7474.031405,73,34.340052
-7786.847371,76,34.354536
-9177.107574,100,34.373449
-10969.996224,87,34.390169
-5699.207622,52,34.401145
-9781.90307,93,34.418685
-7605.419598,66,34.431828
-5627.017923,48,34.441264
-8885.979084,88,34.457972
-10135.441156,88,34.474419
-7646.100635,66,34.486946
-6168.384527,61,34.498585
-10192.460456,97,34.517017
-9022.747962,80,34.532225
-9196.136434,86,34.549727
-11800.439675,100,34.568807
-10121.770841,85,34.585019
-8985.333358,75,34.59937
-10256.42465,80,34.614484
-8702.370284,73,34.628379
-12530.504663,100,34.648362
-7318.42954,60,34.659944
-8130.058723,76,34.67454
-7982.606925,66,34.687132
-11040.358686,92,34.704426
-8735.676018,80,35.170111
-10124.472725,84,35.18813
-10667.315702,97,35.207255
-6177.788067,65,35.219988
-10164.177387,78,35.235025
-8142.284058,73,35.249724
-6306.616526,57,35.260676
-9970.407012,90,35.278794
-9624.282432,92,35.296909
-11106.51554,100,35.316203
-7757.118667,64,35.328543
-8222.450918,74,35.343564
-10838.559511,81,35.35956
-6712.718903,64,35.37207
-9046.133991,91,35.390894
-9538.943745,79,35.406209
-9670.0042,89,35.423257
-9974.793532,84,35.439185
-8180.027741,76,35.453489
-8531.861355,85,35.469399
-6984.657193,74,35.483378
-7084.781198,64,35.496519
-9912.243304,91,35.513694
-9215.990755,77,35.528192
-7743.586312,77,35.543264
-8757.646689,68,35.556331
-6732.495942,68,35.5692
-10780.193311,87,35.585446
-10456.046328,90,35.603733
-9753.085462,96,35.622139
-7152.508334,70,35.635745
-9215.412124,79,35.650941
-5625.756154,55,35.661321
-7831.949055,78,35.676267
-7081.999479,63,35.688295
-6492.787234,64,35.701243
-7348.52794,65,35.714044
-6095.512984,60,35.725308
-7737.697482,82,35.74091
-10345.848428,92,35.758312
-6534.28176,58,35.769253
-9535.408423,86,35.785555
-8827.929375,79,35.801156
-5761.112074,61,35.814538
-9714.990935,90,35.832277
-8986.875348,77,35.847035
-7643.312816,65,35.859529
-3111.229226,17,35.862829
-6572.80909,60,35.874273
-8026.650864,71,35.888062
-8560.90232,76,35.902752
-9855.20265,85,35.920007
-12423.662352,93,35.937833
-10665.703473,98,35.956515
-7587.214721,68,36.408006
-6730.955059,63,36.420075
-7973.409514,81,36.435581
-10033.137549,93,36.45453
-9339.138423,87,36.470919
-9388.879786,79,36.485861
-8515.134645,77,36.50063
-10471.892704,88,36.517379
-8408.25259,75,36.531396
-5935.844557,47,36.540343
-7647.084594,71,36.554859
-8429.47814,74,36.569084
-9280.803938,77,36.583918
-11552.032839,102,36.6035
-6549.675084,70,36.616929
-7723.547794,78,36.631774
-10256.02912,78,36.646981
-5731.07479,61,36.658868
-12621.359558,100,36.677554
-9448.147058,82,36.69299
-9114.629276,78,36.707629
-9019.926289,73,36.721149
-10379.396302,96,36.739273
-10623.665288,91,36.757539
-9484.267893,88,36.774653
-8418.607011,73,36.788584
-5305.193771,53,36.799946
-10838.487844,86,36.816691
-9924.664997,76,36.832383
-7234.071114,67,36.845804
-11800.316288,94,36.864866
-7853.826134,68,36.877895
-10997.303921,88,36.894791
-8653.27762,78,36.909575
-11635.499139,90,36.927044
-6686.961739,65,36.939385
-8388.556049,80,36.954335
-9164.100162,93,36.972879
-10003.835761,91,36.99025
-9246.226636,85,37.006489
-9524.204048,78,37.021337
-8620.675013,81,37.036694
-7956.740365,74,37.050759
-6807.67869,74,37.065077
-7773.553415,71,37.079939
-10652.194052,94,37.098082
-8697.288738,68,37.110906
-10939.375806,90,37.127869
-11428.909926,100,37.14646
-10815.473078,110,37.166976
-4766.75433,47,37.176948
-7846.31265,73,37.66239
-7620.49071,85,37.678531
-9375.44171,96,37.697041
-8410.748343,88,37.71551
-11490.968408,85,37.732037
-8886.676331,81,37.74741
-7475.985432,68,37.760218
-7131.842293,66,37.772708
-8389.232155,82,37.788369
-9104.935186,70,37.802114
-6728.887273,71,37.816807
-6327.817441,67,37.829759
-8589.459869,71,37.843257
-5920.766316,62,37.855146
-10328.870948,83,37.87107
-9590.563997,82,37.886673
-11860.610715,101,37.905852
-9161.240497,91,37.924286
-10419.416357,88,37.941369
-7585.54909,71,37.95496
-8583.961283,82,37.970843
-9297.458443,77,37.985838
-10345.141513,94,38.00383
-9052.637627,93,38.022196
-8478.19345,73,38.036585
-7773.361538,82,38.052232
-9988.295271,81,38.06797
-10150.843821,81,38.083596
-10646.0625,95,38.101836
-5960.531037,63,38.113683
-9349.26171,80,38.129921
-9074.04493,91,38.147318
-9288.222286,76,38.161652
-6186.942739,57,38.172473
-10015.227424,84,38.188575
-9161.095516,77,38.203334
-8874.668415,72,38.217117
-6900.058976,67,38.23077
-11240.527669,90,38.24856
-8301.393447,79,38.263703
-10625.423314,97,38.282211
-5055.160413,59,38.293604
-5785.271926,60,38.304962
-8059.57918,62,38.316569
-8702.148832,90,38.333341
-5337.731547,63,38.346419
-10560.456778,96,38.364458
-7340.07374,80,38.379402
-9158.589439,76,38.393896
-6064.366379,53,38.404307
-7494.352509,62,38.416422
-11068.165661,96,38.435102
-4999.976305,48,38.44523
-7220.738134,78,38.895192
-9166.851765,81,38.910663
-8886.177964,84,38.92655
-8508.289628,72,38.940133
-8315.197593,86,38.957345
-7498.987637,76,38.973792
-7988.508383,79,38.989505
-7240.068779,73,39.003574
-9436.893651,82,39.019015
-7035.790645,78,39.033777
-12195.867005,92,39.051552
-9705.2484,71,39.065292
-6160.707324,59,39.077419
-7305.267808,65,39.090413
-7064.302538,80,39.105792
-11280.851829,93,39.123554
-9557.390703,92,39.141063
-9647.96286,80,39.156082
-11239.016646,90,39.172966
-9938.294864,86,39.190181
-9752.209678,85,39.206408
-6078.307828,60,39.217849
-8432.523418,84,39.233801
-8215.720063,79,39.249638
-9886.992275,89,39.266851
-7944.600473,79,39.281949
-5693.813446,56,39.293751
-8504.261041,78,39.308836
-11513.858821,88,39.325418
-9264.922295,75,39.339476
-10101.707458,93,39.357115
-7857.780243,73,39.370846
-5940.197468,56,39.381294
-7960.911215,72,39.395537
-4240.551465,41,39.403524
-7770.599044,72,39.417631
-6665.226839,78,39.43254
-10725.739355,78,39.447265
-11192.930157,84,39.4632
-10754.208839,90,39.480368
-10377.219496,101,39.500491
-7354.581438,77,39.515748
-10405.300769,85,39.532507
-7313.462817,72,39.54658
-9712.882646,84,39.562846
-8190.338662,68,39.575946
-8238.597374,78,39.590861
-7623.868746,79,39.606693
-8250.289694,72,39.620974
-13472.018767,105,39.641072
-8929.837565,83,39.656788
-9433.118367,83,39.672615
-9684.372316,88,40.121261
-5626.385301,51,40.131996
-8638.860307,80,40.147606
-9052.347547,82,40.163479
-8202.687237,74,40.177653
-8566.247616,78,40.192648
-9392.957835,74,40.206738
-8328.335221,76,40.221484
-10461.054233,85,40.238276
-8043.131848,82,40.255009
-10099.219379,88,40.272088
-9699.175558,98,40.291232
-6377.784483,62,40.303489
-5911.571295,64,40.315774
-5140.167844,50,40.325375
-7236.083591,78,40.340268
-7873.28467,76,40.355996
-8548.822483,80,40.371734
-11154.644488,92,40.38956
-8355.882692,76,40.404166
-9338.690025,91,40.421781
-9702.620467,91,40.439538
-7170.18724,74,40.454941
-8670.006523,80,40.471016
-8770.373528,83,40.486795
-8686.646978,89,40.503839
-7126.635328,73,40.518393
-8493.250662,82,40.534912
-5552.699311,51,40.545088
-10779.936572,88,40.563273
-6526.822403,70,40.576645
-10418.560941,92,40.594296
-10702.862265,87,40.610944
-9639.691373,80,40.627181
-8550.370104,75,40.641953
-9098.200401,76,40.657201
-11297.546594,88,40.675452
-9523.978317,83,40.692279
-8334.939796,75,40.70721
-8486.435569,71,40.721392
-7073.923432,67,40.734613
-7213.333765,70,40.747832
-8944.780574,85,40.764587
-8501.134535,77,40.779814
-8492.248139,86,40.796193
-7273.531306,63,40.809162
-8514.386919,83,40.825418
-7583.285103,66,40.838305
-7403.341524,77,40.852915
-6808.245538,75,40.867122
-8557.583745,79,40.883966
-7942.404662,72,40.897885
-8341.567437,79,40.912808
-9279.333745,89,41.356557
-8736.028429,92,41.374448
-6857.483906,69,41.387613
-10662.652658,95,41.406649
-6722.562353,59,41.418069
-8992.675537,81,41.433635
-7261.606579,68,41.446836
-7949.13558,73,41.460808
-7942.536669,76,41.475185
-8126.185861,76,41.49001
-8084.676163,78,41.505888
-10421.935145,93,41.523846
-7315.7414,64,41.536018
-5142.068953,58,41.547015
-8465.493207,82,41.562744
-7238.528484,62,41.574577
-7756.540141,66,41.587079
-7875.93595,72,41.600656
-6288.669464,65,41.61413
-6569.523587,63,41.626049
-8651.435043,83,41.641868
-7753.848269,73,41.655813
-7846.324589,67,41.66867
-5762.194588,69,41.6818
-5836.162358,65,41.694052
-7394.699259,72,41.708266
-8123.981976,74,41.722921
-10731.92998,92,41.741268
-9091.044954,71,41.755185
-6869.012012,64,41.767842
-5953.169318,54,41.778311
-7010.59983,61,41.790081
-6707.035255,68,41.804125
-7812.499997,77,41.819956
-9316.98054,71,41.834032
-7564.527499,84,41.850139
-9651.121324,82,41.865703
-10707.298234,101,41.885433
-9158.395766,88,41.902516
-9331.355794,98,41.92227
-9033.756498,90,41.939682
-6777.248646,75,41.953941
-8020.456767,66,41.96656
-7817.673328,80,41.981984
-12036.371946,86,41.99823
-7553.834408,75,42.012414
-5796.500214,60,42.024008
-9672.974397,94,42.042788
-10923.594428,94,42.061264
-9193.243331,90,42.078839
-10275.829411,85,42.095193
-7587.588846,82,42.110731
-7342.231206,71,42.124107
-6974.864355,68,42.567974
-8624.023907,92,42.586094
-7888.840813,70,42.599719
-8607.41473,72,42.613884
-10518.505794,92,42.631619
-13276.250892,110,42.652715
-11985.136641,110,42.674984
-9167.423933,74,42.689539
-7412.729542,79,42.70484
-9415.355907,86,42.721508
-9321.127755,84,42.737333
-6542.380394,69,42.750298
-9548.060518,91,42.768197
-8204.829536,74,42.782817
-6782.344793,76,42.797418
-7646.382074,69,42.811265
-7791.459462,76,42.825835
-5680.638244,55,42.836634
-9415.840645,85,42.853027
-15013.067194,112,42.876344
-6666.393144,60,42.888688
-8410.945156,80,42.903924
-6909.970187,73,42.918388
-7906.04097,78,42.933687
-8096.835409,82,42.949599
-7095.391025,59,42.96107
-10691.110187,92,42.979439
-9068.660797,88,42.996495
-8588.116039,81,43.012186
-8376.248089,89,43.029389
-8911.820892,72,43.042941
-11695.347448,99,43.06155
-6183.511292,60,43.072821
-8974.984767,74,43.087819
-10464.876113,100,43.107313
-11193.778487,94,43.125566
-10020.607515,90,43.142741
-9747.041832,84,43.158378
-7133.411729,60,43.169832
-8461.989948,83,43.186691
-10983.781673,83,43.202758
-6313.690378,65,43.215437
-7984.539626,70,43.228751
-7150.87289,80,43.244449
-7819.88583,62,43.256421
-6528.098239,75,43.270565
-9889.252371,86,43.286782
-5371.17375,45,43.296022
-7652.187292,78,43.31092
-6252.153249,60,43.322603
-9889.736722,89,43.33987
-11064.94528,91,43.357077
-10086.506573,91,43.801314
-8236.609101,78,43.817391
-11792.495303,110,43.838991
-5924.796604,57,43.850044
-7657.504981,77,43.864417
-10137.140924,96,43.882436
-7766.176587,70,43.895976
-10515.679579,87,43.912044
-8505.548904,64,43.924896
-5299.296036,52,43.935464
-5638.799402,58,43.947092
-10776.942765,96,43.965821
-5404.185209,59,43.977073
-10923.016208,90,43.994799
-9097.508369,80,44.010798
-6054.155636,69,44.024316
-6240.248436,64,44.03845
-6906.268712,69,44.051967
-9184.062701,84,44.068121
-8493.554278,78,44.083124
-9419.371326,83,44.099121
-9538.932457,88,44.115742
-10649.499626,95,44.134303
-8157.049612,68,44.147763
-8092.701165,74,44.161651
-7021.240559,66,44.174031
-6504.223406,70,44.187095
-10489.826107,88,44.203835
-7115.133969,78,44.21871
-9762.490595,83,44.234453
-8979.50073,77,44.251074
-8908.300709,70,44.264483
-10777.450786,92,44.28189
-6576.899598,71,44.295454
-8101.399862,70,44.309096
-8210.442409,85,44.325345
-8615.277605,75,44.339659
-6090.843291,68,44.353793
-7592.184777,64,44.366118
-6541.204148,65,44.378385
-10573.683371,93,44.39587
-8063.46764,82,44.411384
-8120.36867,78,44.426373
-10019.609355,90,44.443326
-7937.838645,69,44.45721
-8922.157925,81,44.472946
-11033.714257,98,44.491666
-9362.205173,96,44.510118
-9118.936884,82,44.525682
-6875.843037,72,44.539428
-6491.825321,60,44.550907
-9705.339272,89,44.568719
-6156.719701,72,44.582518
-6287.150688,52,45.019233
-9122.944665,87,45.03605
-7504.192191,73,45.049946
-8549.753358,80,45.06559
-12332.166773,98,45.085953
-6771.806333,63,45.100001
-9433.328318,80,45.115703
-7096.405264,63,45.128019
-9679.835805,85,45.144778
-8960.119051,72,45.158571
-7870.471255,66,45.171374
-9258.086843,82,45.188076
-6562.035919,69,45.202062
-10096.602282,87,45.218877
-6327.536063,60,45.230437
-9324.122354,84,45.247069
-9923.159291,86,45.263739
-9634.48351,87,45.280432
-5393.642317,56,45.291216
-7816.310291,70,45.306006
-7312.880718,75,45.320519
-7318.689278,74,45.334686
-8077.525134,86,45.351151
-6365.892508,66,45.363899
-10272.829953,94,45.381706
-7341.448262,74,45.396813
-8441.400078,78,45.41227
-8861.363128,87,45.429409
-5083.111431,48,45.43864
-5498.485932,42,45.446726
-9423.74511,95,45.464973
-7417.10562,71,45.478557
-6942.76364,67,45.491331
-6089.107405,69,45.505281
-7081.8408,64,45.517939
-9684.275355,88,45.534632
-5905.866441,71,45.548109
-9388.816284,78,45.562917
-9274.389363,93,45.580682
-7675.498575,76,45.595256
-7675.247534,71,45.609675
-11512.675284,100,45.628968
-8181.352433,78,45.643942
-6393.146949,64,45.656183
-9924.595828,89,45.673201
-9767.88836,82,45.688955
-6503.287782,65,45.701446
-10712.50367,86,45.718668
-7084.564124,73,45.733109
-9136.883685,84,45.74935
-8981.237595,82,45.765031
-8917.547936,80,45.78038
-5180.913007,56,45.791044
-5009.603148,51,45.801017
-9886.128627,86,46.25765
-9170.239178,79,46.273825
-10236.055379,91,46.292692
-8813.916743,89,46.313036
-12769.098731,106,46.333841
-9368.35961,72,46.349297
-9857.838332,98,46.370719
-10212.520287,98,46.390744
-7940.097235,77,46.405882
-10110.432329,79,46.421211
-6679.141581,77,46.436091
-8610.38308,86,46.453387
-6620.90949,70,46.467551
-8821.460597,88,46.484599
-8665.408023,80,46.499935
-10829.367599,99,46.51885
-5992.867294,71,46.532551
-8949.607451,85,46.568894
-11138.923112,94,46.598312
-11777.855867,100,46.637968
-10569.083002,96,46.666634
-11599.671272,90,46.685881
-8506.5602,80,46.701634
-8650.723121,80,46.717073
-4756.870839,47,46.726271
-8752.542052,85,46.743504
-6947.259242,64,46.756492
-12808.071415,100,46.777551
-10384.052861,95,46.798513
-8187.506483,67,46.815127
-7986.162917,74,46.830929
-8124.083607,85,46.84988
-10320.454362,84,46.866841
-7290.644821,66,46.882804
-8540.528034,79,46.899501
-8796.015782,82,46.91729
-10267.353924,87,46.93648
-7788.960824,81,46.953139
-6326.3734,57,46.964493
-9695.396385,90,46.984281
-12382.60377,102,47.004976
-8920.813599,88,47.02241
-8476.400338,74,47.03705
-11201.537657,99,47.056114
-10982.280218,85,47.072801
-7672.846445,74,47.088329
-9438.218769,84,47.104553
-8700.379709,80,47.119733
-7028.387697,68,47.132636
-10813.788151,104,47.59859
-8524.95792,80,47.61492
-9599.059459,98,47.634467
-10917.237232,91,47.652457
-9685.015594,85,47.668807
-9916.042653,90,47.686961
-7425.65647,79,47.702749
-7999.097777,78,47.719368
-7275.118415,67,47.734762
-5120.088657,54,47.746191
-11660.492286,96,47.766073
-8006.427579,75,47.78134
-8429.013516,79,47.797941
-8506.677537,85,47.815711
-8926.356378,83,47.833679
-8133.440352,84,47.850854
-7204.288641,73,47.865419
-8206.866024,92,47.883364
-8131.608594,76,47.898472
-5279.018814,60,47.910047
-8281.823986,68,47.923973
-8903.255297,95,47.942645
-11155.16217,102,47.961806
-9028.968006,93,47.979958
-9218.59725,81,47.995453
-7852.941231,75,48.010158
-7157.327559,71,48.023865
-9516.595052,90,48.041934
-7689.385878,72,48.056514
-11633.727928,88,48.073916
-9133.401162,82,48.089938
-10416.944099,89,48.106982
-6000.794031,61,48.118687
-6652.192778,63,48.131073
-10471.658469,92,48.150298
-8630.513522,76,48.165361
-8687.027488,85,48.181576
-10540.982369,92,48.199182
-9932.442483,86,48.21605
-8238.257179,76,48.230836
-8654.705624,82,48.248603
-5251.602654,56,48.260086
-7992.810954,68,48.274476
-8949.645506,85,48.291271
-11574.547722,78,48.306113
-6495.74674,72,48.320012
-9501.786672,90,48.337171
-7738.716297,71,48.351678
-10358.172129,98,48.371023
-10273.161826,82,48.386701
-8740.584247,83,48.402444
-5654.945318,66,48.944733
-10105.172746,92,48.964645
-10858.024113,103,48.986523
-7511.023013,78,49.001861
-4997.514224,49,49.011376
-8712.350022,92,49.028946
-9915.010441,94,49.047592
-6829.066468,76,49.063318
-7147.735374,65,49.07662
-7704.023248,78,49.093264
-8697.837162,72,49.107557
-8944.143475,76,49.12264
-9372.822957,84,49.138836
-14077.814152,108,49.159752
-5445.291596,57,49.171407
-6509.234821,68,49.18481
-10087.890918,80,49.202604
-9720.815451,89,49.221099
-9012.884193,83,49.238039
-8836.515843,87,49.256245
-7454.701084,80,49.272913
-8569.789117,76,49.289041
-8849.919456,84,49.308547
-10172.148669,80,49.325468
-6866.25127,80,49.342134
-13735.711075,98,49.362229
-5841.755191,61,49.374301
-9598.961102,96,49.393504
-7297.342095,76,49.409522
-8572.736249,91,49.427469
-10916.187964,89,49.445079
-9127.290827,86,49.461817
-6130.828882,66,49.474823
-9668.59398,83,49.49088
-10566.083335,94,49.509887
-5725.045741,56,49.521262
-8206.466713,82,49.537146
-8180.199653,72,49.551084
-8333.108611,80,49.566904
-9231.816392,85,49.583506
-9795.675786,94,49.601949
-9395.648554,92,49.620717
-6339.283221,60,49.632677
-6462.339271,64,49.645034
-8470.307775,73,49.658902
-7034.018464,70,49.672196
-8396.767299,71,49.686014
-8030.079603,70,49.699534
-8594.263212,89,49.716518
-8620.718449,76,49.732257
-5822.566167,60,49.743753
-11353.720971,102,49.762869
-9974.958676,89,50.211603
-8173.316912,80,50.226975
-9504.70502,90,50.244081
-6791.660285,71,50.259311
-6681.828254,74,50.274013
-9105.87037,80,50.28942
-9451.151327,97,50.308143
-8564.721274,92,50.325523
-9223.748139,80,50.340871
-8196.55758,85,50.357807
-7644.188611,73,50.372254
-9612.917121,90,50.389524
-5181.815221,52,50.399345
-9888.269649,105,50.419211
-7778.655455,79,50.434306
-8180.08812,86,50.450716
-9696.655087,96,50.469738
-9459.579808,90,50.487108
-5403.974181,59,50.498287
-5712.130045,58,50.509098
-10021.665793,91,50.526487
-5687.401767,68,50.53964
-8580.074299,72,50.553514
-8347.215703,78,50.569384
-6702.417233,82,50.585109
-9142.99579,90,50.602237
-9217.077129,95,50.620458
-7310.833277,69,50.633725
-7734.41762,78,50.648673
-10260.924861,83,50.664668
-7762.811691,88,50.683011
-12001.853102,98,50.702133
-5565.51126,62,50.714197
-8520.376767,76,50.729047
-9763.321083,92,50.746714
-10798.560761,105,50.766819
-11134.123162,94,50.78583
-8327.245671,81,50.801774
-6484.00842,71,50.815594
-4807.623927,58,50.82684
-13092.358692,100,50.846226
-6156.001305,72,50.860113
-8578.099564,74,50.874358
-8062.48351,83,50.891059
-8610.514912,80,50.906442
-5638.485336,64,50.918745
-9847.269327,78,50.933635
-6004.071294,66,50.979032
-6583.66491,70,51.025987
-5513.057909,62,51.038021
-8331.744114,76,51.052577
-10713.325617,94,51.506247
-7938.83359,80,51.523355
-8632.65278,84,51.542569
-6215.875861,63,51.554849
-6288.511847,60,51.566263
-9456.502541,90,51.583356
-9371.712935,100,51.602329
-8118.951479,90,51.619508
-9192.075848,81,51.635987
-6502.356462,66,51.648686
-7805.987462,90,51.665898
-12335.170491,100,51.684908
-6960.563358,70,51.698275
-10630.286502,95,51.716364
-7766.437174,76,51.731467
-6852.128808,70,51.745178
-12179.955796,94,51.763137
-11103.908103,95,51.781388
-7633.02006,76,51.796375
-9143.383054,87,51.814017
-11710.872008,96,51.832563
-11230.01928,98,51.852712
-9355.279113,96,51.870926
-9364.448822,87,51.887276
-6802.537423,64,51.899396
-6148.824988,66,51.911849
-7785.898907,81,51.927608
-5065.078059,48,51.936913
-7012.420313,77,51.953956
-10457.71101,92,51.971486
-7157.04643,82,51.986923
-8371.098913,82,52.002631
-11318.994885,95,52.020686
-9959.408711,90,52.037699
-8534.134384,90,52.056305
-9007.643691,88,52.073763
-6222.470662,64,52.086197
-11232.4133,97,52.104856
-7565.502907,81,52.120269
-8706.508815,80,52.135352
-12578.299137,103,52.15551
-8311.409021,79,52.17116
-9394.011376,83,52.186999
-8766.247465,77,52.20176
-8501.367564,79,52.216784
-5380.052524,61,52.228301
-10162.223724,90,52.245514
-9550.748626,97,52.264875
-8855.150008,84,52.281261
-9492.665613,87,52.719977
-8126.626261,87,52.736524
-10304.376671,84,52.752911
-8376.646714,83,52.768698
-6698.216739,70,52.781952
-9565.220784,90,52.801309
-9915.763117,81,52.817206
-7902.975067,81,52.832872
-11730.735055,99,52.852095
-9149.691449,84,52.867917
-11118.744277,102,52.887349
-8475.931004,78,52.903499
-8104.263326,81,52.919374
-8647.417212,95,52.937903
-9246.05068,93,52.955751
-7885.899637,77,52.97057
-8892.778995,94,52.98866
-13115.000833,89,53.006982
-6742.115148,76,53.021901
-8748.070819,87,53.039231
-7361.393211,76,53.053951
-10192.141799,90,53.071263
-9732.354079,92,53.089038
-6313.853474,69,53.103206
-5609.870232,63,53.115631
-9344.964593,92,53.133119
-9691.434072,83,53.149002
-9337.917016,86,53.165461
-11762.854111,97,53.183926
-11677.038734,93,53.201526
-9655.605108,90,53.219899
-12200.643534,107,53.240447
-7951.913564,92,53.258841
-8410.435814,82,53.274543
-9303.819176,92,53.291967
-8153.092061,92,53.309317
-7984.543756,84,53.326614
-8256.561771,86,53.343152
-9449.433058,83,53.359045
-8345.089731,83,53.37493
-7562.922073,84,53.390953
-7863.770687,79,53.406133
-8437.702443,85,53.423141
-6715.293649,66,53.436177
-5146.095538,63,53.44824
-5866.813101,56,53.458845
-7867.472803,71,53.472254
-7221.111313,60,53.483665
-7583.800377,90,53.500648
-6429.499701,65,53.966625
-9158.312513,83,53.982764
-8093.324793,76,53.998458
-10532.453034,105,54.020369
-10423.206761,103,54.040761
-7944.089707,77,54.057496
-8073.030623,76,54.073119
-9543.569939,95,54.091634
-9862.185107,96,54.110251
-8277.853937,82,54.12591
-5889.65472,72,54.139792
-6419.713194,66,54.152268
-6903.305411,70,54.166993
-10793.062358,99,54.18571
-7972.066824,84,54.201503
-7478.493981,82,54.216882
-8291.398035,81,54.232113
-7196.321476,73,54.246355
-11398.035384,101,54.266553
-10140.644679,97,54.28564
-9897.823074,95,54.303602
-8850.522495,81,54.319304
-12095.439993,85,54.336484
-10842.580778,94,54.354662
-8785.982616,78,54.370576
-8914.117086,84,54.386874
-6925.302977,75,54.401119
-7278.067649,79,54.416121
-8847.671149,83,54.43215
-6984.774813,76,54.446893
-8791.795251,90,54.464123
-8574.505474,80,54.480575
-9247.247292,96,54.498871
-9526.387469,87,54.515366
-8572.225392,87,54.531888
-9168.66125,91,54.549443
-8524.820262,84,54.565431
-8924.043826,93,54.584111
-9263.049506,87,54.600811
-8519.791681,82,54.616572
-5880.762826,58,54.627634
-7888.550089,86,54.644256
-10578.668091,100,54.663332
-10936.997327,102,54.683492
-10836.728833,102,54.703325
-9459.136963,86,54.719865
-5475.344872,57,54.730705
-9162.99183,84,54.746747
-8423.115531,79,55.206921
-8959.340458,94,55.226092
-8597.459932,88,55.243007
-9091.753874,96,55.261461
-9170.941449,86,55.278159
-6377.20577,71,55.291794
-6066.655095,73,55.305905
-8898.633956,85,55.323547
-7634.010188,82,55.33981
-8718.346938,81,55.355399
-11501.690551,105,55.375578
-6564.650138,76,55.390239
-8739.236171,84,55.406312
-9306.261243,88,55.423949
-8097.709328,84,55.440191
-9304.057106,89,55.457279
-9372.39848,89,55.474271
-10248.547029,105,55.494239
-10024.498185,94,55.512089
-8079.489848,85,55.530582
-8878.817286,90,55.547886
-8297.252557,79,55.563137
-12372.419904,106,55.583474
-6489.511936,64,55.595817
-11864.967404,106,55.616323
-7534.080878,74,55.631751
-8929.636376,89,55.648929
-8981.854602,88,55.665447
-10137.338958,100,55.684273
-5925.781257,62,55.696211
-8076.315353,78,55.711159
-8803.602132,84,55.727156
-12249.974403,113,55.749928
-8375.791177,90,55.767222
-8839.158338,84,55.78329
-11153.146519,101,55.802632
-7119.943595,68,55.815605
-7522.627861,81,55.831836
-10857.582086,96,55.850658
-9509.843346,88,55.867655
-6816.010101,68,55.880499
-11055.571541,92,55.897816
-6556.173361,64,55.9101
-7327.898214,79,55.925073
-9432.134624,93,55.943653
-9173.224216,83,55.959832
-8080.33236,82,55.97569
-8186.728997,83,55.991751
-8165.185201,80,56.438412
-8761.298971,83,56.454406
-10363.573081,91,56.472998
-12126.178105,104,56.493096
-7360.298286,71,56.50658
-11471.202892,105,56.526354
-9874.282664,89,56.543403
-9441.560668,96,56.561755
-7805.232689,77,56.577404
-10700.74792,104,56.597183
-7944.787046,82,56.612754
-8912.544183,94,56.630625
-6327.251306,67,56.643247
-9310.723093,82,56.658687
-7425.105605,83,56.674419
-9464.530938,95,56.693578
-8695.732081,84,56.709804
-8563.747223,90,56.727011
-8861.172932,86,56.743464
-6867.308016,76,56.757941
-7816.007263,83,56.773682
-6034.430493,62,56.786192
-8685.570392,86,56.803444
-7459.133389,85,56.820342
-8767.788204,82,56.83628
-10393.807024,82,56.852019
-9059.10128,85,56.868226
-10107.188614,88,56.885887
-8349.669948,80,56.901557
-11345.277909,97,56.936145
-9119.344765,90,56.956721
-12103.255148,100,56.975904
-8722.874836,90,56.993667
-6080.993584,62,57.005787
-6833.732528,76,57.020496
-10215.426987,100,57.039603
-9205.917444,78,57.055063
-10043.618915,86,57.071782
-9259.714201,86,57.088195
-11331.71755,96,57.107968
-6800.440283,72,57.121897
-6933.936313,76,57.13621
-9123.680493,98,57.155092
-6618.672666,81,57.170461
-9042.638853,88,57.187088
-7143.846385,79,57.202072
-8503.666182,84,57.219273
-6307.916899,80,57.23442
-9537.734721,93,57.684248
-9962.73839,96,57.702718
-7218.517966,67,57.715338
-8188.066368,74,57.730058
-6876.733979,77,57.745183
-9951.056817,96,57.763851
-7966.258256,82,57.779416
-9096.005446,94,57.797712
-8834.747357,80,57.812971
-5315.575728,59,57.824276
-7139.990871,76,57.83997
-11739.430437,98,57.858796
-10017.049875,92,57.876443
-11084.771098,104,57.896233
-8714.604784,80,57.911529
-7792.118758,87,57.927902
-9752.600728,96,57.947344
-8030.681089,85,57.963948
-6955.735826,78,57.978846
-7983.971627,82,57.994425
-10651.697294,96,58.012622
-11294.498244,96,58.030677
-10305.882567,95,58.049306
-11470.611687,98,58.06904
-8014.191864,82,58.084941
-7166.342951,80,58.100412
-8421.836527,87,58.117033
-10431.862828,88,58.133766
-8984.378076,94,58.152403
-10694.431615,103,58.172431
-9151.339795,93,58.190197
-9146.81216,90,58.207137
-8344.187409,84,58.222954
-7194.90468,76,58.237419
-8641.542116,79,58.253179
-8010.956277,76,58.268684
-10108.320735,86,58.285211
-8336.149073,74,58.30057
-8512.402877,90,58.318946
-9451.351695,88,58.336494
-5936.566422,60,58.348013
-8993.38649,91,58.366513
-8133.339292,84,58.383143
-8921.554539,84,58.399281
-8603.392224,84,58.415215
-8056.694728,82,58.430773
-9885.176517,89,58.447787
-8822.241093,92,58.465465
-7068.647943,71,58.931934
-7041.327081,79,58.948399
-8657.595242,70,58.961883
-9951.52336,87,58.978329
-13997.477054,114,59.001461
-9457.857261,100,59.021483
-7802.460678,82,59.038805
-7353.208697,90,59.056631
-7297.788114,82,59.07317
-7782.796075,88,59.090246
-10704.282763,96,59.109988
-6489.661269,71,59.123905
-10143.196885,92,59.141832
-10495.732346,89,59.159341
-9375.452933,101,59.178925
-8098.649268,85,59.195245
-8983.06393,90,59.213168
-11877.5059,111,59.234818
-9970.889398,97,59.254087
-10469.927332,98,59.272826
-9412.190209,88,59.289536
-10246.354488,88,59.30599
-8460.352747,91,59.324615
-5680.193685,72,59.338434
-8543.851152,91,59.356447
-4967.546772,57,59.367735
-9789.747713,98,59.38729
-6541.375554,64,59.399667
-12171.799537,103,59.419412
-5905.245878,56,59.431457
-5834.419228,68,59.444328
-9540.760412,84,59.460162
-8154.741898,83,59.475893
-9570.99246,97,59.494137
-7357.007946,79,59.508978
-9532.938551,95,59.52767
-9929.287067,90,59.545229
-6407.988699,81,59.560635
-9433.900995,93,59.578232
-9225.235905,93,59.595844
-6133.77505,57,59.606862
-8730.432946,86,59.623384
-11903.57569,106,59.645047
-8734.726673,85,59.661797
-8427.11899,84,59.678495
-8365.901944,81,59.695441
-7902.171134,80,59.710932
-9787.975169,100,60.156477
-7546.155684,82,60.173791
-9422.137582,95,60.192078
-10237.182986,94,60.209863
-8190.118883,61,60.22162
-8549.009258,84,60.237745
-6511.408302,68,60.251208
-10445.03577,83,60.267941
-6791.259903,82,60.284003
-9623.954852,89,60.301077
-10307.828081,95,60.319242
-5783.979785,65,60.331731
-10148.621888,92,60.34929
-10498.593504,91,60.366586
-7839.308578,81,60.383475
-7339.750169,78,60.398305
-7851.585978,82,60.414006
-6621.054076,76,60.428397
-6017.569133,65,60.440916
-7406.062509,83,60.456807
-7578.341467,82,60.472514
-6862.094709,74,60.487706
-7216.371844,80,60.503231
-8854.137719,83,60.518908
-7687.060523,73,60.533194
-8243.547132,81,60.548722
-9976.375616,89,60.566355
-6536.340665,66,60.5791
-8293.085997,78,60.595935
-7849.958764,78,60.610887
-8162.239323,86,60.627011
-8297.774507,84,60.642712
-7788.499113,75,60.657183
-8790.198198,90,60.674486
-11777.389093,105,60.695496
-9631.520977,85,60.711725
-7105.547042,66,60.724025
-11395.363798,103,60.743258
-8945.643828,94,60.761205
-7890.684678,86,60.778098
-8352.315124,90,60.796335
-7405.625947,92,60.820636
-8685.278597,94,60.839019
-9448.576817,91,60.856734
-10034.532572,94,60.874776
-7813.02216,84,60.891045
-7866.257367,83,60.908305
-10047.883326,99,60.92766
-8162.731049,85,60.944375
-7437.151855,79,61.387689
-9628.107696,95,61.405998
-6615.27736,73,61.419839
-9107.414904,89,61.438415
-8832.0654,91,61.456237
-7762.303571,88,61.473015
-5126.389311,60,61.484455
-8567.380412,86,61.500821
-11516.558444,105,61.520667
-8303.322994,77,61.536196
-8602.35809,67,61.549424
-8413.44775,78,61.564282
-8941.831179,80,61.579352
-9321.647097,91,61.596584
-11024.531019,108,61.61693
-6260.583484,74,61.630782
-10247.025009,88,61.648561
-6174.924678,70,61.661823
-6144.249421,58,61.673031
-9794.957226,100,61.692212
-11094.715272,108,61.712788
-6562.004389,78,61.727654
-8378.461492,83,61.74408
-7625.312368,82,61.760079
-5804.432395,70,61.773625
-10433.74505,113,61.795212
-5050.487661,61,61.807166
-7907.28787,73,61.821166
-7887.282315,91,61.838373
-7050.557988,84,61.855045
-6270.974764,75,61.869811
-11656.611417,98,61.889246
-10432.319488,110,61.910678
-9123.23321,85,61.927163
-8158.832706,75,61.941496
-5764.831084,73,61.956259
-9205.985101,93,61.974351
-9115.999084,89,61.991492
-6077.143388,66,62.004078
-7518.117479,87,62.020564
-8428.358268,91,62.037979
-6673.78929,72,62.051719
-7650.354293,78,62.067729
-8719.097804,90,62.085646
-7404.279955,83,62.10163
-7694.724612,82,62.117392
-9935.439883,96,62.135556
-10700.993699,101,62.154536
-9019.552841,96,62.17369
-9654.025063,92,62.620217
-7689.95987,82,62.636155
-8561.582709,101,62.655665
-6726.360335,70,62.669134
-8214.878988,85,62.686561
-9599.496512,89,62.703967
-7919.863858,83,62.719894
-8660.710572,82,62.735515
-10178.397632,94,62.753458
-9075.46683,95,62.771585
-9634.448166,92,62.788996
-9217.106077,89,62.808018
-5593.074168,59,62.819461
-7327.98112,86,62.835656
-7036.620881,81,62.851057
-7987.305448,90,62.868084
-9118.734177,96,62.886247
-9552.044758,88,62.903966
-9278.076227,93,62.922206
-7766.788351,82,62.937999
-11170.394504,86,62.954419
-8099.271353,84,62.970346
-9235.852665,99,62.989538
-9853.193684,91,63.008044
-7290.354225,78,63.023619
-9885.451687,100,63.042821
-11045.492841,100,63.061873
-8720.067868,92,63.080261
-7921.944114,88,63.097174
-9717.830737,100,63.117709
-13339.949056,117,63.140112
-7830.738634,86,63.156344
-8262.013892,88,63.172915
-11409.669824,102,63.192003
-5809.26221,59,63.203405
-7405.449842,79,63.219418
-5390.892519,63,63.231421
-6398.894992,71,63.245093
-8052.173849,89,63.262036
-10076.418398,93,63.280107
-8474.426876,88,63.29717
-8620.113083,94,63.31556
-10426.63079,102,63.336338
-8325.531888,88,63.353328
-8022.565918,82,63.36901
-9448.513789,84,63.384833
-8721.197939,91,63.827222
-8559.266067,85,63.843974
-6458.085445,76,63.859857
-8963.294588,100,63.878827
-9709.190297,97,63.897
-8648.642203,98,63.915589
-9382.151641,94,63.933661
-9552.194897,100,63.953571
-7029.115954,79,63.968917
-6769.908548,65,63.981171
-10142.145342,97,63.999428
-8300.115545,76,64.013758
-13323.254438,106,64.033678
-9592.595903,102,64.053845
-7961.535098,81,64.072732
-10743.729606,100,64.093533
-9839.593,90,64.111102
-7331.159134,82,64.127607
-6598.013848,73,64.141728
-7363.315554,81,64.157472
-8257.646424,84,64.174672
-11365.055667,102,64.194554
-6273.330992,69,64.207862
-8965.24284,91,64.225116
-9642.539762,98,64.244159
-10538.672066,102,64.264069
-5505.935104,62,64.277037
-10321.095197,90,64.294401
-9417.3243,89,64.311512
-7911.543986,84,64.327554
-9052.540594,86,64.343799
-8600.982215,78,64.358997
-10159.328298,100,64.37896
-9514.885752,94,64.398492
-9671.699683,87,64.415831
-6492.430742,67,64.428616
-8650.283125,82,64.444172
-9756.528702,94,64.462283
-10303.663535,86,64.478747
-11853.548048,101,64.499191
-7648.375123,80,64.514691
-9708.960938,94,64.533076
-6310.530865,61,64.545296
-11638.641006,99,64.564436
-6766.398343,76,64.579096
-8932.035988,85,64.596555
-7965.756283,74,64.610808
-8937.517405,90,64.627802
-8183.186183,85,65.076937
-8510.473388,98,65.096393
-9820.205341,93,65.115326
-6604.321481,73,65.13009
-7870.817521,80,65.14536
-6603.820598,82,65.161089
-9347.546915,94,65.178992
-7513.145713,85,65.19535
-9355.412169,92,65.213236
-8987.316622,90,65.232133
-7227.9018,69,65.246198
-9953.234202,96,65.264776
-9335.557233,84,65.281076
-9878.110434,94,65.299078
-8142.888018,87,65.31563
-9752.521113,91,65.334179
-11043.077894,96,65.352772
-9306.810978,90,65.369991
-6662.312344,71,65.383477
-9029.021337,90,65.400528
-8460.414058,89,65.417425
-8230.993014,89,65.434992
-8864.017716,92,65.452902
-8897.782771,88,65.469667
-6453.473974,77,65.484372
-9079.213121,92,65.501826
-8387.337172,85,65.518069
-8954.984918,95,65.536889
-6622.164437,76,65.551712
-9857.088532,102,65.57121
-8607.914188,81,65.586569
-9654.403267,98,65.605153
-5565.363437,65,65.617475
-8294.755656,84,65.633591
-5830.848237,63,65.6463
-10486.939288,91,65.664104
-13977.423735,114,65.685436
-9908.71822,94,65.702909
-7580.13595,80,65.717994
-9809.578705,97,65.736443
-6184.340996,71,65.750741
-7889.385762,87,65.767676
-8626.081239,84,65.78376
-5947.40471,83,65.800278
-10252.469567,98,65.819213
-9125.762617,92,65.836569
-9674.263367,88,65.854084
-8413.474408,91,66.293888
-10365.926766,107,66.31461
-10362.691696,104,66.33496
-7401.310428,69,66.348352
-8526.821108,94,66.366841
-6594.131203,72,66.381787
-6203.023617,65,66.394832
-6820.610966,70,66.408686
-7474.555136,92,66.42624
-10637.982383,103,66.446163
-11637.306278,100,66.465138
-7979.321617,92,66.482502
-6671.582006,72,66.49752
-6668.747993,75,66.512045
-9632.885787,100,66.530885
-8924.078617,95,66.548839
-6912.219449,75,66.563129
-9421.810892,89,66.580114
-9896.229696,88,66.597547
-7588.881633,87,66.614568
-6768.470599,72,66.628062
-9468.240487,94,66.645553
-8632.970375,79,66.660321
-8545.659901,90,66.677472
-7977.312475,80,66.692542
-6379.463022,86,66.709785
-10225.998852,95,66.727828
-9122.466206,100,66.74701
-10873.334825,88,66.763638
-5731.507885,68,66.776426
-9157.267253,96,66.794729
-9322.454697,96,66.814845
-7977.211352,75,66.828942
-7634.651838,89,66.84629
-8106.630203,81,66.861404
-9383.146523,100,66.879975
-7169.742965,82,66.895275
-11636.537251,103,66.916285
-8536.573887,84,66.932493
-7472.350463,78,66.947647
-9244.209377,90,66.964971
-9444.637611,97,66.983756
-8074.399731,88,67.000485
-9519.384605,84,67.017159
-8840.660384,78,67.045292
-9137.182728,88,67.067532
-9083.486252,92,67.08573
-6873.651483,76,67.536922
-8498.1163,94,67.556172
-9242.358651,88,67.573393
-6723.663226,87,67.590338
-9401.378174,90,67.607929
-9486.955609,93,67.625514
-10777.836726,100,67.644538
-9355.387543,101,67.665245
-6023.293113,68,67.678231
-7671.160466,90,67.695412
-9635.00183,91,67.712723
-5676.805541,68,67.725506
-8441.743143,91,67.742465
-8442.036049,80,67.758712
-8108.828468,81,67.774339
-6840.102763,77,67.789071
-6172.273754,80,67.804708
-7242.382502,81,67.820324
-8851.018776,85,67.836546
-7529.102144,81,67.852073
-9151.57397,88,67.870035
-8620.589127,84,67.886283
-13399.999281,89,67.903402
-7994.605388,88,67.920147
-7737.542686,88,67.937002
-8382.355801,88,67.953757
-8480.924507,76,67.969038
-10417.477722,98,67.988005
-9621.312629,84,68.003876
-7567.791126,78,68.018752
-9090.752985,99,68.037694
-8050.501402,87,68.05437
-8897.805309,85,68.071553
-8016.797778,86,68.088291
-9626.107592,95,68.106453
-8982.302583,88,68.123239
-7141.125352,75,68.137664
-7359.100957,88,68.154432
-8494.723072,88,68.171128
-9486.495712,90,68.189703
-10115.00252,100,68.208957
-9991.41576,102,68.228128
-8076.28201,88,68.244886
-8757.325074,83,68.261018
-7458.293742,75,68.275474
-9668.026269,87,68.293225
-6909.252704,71,68.306936
-7738.88605,90,68.770699
-8895.25686,86,68.786824
-7025.865721,84,68.80332
-7054.215039,83,68.820576
-6683.492572,79,68.835997
-8774.523583,96,68.854553
-6569.658294,70,68.867978
-12842.227492,111,68.888783
-8712.396808,88,68.90549
-8245.593875,84,68.922672
-12176.055605,111,68.944003
-9483.735472,102,68.964545
-9580.426551,82,68.980405
-9115.068102,96,68.998839
-10512.210059,101,69.018204
-7119.485445,71,69.032937
-9253.589958,90,69.050277
-10268.999493,92,69.068371
-8898.881903,88,69.085524
-7186.89204,79,69.10174
-10048.784772,84,69.118664
-11357.238439,99,69.138773
-10985.457279,102,69.15869
-7641.409872,84,69.174953
-7601.922102,84,69.191078
-7486.728958,77,69.205571
-5065.809037,70,69.21906
-7712.543959,76,69.234418
-10290.322519,88,69.252246
-7806.757811,90,69.269364
-8679.243462,94,69.287121
-8095.327492,92,69.304363
-6698.305011,82,69.319701
-9511.824228,91,69.336761
-10401.50917,98,69.356881
-8537.545501,87,69.373436
-8851.905587,86,69.389703
-7046.805405,70,69.403138
-6111.787769,77,69.418287
-8008.753234,81,69.434363
-9663.439933,98,69.454597
-13280.413596,107,69.475327
-10163.23133,91,69.492523
-9442.340915,98,69.510889
-10887.733489,93,69.528707
-8912.211132,86,69.545158
-5526.147078,63,69.558233
-8387.497517,80,70.009635
-5685.838616,56,70.020706
-8073.294315,83,70.036712
-7154.082704,66,70.04938
-9251.978191,89,70.066649
-8249.966002,77,70.082975
-8363.123302,86,70.09965
-6339.837518,76,70.114127
-6396.291781,63,70.126249
-9716.839184,100,70.145319
-7713.954451,92,70.162798
-8162.089682,90,70.180788
-8393.794792,87,70.197979
-9919.945648,90,70.214948
-8350.96849,91,70.232195
-10531.296939,92,70.250119
-7135.314411,76,70.264672
-5380.589342,77,70.279174
-9482.269774,84,70.296236
-9560.848842,92,70.313951
-9072.169084,82,70.329514
-10484.270549,99,70.348335
-7069.851715,81,70.363815
-11810.86953,97,70.382262
-9833.869544,95,70.401532
-7948.604484,72,70.415464
-8284.966249,79,70.430387
-7028.240733,75,70.444488
-8015.131494,76,70.459224
-8552.336643,85,70.475485
-12024.937922,102,70.494945
-8805.047093,85,70.512364
-10014.797469,93,70.530158
-6186.486582,75,70.544478
-8769.329419,90,70.562187
-9925.55738,88,70.579312
-7812.603074,82,70.59496
-6804.722762,72,70.609678
-9643.473507,89,70.627026
-7643.442956,86,70.643538
-10795.2178,107,70.664076
-6702.903677,76,70.678595
-8773.70681,94,70.696633
-7511.107293,86,70.713854
-8979.510211,78,70.728996
-10088.097557,99,70.747994
-8184.083054,79,70.763161
-10412.72416,92,70.780792
-7048.353662,59,71.229882
-6926.052472,79,71.247374
-7485.090079,88,71.264166
-8412.792233,84,71.28002
-10521.459112,100,71.299283
-9504.030922,102,71.318469
-9192.804112,91,71.335644
-10379.550416,103,71.356667
-7497.259469,78,71.371975
-8736.274842,95,71.390372
-11267.450243,92,71.408096
-5088.173765,56,71.419162
-12296.953435,114,71.440669
-7005.384233,71,71.455261
-8143.859681,90,71.472605
-11614.112734,105,71.49233
-7534.839171,89,71.50946
-6035.826715,73,71.523337
-9577.881711,92,71.540753
-9243.567504,88,71.55846
-7646.203415,80,71.573792
-9087.541917,92,71.591165
-7336.90845,84,71.607043
-12158.50642,112,71.628203
-6278.686516,71,71.641633
-10978.854764,98,71.661269
-8463.188794,90,71.678456
-6377.635365,63,71.690478
-7291.108646,69,71.703534
-6900.735776,72,71.717249
-10357.166566,92,71.734675
-9954.778929,84,71.750531
-8155.052418,90,71.768598
-10270.894837,91,71.786096
-9847.851773,87,71.803243
-9055.936559,95,71.821555
-9213.186885,92,71.839199
-6308.478915,63,71.851234
-10932.54965,100,71.87114
-12332.247202,96,71.889395
-8247.176591,86,71.906038
-9610.076657,94,71.923955
-5806.039522,64,71.936242
-7419.399471,81,71.95184
-8288.71527,80,71.967533
-9099.536239,74,71.983097
-9149.046962,90,72.000694
-8185.49728,76,72.015362
-7416.504658,76,72.459213
-7717.758383,93,72.477052
-8903.858689,90,72.494192
-8570.90364,92,72.513401
-8908.570233,80,72.528834
-7988.409443,86,72.545512
-11607.088384,102,72.56496
-8740.116467,92,72.582469
-7217.413462,76,72.597007
-8833.198354,91,72.61551
-7244.425319,76,72.630008
-7044.218721,80,72.645186
-8699.115342,90,72.662205
-7908.21712,71,72.675601
-8135.862651,84,72.691768
-7786.47211,82,72.707325
-9425.562685,92,72.725615
-4925.216216,54,72.736019
-6952.968666,85,72.752167
-8019.273103,79,72.767186
-6477.307901,75,72.781319
-8324.3877,81,72.797426
-8594.761373,98,72.817636
-6150.016389,78,72.832923
-9403.54453,93,72.850579
-8261.611266,76,72.864908
-7543.25529,76,72.879302
-10483.686272,103,72.898839
-11447.723232,102,72.918302
-11351.809995,98,72.938127
-9786.998665,95,72.956369
-8783.966155,89,72.973359
-8818.719963,91,72.990709
-10096.080372,104,73.010445
-9166.278917,80,73.026314
-6418.168131,73,73.040559
-9469.903602,85,73.057838
-6549.843641,66,73.070823
-9836.765561,90,73.088717
-8268.125851,91,73.106455
-8781.28145,86,73.123222
-9447.628466,95,73.142263
-7085.359802,83,73.158421
-8131.837874,89,73.175609
-7530.597316,86,73.192051
-8218.394219,88,73.209005
-7852.438246,81,73.224549
-7775.941412,85,73.241967
-9657.234868,88,73.677675
-6876.823644,84,73.694286
-9035.302531,90,73.711984
-11145.552188,109,73.733156
-9107.242438,92,73.750812
-5571.928494,59,73.762165
-8917.12903,93,73.781118
-10336.425612,94,73.799455
-7136.801089,79,73.814726
-13271.932383,99,73.834019
-7437.804367,73,73.847876
-8563.529982,88,73.864392
-7039.458278,72,73.878938
-9385.797621,98,73.897649
-9744.589796,96,73.91589
-9038.101394,102,73.935308
-8522.011004,91,73.952609
-10036.369345,86,73.969096
-7699.939734,92,73.98743
-6128.115229,75,74.001822
-8120.264283,82,74.017367
-8300.611288,95,74.035401
-9124.409773,93,74.053026
-11538.331575,102,74.072726
-8193.968497,88,74.090775
-9201.461646,85,74.107591
-8572.36017,93,74.125766
-6700.00134,68,74.139908
-9119.418424,89,74.157751
-10310.804396,92,74.175606
-9792.921181,98,74.196155
-7934.085188,81,74.211751
-8146.682584,88,74.228459
-10254.576644,96,74.247783
-7529.932224,86,74.264326
-6337.328352,78,74.279171
-7356.313434,75,74.294601
-7122.813325,82,74.31052
-8095.260068,79,74.325455
-9009.816723,85,74.341568
-7408.875326,73,74.355587
-8238.863872,90,74.372656
-6903.270445,79,74.387561
-8593.02231,96,74.406934
-7168.314887,79,74.422192
-6235.049285,68,74.435305
-7857.040656,76,74.449817
-11232.980189,100,74.894653
-8868.228792,88,74.911562
-8739.99915,93,74.930314
-8823.407849,91,74.948093
-10070.308835,94,74.966221
-8711.686434,86,74.982674
-7180.376656,69,74.995906
-7221.95632,72,75.009491
-7556.610171,88,75.026306
-8675.448938,90,75.044965
-7901.058435,89,75.062864
-7135.110179,83,75.078837
-9533.353488,90,75.122037
-7395.882362,88,75.140965
-6512.758858,75,75.155811
-8767.24901,93,75.173669
-11862.116622,105,75.193914
-7212.968857,83,75.210298
-7468.733073,80,75.225832
-8610.409973,82,75.242892
-7384.53876,69,75.256584
-5681.048179,67,75.269513
-8274.674593,83,75.2858
-7435.472378,83,75.30204
-9987.970717,91,75.319866
-8502.86128,80,75.335574
-6966.228797,80,75.351865
-8166.621478,78,75.366986
-8744.087336,100,75.385721
-7487.027941,86,75.40195
-7256.935734,81,75.417387
-11794.936656,100,75.436166
-9255.189854,97,75.45509
-8092.574729,90,75.472725
-9842.332044,86,75.488965
-11827.902948,98,75.507555
-8449.778879,83,75.523627
-7530.900582,88,75.540656
-10162.910626,85,75.557024
-8947.671642,82,75.573977
-8740.48551,93,75.592041
-8191.395205,94,75.610168
-6073.24236,69,75.623436
-9590.406289,91,75.640991
-9966.057302,98,75.659791
-7315.477638,84,75.67692
-10162.219737,94,75.694762
-7784.902238,85,75.710912
-7736.410915,80,76.156054
-10303.593431,108,76.177037
-8073.38086,94,76.195667
-7330.645044,84,76.212051
-9264.233522,107,76.232731
-7667.220953,85,76.249484
-7736.655822,87,76.266453
-8230.051855,86,76.28269
-8121.702697,92,76.300702
-7269.452423,79,76.31621
-7596.02217,80,76.331544
-10080.165675,98,76.350274
-10672.4764,102,76.36971
-9445.094277,100,76.388377
-6408.444616,76,76.403712
-8515.998318,98,76.422965
-7431.457086,87,76.43988
-10467.049741,103,76.459429
-6854.242804,80,76.474772
-8616.47102,98,76.493213
-9152.149041,98,76.51264
-8294.645212,86,76.529391
-7357.685962,74,76.543353
-7248.871436,91,76.560508
-8224.756248,86,76.577217
-7554.284285,79,76.592238
-9533.474033,96,76.610332
-10374.864047,98,76.630263
-9008.47547,85,76.646475
-6725.616487,72,76.660283
-9313.035696,99,76.678929
-7168.548975,73,76.692985
-7951.796557,86,76.709215
-6038.188348,68,76.722964
-9278.075318,94,76.741339
-9626.745429,94,76.759281
-8976.203992,86,76.775845
-7649.533002,84,76.79193
-10106.306531,99,76.811556
-6767.067226,73,76.826589
-8517.19043,96,76.845376
-9159.53267,90,76.86251
-7610.483068,96,76.880638
-7147.576881,82,76.896069
-9058.387991,90,76.924898
-7352.055387,68,76.940114
-6774.702361,81,77.377645
-8523.199215,95,77.396142
-8739.280726,87,77.412932
-8728.13299,85,77.428965
-9078.985601,98,77.447499
-6020.818513,61,77.460138
-8765.091932,93,77.478217
-8298.541673,95,77.49673
-7119.022769,74,77.510837
-13446.68514,109,77.532008
-6442.286474,64,77.544309
-10358.738539,97,77.571779
-6940.401909,81,77.592056
-9329.367981,97,77.610998
-8050.578486,79,77.626358
-9123.458029,100,77.645534
-10953.985263,98,77.664287
-6995.651451,85,77.681635
-10035.648146,99,77.700668
-8072.247674,85,77.716828
-9428.591454,100,77.73602
-8763.318206,94,77.753804
-8564.785555,92,77.771102
-9938.223875,92,77.789592
-7974.597685,78,77.805269
-8631.814048,85,77.821583
-8621.477161,96,77.839794
-8546.89459,85,77.85587
-8394.630348,84,77.871794
-8826.140337,80,77.887779
-8793.631894,84,77.903972
-9044.951195,96,77.922238
-10231.948305,100,77.941041
-6984.783269,74,77.955118
-9573.263242,96,77.973222
-11870.148484,104,77.993739
-10038.850585,95,78.012325
-10886.042318,103,78.031988
-8368.399556,93,78.049751
-10017.26188,96,78.068226
-8305.157293,89,78.085293
-8044.466466,85,78.102691
-7276.111766,73,78.116723
-11723.128385,106,78.136883
-9245.851508,90,78.153813
-9390.79612,92,78.17135
-11176.847155,103,78.60858
-9619.283766,103,78.629669
-7941.605001,82,78.645214
-6540.712819,76,78.660684
-8757.39206,96,78.680014
-9551.164724,92,78.698072
-7698.783222,86,78.715171
-8194.739249,87,78.733563
-9808.158965,90,78.750897
-6968.351208,76,78.765411
-8318.040286,90,78.782552
-8855.760509,86,78.799068
-6731.257539,83,78.815187
-9914.224364,91,78.833547
-8611.979693,90,78.851191
-10037.788045,96,78.869605
-7890.072674,89,78.886749
-9187.781408,87,78.903361
-7952.069639,93,78.921249
-7153.282196,86,78.938544
-8666.875008,88,78.95564
-7112.032964,71,78.969133
-8692.001935,86,78.985448
-8290.63239,84,79.001566
-6640.354771,72,79.015414
-8531.732243,93,79.033132
-6621.99436,78,79.049722
-8740.119736,85,79.066691
-10245.926722,99,79.08595
-8943.582857,96,79.104089
-9120.453934,93,79.121556
-8148.874018,90,79.13861
-5951.247343,60,79.150924
-6237.968607,78,79.167969
-10297.597196,99,79.188342
-8949.743668,93,79.206281
-8947.235748,95,79.225155
-10505.380541,96,79.243857
-7046.079342,82,79.260909
-10485.636731,101,79.280846
-10410.432086,104,79.301117
-5616.8279,72,79.314751
-11632.68906,106,79.334653
-10349.341438,101,79.354096
-9551.530495,97,79.373889
-9870.667305,104,79.832235
-11138.794279,106,79.853515
-6463.469111,73,79.867448
-8537.13389,90,79.884418
-7528.785799,87,79.902574
-7740.670758,82,79.918072
-10136.325912,100,79.936866
-10121.828003,101,79.955945
-7504.380851,78,79.970573
-7445.782233,86,79.986777
-10562.877849,104,80.007766
-6624.689863,76,80.022427
-8946.755831,90,80.039332
-9910.294221,100,80.058613
-11145.121387,104,80.078566
-7842.053143,94,80.097262
-9637.497976,101,80.117031
-5491.579721,68,80.130153
-8918.132735,96,80.148418
-8786.289513,94,80.166488
-8717.724518,92,80.184107
-9484.384992,84,80.200218
-8659.934082,92,80.218747
-9639.906647,100,80.237996
-10583.511764,97,80.257497
-7871.761149,89,80.274734
-8620.239121,80,80.28996
-8744.720543,93,80.308333
-6390.535091,74,80.322906
-8763.622092,86,80.339341
-6913.07953,75,80.353522
-6974.61581,71,80.367053
-8025.673468,84,80.383003
-7269.784153,82,80.398356
-6412.159084,69,80.411339
-9233.86616,101,80.431778
-9046.23857,91,80.449111
-7441.912932,94,80.467068
-7387.285847,75,80.481425
-9059.378588,94,80.499283
-6938.795678,79,80.514426
-8692.827345,91,80.534365
-10235.108856,82,80.549762
-9845.359301,98,80.568047
-6406.657519,76,80.582355
-9910.57312,103,80.60198
-7691.875889,86,80.618372
-6787.547909,79,81.064854
-10236.042094,103,81.084803
-8074.09007,94,81.10391
-7587.246814,93,81.121757
-7000.884594,79,81.136983
-6633.736988,72,81.151622
-7195.808453,81,81.16753
-7597.430574,79,81.182687
-6084.335071,72,81.196406
-9933.391795,99,81.215365
-7029.146215,84,81.231674
-6486.980416,77,81.247085
-9576.467426,108,81.269086
-9892.699616,102,81.288656
-9222.020062,88,81.305394
-6317.902973,72,81.319169
-7970.352971,89,81.336096
-6218.846553,76,81.350516
-10759.487493,104,81.371319
-8137.25651,84,81.387647
-8239.550677,82,81.403429
-12114.459751,114,81.425156
-7844.037146,95,81.443254
-6912.670664,84,81.459274
-10582.432343,102,81.479712
-8759.8561,84,81.495734
-10312.596873,102,81.515169
-6776.349961,86,81.531765
-7294.929507,89,81.549974
-9753.048905,100,81.571717
-10856.495746,108,81.59279
-6978.09203,76,81.607255
-7850.220025,87,81.623687
-7771.775446,85,81.64003
-8932.178173,96,81.65979
-8526.129213,86,81.677642
-8750.93268,92,81.69663
-7110.98287,65,81.70922
-11388.120271,104,81.728767
-7650.92022,83,81.744786
-8438.071265,86,81.761244
-6716.013257,80,81.776461
-8018.900387,86,81.79417
-6268.755024,73,81.808786
-9646.74791,87,81.825765
-6959.425746,74,81.840073
-8457.702865,88,82.296605
-6840.932694,78,82.312717
-7511.224799,86,82.329799
-8393.921804,83,82.345958
-7280.841974,87,82.362663
-7647.411189,88,82.379398
-8749.123761,91,82.396632
-8824.251932,85,82.413718
-7964.339551,83,82.42992
-8140.012462,89,82.44695
-8433.807207,84,82.462853
-8934.352225,88,82.47985
-8866.631562,88,82.496668
-7387.801166,81,82.512179
-8146.892492,88,82.530123
-8712.886129,90,82.547395
-9081.663384,99,82.566291
-8590.266358,93,82.583844
-6450.22128,83,82.599538
-9568.354057,98,82.61806
-6454.54112,78,82.63397
-6708.51759,79,82.649178
-7325.302942,87,82.665601
-8088.067053,88,82.68227
-8644.597671,83,82.698183
-5655.785596,62,82.709871
-10700.854879,98,82.72831
-8768.906445,96,82.747841
-8716.734154,101,82.76695
-7052.725112,96,82.785009
-12685.640105,111,82.806654
-5858.002769,68,82.819885
-7995.950348,90,82.837881
-6956.360999,81,82.853435
-10140.989233,102,82.872983
-7347.632881,87,82.889386
-10207.079641,92,82.907174
-10937.54447,102,82.926746
-7557.668304,87,82.944163
-9761.443327,104,82.964068
-9288.330807,92,82.981649
-7461.854419,80,82.996725
-9123.307242,92,83.014204
-7513.118528,85,83.030273
-7486.112785,80,83.045326
-8233.653029,93,83.064934
-8797.546642,88,83.081891
-9547.402587,102,83.532517
-9674.201765,104,83.552535
-7433.376196,84,83.569575
-12257.946976,114,83.592107
-8495.806754,86,83.608509
-8468.448678,89,83.625545
-11185.962229,112,83.646998
-9212.421271,92,83.664692
-10162.353534,95,83.684476
-8124.424738,84,83.700512
-8538.25425,88,83.717483
-7214.59322,80,83.732443
-6541.550569,75,83.746581
-8481.255621,97,83.765212
-8826.368387,96,83.784081
-8678.459891,96,83.803053
-9202.223754,101,83.822601
-10179.069216,95,83.840863
-9434.224637,93,83.858723
-7788.185208,79,83.873793
-7611.548783,90,83.892371
-8797.872359,94,83.910615
-7530.942202,83,83.926745
-8191.824982,84,83.942948
-8180.224782,82,83.958497
-10046.731995,92,83.975664
-7537.173154,84,83.991302
-10074.209744,94,84.009817
-7614.727864,90,84.027155
-7091.99674,74,84.041044
-11030.443741,103,84.060929
-8936.21103,88,84.07807
-8634.394352,92,84.096522
-11602.127964,111,84.117925
-8034.673269,90,84.135289
-6916.954481,88,84.152176
-7951.339468,89,84.169065
-10051.960625,96,84.187532
-8455.835804,100,84.209842
-8741.800414,83,84.226204
-9816.776467,102,84.246804
-6482.223927,83,84.263443
-6801.260914,61,84.275527
-9076.099674,82,84.291595
-9720.169969,98,84.311908
-8130.596907,92,84.76201
-8186.514647,81,84.777991
-5468.094106,61,84.789757
-10126.999264,96,84.809423
-10070.208626,92,84.827377
-7630.297433,79,84.843627
-11667.145758,101,84.862954
-10167.023059,105,84.883338
-6513.130738,79,84.89858
-7389.557612,80,84.913559
-7469.446775,74,84.927784
-8451.397555,92,84.946562
-8755.71982,100,84.96527
-5966.749051,72,84.978727
-7818.23109,88,84.995108
-8826.203977,97,85.013538
-9478.461261,95,85.031365
-8946.521709,92,85.050104
-7586.584084,84,85.066921
-9664.022709,106,85.087304
-12166.135123,102,85.107196
-7782.760423,82,85.122845
-9596.057538,90,85.139818
-8668.816025,89,85.157875
-9058.989657,100,85.177056
-7748.405645,82,85.192517
-7300.993076,87,85.209257
-5491.581801,69,85.222497
-9454.132654,92,85.240105
-9361.746206,92,85.259104
-6785.038091,84,85.276187
-6260.8329,71,85.290028
-6156.474949,75,85.304366
-9841.440295,101,85.323416
-10297.440678,105,85.343072
-8656.079678,105,85.36405
-7812.169826,93,85.382278
-9164.395094,97,85.401509
-7310.007213,88,85.418881
-10471.606689,104,85.43889
-9730.007282,96,85.457074
-6008.396442,77,85.472623
-9270.027799,101,85.492545
-6170.998235,81,85.508271
-8285.025021,96,85.526763
-8814.056252,96,85.964779
-9942.184862,96,85.983105
-7804.946403,90,86.001234
-8871.593329,84,86.017594
-9351.701038,98,86.036514
-7456.662607,84,86.052698
-9738.416669,96,86.071177
-8145.184314,74,86.085832
-9133.049679,93,86.104871
-7021.454203,79,86.12024
-9170.166352,104,86.13997
-8818.248661,95,86.157909
-8666.081343,83,86.173566
-10719.627906,102,86.192673
-8716.940471,91,86.21104
-8327.244116,92,86.22902
-10450.18754,110,86.250651
-7550.656133,98,86.269826
-9366.009231,97,86.288795
-6640.457902,84,86.30485
-7108.936691,86,86.32209
-10420.703321,103,86.341709
-12003.873467,94,86.359587
-11301.976737,93,86.377347
-9621.312051,104,86.397095
-8591.023169,97,86.416408
-9289.815531,94,86.43438
-9829.100836,94,86.452189
-7581.269028,85,86.468343
-9024.066532,93,86.486172
-6738.638796,79,86.501766
-8576.908478,96,86.521456
-8120.191634,93,86.540037
-9023.946019,95,86.558501
-9000.70189,99,86.577501
-10764.282269,102,86.596874
-8001.659128,86,86.613028
-6799.063762,81,86.629078
-7522.9305,82,86.644899
-7722.058825,89,86.662163
-7479.732305,80,86.677343
-8637.212666,92,86.694748
-8579.089135,92,86.712499
-9919.713095,100,86.732104
-10101.285974,101,86.751729
-7820.706284,88,87.217484
-9386.584168,90,87.235489
-8088.583354,92,87.254243
-7553.943536,85,87.273307
-8582.975372,100,87.293499
-9095.252672,93,87.31259
-10165.886563,105,87.332889
-6817.988746,70,87.34623
-7837.681487,85,87.3632
-6327.891691,78,87.378303
-8589.615288,82,87.394146
-8530.127637,97,87.412563
-7267.264158,79,87.427481
-7217.024303,83,87.443057
-9161.423817,97,87.461512
-9306.97677,98,87.48126
-6817.363657,81,87.496977
-8999.638982,101,87.516395
-8891.404573,94,87.53402
-7974.802812,95,87.551753
-8935.544206,101,87.570851
-7407.461379,85,87.588019
-7768.749485,82,87.603768
-6955.258924,71,87.617589
-8859.257422,93,87.635434
-10797.527245,106,87.655786
-7424.394447,84,87.672009
-6431.237806,76,87.687604
-10444.525025,104,87.707778
-10562.988375,96,87.726347
-8401.180578,87,87.742834
-9323.691112,104,87.762401
-7168.865976,91,87.779926
-8585.585585,87,87.798105
-8606.115136,99,87.817411
-7613.683124,75,87.831579
-8596.370273,90,87.848609
-8607.932248,96,87.86686
-10871.474569,102,87.886535
-7470.480055,89,87.904703
-8666.009898,99,87.923684
-9431.167209,88,87.94053
-7979.874692,93,87.95842
-5752.899514,71,87.971952
-7076.016444,84,87.987891
-9970.399055,98,88.428895
-8625.11186,94,88.447199
-6801.770658,86,88.463638
-8070.741675,94,88.481936
-8901.086138,94,88.500048
-7956.20142,88,88.516698
-10439.624338,100,88.536667
-6130.061799,70,88.550368
-8045.405503,85,88.566682
-7503.845927,87,88.583488
-9034.601962,99,88.602168
-9431.893437,99,88.620774
-9731.125909,100,88.640958
-6759.51296,84,88.657545
-8981.371345,100,88.676815
-8884.236675,92,88.69508
-7458.466069,85,88.711524
-11397.501462,110,88.732584
-8040.849348,86,88.750852
-8114.525225,97,88.769682
-7588.389326,76,88.784407
-8362.775044,93,88.803095
-9008.343765,100,88.822539
-6555.829034,72,88.836367
-8254.793355,84,88.853512
-7832.546053,95,88.871623
-7516.38885,84,88.887462
-8735.472523,82,88.902847
-8846.358152,92,88.92028
-8535.754973,78,88.935226
-7616.469049,77,88.950617
-8383.806015,98,88.969672
-9051.740153,90,88.986852
-9632.100251,99,89.005508
-8484.93814,94,89.023293
-7472.432794,89,89.040006
-9061.377213,94,89.05873
-8325.577505,87,89.076381
-7850.365654,90,89.09377
-9269.520166,99,89.113222
-10310.73018,92,89.13101
-8812.866218,92,89.148691
-8491.680992,93,89.167277
-8579.769155,94,89.18536
-10088.538033,109,89.205834
-9779.76983,105,89.663398
-8278.897728,93,89.681261
-7021.375878,79,89.697667
-6570.441416,80,89.713229
-8191.688388,85,89.729573
-11343.033481,99,89.748635
-7623.445581,86,89.764919
-8289.542004,82,89.780476
-7219.318173,89,89.798929
-8860.35047,96,89.818286
-8288.441694,82,89.834091
-7424.970354,87,89.850399
-11347.606466,106,89.871046
-9269.11628,101,89.890581
-6745.703209,78,89.906912
-10610.434506,100,89.926362
-9449.34969,92,89.94388
-9635.101369,93,89.961236
-10184.256832,92,89.978844
-10209.598337,104,89.998585
-9520.960986,84,90.015956
-7779.986796,80,90.031106
-8239.980885,90,90.048095
-9254.6047,88,90.065022
-11416.417085,109,90.08564
-10367.980026,106,90.105564
-7287.727365,82,90.122726
-7976.682918,90,90.140145
-6979.466978,83,90.15606
-8030.211159,89,90.173012
-7065.79108,90,90.190049
-5702.491967,76,90.204262
-7097.736488,78,90.219924
-7851.49419,89,90.237309
-8716.810445,97,90.256489
-8145.75732,97,90.275336
-9488.282907,93,90.293178
-8484.208312,96,90.311713
-9194.689582,105,90.333036
-8615.79202,90,90.350059
-6693.143475,78,90.364724
-6094.124913,76,90.379107
-7060.11845,82,90.395061
-7818.723551,86,90.411236
-8650.763816,90,90.429443
-10623.053558,101,90.449087
-9286.928977,92,90.894348
-9003.384252,97,90.913011
-9313.887943,97,90.931589
-8801.283832,94,90.949619
-8598.077918,89,90.96837
-9071.272966,86,90.985321
-9402.678499,95,91.00407
-7184.062174,88,91.021523
-7786.347049,88,91.03873
-9352.697773,89,91.05618
-8597.891688,98,91.077039
-7141.452074,90,91.099306
-6415.634856,84,91.11548
-8025.069953,90,91.13228
-10316.398849,105,91.152261
-9894.897288,101,91.173117
-8527.064846,88,91.190421
-7940.539071,91,91.207884
-8997.789875,104,91.22776
-8900.68962,91,91.24527
-8595.687959,96,91.263572
-9073.1392,91,91.282095
-4822.985409,56,91.293006
-6914.73329,79,91.308012
-8588.169788,94,91.325699
-6771.836339,70,91.33903
-7666.310833,94,91.356492
-9222.823923,100,91.376542
-9481.860294,94,91.394906
-8884.620412,97,91.41369
-7331.410349,83,91.429222
-8486.912516,82,91.444955
-8792.976889,92,91.462565
-7976.617765,84,91.478648
-9488.881425,104,91.499841
-6113.881344,76,91.514406
-7441.279097,85,91.530675
-7698.931277,87,91.54718
-8631.808109,93,91.564947
-7087.126208,70,91.578152
-7846.147444,87,91.59583
-9865.061987,94,91.61361
-8383.12189,98,91.632409
-9828.019519,102,91.652137
-8813.225211,94,91.669901
-7511.630759,76,92.107857
-7051.495969,86,92.126074
-5608.906399,70,92.139609
-9636.514294,91,92.157531
-8752.006346,96,92.17597
-6006.02979,73,92.189907
-8668.96014,89,92.206655
-8361.398815,90,92.224659
-9243.239493,92,92.2427
-9479.029449,100,92.262325
-8207.814971,86,92.279059
-7670.08481,94,92.297221
-7630.63922,91,92.314251
-11225.509023,105,92.334947
-6980.081985,86,92.351159
-7260.868242,77,92.365655
-9853.175275,98,92.384078
-6099.763174,74,92.398379
-9270.434948,104,92.418244
-7950.760722,94,92.436976
-6771.176884,76,92.451923
-7210.931308,88,92.468693
-9320.188514,109,92.489132
-7139.609912,84,92.505148
-7879.455768,94,92.523091
-7643.707638,94,92.541589
-7791.160872,85,92.557994
-9902.950409,98,92.576556
-8381.607992,92,92.594225
-9725.664987,94,92.612248
-7982.649056,86,92.628293
-7151.933207,87,92.644503
-8486.480097,89,92.662473
-8292.678076,97,92.6807
-9536.902408,91,92.697672
-7447.596123,80,92.712704
-8903.138814,97,92.730842
-8305.277266,82,92.74613
-9014.271118,92,92.764772
-5457.715643,74,92.779011
-6842.947362,87,92.795688
-9972.512615,99,92.815468
-7198.557451,87,92.832042
-10498.936431,106,92.852628
-8576.906092,81,92.868945
-10921.420282,95,92.88735
-8871.41655,94,93.342303
-7964.058843,76,93.356665
-8901.09407,95,93.374365
-10696.340177,110,93.397179
-8241.089139,100,93.416599
-7634.054666,84,93.432878
-10569.607471,93,93.45091
-7989.33903,90,93.467895
-6287.538512,70,93.481084
-6664.581064,81,93.49747
-9379.065772,102,93.517169
-8228.945041,85,93.533442
-9459.888231,97,93.552118
-9224.101144,94,93.570027
-8039.708533,95,93.588701
-9505.227839,100,93.610462
-8198.023362,94,93.63053
-10409.230925,102,93.651568
-9137.55506,87,93.668577
-9144.418342,99,93.688294
-8655.071756,97,93.709356
-6789.355859,76,93.724451
-8071.557268,94,93.742369
-8059.77957,86,93.75907
-8958.439486,96,93.777287
-5478.92879,68,93.790202
-7582.409193,89,93.807563
-7128.834109,81,93.824655
-8548.440455,85,93.840943
-10443.832467,98,93.859585
-7523.106481,84,93.87546
-6319.134635,72,93.889021
-9484.642846,95,93.906746
-9802.72909,98,93.926316
-9478.833714,103,93.946163
-6703.079065,85,93.962307
-8510.405861,91,93.97969
-8844.196034,94,93.997335
-5974.5478,76,94.01162
-6981.682534,84,94.028636
-7446.264209,87,94.04532
-8908.476899,95,94.063676
-8602.006595,91,94.081006
-8713.509099,95,94.099441
-7872.650323,93,94.117106
-8109.477342,91,94.583036
-8717.928384,98,94.602416
-11119.254738,98,94.621748
-8564.559541,90,94.63926
-6889.909607,88,94.656822
-9738.7725,103,94.676542
-5935.994474,74,94.690885
-9140.438353,99,94.709909
-8089.149676,90,94.726916
-8849.736331,89,94.743797
-8673.313541,94,94.762452
-8746.964223,96,94.781213
-4925.879881,53,94.791534
-9420.241689,97,94.814559
-8237.306384,89,94.832403
-9624.786271,97,94.851508
-7845.301612,93,94.870506
-10754.547637,109,94.891328
-8917.486706,96,94.909519
-9434.601689,96,94.927696
-8456.436621,98,94.946155
-8822.91834,97,94.964593
-8314.341076,93,94.983614
-6407.399079,92,95.001091
-6722.353184,83,95.016867
-9395.881335,90,95.033895
-8607.246811,92,95.051394
-6215.060952,74,95.065894
-9194.897746,105,95.087838
-8685.277985,85,95.104625
-8221.313025,94,95.122798
-9171.881232,93,95.140573
-7907.00413,96,95.158875
-9157.242933,94,95.176763
-8391.397507,89,95.19486
-10293.294025,111,95.215945
-7056.029757,81,95.231122
-9384.041551,96,95.24973
-7195.987948,84,95.265496
-7196.963848,81,95.280668
-6665.898678,84,95.297751
-8410.456847,96,95.316405
-8154.071579,89,95.333247
-8933.656518,101,95.352674
-7925.77832,90,95.369913
-5605.39544,75,95.831989
-8910.664418,93,95.85009
-7511.727558,84,95.866452
-7035.904749,83,95.882479
-8126.639552,94,95.900475
-8003.524393,91,95.91795
-7682.28894,95,95.937016
-8190.416858,92,95.954382
-8737.517538,97,95.972929
-5716.404517,66,95.985718
-6577.209568,75,96.000129
-8676.764168,92,96.017922
-11178.827978,106,96.039479
-6545.798253,89,96.056784
-6609.64462,85,96.073327
-7294.737586,78,96.088574
-9382.901297,97,96.107247
-7320.181341,87,96.123762
-7602.838661,88,96.14151
-8805.287087,83,96.157433
-6911.455457,80,96.172542
-7249.978152,85,96.188811
-7033.707128,80,96.204423
-9197.259038,92,96.221894
-6496.630952,92,96.240211
-8722.310154,94,96.25894
-8247.153663,96,96.277608
-8945.784365,95,96.295813
-9496.795823,104,96.315743
-8894.172867,102,96.335066
-7229.378487,81,96.351631
-8390.283124,92,96.369188
-9680.227477,96,96.387384
-9098.89903,85,96.40368
-7801.821044,91,96.42089
-7033.017201,90,96.437946
-8988.578493,92,96.45642
-8171.662629,94,96.474405
-9917.95586,106,96.494406
-10491.029207,102,96.513645
-8065.658327,91,96.530724
-7758.420718,88,96.547309
-10650.434152,103,96.568391
-9277.537319,99,96.587765
-7802.336388,91,96.605431
-7350.2344,89,97.043565
-8581.902386,84,97.060279
-11121.222808,110,97.083336
-7720.756618,94,97.101683
-8207.068099,88,97.118526
-8267.578854,89,97.135857
-9608.33042,92,97.15386
-6953.059463,79,97.168926
-7160.575758,81,97.185291
-8210.210217,92,97.202991
-10241.445682,104,97.222765
-8826.145184,93,97.240418
-8799.199433,96,97.259084
-6566.312759,81,97.27453
-8078.240268,89,97.292512
-9554.581096,95,97.311309
-6069.535351,71,97.325041
-6883.180643,88,97.341814
-5847.895414,70,97.355413
-8739.999506,98,97.374464
-9488.786076,87,97.391952
-7244.048442,78,97.407361
-8308.648639,97,97.426094
-8136.777439,93,97.443651
-8443.772641,93,97.461311
-6359.874224,73,97.475125
-5934.630051,74,97.489093
-9101.202256,100,97.509445
-6241.808029,75,97.524148
-7333.615888,82,97.539836
-8943.207026,93,97.557343
-9373.290913,98,97.576094
-6583.474193,84,97.592101
-7879.746453,92,97.610536
-7114.751644,90,97.627641
-9474.491753,96,97.645769
-7838.102256,83,97.661468
-6845.447682,80,97.676992
-7755.22065,84,97.693226
-8891.925198,98,97.713615
-10060.022984,100,97.733323
-8643.200127,97,97.752041
-7456.745357,85,97.768377
-7641.907289,88,97.78512
-6374.904095,75,97.799798
-10128.59501,107,97.82155
-8446.378986,90,98.285797
-10069.544491,106,98.306716
-9154.596241,97,98.325349
-8300.012798,91,98.343619
-6974.545262,79,98.359116
-8640.953438,96,98.377338
-8534.524759,92,98.395067
-8110.685663,97,98.413653
-5709.32807,78,98.428562
-6647.600471,76,98.443082
-8218.03161,93,98.46205
-12662.947296,107,98.482612
-6511.61223,74,98.496819
-7421.142284,88,98.513624
-8066.306065,94,98.531197
-10430.020222,108,98.551336
-11367.823413,98,98.57101
-10515.932921,104,98.590827
-12680.788596,105,98.611155
-10776.974643,105,98.631449
-7914.672791,88,98.648408
-8096.374052,91,98.66735
-8993.564376,97,98.686629
-8650.725382,92,98.705424
-7745.055922,95,98.723919
-7274.020798,78,98.738773
-6337.589238,74,98.752974
-10203.591878,115,98.776072
-7140.960565,90,98.793293
-6611.634744,84,98.810322
-9575.612659,101,98.830193
-9026.611609,92,98.848409
-8131.542613,92,98.866256
-11205.182982,115,98.889625
-6958.204179,87,98.90663
-5650.542021,72,98.920551
-9860.070128,102,98.940105
-7272.332574,89,98.957173
-7379.41368,85,98.973993
-6375.30556,80,98.99104
-8843.690366,95,99.009453
-6261.359447,83,99.025259
-8440.671774,98,99.043699
-6276.723444,77,99.058898
-8047.557906,86,99.075264
-10585.230978,104,99.530463
-9277.093335,99,99.54916
-7658.471707,87,99.565967
-5816.527074,81,99.5821
-9099.121229,97,99.600702
-7938.369754,95,99.620562
-9763.134464,102,99.641099
-7655.849834,93,99.659427
-8989.892365,101,99.679056
-6649.920443,88,99.695688
-9114.838511,90,99.713717
-9339.155449,90,99.7314
-8051.851929,94,99.74906
-8854.077016,98,99.767571
-7436.71968,89,99.784313
-7381.661275,90,99.801297
-9478.758635,99,99.820988
-10771.060549,106,99.84166
-9100.007837,98,99.86028
-7737.721743,75,99.874391
-6547.175256,78,99.889084
-8048.23952,92,99.906744
-8779.52652,88,99.923888
-8581.445966,91,99.942578
-9285.227694,91,99.960311
-8169.547501,102,99.980414
-7863.937322,89,99.997962
-6994.466354,82,100.013614
-7085.154042,86,100.029879
-6270.683626,84,100.047082
-5542.841019,71,100.060633
-7888.42568,92,100.078647
-8609.620486,94,100.096851
-8374.290216,87,100.113492
-7240.576676,82,100.129196
-6827.123711,91,100.147603
-8255.304559,86,100.164183
-8539.216774,90,100.181431
-7165.580152,88,100.198427
-7495.47545,96,100.216513
-7813.977189,89,100.233193
-8253.67692,96,100.252982
-8158.61109,87,100.269908
-9531.715954,100,100.288863
-9282.343371,91,100.306161
-9035.830412,100,100.747071
-9112.512674,94,100.765266
-9403.640749,91,100.784314
-6418.233888,74,100.799101
-6305.512893,84,100.815328
-7258.394529,86,100.831799
-7574.642839,94,100.849974
-8650.859798,98,100.868514
-10880.091903,100,100.888486
-9981.517455,101,100.907704
-9507.371514,94,100.925876
-9520.282018,97,100.94453
-5470.641547,68,100.957454
-9872.899498,96,100.975536
-9846.529233,93,100.994276
-11066.263139,105,101.014489
-7517.28181,87,101.031006
-10421.255375,112,101.052536
-11746.18025,112,101.074496
-8996.353441,88,101.093406
-5848.262788,76,101.109351
-4638.761502,61,101.121235
-7447.676775,93,101.139117
-6480.976234,84,101.155436
-9750.905428,103,101.175039
-6778.464321,85,101.191873
-7651.376425,96,101.210653
-7565.77066,93,101.228607
-7928.902046,88,101.245892
-8906.037653,102,101.265241
-8781.768438,102,101.28451
-11268.50222,110,101.306755
-7915.823061,97,101.325483
-6524.183883,79,101.341033
-8615.251877,93,101.358932
-9782.77197,92,101.376621
-6251.364988,68,101.390574
-10283.847394,102,101.412055
-7927.89641,89,101.430385
-10092.819069,106,101.451773
-7224.243096,88,101.469368
-10282.549447,107,101.490694
-8565.917479,92,101.510215
-9149.394459,104,101.531993
-7914.038505,92,102.059222
-8241.748876,102,102.079829
-9683.243786,96,102.098598
-8277.285526,93,102.116171
-7530.346037,88,102.132808
-6115.285724,79,102.148674
-9592.268547,104,102.168978
-7852.845224,79,102.184653
-8486.399197,100,102.204448
-11302.062111,110,102.226071
-7133.823032,82,102.242126
-7930.070906,76,102.258434
-8309.999168,99,102.277795
-9860.947275,102,102.297819
-10806.93089,103,102.317875
-8663.571118,90,102.335183
-8061.81548,88,102.352914
-8053.015651,90,102.370362
-6616.25992,76,102.385001
-8344.950204,94,102.403067
-9247.631382,92,102.420681
-11290.92752,105,102.440598
-9416.125326,93,102.459411
-9421.323999,100,102.47886
-7893.185956,91,102.496614
-6001.477734,78,102.511413
-7139.347066,81,102.526924
-9192.145373,98,102.54554
-9734.418826,106,102.566432
-8052.662263,98,102.585714
-9111.754326,93,102.603456
-8394.689902,96,102.621779
-7723.830315,84,102.649275
-8544.554759,101,102.676576
-8285.611053,92,102.698354
-7738.905269,93,102.717964
-9583.926901,97,102.743501
-9139.642788,100,102.764616
-8794.02533,88,102.785412
-9476.968572,93,102.806127
-9453.379211,98,102.825844
-7684.766222,91,102.844949
-9826.476294,105,102.8662
-9667.698911,90,102.884898
-8065.314996,86,103.358927
-5850.631904,77,103.374067
-7963.326203,90,103.391613
-7584.094013,87,103.41004
-7449.497222,83,103.426554
-9039.270511,92,103.444117
-9897.842436,103,103.463847
-9748.348905,98,103.482536
-9713.374506,98,103.501137
-9590.035073,100,103.52151
-11735.802822,112,103.543094
-7016.379273,81,103.55852
-8920.227478,74,103.572656
-7229.559582,86,103.589306
-6779.225447,87,103.605866
-7033.15057,80,103.62217
-8223.863723,91,103.639768
-7128.986798,84,103.655808
-8978.035089,99,103.675236
-8397.886947,92,103.693646
-8407.26211,89,103.711991
-10281.714577,102,103.733839
-6640.540983,78,103.749494
-6791.470554,84,103.765569
-5840.690296,67,103.778278
-8318.524948,86,103.794423
-8203.214306,92,103.812359
-9502.681508,94,103.831169
-7599.040658,88,103.84822
-9357.505435,96,103.866471
-9402.269427,106,103.88638
-9166.635855,100,103.905331
-7847.833931,97,103.923606
-7912.215499,90,103.942068
-12097.243543,123,103.965686
-10589.356074,107,103.986218
-9307.529344,96,104.004375
-9987.244446,98,104.022998
-8791.555035,95,104.041956
-8296.830282,97,104.060999
-8426.973322,93,104.082763
-8185.870718,93,104.100933
-5867.386278,80,104.116234
-8755.134188,88,104.132959
-6913.417114,91,104.151512
-10130.768804,108,104.618309
-9249.198043,109,104.63953
-8967.471103,90,104.657552
-6883.221895,83,104.675118
-7835.199237,84,104.691738
-6878.129594,82,104.70798
-7038.124752,82,104.723895
-7622.906588,94,104.741925
-6801.1952,78,104.759301
-8749.80555,97,104.782048
-8790.673237,98,104.805368
-10656.161119,101,104.826416
-10177.004748,90,104.84477
-7587.357633,87,104.862194
-6869.420076,82,104.878122
-8113.220926,84,104.895436
-8521.508927,104,104.915862
-7114.926338,81,104.931858
-7720.269134,88,104.949119
-8696.014198,97,104.967734
-8582.522183,98,104.987322
-7113.643551,86,105.004096
-7540.695191,80,105.019406
-6340.364404,74,105.033466
-8287.686756,91,105.050884
-7289.012618,85,105.067546
-7107.480294,78,105.08269
-7518.633697,90,105.102068
-8598.939813,83,105.118254
-7597.654683,92,105.136093
-8684.529254,94,105.154083
-9155.41535,99,105.172952
-7357.7761,84,105.188864
-7285.813576,83,105.205755
-10898.610733,108,105.226436
-7009.995991,88,105.243318
-8031.693223,94,105.261292
-6673.720516,75,105.275707
-10109.050371,101,105.294926
-7616.690572,87,105.31252
-10418.559728,108,105.333259
-10181.702144,102,105.35298
-11092.303452,101,105.372433
-9532.818683,101,105.391768
-7278.414896,98,105.861663
-7339.258731,84,105.877994
-8586.573174,98,105.896436
-9484.223383,93,105.91378
-7754.513976,90,105.930787
-7594.554468,88,105.949132
-8605.192346,95,105.967183
-10352.928013,95,105.985154
-8107.519862,93,106.002787
-6399.605424,86,106.018901
-6833.256072,81,106.034432
-10317.92707,109,106.056544
-8463.529265,88,106.073698
-7710.902217,87,106.090839
-8716.66217,96,106.109072
-7987.747161,86,106.125394
-8021.411852,96,106.144167
-8696.443503,95,106.162935
-7199.809087,88,106.179707
-8377.160501,93,106.197357
-9272.326106,100,106.21637
-9093.437773,99,106.235176
-9224.610052,100,106.255431
-9690.772407,105,106.276093
-10667.219721,98,106.294797
-8967.744883,96,106.313017
-8283.148343,100,106.332651
-6514.699968,77,106.348681
-8950.903657,96,106.367904
-11580.831978,110,106.389214
-7750.990168,86,106.405629
-8409.813117,95,106.423689
-7121.843927,83,106.439358
-8014.387136,90,106.456545
-8837.009079,90,106.474576
-10550.459634,111,106.496003
-9523.745122,92,106.513494
-5644.107008,73,106.527681
-8665.262442,105,106.548449
-6414.617956,78,106.563667
-7237.285811,86,106.582129
-8413.871272,92,106.600424
-7544.263681,86,106.616826
-9070.892453,83,106.632603
-11297.905475,104,106.652446
-9743.781289,98,107.111664
-6798.668324,90,107.13029
-9361.830259,101,107.149726
-10265.87291,100,107.16864
-8690.494504,94,107.1864
-11982.216923,118,107.210464
-7926.288833,92,107.228261
-6821.33526,84,107.244414
-8692.859597,88,107.261816
-9705.265668,100,107.28144
-7536.75459,82,107.297288
-9245.214733,91,107.316146
-7140.671544,79,107.331364
-7924.519792,88,107.348042
-6931.288744,84,107.364133
-7591.646451,84,107.380135
-7498.792765,82,107.395747
-9148.624167,88,107.413446
-8604.51206,98,107.433073
-6749.806349,76,107.448125
-6185.138857,76,107.462751
-11259.301917,114,107.484629
-7982.557844,85,107.500975
-6979.058764,85,107.518313
-7412.445971,98,107.537521
-9076.989212,102,107.556844
-6580.655401,81,107.57237
-8846.41261,91,107.589842
-7461.941972,88,107.606577
-8454.019402,89,107.624266
-7980.769171,92,107.642574
-8748.071273,98,107.661536
-5969.291598,82,107.677272
-7946.503947,92,107.6957
-6709.960364,76,107.710201
-8201.055324,91,107.728386
-7114.253664,73,107.742361
-8981.380827,96,107.760491
-5744.821453,73,107.774743
-8725.107864,83,107.79086
-7491.064041,90,107.809509
-9908.720728,102,107.829302
-8532.534011,90,107.847942
-9776.950418,106,107.868202
-8172.60941,93,107.886176
-11385.148314,101,108.3544
-11043.331555,109,108.376583
-8748.595495,96,108.395086
-6773.169794,74,108.409307
-11823.78489,121,108.432495
-11776.163705,114,108.454333
-7355.563088,90,108.472707
-8651.74842,92,108.49046
-8323.360066,98,108.509382
-10082.359198,106,108.529644
-8558.835848,82,108.545195
-10452.217555,99,108.564129
-8335.207466,96,108.584518
-8758.82986,82,108.600813
-7653.909211,83,108.617496
-9059.903153,92,108.636949
-5323.085005,74,108.651983
-9679.703902,98,108.68028
-7866.347376,90,108.701041
-8935.007774,100,108.725516
-9399.183043,106,108.749261
-9783.488075,99,108.771331
-7850.652845,96,108.79337
-9285.425635,94,108.813919
-7516.138642,84,108.831181
-9100.697284,93,108.850517
-7134.777675,92,108.868886
-8913.789194,99,108.889397
-7336.058076,93,108.909224
-9357.716614,88,108.93148
-7958.22129,84,108.95867
-7346.172587,90,109.003784
-7194.086403,86,109.025433
-10168.817442,93,109.057587
-7167.731243,73,109.072762
-6994.152004,88,109.09384
-8759.357223,96,109.11583
-9374.721146,99,109.137591
-7386.503402,86,109.155982
-7545.311912,83,109.177348
-8276.284035,98,109.197702
-10699.517721,98,109.220585
-7869.198001,84,109.240571
-5744.437658,71,109.267684
-8096.341152,99,109.902026
-7880.724811,88,109.930367
-8215.219626,82,109.948115
-7829.598413,88,109.965478
-8608.937112,95,109.984092
-9146.707927,95,110.002674
-10165.461099,101,110.023702
-9072.748611,89,110.04193
-6104.019397,78,110.06044
-8528.352896,88,110.083026
-8713.469906,90,110.100929
-8265.396849,98,110.122071
-8875.870249,98,110.141192
-8498.518442,94,110.161872
-7393.00703,90,110.195138
-8426.05678,94,110.220693
-5873.515124,74,110.235423
-9860.492065,100,110.257295
-10501.148975,105,110.277978
-10946.776298,113,110.299862
-8920.084739,83,110.315799
-9533.933548,99,110.335173
-8193.771196,93,110.353029
-9472.049627,103,110.374139
-7883.16268,86,110.39085
-11158.855144,107,110.411476
-8165.577873,93,110.430038
-6825.096969,86,110.446988
-7068.009072,75,110.461576
-11510.90618,112,110.485101
-7838.535452,91,110.502609
-7266.523888,87,110.519257
-8976.580708,105,110.54046
-8782.584864,87,110.557915
-9359.119331,97,110.577756
-10355.657367,105,110.59848
-9964.804854,104,110.618456
-7467.163019,86,110.635379
-7914.102205,93,110.653733
-8183.118949,85,110.67049
-8343.391831,88,110.68925
-10454.476232,99,110.708707
-8607.232628,98,110.727743
-7060.951765,88,110.744841
-8538.408186,90,111.210314
-7399.39759,88,111.229299
-7716.938326,86,111.249193
-10130.924244,108,111.270925
-8459.998545,96,111.290171
-6330.817265,84,111.307728
-9208.574004,102,111.329077
-10991.383724,105,111.350139
-9113.427008,98,111.369025
-9193.561965,98,111.38806
-9475.445961,96,111.406523
-11688.020152,111,111.42895
-11409.153958,116,111.451757
-8961.687147,89,111.469197
-8629.557177,89,111.486742
-9063.083316,97,111.505426
-6862.331562,78,111.521267
-8799.497019,104,111.541203
-8395.74493,99,111.560376
-8254.097575,94,111.57847
-6677.314852,78,111.59333
-7215.13234,88,111.609937
-7722.445489,95,111.629203
-8819.926734,90,111.646391
-8031.42397,92,111.663652
-6958.040828,86,111.679803
-8772.762816,97,111.698
-10480.141367,107,111.718303
-10279.310217,104,111.738979
-7974.974274,90,111.756136
-9006.042405,88,111.773195
-9161.044298,102,111.792596
-8864.366808,104,111.812985
-7086.23193,88,111.8298
-7438.193106,90,111.848105
-8208.340282,95,111.866071
-9273.856239,91,111.883194
-8627.661909,92,111.900441
-9020.706648,98,111.918816
-7751.487684,96,111.937019
-7866.971287,93,111.956083
-9241.628829,109,111.976854
-8430.920011,95,111.9949
-8090.197409,85,112.448334
-7406.297116,82,112.465006
-6938.763097,89,112.4827
-8545.991926,93,112.500615
-7248.586996,87,112.517387
-9620.29681,96,112.535654
-9191.764967,90,112.552819
-7751.236437,87,112.570091
-9079.451266,98,112.589209
-11065.190671,101,112.608398
-9891.980324,101,112.627464
-10517.503152,98,112.646453
-9392.987748,98,112.665295
-9949.402831,102,112.685759
-7450.659867,88,112.702587
-7880.710236,90,112.719571
-6679.369102,84,112.735451
-7570.077894,88,112.752278
-10347.115477,102,112.771718
-7651.069439,91,112.789859
-7740.124999,92,112.808537
-7454.056641,86,112.825296
-9009.811195,104,112.845247
-10512.653407,105,112.864995
-6532.911189,82,112.880392
-6889.959099,76,112.896359
-9291.579501,99,112.914999
-8183.818689,92,112.932311
-8441.288684,89,112.949213
-8706.536489,96,112.967321
-6381.184994,79,112.982229
-7420.559503,87,112.999669
-8056.217748,92,113.016963
-9059.906106,101,113.036144
-7541.318461,89,113.053213
-6879.948071,86,113.070029
-6916.065586,85,113.086558
-8108.111646,94,113.105814
-8619.100969,97,113.124517
-8020.680684,90,113.142035
-10070.494703,106,113.162467
-8169.667851,90,113.179807
-10042.299642,104,113.199779
-7005.583911,76,113.215553
-6739.037717,84,113.231664
-8687.708431,97,113.687279
-7903.455492,76,113.702201
-9239.132894,104,113.721957
-9279.691221,98,113.741999
-8483.496739,88,113.759091
-7535.361679,92,113.777115
-11113.263729,108,113.797924
-7288.320504,80,113.813429
-8023.591071,88,113.830585
-9516.043453,94,113.849883
-7243.954947,90,113.866997
-8738.649622,95,113.885147
-8980.816014,103,113.904979
-10058.90871,108,113.925538
-6714.113205,78,113.940267
-9222.96228,103,113.960776
-8664.069429,91,113.978299
-10460.888648,108,113.998933
-7566.119303,88,114.016233
-10673.798188,106,114.036645
-9398.968796,94,114.056036
-8361.394939,88,114.073376
-7144.222369,88,114.090162
-6791.499702,81,114.10576
-9480.130157,104,114.125669
-9066.601787,103,114.145309
-6627.85336,85,114.16277
-10407.36912,108,114.183724
-8320.453574,95,114.201468
-7314.724819,86,114.217654
-8142.677918,98,114.236073
-8679.193616,94,114.254169
-6848.099369,84,114.271295
-9570.091779,98,114.289699
-7740.980361,93,114.307333
-11415.920218,110,114.327948
-7397.74145,84,114.343598
-8533.571552,97,114.361597
-7940.675456,84,114.378608
-7624.403932,90,114.396049
-9777.185242,115,114.41804
-7490.933653,94,114.435943
-6891.396141,88,114.45254
-8513.094884,100,114.902605
-8958.488958,103,114.923174
-6682.822756,84,114.939323
-8780.729194,98,114.958139
-8352.078912,82,114.974097
-8049.096381,94,114.992204
-8295.874993,93,115.011108
-6133.415684,78,115.026436
-7951.671792,92,115.044059
-8478.091368,93,115.06194
-7812.079515,92,115.080006
-7417.072837,86,115.096582
-8496.467637,92,115.115475
-8447.243518,94,115.133633
-9049.37583,87,115.150204
-9069.404191,98,115.168911
-7251.668331,82,115.184636
-7077.815524,86,115.201
-6808.893086,84,115.217988
-8593.42635,94,115.237654
-8066.12901,84,115.256869
-8981.441545,97,115.275736
-9315.824951,96,115.294194
-9683.771077,97,115.312897
-8098.637911,96,115.332496
-6823.81918,81,115.347911
-8283.393357,98,115.366943
-6909.170367,84,115.383252
-7075.056342,90,115.400554
-7137.314435,81,115.416142
-8207.787683,90,115.434627
-8081.263765,85,115.451044
-5986.561161,71,115.464456
-6455.431799,80,115.4795
-8393.464502,90,115.497345
-8162.952384,98,115.516312
-6866.76943,83,115.533512
-5873.890017,76,115.548658
-7263.343781,83,115.565507
-9473.594214,101,115.585039
-7465.652283,89,115.602073
-8285.600393,84,115.618046
-9728.25475,105,115.638871
-8325.35789,85,115.655284
-8930.613973,90,115.672801
-9178.713697,92,115.690913
-7862.030649,88,116.153697
-7014.205109,89,116.172258
-8280.123089,92,116.190059
-5792.727067,72,116.203836
-5690.793399,74,116.21779
-9527.100297,91,116.235318
-8253.518539,88,116.2528
-8032.597366,88,116.270697
-8093.004195,99,116.290015
-9541.919765,94,116.308184
-7938.820484,94,116.326241
-8442.531237,94,116.344131
-9843.118905,102,116.363517
-7317.39763,92,116.382032
-8925.8766,90,116.399588
-8584.954015,92,116.417007
-7071.040349,85,116.433256
-10062.762777,99,116.452272
-8315.651109,96,116.470627
-8343.144292,98,116.490231
-7797.660804,90,116.507813
-8194.458454,94,116.525942
-8104.777127,94,116.544109
-8912.968208,100,116.563313
-9151.383159,96,116.581733
-7463.534815,97,116.601267
-9918.279451,103,116.620887
-11080.704195,112,116.642458
-8344.331717,96,116.660956
-8749.658971,98,116.679802
-7946.817664,87,116.697057
-8014.71023,97,116.715805
-8422.901879,93,116.733513
-7847.566697,91,116.751006
-11715.572833,108,116.771662
-7087.278652,82,116.787672
-7955.338036,90,116.806885
-8756.207111,97,116.826756
-8839.623245,87,116.843833
-9250.431344,103,116.863596
-8205.452934,95,116.881952
-9041.475896,92,116.899614
-8415.817912,95,116.918981
-8579.669487,100,116.93791
-8375.639731,91,117.384033
-6654.143708,78,117.399005
-8077.856613,89,117.415635
-7635.669704,83,117.432278
-7923.796743,92,117.449958
-7372.023984,84,117.465822
-7129.0979,82,117.481221
-9101.791975,103,117.500507
-9283.736092,95,117.519359
-7407.031621,84,117.536488
-8981.071545,102,117.556018
-7258.6188,94,117.573736
-9021.508394,93,117.591572
-8382.645383,97,117.610141
-11930.553686,104,117.629844
-9564.817828,94,117.649003
-9457.000677,106,117.669167
-8890.099703,93,117.686754
-9219.663301,101,117.706007
-10411.178066,102,117.725312
-9192.695093,99,117.745088
-6370.197057,72,117.759126
-10192.26875,110,117.780054
-9296.905393,106,117.800942
-9653.328767,96,117.819525
-8509.093205,99,117.838196
-8617.528563,94,117.857661
-8545.556773,85,117.875028
-5762.458495,76,117.88975
-10320.251848,100,117.90923
-7002.958294,80,117.92486
-8504.004509,93,117.942756
-7381.196678,90,117.961242
-8648.014226,88,117.978426
-9208.526408,97,117.996865
-9804.90399,96,118.015207
-8863.249376,95,118.033359
-6861.848202,83,118.04897
-10214.53131,106,118.070535
-9133.175961,102,118.090417
-7853.372274,94,118.108412
-10162.240847,105,118.128198
-7300.845513,88,118.144941
-10136.146667,107,118.587596
-5864.981799,77,118.603302
-7358.917188,92,118.620882
-8466.211298,102,118.640326
-7453.575537,84,118.656367
-9427.484062,88,118.673688
-9176.180192,98,118.693829
-7923.578271,79,118.709206
-7895.765356,98,118.728154
-7532.621136,87,118.744661
-6654.979679,85,118.761182
-8246.353215,93,118.779419
-7701.526349,90,118.798095
-11949.194408,113,118.82182
-8661.198143,99,118.840925
-7481.62934,96,118.859408
-7462.537586,94,118.877253
-7409.775023,93,118.894625
-9601.351257,101,118.91522
-8570.809617,101,118.934258
-6508.671377,83,118.950155
-7852.819216,99,118.968569
-7066.672067,85,118.984553
-6847.939051,81,119.000167
-7901.596465,101,119.020951
-8817.257104,90,119.038807
-8663.937988,92,119.05705
-8893.665947,99,119.075984
-7138.309769,88,119.092672
-10213.985823,110,119.114778
-6458.528456,89,119.132271
-8958.967481,90,119.149146
-7935.616622,89,119.165819
-9089.584659,100,119.184785
-10013.82769,104,119.204348
-6703.882397,76,119.219415
-6459.315578,81,119.235031
-8604.089407,94,119.253856
-8354.467588,90,119.270892
-9287.944615,101,119.290236
-8387.07531,98,119.308793
-10822.873258,106,119.329851
-8933.02434,92,119.34802
-8012.551162,91,119.365491
-8619.806347,94,119.383416
-7000.464688,90,119.829091
-9174.02293,106,119.84963
-8453.23546,94,119.869275
-6826.874461,82,119.885395
-8082.84366,97,119.905898
-9701.006282,105,119.92654
-5868.128965,72,119.940592
-8727.038309,97,119.960315
-9612.775865,100,119.980468
-8557.302584,93,119.998808
-9204.563439,98,120.018513
-9977.138291,99,120.038049
-8307.536594,100,120.057622
-9249.839111,96,120.077853
-7665.355941,82,120.094598
-7284.238082,82,120.110503
-7371.025806,85,120.127404
-9948.375871,106,120.148082
-8117.995002,91,120.168266
-6612.228182,72,120.18601
-8724.645475,106,120.207272
-8328.855019,92,120.226291
-8269.92629,86,120.247051
-9497.567074,102,120.272437
-10405.35161,105,120.301888
-7368.829106,79,120.32077
-8566.205776,100,120.342176
-8136.048359,96,120.361313
-9108.40632,99,120.382125
-8293.072931,88,120.401007
-9011.071113,97,120.420496
-9678.229135,102,120.440204
-9538.134848,105,120.460643
-8418.882648,94,120.479328
-7051.942013,84,120.49649
-8369.638136,87,120.513454
-7413.895076,87,120.529786
-8898.455186,93,120.547565
-7582.832799,92,120.565091
-8723.106871,96,120.583501
-8459.366347,100,120.604206
-8175.751726,90,120.622807
-9451.972338,103,120.643968
-7462.350029,87,121.099038
-8681.572274,98,121.119918
-6952.246351,92,121.139532
-9874.149135,110,121.162871
-8001.456395,91,121.182133
-9919.637593,104,121.204043
-7710.736219,95,121.225063
-6883.74444,79,121.242502
-8430.7882,95,121.263534
-7916.101042,90,121.283653
-8421.782281,100,121.303371
-7216.707089,91,121.322534
-9434.174679,100,121.342547
-8920.911525,104,121.363815
-8393.939451,98,121.383519
-7164.154224,92,121.402427
-9872.071062,101,121.423082
-7287.932919,85,121.440131
-7569.361401,92,121.458307
-8665.384174,99,121.479012
-7100.523042,88,121.497314
-8922.952568,96,121.516157
-7269.733436,91,121.535194
-9281.982758,100,121.555312
-6639.774045,82,121.571409
-10663.601016,108,121.592959
-8672.254796,104,121.613457
-8662.466232,96,121.633141
-9056.085574,102,121.657338
-8726.821899,99,121.676597
-8710.151305,102,121.696408
-9269.160541,95,121.71482
-8571.049727,97,121.734903
-9823.61254,107,121.756019
-11046.737448,105,121.77684
-8191.274652,96,121.796279
-11578.269494,121,121.821379
-7723.677964,89,121.840315
-8945.555468,98,121.860086
-6629.935566,78,121.880804
-7480.94927,85,121.902721
-6859.509116,88,121.930853
-7757.064733,93,121.954575
-7909.987072,104,122.498357
-7114.666777,87,122.51644
-7704.59863,89,122.534504
-10489.987886,103,122.554711
-8869.487125,105,122.576161
-8621.054035,90,122.594137
-8047.213721,89,122.611631
-8701.214756,105,122.632425
-10667.724017,108,122.653509
-7451.339844,78,122.668565
-8984.260665,101,122.689558
-7429.680183,94,122.708011
-7767.589177,100,122.727337
-7152.444177,85,122.744094
-7745.160679,95,122.76273
-9491.692061,94,122.782255
-8078.333173,89,122.801226
-10457.369643,106,122.822145
-7618.946984,90,122.839516
-9966.4433,102,122.859878
-5814.990461,74,122.876271
-7435.666395,86,122.89764
-7575.879822,97,122.917878
-7266.377838,87,122.935568
-9304.927188,95,122.95422
-7668.410564,88,122.971496
-8621.664055,91,122.99001
-8770.193661,98,123.009532
-6054.798781,84,123.026047
-5885.143704,76,123.040669
-8469.970407,92,123.059204
-6585.647821,79,123.074573
-9886.005291,97,123.093836
-11317.35616,118,123.118363
-8064.631381,94,123.136778
-6059.310672,77,123.151594
-7908.68326,93,123.169588
-7819.146074,98,123.188903
-10011.650192,102,123.211656
-9273.070048,96,123.232566
-7902.434329,94,123.251781
-8384.740244,101,123.272294
-7543.863807,93,123.290647
-8864.587536,104,123.311545
-9623.448926,102,123.787768
-8408.214082,103,123.809104
-7508.020199,82,123.825248
-7952.585891,94,123.844591
-6157.679075,80,123.860375
-6282.488608,80,123.876276
-8356.345232,93,123.894403
-7330.710224,87,123.911272
-8210.473481,102,123.931008
-7928.629093,99,123.951709
-9902.173963,108,123.972802
-7938.774483,90,123.990372
-6823.730086,88,124.00768
-7750.65972,96,124.026258
-7914.321546,94,124.0453
-8529.809483,100,124.068091
-8275.159356,90,124.086813
-8235.487882,95,124.105446
-7180.000484,94,124.124081
-9731.646541,98,124.143395
-7995.616927,97,124.164247
-7403.339281,90,124.191045
-9599.039944,112,124.230179
-9070.060756,95,124.249638
-9669.47722,98,124.270935
-8311.790628,89,124.288683
-8078.315071,95,124.307425
-8200.333272,95,124.3259
-9239.732801,101,124.345293
-6670.513325,85,124.362797
-10412.377547,112,124.384993
-9116.434851,105,124.405949
-11662.9318,111,124.428076
-6713.851629,80,124.443844
-9240.57933,93,124.463113
-9328.325247,105,124.484168
-9060.883125,98,124.503393
-8942.350996,96,124.526393
-8809.929682,98,124.545972
-11044.148298,110,124.567873
-9443.125799,96,124.587859
-8232.42156,98,124.612636
-7892.541832,87,125.111625
-8267.801336,89,125.129021
-6779.970532,92,125.146707
-10364.839176,107,125.167199
-7949.15267,90,125.184341
-7756.212807,96,125.203401
-8710.317658,92,125.221446
-9442.129232,96,125.240442
-9488.040204,98,125.261483
-8425.597915,87,125.27915
-7697.411677,90,125.297721
-8752.366024,105,125.320579
-9992.175914,108,125.342272
-8289.190239,98,125.363352
-8611.154098,91,125.382099
-9581.30598,100,125.402579
-7460.270397,82,125.42016
-7095.373345,87,125.439456
-8970.214459,91,125.458023
-8890.67578,105,125.483967
-7187.394989,92,125.50581
-8029.930865,89,125.524606
-8104.621644,99,125.550689
-8443.018921,101,125.614522
-7202.318904,89,125.637454
-8842.157989,100,125.663456
-9327.439044,98,125.689568
-8110.787917,97,125.71645
-8776.308112,101,125.740171
-9471.658163,104,125.76607
-7662.779687,92,125.785052
-9900.0749,103,125.808645
-9102.050537,88,125.827585
-6663.373584,86,125.849126
-6783.631084,81,125.865731
-6233.049579,80,125.881829
-7373.070242,84,125.898402
-9288.323112,96,125.917558
-10537.502921,112,125.941549
-6294.248016,75,125.957437
-8310.799392,99,125.977858
-9289.456467,94,125.996844
-9328.240639,99,126.016149
-10412.658256,102,126.035939
-6365.749953,75,126.616018
-6635.909654,83,126.653573
-10461.600602,110,126.688079
-7031.213593,81,126.711415
-10117.825671,105,126.736719
-7502.743779,89,126.757842
-11013.92273,104,126.784857
-8627.927482,92,126.816614
-7057.882631,88,126.837077
-9679.927791,103,126.862635
-9705.260107,106,126.892161
-9282.794378,96,126.927031
-8569.696127,90,126.965635
-9098.124019,98,127.012742
-7925.02385,94,127.03642
-7138.606085,82,127.057578
-7757.286206,101,127.080704
-8033.859275,97,127.101482
-9019.8248,99,127.127369
-7656.394566,92,127.14905
-7277.949872,97,127.169474
-8412.789809,92,127.188688
-13105.325831,118,127.214967
-8723.876741,98,127.237499
-10028.84758,106,127.261915
-7269.973616,96,127.282259
-8022.232269,90,127.299909
-7813.927546,86,127.3178
-8754.607245,100,127.337947
-7818.799642,92,127.356471
-6718.772959,84,127.372884
-6468.891078,82,127.398256
-10250.148387,112,127.431826
-8240.739943,92,127.450647
-10397.203796,111,127.472878
-7768.51732,92,127.490999
-7867.814392,80,127.506848
-8235.815563,99,127.527462
-8260.76476,92,127.545954
-6348.365738,73,127.560684
-8425.099883,88,127.578269
-7955.425978,95,127.596771
-6951.760754,82,127.612526
-9419.435819,100,128.079527
-7932.489944,99,128.099412
-8140.189343,92,128.117493
-10239.454899,104,128.138089
-8536.22614,95,128.156472
-7835.096778,96,128.176312
-9862.364727,108,128.197239
-5507.552876,77,128.212043
-7837.811889,89,128.229976
-7342.515619,94,128.249016
-8531.743374,96,128.26807
-6922.187256,80,128.284873
-7204.257127,100,128.304727
-9858.033089,102,128.324074
-6501.611908,74,128.337983
-7545.059144,89,128.354515
-8404.487442,95,128.37245
-7930.924376,91,128.391461
-10395.498308,100,128.412255
-8024.753063,94,128.432064
-8664.923558,101,128.452625
-9491.387769,105,128.475075
-9417.556731,95,128.495315
-9301.609669,99,128.516433
-6769.734787,84,128.53365
-9760.136535,103,128.555095
-7435.404529,83,128.573491
-8880.844163,97,128.593288
-6700.517796,87,128.611464
-6459.156869,82,128.628287
-9100.95525,92,128.646247
-9736.176777,104,128.666125
-8534.311307,95,128.684318
-8871.0498,103,128.70642
-11104.590241,103,128.731235
-7128.47816,84,128.750096
-9905.280334,98,128.769359
-10446.029006,98,128.788338
-7098.790961,82,128.806756
-7641.026936,94,128.826256
-9649.931528,96,128.84489
-7438.365621,90,128.862495
-8180.493318,97,128.880984
-7737.98658,91,128.897989
-8497.816086,91,129.430631
-7366.38535,93,129.450643
-8072.764118,92,129.46896
-8354.735476,100,129.489086
-8574.582867,97,129.508966
-9753.298183,114,129.532123
-7631.435493,88,129.551306
-7556.737771,88,129.569116
-6812.330813,85,129.586237
-8246.761496,95,129.604377
-8441.001669,100,129.623388
-9048.121457,98,129.642887
-7505.720593,88,129.661565
-7916.130271,90,129.679244
-7857.755275,90,129.696628
-6625.212068,87,129.713358
-7260.7641,96,129.73168
-8628.925337,98,129.750085
-8140.374208,100,129.770222
-7819.885276,93,129.787772
-7041.623738,95,129.806588
-8362.708932,93,129.824537
-8445.221432,99,129.843397
-9423.789696,98,129.864176
-10509.924822,99,129.88432
-9345.920207,106,129.905034
-8385.3338,91,129.923212
-6576.037901,82,129.939373
-9698.694776,100,129.958487
-8075.70923,114,129.982737
-8968.066189,97,130.002111
-7258.908803,91,130.020641
-9108.468968,89,130.038261
-7972.769562,97,130.057902
-8175.881299,100,130.081584
-7146.370101,90,130.099585
-8833.60552,96,130.118077
-10713.249143,102,130.137483
-10105.157175,110,130.158297
-8140.800543,92,130.17795
-7471.675279,85,130.194561
-7924.411173,92,130.212587
-6423.686911,83,130.228333
-9095.440031,96,130.685027
-8337.373235,91,130.703622
-7601.400045,96,130.724393
-8015.848674,102,130.745327
-6399.549846,86,130.763412
-8132.359987,92,130.782128
-9284.630043,105,130.804928
-9269.221419,96,130.825693
-9734.658505,98,130.844969
-7378.918282,94,130.863698
-9437.825434,94,130.882416
-8274.840023,103,130.902672
-8916.368279,110,130.930728
-9133.838437,100,130.950794
-8796.499764,98,130.97035
-10213.102834,96,130.989484
-6232.869201,75,131.004098
-10673.310057,113,131.02761
-8457.168536,103,131.047602
-8380.509342,99,131.067222
-6785.662122,88,131.084395
-8695.96615,95,131.103161
-8402.489539,103,131.12467
-8435.96891,99,131.144354
-7635.883735,91,131.161806
-7724.092305,89,131.179228
-8977.073878,101,131.198646
-9354.152395,93,131.216777
-7519.449587,88,131.238715
-8564.441553,100,131.25848
-8356.661337,94,131.276973
-7365.609985,79,131.292245
-7920.582463,94,131.310318
-8039.797894,98,131.32979
-7105.030204,93,131.348454
-8053.264991,90,131.365817
-7965.131461,90,131.383052
-7888.453714,87,131.400091
-7946.327004,96,131.418931
-8690.816612,98,131.438772
-8811.221744,97,131.457457
-9323.596434,101,131.478283
-7759.041445,95,131.498157
-10720.655745,112,132.118544
-8081.678606,95,132.137985
-9040.331021,95,132.156988
-10103.567791,105,132.179411
-9551.960076,107,132.200441
-9445.166061,102,132.220158
-7273.86494,86,132.237007
-7236.726783,95,132.256019
-10625.382047,116,132.279801
-7356.350907,85,132.296406
-9009.975154,94,132.314456
-8008.818395,90,132.331946
-8210.759512,103,132.351444
-7829.825106,95,132.36931
-8988.385542,96,132.389189
-7311.43001,93,132.407393
-6757.159004,96,132.425714
-8338.499069,103,132.445815
-7955.060532,93,132.463652
-7530.551724,96,132.482939
-7242.116605,98,132.502075
-7036.890328,82,132.517857
-7371.187298,92,132.535466
-8725.699748,94,132.553421
-10362.348267,106,132.573558
-8375.808163,102,132.594051
-9120.998598,104,132.613918
-7646.621091,102,132.633357
-9931.624497,98,132.652684
-7786.91183,91,132.67047
-7682.085787,98,132.690307
-8747.845923,95,132.710833
-9808.378485,106,132.73122
-7586.054352,89,132.747978
-7667.172457,86,132.76425
-10780.009531,102,132.783645
-10835.628956,111,132.806739
-7307.589657,93,132.824598
-6170.464288,84,132.841076
-7368.30925,94,132.858838
-6813.335432,83,132.874295
-7765.65244,95,132.891905
-7093.845451,86,133.342936
-6515.476715,87,133.359974
-7008.357909,86,133.376119
-7766.870695,88,133.392991
-8513.603366,98,133.411521
-7348.661768,93,133.429867
-9145.400489,103,133.450147
-10326.980373,104,133.470162
-6740.886389,83,133.485965
-8561.979556,100,133.50517
-6633.462377,84,133.521115
-8898.506189,94,133.539973
-5622.378133,74,133.554545
-6928.317105,91,133.572011
-11351.417596,109,133.592757
-7927.975071,88,133.609715
-8681.960081,101,133.629176
-9593.785368,95,133.648256
-10516.003384,99,133.667245
-8726.836971,106,133.688015
-7367.658242,96,133.708153
-8277.65324,102,133.731481
-8732.59305,102,133.755556
-9140.094867,103,133.778065
-9393.460523,99,133.800883
-8938.14291,96,133.820869
-8650.430986,99,133.841172
-9134.184698,105,133.862654
-8609.139135,102,133.882727
-10701.117514,109,133.903845
-6497.013008,88,133.920754
-8647.179489,102,133.939945
-8874.248278,101,133.960247
-10147.479094,104,133.980174
-7769.800113,90,133.998752
-7014.837516,83,134.040199
-8294.060895,96,134.061238
-8240.565796,80,134.078177
-8225.004105,102,134.099051
-10207.377926,103,134.119655
-8471.39016,90,134.136891
-9512.389905,113,134.158474
-6964.96991,91,134.176883
-7594.004088,92,134.676726
-8443.449152,96,134.696887
-8430.672249,96,134.715405
-8319.143036,95,134.734251
-8483.0163,92,134.752106
-8435.820584,92,134.770432
-8269.716473,97,134.789043
-7826.601007,95,134.809371
-7122.787752,82,134.825619
-7624.842623,92,134.843232
-7057.876436,84,134.859058
-7499.500612,92,134.87656
-9599.261454,106,134.898073
-8222.419977,96,134.917283
-7533.720585,84,134.934419
-8417.281886,86,134.952533
-8796.366858,94,134.972496
-8788.210867,101,134.992732
-9573.559485,98,135.01298
-10946.913405,109,135.033902
-8301.03969,90,135.075641
-7767.997131,94,135.099185
-9636.169077,99,135.120033
-7502.281289,91,135.137779
-10215.622857,101,135.157022
-8123.99333,92,135.174937
-9853.015653,103,135.19482
-7370.387244,97,135.214213
-8558.331718,99,135.233772
-9399.034306,102,135.254465
-8329.94578,88,135.271911
-8088.820915,100,135.291598
-9715.481724,108,135.312598
-7280.745767,80,135.329346
-8222.109029,85,135.34579
-10387.316053,104,135.365969
-9687.616963,101,135.385411
-9579.981724,104,135.4051
-6796.976301,85,135.421368
-9642.4992,105,135.442532
-8228.011267,100,135.462119
-8100.664857,100,135.481269
-7436.700265,91,135.498585
-9133.727522,107,135.988152
-9537.549299,99,136.008664
-10050.739106,105,136.029645
-7356.919579,95,136.047874
-9438.055766,104,136.069347
-8341.503185,97,136.088092
-8778.026873,92,136.10603
-11563.366631,112,136.127575
-9936.642848,87,136.144352
-7657.455595,94,136.16341
-7408.56699,86,136.180208
-5983.665028,79,136.19524
-9378.28405,110,136.216417
-9627.895704,99,136.235199
-7693.921798,98,136.255706
-8055.095759,91,136.27414
-7367.103821,87,136.291045
-7581.571496,92,136.308834
-9971.895369,99,136.328302
-8128.554415,97,136.347504
-8325.815265,90,136.364651
-7253.710589,88,136.383494
-9213.575133,104,136.403866
-9559.056399,106,136.424584
-8590.554733,96,136.443872
-10202.833804,107,136.464804
-9304.961536,108,136.487561
-8614.782778,96,136.50751
-9106.736827,102,136.526998
-6685.90145,82,136.543442
-8139.859239,100,136.56254
-8706.054113,103,136.583505
-5800.789737,70,136.598233
-9332.153732,99,136.617931
-9470.981298,102,136.638024
-9733.677404,109,136.659885
-11262.578032,118,136.684197
-7132.461716,92,136.703118
-7361.619364,87,136.720665
-9323.449441,105,136.742042
-8471.736972,99,136.76171
-9160.015783,99,136.781229
-6029.73444,86,137.265161
-9780.901195,104,137.285536
-6964.82269,87,137.302429
-7750.240895,88,137.320626
-9395.950308,107,137.341393
-9284.004364,103,137.361064
-7667.374792,95,137.378965
-8163.067915,99,137.397435
-6559.082753,82,137.412784
-9680.367225,112,137.435172
-8026.888368,85,137.451312
-8061.617383,100,137.47037
-8458.603231,101,137.489724
-9321.175395,106,137.509748
-7065.630951,88,137.527115
-9391.376115,92,137.545146
-8598.150381,98,137.563625
-8782.380848,93,137.581028
-7406.893214,75,137.595016
-7932.244899,96,137.614613
-9092.24943,98,137.635289
-7983.222091,89,137.653564
-8680.297355,86,137.671196
-6984.560252,93,137.689947
-10191.097782,106,137.710655
-9775.402415,102,137.730559
-9278.413955,102,137.752285
-8397.159077,97,137.771121
-8040.741085,88,137.787967
-10167.797623,109,137.809379
-8832.702818,96,137.828426
-7732.066609,96,137.850036
-7384.29971,97,137.86967
-6393.014674,84,137.88655
-8667.237394,100,137.905413
-7710.790789,92,137.923276
-7366.005215,90,137.940639
-7907.69199,93,137.959653
-8045.884022,90,137.977209
-7811.410556,100,137.996985
-9846.712215,108,138.017792
-11975.83709,108,138.038515
-8430.76284,96,138.057971
-10266.837358,98,138.508585
-8909.04203,105,138.528882
-8374.14129,90,138.546071
-5249.824637,72,138.559681
-8966.623978,98,138.578733
-7882.768616,94,138.598007
-7293.167804,89,138.614856
-8044.901247,91,138.632208
-8502.461148,97,138.651169
-8436.138463,91,138.668671
-8097.935697,102,138.689353
-8397.63199,95,138.708645
-8864.880898,94,138.726956
-7094.032789,86,138.743452
-8950.814076,106,138.76379
-9738.118432,97,138.782316
-9347.441726,102,138.803866
-11291.981197,112,138.825601
-8105.620479,94,138.844146
-10291.883358,103,138.864082
-11472.662696,116,138.885915
-7492.075425,88,138.903418
-8300.532736,83,138.919974
-9055.702609,100,138.938938
-8109.211555,94,138.956793
-9028.260277,97,138.975492
-9281.414715,101,138.995405
-9841.254219,109,139.018257
-9069.683156,105,139.038505
-7353.328139,95,139.057315
-8618.1758,94,139.075647
-7455.357023,84,139.091956
-6564.204951,76,139.106659
-7691.96679,95,139.126285
-10094.746302,110,139.147714
-6806.014755,88,139.164813
-11154.798701,118,139.187073
-10471.170578,112,139.208581
-8228.39818,107,139.230137
-7898.530618,102,139.25747
-10153.991905,110,139.280204
-9059.526627,109,139.301221
-9532.786341,107,139.780095
-6676.439063,88,139.797742
-9129.524423,107,139.818454
-6869.846174,81,139.834038
-7915.237848,91,139.85269
-6604.954623,76,139.867908
-9856.161807,101,139.887479
-7892.300067,87,139.904435
-10765.122076,108,139.92526
-8037.426955,99,139.94417
-9384.112373,99,139.964516
-8375.142284,93,139.982421
-9041.227772,108,140.00297
-8349.270229,96,140.021094
-9165.008862,83,140.036854
-8734.881368,94,140.05486
-8398.817238,97,140.075334
-7004.611781,86,140.092094
-10781.79255,111,140.113338
-7908.736176,94,140.131374
-7935.744439,86,140.147548
-9050.955351,96,140.166364
-8841.653388,98,140.185537
-7853.90153,96,140.203657
-8491.651277,90,140.220547
-5534.744691,67,140.233129
-9168.888241,100,140.252717
-10725.479694,114,140.275689
-8382.908196,90,140.293437
-7348.885269,94,140.311508
-9592.43814,100,140.330753
-7791.943698,85,140.347032
-8385.935805,100,140.3662
-11031.848289,107,140.387563
-8094.971967,94,140.405511
-8571.750083,100,140.42417
-8530.655928,94,140.441893
-10423.761864,109,140.462647
-9204.603179,93,140.480278
-7167.204784,92,140.499196
-7839.084608,91,140.516811
-8467.380542,98,140.535898
-9069.428241,92,140.553996
-8305.60926,99,140.992684
-9894.199344,100,141.012894
-6298.452821,78,141.028347
-9388.539702,92,141.046198
-8535.858184,98,141.064948
-7498.076692,94,141.082808
-8884.527298,96,141.100992
-9271.428967,101,141.121551
-7773.470232,93,141.139481
-7829.483827,86,141.155762
-6865.184434,89,141.172504
-9536.544924,98,141.19118
-9458.16049,101,141.210265
-6855.338453,83,141.226906
-10762.034643,109,141.24832
-11522.880892,116,141.270467
-9297.519709,98,141.289804
-10800.44169,113,141.311183
-7690.793547,81,141.327553
-8284.541902,97,141.346603
-7503.061308,98,141.365081
-9406.782392,96,141.383281
-10304.487395,103,141.403031
-5704.68057,71,141.416676
-7775.938066,93,141.435033
-9694.710805,99,141.454052
-10827.166013,112,141.475258
-7143.855734,88,141.491937
-7230.578637,96,141.510128
-7497.960603,83,141.52606
-10428.444226,107,141.547506
-7447.896202,84,141.563507
-10212.894365,102,141.582564
-8534.532647,97,141.600735
-7733.890773,90,141.61797
-9108.15953,95,141.636568
-9463.051356,100,141.660467
-7670.869315,94,141.683942
-8953.653112,101,141.703965
-7130.179833,95,141.722366
-7395.401516,92,141.742176
-10847.061579,107,141.767949
-7485.201279,88,142.21435
-8342.407041,94,142.232514
-7995.784593,90,142.250382
-7454.981003,92,142.268102
-9428.86421,110,142.290365
-7145.110863,89,142.307591
-7607.521609,84,142.32366
-8413.642176,95,142.342225
-9656.046163,95,142.360384
-7630.410827,88,142.376905
-7924.123043,96,142.396439
-8323.788122,92,142.414075
-8990.022376,100,142.433205
-7561.102717,85,142.449531
-9641.111857,107,142.470048
-7687.714443,92,142.488361
-7876.294251,90,142.505922
-7912.319879,99,142.52473
-9516.259423,108,142.545089
-7509.833833,88,142.561877
-7831.363843,91,142.579296
-8227.769464,92,142.597396
-9200.563572,110,142.618779
-8385.784585,101,142.638077
-8623.906227,97,142.656648
-7047.005527,90,142.673492
-8459.20816,98,142.69202
-9481.751389,111,142.714235
-7928.185254,89,142.730976
-9451.804321,104,142.750856
-10111.928525,112,142.772922
-6880.244191,83,142.789049
-8876.556703,103,142.810821
-9057.081863,101,142.830707
-7811.454199,88,142.847758
-8368.639492,98,142.866652
-8681.922361,99,142.885266
-9020.288984,100,142.903876
-10192.005268,102,142.924313
-6039.211625,73,142.938506
-9942.206285,110,142.959571
-7543.381781,82,142.975162
-8316.545069,96,142.99314
-7147.870338,92,143.437388
-8681.197692,90,143.456144
-6589.966389,77,143.471197
-11526.585286,100,143.489853
-6203.315199,86,143.506252
-11210.499249,114,143.527946
-7558.381787,87,143.544163
-7518.433793,90,143.562348
-7250.609455,91,143.579849
-10998.477245,108,143.600376
-8588.173967,100,143.61975
-9748.944852,101,143.639255
-9132.055743,88,143.656824
-8122.224406,92,143.674673
-7854.581626,96,143.693847
-9209.110034,110,143.715922
-8534.240763,101,143.735418
-8359.54153,94,143.753295
-6697.728596,83,143.77072
-10041.925443,104,143.790632
-7835.549551,95,143.809043
-10053.684031,104,143.829078
-7461.16389,94,143.84733
-9174.819925,96,143.866823
-9142.549824,102,143.887003
-8378.749442,91,143.904678
-8436.344746,104,143.924886
-8453.585958,101,143.944595
-7295.438983,80,143.959973
-10798.212383,106,143.9816
-7099.717316,87,143.998157
-9471.114145,112,144.019476
-8291.343777,90,144.036714
-7840.615533,91,144.054145
-9572.27561,105,144.074497
-9776.432037,100,144.095026
-10869.459766,112,144.116559
-7128.987711,82,144.132279
-9464.254309,106,144.152391
-9290.800284,104,144.172183
-5518.746364,73,144.187286
-8304.198353,97,144.206169
-11106.834893,115,144.228087
-9380.965457,95,144.682631
-10760.090018,107,144.703625
-7688.471191,93,144.722717
-8873.787418,100,144.742329
-9538.170126,99,144.761258
-9264.228125,83,144.776971
-8000.386082,88,144.793717
-9202.113038,99,144.814119
-6828.71462,79,144.830087
-8190.346266,96,144.848188
-9821.700635,103,144.867726
-10240.286365,95,144.885928
-6825.311549,77,144.900557
-8956.445307,103,144.92093
-8079.871052,91,144.938849
-10809.678489,108,144.959475
-7576.181893,91,144.977019
-7946.433222,88,144.994144
-8598.721638,100,145.01342
-8592.518507,97,145.03337
-8469.488687,90,145.050764
-6887.66278,81,145.066656
-9523.927705,110,145.088197
-8462.469456,96,145.106627
-7085.583814,96,145.125211
-9216.122064,100,145.145064
-8208.901425,88,145.162003
-8448.76134,95,145.18003
-8192.551466,95,145.198392
-7717.057944,90,145.215674
-10706.266325,112,145.237775
-8764.673562,98,145.257347
-9342.209108,107,145.277955
-9852.359917,104,145.298224
-7674.746724,87,145.314621
-9732.202291,96,145.332615
-7036.92827,71,145.346997
-7570.504827,99,145.366574
-9627.003537,106,145.387029
-8342.049187,99,145.406086
-9305.172812,103,145.425814
-7447.902639,88,145.442661
-6819.35961,81,145.459085
-8398.857494,96,145.905453
-7853.007265,86,145.921956
-7797.34249,95,145.939996
-7600.475266,88,145.956738
-9887.246835,100,145.976467
-8973.277863,106,145.99745
-7854.887076,94,146.015044
-9915.443364,115,146.036576
-7628.572891,88,146.053431
-8584.928575,94,146.071204
-8304.322676,94,146.090622
-10482.705014,110,146.112075
-8230.634477,93,146.13036
-8793.106598,98,146.149541
-9554.094822,100,146.168824
-7878.823692,97,146.188465
-10598.107793,112,146.209866
-7285.293909,87,146.226517
-8522.33228,99,146.245853
-7493.476307,99,146.265008
-7120.204461,88,146.281744
-10169.559198,112,146.304275
-10352.594348,105,146.324329
-8826.009358,104,146.344002
-7901.854375,92,146.361318
-10008.305758,92,146.378547
-9993.667718,95,146.397291
-8009.633562,92,146.415124
-9309.902869,103,146.434922
-8834.583882,101,146.454174
-8565.632613,103,146.473735
-10260.258086,111,146.49474
-10800.417913,105,146.516001
-8489.650645,98,146.534671
-6910.761252,83,146.550443
-7872.345802,88,146.567077
-9892.282025,104,146.586592
-9296.45266,101,146.60658
-6685.093539,84,146.622801
-8134.377547,95,146.640772
-8643.48924,103,146.660151
-8167.639699,94,146.677811
-7507.466706,88,147.139136
-8447.914768,106,147.159868
-9840.254442,111,147.18093
-6548.880966,86,147.197138
-10299.814268,110,147.217635
-10192.120348,101,147.237787
-10534.092819,105,147.261235
-9027.225148,87,147.279726
-8432.120671,94,147.2996
-10535.039447,102,147.325616
-7035.400143,94,147.345339
-9382.169407,107,147.366641
-8720.937195,91,147.384385
-6911.763167,82,147.400402
-9413.102637,100,147.419735
-9912.175312,97,147.438422
-8589.927097,101,147.459068
-10961.673986,114,147.480775
-7512.111965,86,147.497049
-9026.94616,100,147.516336
-8139.499621,94,147.534374
-8160.940798,100,147.554591
-6693.139127,92,147.588605
-5835.66873,72,147.602218
-7457.748063,93,147.619896
-8405.982521,92,147.637364
-8197.290935,93,147.654946
-8645.71258,92,147.67345
-9180.869322,96,147.691643
-7702.902065,92,147.709047
-10612.888739,112,147.730202
-8549.770032,94,147.748129
-8492.421246,100,147.768127
-8030.263719,98,147.787598
-8448.824079,84,147.80513
-8233.643458,94,147.82326
-8313.321542,108,147.844369
-9008.808754,101,147.863317
-7825.701909,99,147.883394
-8305.984821,94,147.90099
-8760.727808,95,147.918964
-8454.649975,96,147.937327
-8663.611948,96,148.374633
-7012.905895,95,148.393972
-10877.624788,111,148.415923
-8347.266488,98,148.435185
-8098.640647,98,148.454005
-7802.107125,93,148.471934
-8806.576584,106,148.491991
-9179.208215,104,148.513146
-7256.098472,88,148.53
-8768.617019,109,148.550324
-7371.466637,92,148.567536
-7528.715345,90,148.584309
-9429.653263,108,148.605331
-8618.877605,98,148.624508
-8748.688125,94,148.642577
-7602.255339,97,148.661265
-7459.93871,92,148.678808
-9348.972158,101,148.698391
-10097.938129,109,148.720543
-9133.153031,93,148.738751
-8656.979151,98,148.757324
-11440.565628,111,148.778408
-6257.023427,86,148.794564
-7596.25927,90,148.812836
-7172.27176,98,148.83258
-8610.312488,91,148.849836
-8596.49583,100,148.868608
-7556.654371,92,148.885787
-10941.144353,115,148.907383
-9474.304814,104,148.928421
-8648.472686,106,148.948815
-8114.514006,106,148.968733
-9594.07154,94,148.986436
-6998.945953,88,149.002981
-8324.754503,93,149.02062
-8504.498699,100,149.0405
-9037.694562,95,149.058882
-8014.85187,90,149.076201
-5999.544707,78,149.091535
-8446.828456,102,149.111427
-6823.50944,94,149.130238
-8855.609722,92,149.148427
-7361.467702,87,149.601127
-6606.037383,86,149.618081
-9368.393366,97,149.636889
-8756.87326,104,149.658002
-8189.444255,100,149.677194
-8400.990098,89,149.694634
-6266.56816,80,149.710095
-8285.723733,98,149.728913
-10311.160233,96,149.747296
-9433.373048,106,149.768509
-8056.019002,97,149.787293
-7846.754981,93,149.805588
-6666.536253,87,149.822529
-6655.507655,82,149.838565
-8556.400444,92,149.856178
-9155.273733,98,149.878371
-8271.276642,97,149.942033
-9129.720772,104,149.989334
-9265.186476,104,150.068729
-9032.044803,99,150.163078
-7486.657734,91,150.213476
-7556.852509,92,150.268636
-6902.960763,90,150.320937
-8436.929377,94,150.363477
-8588.577681,97,150.40034
-7563.915954,83,150.417634
-10226.780561,108,150.438386
-6966.816418,86,150.454975
-7026.756148,87,150.471622
-6488.63837,82,150.487672
-7703.188925,92,150.50532
-6492.087079,82,150.522017
-6021.563049,73,150.536038
-8215.470184,89,150.552837
-7624.618516,89,150.569766
-7833.563492,95,150.587657
-9509.809278,99,150.606192
-8376.693521,95,150.625376
-6716.297665,81,150.64107
-8199.03748,90,150.658544
-10005.393814,99,150.677992
-6190.228576,76,150.692575
-7602.635876,95,150.710496
-8768.539624,106,150.731931
-7382.041229,89,151.168251
-7670.033831,92,151.186163
-8206.350633,94,151.203723
-7412.24793,95,151.221917
-7796.625703,96,151.239858
-6624.349363,87,151.258083
-7177.616486,92,151.276141
-9837.148396,104,151.295705
-9031.423949,95,151.313577
-7472.435897,92,151.330737
-8037.137343,86,151.347893
-7291.667689,96,151.367644
-9320.043647,112,151.389333
-9832.035177,108,151.409865
-9503.662369,105,151.429604
-9230.386269,101,151.448535
-6394.175759,86,151.465585
-9785.924755,96,151.484109
-7491.056989,94,151.501741
-11140.315924,117,151.523643
-8427.583373,94,151.541294
-10765.554769,106,151.561031
-8355.550959,92,151.579898
-6411.022058,86,151.596105
-8434.926506,102,151.615125
-6688.978713,76,151.629552
-7238.745202,97,151.648236
-10511.242386,106,151.668586
-7128.019868,88,151.686541
-8230.244994,92,151.704349
-8955.628126,90,151.721557
-8809.291331,101,151.740965
-8114.626773,87,151.757613
-7859.436822,97,151.776491
-8885.400433,95,151.796028
-7767.578031,90,151.814195
-8371.699186,93,151.832093
-8587.277979,91,151.849414
-7116.761073,87,151.866103
-9284.855882,106,151.886746
-7288.0271,84,151.903444
-7987.04605,93,151.921153
-8042.542325,94,151.939217
-6660.705083,87,151.955973
-8776.756477,93,152.401309
-8529.394061,101,152.421973
-7283.50239,88,152.439209
-9592.267712,102,152.458526
-8080.763155,98,152.476966
-11274.00936,110,152.497875
-6612.322334,88,152.514471
-9685.81752,113,152.53699
-8521.275549,90,152.554022
-6653.648119,80,152.56939
-8179.833543,90,152.586624
-11597.269276,113,152.608371
-8166.719477,100,152.628103
-10449.45778,108,152.648777
-7478.591938,94,152.666904
-7739.064611,89,152.683914
-8989.253276,101,152.703244
-7298.859165,94,152.720943
-10751.576235,109,152.742461
-9683.981699,100,152.761487
-6595.537756,90,152.778482
-7046.805498,85,152.794614
-7746.812125,92,152.812155
-8772.176672,100,152.830995
-8551.754471,101,152.851671
-9744.042629,90,152.869045
-8274.347579,101,152.888358
-7526.495585,87,152.905312
-7106.455692,90,152.923265
-8235.51186,96,152.942992
-8882.114571,98,152.96304
-8500.746016,100,152.982775
-7262.365848,91,153.000289
-7969.050366,91,153.017786
-9342.25036,117,153.039714
-6805.761639,86,153.057249
-8791.940597,104,153.077935
-8210.946161,98,153.09696
-7886.291561,95,153.115119
-6117.433312,84,153.131015
-8904.633405,105,153.150919
-6304.355707,81,153.167475
-10532.248991,113,153.609996
-7085.956283,77,153.624873
-8373.096519,100,153.643931
-7804.354706,91,153.667425
-8134.679797,90,153.686048
-9012.149398,104,153.708054
-8977.711299,108,153.72962
-9447.498518,94,153.748278
-9470.07262,107,153.768506
-8435.429002,89,153.786585
-7959.795955,95,153.807111
-8245.717336,97,153.825907
-8986.369761,104,153.84701
-7891.448508,96,153.865597
-7923.771138,96,153.883917
-8702.303625,104,153.904907
-7909.609768,86,153.921165
-8040.780713,94,153.938945
-9130.108922,103,153.958263
-9464.615696,115,153.980416
-7893.533372,85,153.998009
-6958.61335,88,154.015854
-8212.26408,91,154.033551
-9848.467673,103,154.05414
-5938.198312,84,154.070411
-9844.903753,116,154.092475
-7023.737136,88,154.110891
-8604.484934,94,154.128796
-7682.995515,106,154.149068
-8269.489773,96,154.167394
-7505.92835,89,154.184185
-9299.056835,106,154.20491
-8762.857563,95,154.223496
-9137.846562,99,154.242228
-8665.945648,104,154.262211
-7032.384559,91,154.27942
-7247.768445,80,154.294427
-7362.498648,93,154.312843
-7848.408238,90,154.329975
-9619.745455,96,154.34804
-7069.674291,90,154.364972
-9623.288501,94,154.382735
-7275.187437,89,154.399566
-7532.861273,93,154.834136
-6249.29606,71,154.849063
-7027.617109,80,154.864603
-10282.805221,100,154.883521
-6842.767276,88,154.900235
-7690.175737,92,154.917612
-10396.063825,108,154.937847
-9480.350245,102,154.958383
-9248.270059,97,154.976895
-8810.595065,96,154.995606
-12071.326437,115,155.017697
-10745.878516,107,155.038029
-6584.626115,89,155.055669
-9063.6754,96,155.07467
-7859.141138,94,155.092826
-9866.732615,112,155.114871
-7640.905283,94,155.133129
-7034.682261,89,155.150194
-7728.488047,92,155.169051
-9185.575415,88,155.185686
-8254.922914,87,155.202103
-7809.910464,96,155.220152
-7374.951667,95,155.237878
-9290.036483,94,155.255897
-7867.494039,98,155.275719
-8918.036255,106,155.296162
-8597.072136,98,155.314821
-10023.454072,98,155.333454
-7288.990557,92,155.350955
-8126.785458,92,155.368123
-8326.430458,94,155.387167
-9552.312259,96,155.405552
-6750.109869,84,155.421561
-7644.747337,94,155.439418
-9361.87465,106,155.459557
-7148.741396,90,155.477448
-8445.629614,99,155.496727
-6513.343696,86,155.512762
-8954.67836,99,155.531192
-7798.225489,88,155.547536
-8200.121148,88,155.563941
-9793.689428,100,155.583394
-8771.368693,105,155.603734
-7377.009703,94,156.039823
-8152.089374,94,156.058172
-7694.744774,93,156.076425
-7491.948522,90,156.093886
-7229.03171,92,156.112469
-8199.132317,95,156.13109
-7664.105597,92,156.148753
-8864.966188,99,156.167758
-8190.349328,90,156.184845
-6846.809252,84,156.20073
-8096.48415,102,156.221423
-8623.231465,102,156.241472
-8223.808139,92,156.259408
-6233.88882,89,156.276831
-7677.333261,97,156.296079
-7969.499394,91,156.313907
-8124.066444,93,156.333575
-7766.555198,88,156.351219
-9858.409133,108,156.37218
-7873.62881,91,156.390103
-9224.873805,110,156.4121
-6788.564277,79,156.429274
-6853.047969,87,156.446569
-8940.517279,91,156.464599
-8286.260164,95,156.483594
-8433.310729,98,156.502759
-7892.603239,100,156.522767
-8341.151744,93,156.542655
-9298.871906,106,156.563905
-8942.067858,105,156.584375
-10169.143902,102,156.604287
-6928.64421,85,156.620884
-7526.87899,94,156.640589
-8302.266996,100,156.660447
-9455.762708,100,156.680712
-8704.162851,103,156.701395
-8833.598505,99,156.72151
-8591.398709,88,156.73982
-10463.408543,111,156.762296
-11016.873329,111,156.784288
-11082.715886,113,156.807272
-8221.052935,98,156.826841
-7785.754777,92,157.291876
-9282.20655,96,157.310663
-7018.522454,89,157.327874
-9303.570455,108,157.348619
-7613.124967,94,157.366899
-8083.158562,88,157.385847
-7717.103442,90,157.403709
-9189.98114,108,157.424727
-8630.420518,100,157.444102
-9546.085417,104,157.464158
-8958.941592,100,157.484386
-7985.528562,92,157.502324
-11283.369841,109,157.523226
-8725.879638,102,157.542691
-7315.065815,101,157.561854
-8652.635167,105,157.582582
-9459.913222,107,157.603449
-8231.587922,96,157.621993
-8983.980357,92,157.639623
-7731.604747,99,157.658599
-8664.634799,102,157.677972
-7876.037365,97,157.697654
-8145.37138,100,157.716587
-7129.603652,92,157.734186
-9079.415724,93,157.752103
-7244.061333,87,157.768702
-8324.260956,87,157.785113
-7680.266631,96,157.805257
-7739.19954,98,157.824297
-8542.753507,99,157.842976
-7969.615966,94,157.860713
-8122.790133,92,157.878779
-7450.40153,90,157.896839
-8054.401519,91,157.914959
-7132.921444,91,157.932365
-6368.04776,88,157.948989
-7068.380084,81,157.964395
-7007.182883,89,157.981195
-7226.538207,87,157.997569
-8531.257418,100,158.017807
-10299.879419,108,158.038007
-8488.332539,90,158.055281
-8842.331837,102,158.075089
-8488.827226,108,158.569785
-9377.541903,105,158.590272
-8100.619211,96,158.608737
-9315.064195,108,158.630379
-7586.036272,94,158.649121
-6552.00091,90,158.666152
-9094.762054,100,158.68516
-8159.416397,91,158.70295
-6982.503585,86,158.720119
-8173.890185,85,158.737561
-8601.598169,104,158.758027
-9980.327797,108,158.778145
-9960.281536,102,158.797371
-6848.335646,84,158.813232
-10260.748424,107,158.833695
-6423.277747,80,158.850162
-7310.10852,95,158.868581
-7349.53736,89,158.885074
-7259.398238,80,158.900255
-12091.177481,110,158.921448
-9478.078267,111,158.942334
-8146.799125,99,158.990264
-6328.859656,82,159.006228
-6794.685856,91,159.023326
-7054.130594,89,159.039954
-10221.023675,99,159.06049
-8088.637207,90,159.078572
-8233.498217,96,159.097097
-7851.547126,92,159.114688
-7432.279785,91,159.132191
-7471.854859,94,159.149895
-8835.926735,94,159.178694
-7114.419335,86,159.21827
-7644.150314,96,159.247013
-8012.242687,95,159.266035
-8009.619708,93,159.284207
-6529.981458,85,159.300467
-7504.002591,96,159.318769
-7674.543228,90,159.335876
-8443.790859,97,159.354377
-8990.50326,104,159.374914
-7100.283397,88,159.392018
-8410.329302,98,159.410387
-6745.963623,88,159.864132
-8874.30228,94,159.882543
-10199.566874,106,159.904199
-6391.354422,95,159.922218
-9670.766262,111,159.942896
-7516.989507,97,159.960991
-7882.368636,81,159.976553
-6933.537077,92,159.993773
-7923.581265,92,160.012655
-8369.258545,96,160.031121
-10147.865275,118,160.054045
-8743.205535,99,160.073159
-8673.544247,100,160.092401
-10843.378319,101,160.112656
-8759.829977,101,160.132388
-7876.173148,104,160.15187
-7556.231225,91,160.169063
-7542.693995,88,160.1858
-8996.806429,104,160.205504
-8810.326943,108,160.227133
-8889.528106,105,160.247504
-9088.218248,110,160.268341
-8169.591575,99,160.287033
-9148.4839,108,160.307289
-8056.816405,94,160.326107
-7169.702915,86,160.342641
-7096.022112,91,160.359722
-6560.834853,84,160.375402
-7056.772176,86,160.39174
-7979.132439,94,160.409554
-7733.331284,101,160.429523
-7471.943468,96,160.447737
-6597.646127,92,160.465094
-9989.201266,106,160.485553
-6830.286248,84,160.501692
-6829.849673,84,160.517791
-9347.255052,100,160.537716
-9953.98549,107,160.558249
-6544.175509,86,160.574621
-8491.75491,101,160.594079
-8528.042863,96,160.612194
-6862.417257,96,160.630341
-7389.039975,89,160.64826
-10087.795408,103,161.096394
-7933.25961,97,161.115035
-8574.32294,96,161.133518
-8080.01234,94,161.151535
-7509.1991,92,161.170164
-7192.124326,100,161.189744
-8459.090435,99,161.208752
-8982.618003,101,161.227797
-8380.895073,98,161.246789
-7383.044647,81,161.262063
-6903.888374,92,161.28073
-8024.165212,102,161.300106
-10893.830563,111,161.320893
-7325.204986,94,161.338683
-7674.376473,90,161.355511
-10506.09992,100,161.374253
-7992.208545,84,161.391206
-7107.496087,82,161.406774
-7510.855199,97,161.425415
-7886.387602,94,161.443749
-9259.211733,97,161.46253
-8315.303525,86,161.479746
-7100.597273,95,161.498466
-7371.166176,87,161.515022
-9138.408115,106,161.535206
-7921.692033,94,161.553231
-8669.24668,100,161.571889
-8558.470769,100,161.5915
-7200.489028,88,161.608475
-10645.240762,113,161.630243
-10639.521307,97,161.648822
-9968.997747,104,161.668405
-7723.487239,96,161.686539
-7418.690133,88,161.704376
-7281.644999,92,161.721894
-9213.768029,100,161.740899
-6677.222376,89,161.757642
-9334.576335,108,161.777867
-8100.644318,91,161.794754
-7945.632285,103,161.81597
-6277.624886,82,161.831668
-7601.965304,92,161.848906
-9522.103465,111,162.306462
-7126.327548,94,162.325994
-7059.222172,88,162.342909
-5705.274744,84,162.358904
-8826.792923,109,162.380227
-8853.048997,99,162.399266
-7751.989426,90,162.416293
-9911.940764,109,162.43797
-9750.216125,101,162.457647
-8810.964982,102,162.477535
-8587.02743,96,162.496472
-7550.543789,92,162.513894
-6611.46324,91,162.531833
-9388.144813,108,162.552867
-8429.685949,106,162.573493
-8605.457803,95,162.591707
-6803.087714,90,162.608833
-8493.105855,88,162.625819
-8674.709484,100,162.645928
-8736.317107,99,162.664882
-7685.853459,93,162.682841
-8580.417059,99,162.701828
-7796.428471,98,162.720397
-8306.179598,101,162.739724
-6436.738565,79,162.755872
-9995.479184,115,162.777918
-9238.630171,100,162.797181
-9344.928386,98,162.816253
-8815.093966,103,162.836021
-7263.549608,83,162.852999
-7448.729122,89,162.870307
-8747.997868,98,162.889072
-9794.652694,109,162.909919
-7956.817692,97,162.928691
-7743.35628,95,162.946993
-7950.920569,97,162.966773
-6222.324833,79,162.982243
-7869.076535,98,163.001455
-10538.948626,113,163.023581
-8251.905651,93,163.041818
-7818.469592,90,163.060498
-8978.063954,106,163.081945
-9135.052667,101,163.101459
-8223.067251,96,163.54665
-8581.239273,100,163.565674
-7901.348168,94,163.583485
-7730.839436,94,163.602508
-9182.046451,100,163.621426
-8637.027495,102,163.640708
-7128.151894,86,163.657392
-9418.102114,112,163.678562
-8732.752648,106,163.700006
-7240.107336,87,163.717633
-8649.109187,105,163.738004
-6768.418976,88,163.75499
-7792.799159,94,163.772965
-8725.374789,94,163.790816
-7986.939211,92,163.810941
-7242.793762,99,163.830349
-9404.471989,98,163.84904
-7602.942313,101,163.868253
-7414.396791,87,163.884805
-9938.435675,97,163.90423
-8288.979719,101,163.924363
-8222.815589,101,163.94357
-10643.108839,112,163.964776
-7310.627995,101,163.983974
-6519.412467,82,163.999559
-9223.607057,88,164.017369
-7535.939279,92,164.03507
-6493.363197,90,164.052146
-8363.95047,102,164.07155
-8487.121912,101,164.091179
-8269.180435,103,164.111195
-7982.420537,96,164.131339
-9567.6384,101,164.150938
-7720.981907,77,164.165665
-8746.719364,88,164.1823
-7765.132112,88,164.199111
-8586.888366,96,164.217438
-7594.173987,90,164.236128
-7852.517757,92,164.254328
-8247.700987,94,164.272485
-9524.546459,88,164.289238
-7887.599782,101,164.308471
-8737.094466,101,164.789372
-8015.543674,109,164.811198
-7055.191484,92,164.828688
-7536.470001,95,164.846979
-8793.498391,94,164.866342
-9958.608509,107,164.886884
-8115.276016,97,164.905543
-8784.758188,103,164.925124
-9822.686336,102,164.944427
-9782.250012,105,164.965353
-6454.543881,88,164.982276
-11419.109364,116,165.004183
-9891.440575,103,165.02379
-10032.182887,109,165.044693
-7179.411086,86,165.061282
-8084.123855,102,165.082293
-7069.397119,84,165.098662
-10897.991239,119,165.121264
-8541.016619,104,165.141334
-8236.888724,102,165.160913
-6734.642212,78,165.176934
-7497.034267,84,165.193139
-7936.993059,101,165.212596
-10065.60375,112,165.234634
-7081.450768,92,165.253016
-9822.939382,110,165.275121
-7445.027809,97,165.294117
-7347.69736,92,165.31178
-10286.859928,110,165.333048
-7815.146116,96,165.351609
-8995.008365,100,165.370852
-7451.115956,87,165.388613
-10063.983457,112,165.410289
-9434.571297,98,165.429104
-8127.001163,90,165.446374
-7734.631248,96,165.464763
-7388.099152,98,165.483531
-8259.94798,96,165.503007
-9092.679962,102,165.52237
-7559.853738,95,165.540572
-6954.185326,88,165.557382
-9137.210911,99,165.576052
-8426.026626,96,166.019155
-7251.446612,86,166.036361
-7821.586213,89,166.053543
-7066.662806,91,166.071096
-8679.493328,105,166.091369
-7038.640848,90,166.108454
-8743.353036,97,166.127518
-8067.766205,93,166.145694
-7870.119212,98,166.164015
-9901.51802,110,166.184578
-8364.647017,92,166.201657
-7680.082383,101,166.220397
-9303.337113,102,166.24108
-7230.048312,89,166.258941
-7635.116168,91,166.276451
-6670.278163,90,166.293684
-9367.602316,112,166.314698
-6124.164719,85,166.331944
-8216.188911,100,166.352072
-8458.559941,102,166.372153
-8603.00523,98,166.391443
-10734.539794,104,166.411543
-6892.299489,86,166.427736
-7633.471105,96,166.447408
-7921.197548,101,166.466706
-9190.273851,102,166.48608
-7407.16591,96,166.504134
-10275.082926,112,166.525152
-7292.622383,92,166.543212
-6264.118174,81,166.559123
-7081.735024,85,166.575192
-7354.705908,88,166.591987
-6853.320639,93,166.609758
-7671.700225,99,166.628664
-7606.861209,87,166.646051
-8105.183849,95,166.664528
-8385.751703,106,166.684572
-8791.75285,96,166.702636
-7774.751757,97,166.72099
-7363.618801,97,166.73914
-8474.528044,98,166.758733
-9570.349744,110,166.779554
-8797.930715,102,167.219284
-7741.434927,102,167.239317
-7856.58951,92,167.257399
-6900.348174,91,167.275412
-9600.532241,104,167.295693
-7661.53087,90,167.312963
-7995.964871,94,167.330639
-8402.89431,97,167.349073
-8731.978507,99,167.367923
-9810.759301,102,167.388153
-10313.762943,114,167.409957
-6870.922084,82,167.425548
-9030.806731,98,167.444518
-7874.599278,94,167.462687
-8703.791545,93,167.480773
-6831.954038,83,167.498284
-8843.845847,98,167.517417
-9565.594308,101,167.53708
-9519.510687,104,167.556604
-7968.041417,88,167.573493
-7949.051569,95,167.592263
-9530.75775,105,167.61237
-6706.70528,85,167.628322
-7545.939449,90,167.645534
-9061.454645,105,167.665355
-9090.755803,106,167.685698
-8105.917127,92,167.704458
-7738.176451,93,167.722489
-8303.72775,95,167.740704
-8846.85488,102,167.760217
-6721.764327,90,167.777277
-8605.480956,96,167.795393
-8156.781586,103,167.817222
-8000.781507,94,167.835228
-7453.125706,99,167.853941
-7664.227466,94,167.871669
-7325.589598,96,167.889747
-8066.473875,94,167.908468
-7727.028535,97,167.927004
-9319.379628,105,167.947183
-7623.137316,93,167.965146
-9813.872662,101,167.984632
-6995.467246,91,168.002105
-9437.443217,99,168.444649
-8800.523763,99,168.464275
-7542.96244,89,168.481541
-6971.258766,86,168.498027
-7005.696265,95,168.516413
-7021.508937,93,168.534164
-7118.220119,86,168.551279
-6807.722809,69,168.564766
-8036.953449,99,168.583855
-9331.453498,110,168.605548
-11249.006296,117,168.628257
-8200.013306,98,168.647387
-8194.542549,99,168.667822
-9067.950028,111,168.689542
-6656.7709,86,168.706239
-7292.174501,92,168.724246
-7749.445536,98,168.743349
-7649.995316,95,168.762419
-7613.95284,92,168.780102
-8944.719343,102,168.800759
-7747.695859,96,168.819498
-9978.389797,110,168.840727
-7767.528965,98,168.85935
-7552.173834,92,168.877967
-8633.261107,101,168.897475
-6724.029739,89,168.914468
-5459.810916,70,168.927748
-7436.236685,92,168.945217
-7645.840408,94,168.963064
-8613.401078,105,168.98439
-6483.757407,85,169.000608
-7442.244277,89,169.017345
-7287.818655,93,169.035082
-10690.924475,117,169.057542
-7255.653978,101,169.077929
-9512.641342,113,169.100308
-6985.683236,90,169.117578
-6825.922787,82,169.133329
-7959.81982,101,169.152203
-7635.739766,97,169.17047
-8157.006282,92,169.188966
-8619.717647,108,169.209681
-8126.465206,102,169.651623
-7352.319674,88,169.668871
-8551.650687,101,169.688175
-9831.397954,112,169.711122
-7625.242682,84,169.728167
-9433.632738,104,169.748693
-7248.79012,86,169.765704
-7208.71839,92,169.783396
-8563.128863,94,169.801844
-8747.167536,99,169.822471
-8609.167819,98,169.841836
-7590.896791,90,169.859457
-8970.729094,100,169.87886
-8754.402407,108,169.899682
-8074.350234,88,169.91673
-8773.838693,101,169.93757
-7557.355236,93,169.955668
-12407.190074,128,169.980646
-7740.631644,89,169.997873
-7408.428662,93,170.015554
-8898.419292,98,170.035677
-8031.26982,90,170.053053
-7729.538178,99,170.072249
-8513.781573,91,170.089956
-10205.210637,101,170.10936
-6606.695281,91,170.12646
-6048.257548,77,170.142311
-7201.987581,88,170.159399
-7211.014621,92,170.176952
-7782.15121,94,170.194788
-7002.593591,88,170.211278
-7946.762782,93,170.228687
-8724.292614,105,170.250609
-8742.469967,97,170.268963
-6927.380542,88,170.285814
-8686.5743,109,170.306888
-7685.489389,95,170.325076
-8799.44951,102,170.34542
-7402.806849,92,170.363544
-11030.715719,116,170.385806
-8385.945912,98,170.404678
-7702.614312,106,170.425002
-9703.954846,95,170.443133
-8984.492127,101,170.919707
-6336.654977,89,170.937268
-9876.082511,106,170.957837
-9484.681869,98,170.977686
-7534.339525,96,170.996685
-10191.935566,117,171.019068
-8231.729344,98,171.037767
-6891.760057,86,171.054167
-8005.351677,97,171.07309
-7917.283315,92,171.091867
-9284.710672,98,171.111306
-7788.494629,90,171.129007
-9132.994077,109,171.150162
-8471.581776,91,171.167723
-5617.304643,73,171.181703
-8269.721253,92,171.200499
-9243.096499,100,171.219495
-8160.5287,93,171.236854
-8390.773973,93,171.255026
-9790.309958,114,171.276977
-7877.601095,96,171.296015
-7790.524703,99,171.315382
-8786.814524,102,171.335011
-9118.040951,102,171.354856
-7952.169723,89,171.371998
-8088.542127,102,171.391418
-9664.504678,104,171.412519
-8381.915638,101,171.431865
-6613.202629,79,171.446899
-7411.303597,100,171.466005
-6316.857423,82,171.481686
-8963.637351,99,171.500408
-7108.121463,89,171.518281
-6718.425808,85,171.534733
-8330.88472,94,171.552646
-8368.264679,97,171.570839
-8365.58702,102,171.590143
-7123.271583,93,171.608626
-7195.595641,89,171.625859
-7951.777844,97,171.644522
-8382.314487,97,171.662979
-8370.385799,101,171.682342
-7006.452485,84,171.700139
-7440.959611,97,172.213887
-8395.328196,96,172.233705
-6845.991872,80,172.256692
-6915.818261,92,172.274959
-12577.624472,123,172.299363
-7684.407548,96,172.323807
-6694.717559,77,172.338923
-8098.52279,91,172.357884
-7221.941467,90,172.375681
-9362.114746,102,172.40254
-8123.916774,97,172.42131
-7841.877805,98,172.440494
-6938.245297,87,172.45848
-8634.507634,102,172.483184
-7804.355778,96,172.501978
-9209.542745,105,172.522403
-9482.593164,113,172.544088
-9480.505543,108,172.566262
-7160.696374,84,172.583062
-7175.184278,97,172.610575
-9881.277282,111,172.633969
-7938.124678,98,172.652708
-8834.650434,113,172.683296
-8026.195055,97,172.703109
-12663.124901,134,172.731131
-7444.041479,88,172.74909
-8726.974634,109,172.771917
-8164.056891,93,172.791011
-9766.231074,112,172.815421
-7698.946041,102,172.835066
-9503.768215,97,172.853644
-7949.445681,95,172.872801
-7831.291782,87,172.889924
-7644.043476,96,172.908068
-9657.909402,109,172.928563
-6789.316936,92,172.945942
-10310.763267,106,172.966214
-8777.242001,104,172.987143
-8225.812482,100,173.006281
-9555.597571,115,173.027893
-8118.754975,97,173.046475
-7973.076684,108,173.497717
-7730.485838,93,173.517082
-7284.202017,98,173.536215
-6758.762388,86,173.552565
-9286.356338,109,173.573065
-8088.654594,97,173.591206
-9730.216045,117,173.613766
-7204.64028,89,173.631218
-7694.611206,93,173.649076
-9244.530319,95,173.667199
-7926.524471,95,173.68551
-8041.386482,90,173.702882
-9088.953483,109,173.725146
-8069.606649,100,173.744944
-6884.841968,89,173.761983
-8250.83643,91,173.779466
-7181.006362,97,173.798445
-7004.130837,94,173.816271
-7509.040681,98,173.836092
-8351.383434,92,173.853781
-8179.457386,87,173.870349
-9899.419697,103,173.889914
-7591.482018,95,173.907902
-7163.760959,93,173.925593
-8687.186367,101,173.945512
-6664.105376,87,173.962249
-7340.716372,95,173.980074
-8860.705937,99,173.999677
-11512.733877,113,174.021057
-9017.469687,110,174.04317
-9174.783076,102,174.069327
-7930.3631,90,174.087413
-9357.569624,104,174.109363
-7051.008885,85,174.126229
-7584.168413,97,174.145937
-8505.824007,100,174.16612
-7637.125418,96,174.184858
-8255.596875,103,174.215756
-8584.185819,104,174.23628
-8745.864327,110,174.262789
-7417.25046,89,174.28023
-10633.032778,120,174.303085
-7682.777972,97,174.743783
-9693.285171,119,174.7691
-9514.777641,106,174.790783
-8968.25884,109,174.812487
-7676.614446,101,174.832064
-6765.869521,85,174.848351
-7617.280474,90,174.865486
-7292.53902,89,174.883406
-8306.61154,106,174.903772
-8680.395431,104,174.923363
-8328.51867,93,174.941006
-8508.209752,102,174.96061
-6992.59453,87,174.97735
-9140.882746,108,174.999012
-9031.716956,109,175.01989
-7830.950363,98,175.038716
-6289.616085,84,175.055796
-8989.769832,103,175.076355
-7740.079974,99,175.099416
-10119.929128,110,175.121704
-7848.715583,102,175.141812
-8300.149287,102,175.162169
-7706.732943,97,175.180808
-6924.018418,86,175.198015
-7374.785259,96,175.216974
-8952.076629,100,175.235948
-10618.162208,122,175.259865
-7084.806481,92,175.277496
-8291.126403,98,175.296955
-8104.241184,96,175.315426
-9101.612856,102,175.335023
-7162.358135,96,175.353843
-8562.038167,95,175.372384
-7934.968204,105,175.392634
-7515.25274,88,175.410419
-10592.199249,116,175.432839
-8758.975915,106,175.453375
-7698.816722,90,175.470399
-9023.625874,106,175.490651
-7209.877891,89,175.508446
-8717.617523,98,175.527567
-9230.009085,102,175.962742
-7243.904758,98,175.981658
-9254.654896,113,176.003517
-7860.969228,93,176.021756
-7826.401476,91,176.040551
-8148.707914,100,176.060304
-8880.694068,97,176.079363
-7192.976422,95,176.097588
-6828.083138,91,176.114951
-7465.441127,98,176.133194
-8884.028936,110,176.155171
-7547.847907,92,176.173161
-8521.401438,101,176.192365
-8134.356181,104,176.211899
-9041.447224,105,176.23164
-7414.140966,96,176.251658
-8931.48309,101,176.272425
-8932.873706,104,176.292645
-6803.961843,90,176.309814
-9399.749258,111,176.331173
-8705.343225,106,176.351279
-9560.127494,105,176.372747
-9981.537961,103,176.392496
-8499.905224,108,176.413091
-7339.413443,94,176.431036
-6286.987434,87,176.448027
-8004.242992,92,176.466995
-7135.47369,92,176.484859
-7800.210912,92,176.502655
-7461.766315,96,176.520857
-9476.677049,105,176.540719
-7749.954942,104,176.560359
-8524.474328,103,176.581397
-7449.434051,88,176.598425
-6858.342827,85,176.614786
-7841.41903,89,176.631814
-8218.217131,96,176.650193
-9083.271107,106,176.671197
-6498.088177,84,176.687343
-7241.877623,101,176.70647
-6712.470119,91,176.723652
-8695.354456,96,177.168218
-8855.377273,95,177.186716
-7239.175702,87,177.204682
-9045.730026,105,177.225021
-8400.244503,99,177.244089
-7467.99874,98,177.263044
-7571.738626,92,177.280473
-7254.153195,97,177.299038
-8854.888034,101,177.319432
-8242.659224,94,177.337399
-8185.49681,99,177.356276
-6731.782577,85,177.372877
-8866.288802,100,177.392063
-8416.264688,96,177.41111
-8691.011561,96,177.429824
-8336.103148,101,177.448906
-7560.382554,93,177.466597
-6761.78007,88,177.483479
-9751.169743,108,177.504065
-8126.400177,97,177.52337
-8129.557127,103,177.543041
-6553.848906,94,177.561286
-8605.228556,99,177.580608
-8868.197733,108,177.601544
-9157.015392,104,177.622439
-8511.217502,92,177.640393
-8385.91841,107,177.660683
-9039.954975,106,177.680833
-9418.042768,103,177.700346
-7102.515118,88,177.716817
-6813.048775,93,177.735525
-6730.391543,92,177.753137
-9940.650237,117,177.775331
-7625.068509,100,177.794283
-9018.30496,108,177.815114
-7856.291889,95,177.833775
-9035.299698,95,177.852571
-7098.731866,98,177.871428
-5660.554765,81,177.886902
-8657.659195,105,177.906936
-8440.102843,94,177.924638
-8311.661592,96,177.943753
-7925.774995,91,178.386685
-7981.784301,100,178.406288
-7421.136825,88,178.42319
-9665.2314,106,178.443446
-7855.645973,102,178.463786
-9816.960122,104,178.48399
-9647.865634,106,178.504171
-7857.671764,89,178.521128
-8017.607414,99,178.539969
-8240.48547,102,178.559442
-8577.250495,101,178.580041
-9168.124486,101,178.599153
-11110.359887,101,178.618151
-8231.828303,97,178.636376
-8013.841215,105,178.656188
-8469.753627,103,178.676939
-6624.073152,86,178.693836
-6402.620405,88,178.710891
-7516.934772,98,178.730096
-6983.686921,96,178.74911
-8923.136755,101,178.768528
-8672.988151,107,178.789718
-8412.273744,105,178.810224
-6118.786572,82,178.826425
-6506.848499,92,178.84435
-7997.010688,96,178.862585
-6533.687193,97,178.880959
-7769.001517,97,178.90074
-9199.146384,111,178.921928
-7733.96699,101,178.941106
-6541.367338,84,178.95703
-6615.998053,91,178.974309
-7222.637189,96,178.993278
-8268.690979,92,179.01106
-7688.975756,103,179.03055
-8336.879219,90,179.047459
-8953.289033,98,179.066365
-10001.981139,111,179.087662
-7366.784597,102,179.108194
-6177.627582,85,179.124526
-8028.413568,97,179.142658
-7902.654051,101,179.161566
-9035.755492,100,179.602285
-7451.263825,93,179.620291
-9004.250298,105,179.64174
-8826.689541,98,179.660571
-9369.752872,96,179.678824
-7333.687122,96,179.697255
-7656.549315,98,179.716231
-7852.839046,100,179.736289
-7847.64653,93,179.754509
-7106.332053,87,179.771332
-8361.595346,109,179.792209
-7798.912163,102,179.812209
-7139.729946,89,179.82979
-9186.72822,105,179.85139
-8986.446815,103,179.871219
-8876.370057,100,179.890256
-9841.983936,117,179.915208
-7803.832576,94,179.937914
-6913.592388,99,179.959682
-7595.392266,100,179.980129
-7390.843318,90,180.000493
-7295.663612,93,180.018581
-7399.096572,90,180.036458
-7313.882628,100,180.057713
-9096.087256,103,180.07809
-7759.090508,94,180.09615
-8891.020194,99,180.11496
-9216.422581,99,180.133592
-6477.803418,86,180.149776
-7481.589165,95,180.169411
-9136.309957,102,180.189677
-8386.189293,108,180.210403
-8502.0522,105,180.230526
-7634.56452,100,180.250083
-7758.824336,92,180.268759
-7315.977895,96,180.287287
-8175.479654,101,180.306291
-8428.985039,101,180.325336
-9284.998607,109,180.345879
-7969.522149,97,180.365084
-7514.114461,98,180.384246
-7399.176593,104,180.403637
-9643.93791,113,180.848684
-8718.299,102,180.867791
-8018.192416,99,180.886189
-7629.736064,90,180.904794
-6704.243063,91,180.922656
-7730.327306,89,180.940219
-7899.24219,96,180.959062
-7989.72243,98,180.97793
-8877.077577,102,180.998297
-9074.39306,101,181.018124
-8766.969499,108,181.038822
-10105.332726,110,181.060047
-8102.488018,99,181.079167
-8524.461074,95,181.097482
-7406.549363,93,181.116508
-10131.652434,116,181.138316
-7448.268795,97,181.156635
-7972.548653,94,181.17431
-9563.557144,104,181.19402
-7922.228438,91,181.212198
-9303.408461,103,181.232112
-7442.282624,98,181.25126
-7471.768682,93,181.26929
-8278.445754,107,181.28973
-7600.243622,93,181.307408
-8283.855178,103,181.328083
-7711.797513,98,181.346977
-6831.880908,89,181.36403
-8188.351047,98,181.382774
-7864.826026,95,181.400864
-7702.547051,102,181.421111
-8412.920589,97,181.440075
-8939.159502,103,181.45989
-8473.690137,103,181.479848
-8466.656316,95,181.497833
-9772.337126,105,181.517693
-8517.674739,95,181.536763
-7381.067105,89,181.553851
-7800.8095,90,181.571619
-8042.48317,105,181.591698
-7638.337164,89,181.608482
-7123.479781,95,182.052507
-7042.205344,98,182.075465
-7521.557231,93,182.093987
-6830.961714,83,182.110409
-11108.755784,119,182.132962
-9564.022639,110,182.153978
-8584.309393,94,182.1728
-8090.168012,90,182.190137
-8650.364453,103,182.209438
-10477.936177,110,182.230378
-7661.019431,96,182.248791
-8344.7613,101,182.26789
-9424.805917,97,182.287733
-7417.761955,83,182.303422
-8934.455702,111,182.324193
-9003.4025,98,182.342551
-9060.470196,109,182.363094
-8504.726347,102,182.383131
-9774.954874,111,182.404604
-11107.577537,112,182.425686
-8806.872988,99,182.44459
-8154.507828,102,182.464193
-7306.745455,96,182.483119
-8444.937142,105,182.523562
-8495.615705,105,182.543741
-8133.13921,83,182.559543
-9351.306234,97,182.577773
-8947.853172,103,182.598372
-7975.641012,96,182.616544
-6678.652484,90,182.633406
-9248.875542,108,182.653557
-8756.591898,99,182.672217
-8511.036544,101,182.692271
-7871.340779,102,182.711782
-8504.773038,95,182.729773
-7975.885598,98,182.748232
-8987.099786,97,182.766699
-9239.370679,110,182.787489
-8363.939754,104,182.809142
-7603.129092,102,182.828772
-6984.861042,91,182.846255
-7314.834259,89,183.296334
-8407.717893,101,183.315984
-7199.438991,94,183.335472
-7517.606265,93,183.353556
-7152.354643,96,183.371695
-9054.57217,99,183.390781
-8706.924665,102,183.410113
-8261.402487,98,183.429326
-10207.128843,111,183.450921
-7776.302515,98,183.469841
-6118.575739,86,183.486381
-8001.08631,103,183.506148
-8308.425977,103,183.525828
-8504.682261,100,183.546141
-6369.895201,82,183.561978
-9669.115785,105,183.582118
-8537.837071,100,183.601313
-8717.451445,107,183.621882
-7828.722867,93,183.639749
-7721.328588,91,183.657854
-7552.252636,101,183.677253
-9638.812587,104,183.70107
-7999.137267,106,183.721473
-8560.422211,101,183.740736
-8002.471977,100,183.761413
-9235.001891,102,183.781261
-8451.877926,100,183.800596
-9398.126505,107,183.820863
-8153.967305,98,183.839284
-8898.116409,107,183.8609
-8288.70783,95,183.878955
-8193.954854,90,183.89588
-9983.153928,101,183.914971
-9962.919873,108,183.935529
-8306.213588,100,183.954755
-7012.714085,96,183.974326
-7930.337932,100,183.993394
-8028.264793,100,184.012222
-9840.745898,100,184.031058
-8617.735608,106,184.050995
-8123.916659,106,184.072678
-8992.360162,95,184.092058
-7459.858339,104,184.547536
-7768.197702,99,184.56669
-8048.270583,103,184.586565
-8939.891054,107,184.608778
-8133.875705,103,184.629322
-9358.169642,106,184.650228
-5611.101319,84,184.666681
-8316.099046,98,184.685026
-7613.359791,98,184.704679
-8622.009076,96,184.723176
-7017.365666,96,184.741933
-8050.949168,104,184.761588
-6399.208161,84,184.777344
-8000.897366,95,184.795153
-7303.095834,95,184.814931
-7508.519251,100,184.833766
-7835.429203,95,184.851868
-8826.988133,105,184.871925
-8739.534379,98,184.890341
-8450.226394,102,184.910288
-9496.149029,102,184.930353
-8076.783618,105,184.950565
-8929.665115,111,184.971966
-9713.682344,108,184.992367
-6582.128403,92,185.009558
-9012.854134,104,185.030509
-6220.470702,85,185.04699
-9074.199876,104,185.067291
-9025.074913,110,185.088678
-9373.07709,111,185.110011
-7839.538726,106,185.131264
-8222.364398,93,185.148952
-8281.869433,101,185.168473
-7868.202911,97,185.187052
-8376.352865,106,185.207168
-8723.892937,99,185.226755
-8565.007515,108,185.248083
-7492.88328,93,185.266124
-7739.936245,92,185.283817
-8936.09131,104,185.303751
-9202.108487,104,185.758731
-11411.081912,116,185.781625
-7996.912951,97,185.800562
-7549.613985,96,185.81926
-8263.852662,99,185.838147
-7583.715781,97,185.856652
-8263.977423,105,185.877889
-7082.703676,96,185.896564
-7725.679882,94,185.914644
-9428.467995,107,185.935193
-6660.479728,88,185.951671
-8630.983281,104,185.971928
-9636.796016,105,185.992206
-6902.578446,92,186.009978
-8449.881198,100,186.029148
-8253.004455,96,186.047313
-8219.584687,98,186.066065
-8086.729283,98,186.086092
-6605.70532,98,186.105341
-7683.427482,100,186.124769
-9731.251929,111,186.146161
-8964.933896,107,186.166398
-9090.624504,113,186.188959
-8622.569424,102,186.208872
-7178.535811,106,186.229194
-6301.516648,94,186.247509
-8716.204798,100,186.266647
-8605.169436,101,186.286828
-7684.582707,99,186.30639
-8990.122927,103,186.326078
-7652.890554,91,186.343394
-8556.895103,103,186.363098
-7640.546903,97,186.381638
-7885.637428,96,186.401055
-9792.778375,104,186.421086
-9829.613673,113,186.442682
-7574.195794,98,186.461287
-8782.640931,102,186.480547
-6202.174581,82,186.496955
-7715.54607,100,186.516482
-6894.928213,93,186.53466
-8601.501388,96,186.976161
-7868.888969,105,186.996019
-6894.213267,92,187.013128
-7959.263114,97,187.032693
-6529.28669,94,187.051098
-6451.131472,93,187.069514
-8674.094681,104,187.089806
-8853.375205,109,187.110319
-7603.611073,102,187.131004
-6778.848587,91,187.148595
-7376.881138,92,187.1663
-7307.252458,97,187.184368
-7257.485829,91,187.201349
-7170.000012,89,187.218164
-8219.17155,101,187.238183
-7823.267879,100,187.258091
-8710.159245,100,187.277597
-7217.843193,97,187.296495
-6325.008821,88,187.313388
-7830.407271,100,187.332555
-9594.338828,111,187.354954
-8169.565809,97,187.373692
-7942.340436,93,187.391388
-7154.436211,88,187.408238
-7573.464838,98,187.427043
-8777.44537,102,187.447456
-7175.996138,84,187.463743
-9213.556067,103,187.483551
-10730.377069,109,187.504129
-8798.281964,100,187.523261
-8032.949333,95,187.541315
-6849.59803,91,187.559395
-7876.25462,99,187.578587
-9296.3957,101,187.598034
-8191.614606,99,187.617012
-8773.786681,103,187.636802
-7950.073674,97,187.655759
-6523.550325,90,187.674661
-7083.625278,87,187.69182
-7705.176234,99,187.710901
-8949.27141,108,187.731915
-8827.739867,109,187.752955
-7599.264963,89,188.195576
-7533.753811,90,188.213192
-8450.425119,97,188.231235
-8709.425259,104,188.251345
-8940.37541,101,188.27025
-7389.761584,101,188.289503
-7582.258661,98,188.309318
-8935.433126,99,188.328524
-8954.521442,103,188.34783
-9116.947139,95,188.365528
-8760.33016,107,188.38565
-7729.524663,94,188.404798
-8417.506555,104,188.424919
-12213.683565,115,188.446759
-7782.865412,100,188.465884
-7758.77379,101,188.484669
-8725.826268,108,188.505482
-9867.024675,108,188.526492
-8613.735261,105,188.546165
-8213.194498,94,188.563646
-7684.81453,92,188.580807
-8366.309348,89,188.597968
-6720.175141,86,188.615474
-9414.510879,108,188.635651
-7044.724512,87,188.651858
-8645.32008,103,188.671346
-10202.560784,115,188.69296
-8006.024742,106,188.714051
-11218.840152,120,188.739526
-9451.828169,99,188.758955
-9434.470738,112,188.780957
-9209.653918,105,188.801468
-7320.185829,94,188.820879
-7742.792516,98,188.840115
-8148.443888,95,188.858263
-10379.405441,115,188.880185
-8226.123582,105,188.900115
-8395.124878,105,188.919807
-6801.685749,95,188.939382
-9252.579177,107,188.959989
-7852.679196,106,188.983512
-8501.526166,107,189.428056
-7260.170678,93,189.446233
-9458.928599,116,189.469892
-9228.967073,104,189.489895
-7010.182554,90,189.507026
-8077.201622,107,189.527814
-9483.337159,108,189.548493
-7927.595343,100,189.568625
-6985.109169,86,189.5853
-6993.129425,90,189.602473
-7756.950469,101,189.621597
-7520.054349,100,189.640874
-8163.702732,97,189.659446
-6907.539293,85,189.676785
-8340.303726,98,189.695732
-10073.382827,113,189.717092
-6694.826612,84,189.733221
-8413.737253,104,189.753122
-8311.993359,97,189.772444
-6875.386784,84,189.788877
-8026.926283,102,189.809109
-8781.319017,103,189.829072
-9047.561806,102,189.848379
-8692.446121,104,189.868029
-6433.862949,88,189.886104
-7822.437928,102,189.906247
-8073.864028,97,189.925007
-7268.071675,97,189.944012
-8327.090559,98,189.96362
-8305.529386,100,189.983931
-8659.861586,104,190.004269
-8908.650984,105,190.024536
-8056.588861,96,190.042941
-8355.191167,95,190.061302
-8197.025066,102,190.081395
-7230.66181,95,190.100925
-8187.078239,97,190.119389
-8408.966365,98,190.138239
-6803.214951,96,190.156267
-7961.053508,96,190.174354
-6960.410679,90,190.192598
-8311.891343,105,190.63854
-6110.265214,83,190.654939
-7891.068578,103,190.674512
-9739.190402,104,190.694031
-9533.59717,106,190.714482
-9231.104146,107,190.736246
-8128.364144,103,190.756276
-8374.813824,106,190.776734
-7711.244867,92,190.794523
-8481.215476,99,190.813935
-7128.034731,98,190.834028
-7272.523777,99,190.853358
-8368.838141,105,190.873476
-11199.351846,122,190.896575
-7646.460643,97,190.915315
-7819.689701,92,190.933594
-8097.231213,103,190.953513
-7117.100827,92,190.970835
-8353.435005,100,190.989688
-8572.062932,104,191.009231
-7333.348631,93,191.026881
-8753.736981,100,191.047694
-7205.993863,101,191.067799
-7917.089947,96,191.0869
-7888.035983,92,191.104864
-8774.785401,102,191.124677
-7170.366137,92,191.143224
-7855.628363,96,191.162483
-7305.947327,102,191.182352
-7962.539417,98,191.201287
-7689.726058,100,191.220148
-9046.699918,99,191.238516
-9826.888977,115,191.262177
-8189.976124,98,191.281088
-7404.725963,95,191.299278
-9811.1258,115,191.321223
-7663.994172,97,191.339577
-7823.840796,95,191.358604
-7827.739192,93,191.376592
-8827.11844,114,191.398459
-8322.222972,103,191.418197
-6267.18042,90,191.860188
-7699.377101,88,191.877462
-8034.085617,104,191.89855
-8277.813648,103,191.918303
-7235.417248,95,191.936636
-9295.047362,115,191.95842
-7603.866662,88,191.97506
-8338.404681,96,191.99453
-7821.552538,95,192.012816
-7329.535044,96,192.031011
-6975.075625,97,192.04965
-8700.183586,98,192.068528
-7000.652409,94,192.087857
-7520.289532,96,192.106672
-7496.039414,102,192.126259
-6973.066596,95,192.14483
-7581.109962,105,192.165442
-6667.370117,92,192.183645
-6837.510599,89,192.201925
-8871.220796,102,192.221623
-8771.135404,94,192.239234
-6697.031608,84,192.256122
-7768.973466,100,192.27532
-6919.047137,94,192.293227
-8840.095663,100,192.313482
-8506.121179,110,192.334468
-7663.452776,88,192.350911
-7672.650321,91,192.367847
-7845.709014,104,192.387525
-8356.654932,98,192.407061
-9097.927188,111,192.42856
-8412.137086,108,192.449016
-10018.226009,111,192.470202
-8300.400551,91,192.48749
-8423.816113,106,192.508557
-7686.817975,98,192.527647
-7223.496166,96,192.545951
-7599.895214,94,192.563696
-7583.410891,97,192.581793
-7816.141702,98,192.600142
-6969.364097,100,192.61991
-7555.302178,94,192.638078
-8273.452824,105,193.084705
-8570.163198,106,193.104969
-7217.347824,95,193.123234
-6866.119757,93,193.141965
-9152.886659,100,193.161949
-8256.696825,109,193.183017
-9249.289798,107,193.203693
-9274.827422,106,193.22378
-10045.042151,117,193.247842
-7772.249697,107,193.269151
-7343.323122,100,193.288686
-10198.004794,114,193.310925
-7377.752899,98,193.329804
-8329.764074,102,193.349285
-9070.67884,100,193.369704
-7559.47606,98,193.388524
-7932.868787,100,193.407561
-8138.222615,89,193.424491
-7720.150087,100,193.443615
-7264.656179,101,193.463828
-7291.798589,100,193.482818
-7695.965048,97,193.501174
-7143.698294,92,193.518625
-7722.304478,106,193.53835
-8074.002771,103,193.557921
-7994.260521,96,193.577178
-9687.882341,107,193.597578
-9198.419819,111,193.618529
-7266.140048,87,193.634951
-7275.975012,98,193.653447
-6969.682757,90,193.671174
-8765.741614,96,193.689884
-7784.451941,103,193.70971
-6500.976706,92,193.727672
-8228.290775,111,193.74939
-8106.288879,93,193.767511
-8304.376891,103,193.788325
-9403.189106,110,193.809676
-10407.653009,108,193.830551
-10682.205162,113,193.851844
-8345.078141,98,194.29945
-7555.281467,106,194.321259
-6462.704955,94,194.339298
-9789.121897,109,194.360331
-6859.30444,90,194.377957
-7375.71542,88,194.395411
-11355.864743,116,194.419181
-9413.243949,104,194.439438
-7471.114121,102,194.45887
-8320.764453,97,194.477446
-7389.147275,97,194.495718
-8587.564296,100,194.515593
-8554.206397,103,194.535534
-8192.87207,101,194.554442
-8272.856134,94,194.572062
-6736.066337,95,194.590085
-10018.520457,105,194.610076
-8784.287856,108,194.632026
-7269.500783,94,194.649976
-7923.000201,87,194.666622
-8596.065731,104,194.686432
-8187.399976,90,194.703619
-11282.066734,126,194.728468
-8416.438163,102,194.748213
-5896.36771,78,194.76322
-8063.232342,98,194.78177
-9521.200807,108,194.802813
-8317.28848,98,194.821488
-8495.163995,100,194.84159
-9213.687073,110,194.862677
-9041.615435,105,194.882401
-9661.763498,116,194.903957
-8039.722526,92,194.921208
-7837.004497,102,194.941586
-6235.840935,86,194.957969
-9083.894683,107,194.977956
-7941.064095,90,194.99501
-9369.042135,108,195.015166
-7291.061036,98,195.033523
-7829.657144,103,195.054189
-8190.919774,103,195.074237
-9611.362387,101,195.537763
-8540.725416,103,195.558117
-7965.759419,103,195.579511
-8827.138865,101,195.598643
-9312.037773,112,195.620066
-7229.656488,96,195.638323
-7146.630352,92,195.655891
-8186.21841,100,195.675932
-6365.447787,91,195.693553
-8092.701117,100,195.712269
-8442.627444,106,195.732294
-7135.483484,94,195.750404
-9270.665962,100,195.769414
-7553.617769,94,195.788298
-7611.784037,98,195.807556
-11439.229417,121,195.830962
-9411.261827,109,195.851693
-6862.004311,95,195.869676
-7859.379797,102,195.890036
-7502.916531,88,195.907342
-8984.155653,103,195.927102
-7084.84046,94,195.945203
-6801.470287,98,195.964052
-8333.134093,104,195.983933
-7932.575232,104,196.004728
-7827.680609,97,196.023517
-10052.052095,107,196.043733
-7355.147023,94,196.06149
-7561.681705,94,196.079879
-7520.743616,99,196.099824
-7501.528201,97,196.118892
-8921.999506,108,196.13925
-8790.454779,107,196.15947
-9354.742966,104,196.179732
-7514.444168,96,196.19788
-8549.443728,105,196.219449
-9180.144835,112,196.24061
-7552.162792,90,196.258043
-8250.825199,97,196.276706
-7295.044763,93,196.294554
-7922.66376,99,196.314384
-8989.016786,102,196.763606
-9163.741173,102,196.783451
-7519.404079,104,196.80387
-7495.756321,97,196.822495
-8463.63277,97,196.842106
-9283.754619,106,196.862518
-6590.115981,86,196.878731
-9245.582971,106,196.898603
-7373.287403,98,196.916992
-10077.325221,114,196.938538
-7823.657078,99,196.958535
-10269.195962,101,196.977581
-9452.135716,105,196.997559
-7425.064401,99,197.016386
-11477.963466,125,197.039749
-7722.327638,94,197.058774
-7704.530018,102,197.0789
-7487.165654,99,197.098313
-7282.494645,98,197.117162
-9453.539563,99,197.136036
-8464.450305,95,197.155199
-8510.61739,104,197.175667
-8983.728637,103,197.19509
-8772.109639,107,197.215383
-7699.919457,102,197.234803
-7978.814307,96,197.254598
-8094.625974,97,197.273723
-6774.824426,90,197.291106
-7014.169737,93,197.30868
-6888.345524,94,197.326454
-8981.481416,95,197.344632
-7869.105751,92,197.362778
-8204.274151,95,197.381278
-5473.350374,75,197.395547
-9555.440662,108,197.415947
-7195.87292,88,197.432831
-9330.641589,111,197.453921
-8615.119538,104,197.474736
-7901.110272,96,197.492929
-7242.917192,94,197.510567
-8059.902126,102,197.530143
-8800.340965,107,198.004399
-7663.300009,98,198.029645
-7710.37563,98,198.048406
-8232.290392,105,198.068747
-7081.31352,93,198.08685
-9315.773574,104,198.108207
-9731.328872,114,198.13075
-7676.600951,93,198.14842
-8714.700345,98,198.166959
-7892.411637,100,198.187455
-9087.825923,101,198.20986
-10141.098907,115,198.232458
-8730.659245,103,198.252774
-8159.46406,108,198.273557
-8396.314563,104,198.293485
-7453.863865,98,198.313289
-7242.069288,99,198.332668
-7630.208796,101,198.351889
-10900.449655,114,198.373567
-7449.026031,93,198.39119
-6840.751262,94,198.409354
-8354.634128,98,198.449332
-6653.974791,87,198.468378
-8024.506851,94,198.486392
-8010.386818,101,198.505977
-7743.175858,93,198.524688
-8714.094814,102,198.544641
-8109.386324,99,198.563759
-8546.73863,106,198.584105
-7967.804242,103,198.603842
-9389.009885,105,198.624784
-8496.483546,100,198.643934
-8427.632106,108,198.664163
-8864.908366,106,198.684036
-8912.930429,110,198.704744
-8532.705893,108,198.726576
-6769.795389,86,198.744009
-8620.230774,89,198.761458
-9310.621941,109,198.782485
-8471.000593,100,198.802121
-7638.872635,90,198.819356
-8805.893083,106,199.275326
-8134.322635,104,199.295305
-6649.372689,94,199.313218
-8077.481462,100,199.33265
-9436.822399,105,199.352916
-8964.254441,100,199.373297
-8355.090114,105,199.393357
-11367.027499,116,199.415608
-7403.216901,102,199.434955
-7598.942628,92,199.452394
-9153.135067,110,199.474426
-8141.449782,105,199.49461
-8213.01187,101,199.51367
-9250.196132,106,199.533996
-9081.138168,95,199.552219
-6210.091631,86,199.569399
-8889.678326,108,199.590301
-7076.551392,90,199.607397
-9915.738877,105,199.627322
-8276.104645,108,199.647709
-9475.612667,111,199.668585
-6432.993283,97,199.687825
-7618.752887,96,199.706292
-6209.800831,86,199.722748
-6991.933957,93,199.740578
-7689.389502,94,199.758634
-9407.104992,106,199.779726
-8855.311014,98,199.799254
-9514.179345,113,199.820879
-10140.979899,117,199.843205
-9239.015391,115,199.865145
-7792.057352,102,199.885542
-8055.85989,104,199.90563
-7790.276764,97,199.924156
-8982.275781,109,199.945012
-7718.078521,107,199.965501
-8846.826723,106,199.985957
-9805.361618,115,200.009534
-8828.512196,95,200.02817
-7239.122097,98,200.047285
-7567.46497,97,200.495213
-8747.102606,111,200.517208
-7192.499768,92,200.535772
-9596.707712,106,200.556112
-8506.55529,103,200.575801
-8280.940072,110,200.597166
-7758.058748,102,200.616646
-8298.993518,108,200.638448
-7288.426231,95,200.656417
-8346.39752,101,200.675427
-8064.51813,105,200.695259
-8684.613832,99,200.713914
-7599.426833,96,200.733198
-8630.140857,104,200.753327
-7430.402025,100,200.772499
-8690.493014,105,200.792631
-9569.610346,100,200.812393
-6932.711126,95,200.831377
-8361.770699,95,200.849963
-8080.597131,95,200.868354
-8764.411437,107,200.88895
-7931.383568,100,200.908132
-11086.891955,116,200.9305
-7858.969268,98,200.950476
-7060.459199,101,200.969989
-6211.833723,80,200.985471
-8633.699845,100,201.004636
-7599.86818,105,201.024598
-9109.430973,103,201.044821
-8273.650099,106,201.065537
-9179.631316,115,201.088247
-7984.035651,107,201.109294
-8234.421583,104,201.129752
-7782.249397,100,201.150081
-8289.342426,109,201.171945
-8240.201525,99,201.191268
-8323.381089,100,201.210428
-8201.477264,102,201.229811
-9198.53781,111,201.25222
-8043.394071,100,201.271645
-10079.363398,110,201.711339
-10102.361962,115,201.733455
-8474.816483,105,201.753408
-9156.915659,97,201.771775
-8007.644496,103,201.793046
-8738.476077,92,201.811854
-8725.659562,103,201.831376
-10241.789784,109,201.852088
-9517.678098,105,201.87184
-7953.815235,98,201.891646
-8756.773008,104,201.911607
-7472.719759,104,201.931699
-7684.268734,88,201.948696
-7557.687893,107,201.969267
-7344.723796,96,201.988515
-8070.435606,93,202.00697
-8710.680485,109,202.027541
-8165.137266,100,202.046433
-9847.78729,110,202.067356
-9202.330988,110,202.088871
-8112.989517,106,202.110443
-8125.981005,96,202.129005
-7657.351726,90,202.146149
-8056.824406,108,202.166907
-10240.160652,106,202.186805
-8974.251511,105,202.207641
-8632.302807,98,202.226934
-6695.395003,87,202.244461
-8097.65189,100,202.264767
-6843.615735,95,202.283133
-9018.619343,108,202.304697
-8227.827002,106,202.325238
-9546.987191,107,202.346147
-8238.017546,104,202.366247
-8966.275795,111,202.387515
-7524.980456,98,202.406469
-8026.224218,101,202.426997
-9321.589372,103,202.446722
-7862.760808,100,202.465846
-8123.745277,107,202.486631
-10124.873644,115,202.939291
-8414.261184,108,202.96055
-7842.256361,100,202.979767
-7563.033703,92,202.997217
-9616.883472,110,203.017892
-8008.082036,95,203.035923
-9879.23256,112,203.058442
-8865.876025,108,203.079889
-8975.730834,96,203.098309
-8165.330225,99,203.117395
-7555.129364,103,203.136876
-8504.11941,101,203.156986
-7798.780965,102,203.176299
-8385.916478,101,203.195418
-7764.755474,103,203.215131
-7738.442163,107,203.235397
-7633.384385,103,203.256043
-8985.301901,107,203.276729
-6974.254333,93,203.29469
-8141.918893,93,203.313152
-8471.816413,93,203.330995
-7862.654237,100,203.350228
-8381.507285,100,203.370611
-7964.408268,97,203.389332
-6320.271911,90,203.406542
-6431.876566,87,203.423395
-7881.837784,99,203.442279
-9194.782326,110,203.464208
-8009.83425,95,203.482707
-9083.049834,101,203.501853
-7122.696923,97,203.520294
-7885.310833,105,203.540372
-7989.975562,100,203.559421
-9076.640027,103,203.580059
-6762.458765,96,203.598477
-7720.772628,94,203.61647
-7161.779688,91,203.633831
-7445.805533,102,203.653199
-8018.553752,99,203.671971
-9338.631095,95,203.692509
-8654.432673,111,203.714285
-9660.076288,112,204.157883
-7102.045793,96,204.176344
-10583.315438,115,204.198399
-9154.080572,104,204.219667
-8690.081295,106,204.240258
-8251.634514,98,204.259951
-9224.915992,103,204.279533
-10126.132069,118,204.30174
-9816.752417,112,204.324371
-8311.713585,107,204.344525
-7418.483686,102,204.36349
-8440.227797,105,204.383601
-7585.55071,105,204.403113
-10061.112003,120,204.427521
-7239.047845,94,204.446103
-8543.879073,102,204.466227
-6571.387316,87,204.483248
-8852.057744,97,204.511951
-10261.84058,110,204.534884
-7457.715579,95,204.553333
-9306.944281,108,204.574228
-9721.858558,105,204.594455
-7639.186356,97,204.612688
-9601.534322,103,204.633549
-7009.376707,88,204.650581
-8044.376665,103,204.670166
-5994.825,84,204.686196
-11324.510963,114,204.707702
-7684.096452,100,204.726402
-8861.651206,104,204.747878
-9234.710232,111,204.769152
-7595.895148,100,204.788305
-10004.813249,109,204.8097
-8042.097032,97,204.827962
-7757.55897,97,204.847885
-8589.021034,104,204.867766
-10147.742082,107,204.88822
-6847.85208,94,204.906218
-7459.123904,95,204.924556
-8131.154307,105,204.945494
-9323.26786,112,205.39347
-7592.744294,100,205.412447
-7150.114872,94,205.43023
-9781.000915,115,205.451988
-9127.858266,108,205.473959
-9471.131537,111,205.495272
-6712.741615,86,205.511819
-9167.002576,104,205.53231
-9060.887619,95,205.550328
-7744.965258,99,205.569945
-8091.498414,101,205.589572
-9456.155224,115,205.611856
-11496.087208,121,205.635248
-8655.082504,104,205.655214
-8876.033903,103,205.675881
-7703.410229,101,205.695694
-8807.164695,102,205.715012
-7656.994092,100,205.733802
-8018.773931,102,205.752988
-9186.918036,111,205.774101
-7204.864013,94,205.793059
-9652.469085,107,205.815027
-7953.580724,105,205.835107
-8551.616422,107,205.855487
-7506.724984,89,205.872591
-7165.154282,102,205.892907
-7554.461277,94,205.911187
-9679.986031,107,205.931548
-7063.221399,90,205.948741
-7956.744957,97,205.966906
-8057.512889,100,205.985489
-8710.246657,105,206.006387
-10019.599982,109,206.027324
-8666.9203,105,206.047294
-7889.171945,101,206.066617
-8666.623413,107,206.087189
-6608.234556,88,206.105142
-10452.40977,113,206.126581
-6727.381461,90,206.143792
-8605.177993,99,206.162855
-7915.645308,102,206.60321
-6879.683942,95,206.621561
-8356.057291,97,206.641624
-8562.383288,101,206.66091
-7779.729166,98,206.679301
-7833.752132,99,206.697987
-7551.60161,87,206.714547
-7379.991516,95,206.733913
-10303.290262,111,206.756074
-8116.053051,104,206.776301
-7227.740757,96,206.794697
-8341.544232,103,206.815146
-9455.344168,111,206.837549
-7615.470886,99,206.857119
-9304.132022,107,206.877698
-7643.046699,92,206.895439
-7512.05173,101,206.914693
-8188.235365,97,206.933146
-10222.581068,111,206.955231
-7707.446605,106,206.975655
-7099.414264,94,206.993653
-9596.741292,113,207.015265
-9291.376037,112,207.036471
-10523.459963,123,207.075908
-8042.177915,94,207.098297
-7067.804148,99,207.11706
-10003.007439,118,207.139493
-8190.737125,103,207.16023
-7832.791623,98,207.178735
-8177.234725,96,207.196794
-7993.934121,91,207.214094
-10855.265571,117,207.236601
-8382.557743,104,207.256712
-9898.26722,110,207.281676
-7918.447275,98,207.311439
-8909.939454,108,207.33326
-6998.443352,88,207.350211
-7095.975336,90,207.368773
-8645.492809,104,207.388787
-7718.534064,101,207.408163
-9704.961382,110,207.866271
-6745.624879,96,207.884883
-7797.802395,109,207.912881
-6997.945944,92,207.940778
-8837.798509,108,207.962082
-7390.980625,93,207.980326
-7673.092507,97,207.999792
-7765.177024,106,208.020525
-8464.269014,95,208.038864
-8722.28111,101,208.058478
-7550.087953,98,208.077486
-7582.976146,95,208.096084
-6302.16834,84,208.113444
-11561.381422,120,208.136676
-9919.362911,109,208.157361
-6678.857452,92,208.175103
-7925.188073,89,208.192208
-8366.920536,102,208.212541
-8632.561014,103,208.232691
-7478.463091,94,208.251377
-7405.310682,101,208.271384
-6718.20779,91,208.289035
-7014.874208,94,208.306737
-7348.434205,92,208.325558
-7896.264434,98,208.344228
-6980.483277,98,208.362695
-6753.351291,95,208.380656
-7167.978957,97,208.399283
-6417.041096,91,208.416795
-8135.020921,104,208.437947
-7780.544217,96,208.456435
-8275.372886,105,208.476642
-8068.830755,106,208.497125
-8652.402204,101,208.516555
-11022.780675,113,208.539155
-8374.289683,99,208.558347
-6370.499789,88,208.575308
-7728.275763,94,208.59329
-8846.806328,103,208.612955
-8700.110444,99,208.632762
-8411.797477,104,208.652968
-8753.980194,107,209.122184
-9012.547059,107,209.143097
-8196.993308,105,209.164348
-7229.382239,106,209.184768
-6968.683712,97,209.203038
-7553.836407,95,209.22098
-7788.034212,98,209.23928
-8909.700115,107,209.260202
-7779.633389,92,209.279312
-6919.250059,96,209.298032
-9286.692372,103,209.317642
-7497.32286,94,209.335529
-8304.450911,96,209.353842
-8712.449863,102,209.37402
-7572.228152,93,209.392134
-8024.529523,100,209.411131
-8506.733405,101,209.430065
-9430.847506,104,209.449713
-7326.011445,97,209.467885
-8318.535714,101,209.488079
-8654.756291,103,209.507975
-8591.28249,106,209.527984
-7366.582126,94,209.545751
-7783.919783,93,209.563574
-8432.583337,103,209.583782
-9164.026297,106,209.604368
-8715.817439,100,209.623392
-8083.22249,97,209.641995
-7509.516631,97,209.660377
-7720.994525,99,209.679102
-6917.617151,92,209.697688
-7111.056392,94,209.715449
-7704.2642,92,209.732984
-6830.140142,92,209.750415
-7637.358492,90,209.767471
-7628.065526,91,209.784577
-8629.865806,96,209.804858
-5923.797029,89,209.822117
-7802.981324,95,209.840058
-6332.250715,94,209.857776
-9012.807889,98,209.876456
-8601.419494,101,209.895196
-8271.642497,104,210.352723
-6626.040836,92,210.370493
-8257.962116,96,210.388784
-8502.211661,106,210.408725
-8891.517814,109,210.430316
-8741.810874,105,210.451157
-7522.732894,105,210.471291
-9012.64154,110,210.49207
-8121.158628,101,210.51106
-9334.836219,106,210.532214
-8745.011053,104,210.55237
-6447.683131,97,210.57075
-9020.962983,103,210.590481
-7311.443226,101,210.609622
-8189.700878,113,210.631358
-6791.218438,101,210.651771
-8266.928857,99,210.670482
-8234.970678,102,210.689649
-8157.150812,104,210.70946
-7979.96296,98,210.728203
-9556.242028,109,210.749861
-7968.693458,106,210.769861
-7336.058425,96,210.788447
-7496.214803,96,210.807558
-9242.74212,101,210.827081
-11898.791089,120,210.850565
-6856.136794,99,210.870042
-8750.951535,109,210.89072
-8757.2443,109,210.911712
-7752.511042,93,210.929536
-6871.262168,85,210.945756
-7025.391404,87,210.963489
-6835.503155,98,210.982009
-8751.551944,109,211.002463
-8093.088466,95,211.020359
-7951.462538,109,211.040794
-8323.845598,111,211.063086
-6344.889258,88,211.080416
-11063.884993,121,211.103801
-7352.332421,98,211.122563
-7985.152195,101,211.571382
-7907.436913,101,211.591757
-9217.072537,111,211.613231
-8272.81959,108,211.633677
-7549.885951,92,211.650969
-7525.69549,92,211.668207
-7158.691053,93,211.68589
-8741.483302,103,211.706715
-9512.389886,102,211.726171
-7822.805516,98,211.744663
-6824.442456,95,211.762886
-8927.264087,103,211.782297
-8820.257932,105,211.804126
-8041.532438,102,211.823896
-8038.129498,99,211.842733
-8017.229078,105,211.862651
-7466.118912,98,211.88129
-7363.802688,97,211.899579
-8724.377379,103,211.920391
-9157.971533,98,211.938934
-7479.741801,91,211.956066
-6455.238146,98,211.974643
-7781.004324,99,211.993526
-8541.04188,103,212.013937
-6738.107356,90,212.0315
-7899.750063,94,212.04937
-8190.168557,100,212.06852
-9301.294013,103,212.088718
-7037.967678,95,212.107045
-7468.786521,99,212.126956
-8521.916534,109,212.147851
-9363.781713,109,212.16861
-6912.675415,96,212.186832
-8498.571873,110,212.207546
-9845.534395,109,212.22929
-7847.622013,92,212.247256
-7273.318651,101,212.266445
-8169.41142,97,212.285075
-7952.264902,96,212.303859
-8725.814145,101,212.324625
-7039.710158,99,212.344347
-7602.367973,97,212.784396
-8573.088851,102,212.804682
-11373.220801,116,212.827249
-6054.516717,82,212.843166
-7775.771407,100,212.863764
-7973.839899,99,212.882466
-9199.666689,109,212.903416
-8032.501218,100,212.922358
-7780.974354,104,212.942176
-6613.203054,94,212.960812
-10098.61765,124,212.98495
-8051.894338,101,213.004248
-8567.837627,103,213.02383
-6721.242273,94,213.041452
-8400.571046,97,213.06005
-7155.601285,93,213.079314
-7196.083847,95,213.09776
-6296.141986,88,213.114889
-7230.597504,97,213.133639
-9076.647828,103,213.153504
-7313.496907,96,213.172681
-9850.636738,109,213.193988
-8413.666749,102,213.213392
-7140.590521,97,213.231888
-6985.578236,100,213.251546
-8618.839806,105,213.272007
-7002.820788,91,213.291467
-8271.030298,104,213.312107
-8930.947349,105,213.33218
-7832.427792,102,213.351546
-9287.405018,114,213.373186
-7203.713392,100,213.393463
-7803.996326,99,213.412531
-7798.399861,99,213.431532
-8073.449066,99,213.450807
-7880.498788,100,213.470414
-8913.793344,101,213.490952
-8709.618318,107,213.516259
-8155.864494,101,213.535538
-7826.796438,101,213.554994
-7365.443014,101,213.574225
-7817.708335,97,214.014298
-7762.508995,101,214.034635
-8399.749685,104,214.054788
-8327.16066,101,214.074542
-8091.316632,105,214.094718
-7855.333908,100,214.113959
-8492.391466,103,214.134669
-7177.223929,97,214.15322
-8592.940707,106,214.173298
-9366.860156,116,214.195098
-7452.167885,107,214.215021
-9667.045146,108,214.23626
-10149.22899,112,214.258366
-8456.857949,106,214.278722
-7692.971163,103,214.298025
-7999.693904,93,214.316072
-8573.457638,98,214.335782
-11511.155816,119,214.358463
-7639.738089,97,214.377027
-8693.238574,103,214.397001
-7233.008021,107,214.417714
-7797.384822,96,214.436906
-7771.892048,97,214.455834
-8293.993807,110,214.476933
-8599.582806,105,214.496987
-7901.599409,106,214.516891
-6779.121222,93,214.534432
-7320.0898,96,214.553927
-6735.517291,94,214.572315
-8421.522137,97,214.591221
-8053.483335,94,214.609566
-7606.123454,95,214.627937
-6442.839327,90,214.644894
-7682.946114,103,214.66586
-7581.631987,96,214.684349
-8959.723925,108,214.705033
-9134.453222,109,214.725892
-7818.628084,108,214.746503
-5995.341046,77,214.762266
-9626.931418,115,214.783869
-8921.407618,106,215.227363
-7267.524313,90,215.245022
-7166.158506,99,215.264196
-10459.815248,116,215.287943
-9692.430401,113,215.309847
-8975.609617,109,215.330553
-8905.592937,100,215.349689
-8442.520355,102,215.36882
-9206.66012,105,215.389601
-8231.863719,100,215.408561
-8241.571803,95,215.427077
-7138.297592,101,215.446246
-8873.24732,108,215.467001
-8262.059953,105,215.48784
-7667.660139,96,215.506347
-7313.343113,97,215.524983
-8934.378556,104,215.54453
-7231.387144,95,215.562805
-6977.560435,97,215.581316
-9228.9484,110,215.603024
-7643.309635,97,215.62168
-7733.587679,104,215.641179
-7366.186743,99,215.659986
-8382.889654,105,215.68051
-9160.678748,106,215.702229
-7448.246179,100,215.721748
-9274.268646,115,215.744216
-7786.382679,97,215.762941
-7738.560862,103,215.782686
-6140.364384,87,215.799697
-7775.589929,94,215.819519
-8775.519122,107,215.840251
-7845.155057,99,215.859265
-10440.558707,117,215.88133
-7226.582956,96,215.899399
-10787.173364,111,215.921658
-7712.251049,93,215.939627
-8786.900506,110,215.960782
-7637.552855,102,215.980327
-7378.902943,99,215.999492
-8354.292734,108,216.446555
-8153.052016,106,216.467178
-8306.010963,105,216.486847
-7486.920981,100,216.505843
-9314.106,112,216.527065
-7585.233733,98,216.546342
-7473.289053,95,216.565087
-9487.89198,106,216.585573
-7669.808426,99,216.60459
-9703.054169,101,216.623881
-8489.942336,106,216.644161
-6520.38808,93,216.663162
-7776.346027,100,216.682151
-8102.409127,98,216.700762
-9278.734878,108,216.721663
-9850.060601,108,216.742088
-9739.470264,110,216.764034
-7907.950256,107,216.784486
-8407.352058,103,216.806788
-8166.282382,112,216.829177
-8687.465803,105,216.849377
-6615.132957,93,216.868606
-7471.585234,99,216.887501
-7468.068952,101,216.90676
-6869.041369,95,216.924777
-7045.718501,99,216.943524
-7601.541608,101,216.963345
-8335.149091,103,216.983239
-7903.14919,103,217.002632
-6818.005468,88,217.019484
-7425.689052,103,217.039036
-6991.528396,98,217.057775
-7229.55629,99,217.077775
-7590.156218,104,217.098396
-8581.675569,110,217.119289
-6968.618326,94,217.137089
-6653.323243,99,217.155799
-8461.217666,100,217.175486
-7386.60325,95,217.193795
-7435.135919,99,217.212892
-9104.551429,109,217.666318
-7166.947651,94,217.684906
-7773.11016,102,217.706043
-8928.384329,106,217.726338
-9098.00412,107,217.747321
-7848.465442,101,217.766914
-7349.284441,98,217.785562
-7272.36925,102,217.806773
-7168.895175,96,217.825793
-6229.54255,91,217.843496
-6729.043193,94,217.861578
-10316.191562,115,217.883477
-8828.856915,101,217.903029
-8028.112545,106,217.92475
-8686.91168,110,217.946205
-8011.384888,107,217.966855
-7033.510647,94,217.985193
-7857.50333,99,218.004262
-7759.016024,95,218.023551
-7798.718217,101,218.042915
-7919.304582,106,218.063122
-9470.378994,110,218.084529
-7508.902317,92,218.101776
-9517.327851,110,218.123435
-8595.164165,110,218.144886
-7560.604719,97,218.163363
-7441.862395,105,218.183251
-8387.542617,102,218.202688
-9114.01493,104,218.222471
-7639.622389,103,218.243257
-7873.525467,99,218.262902
-7620.801077,100,218.281841
-7330.966345,84,218.29769
-9429.62305,106,218.317738
-7126.563467,91,218.336095
-7767.538823,103,218.356598
-8643.449621,109,218.37758
-8498.491996,100,218.396963
-8197.597237,96,218.415487
-8871.511575,107,218.436175
-8964.151199,106,218.457253
-8347.250771,103,218.924159
-10410.962479,113,218.946148
-8113.715419,106,218.969542
-8804.344327,113,218.993098
-9098.40098,109,219.014654
-9865.423725,107,219.035634
-8621.91856,105,219.056426
-7676.743435,101,219.077115
-8386.765389,110,219.099191
-8414.851196,103,219.119017
-10822.976274,115,219.140779
-8521.315277,102,219.159888
-7895.354947,96,219.178018
-6889.014738,95,219.197173
-8968.975057,104,219.216854
-8863.176741,105,219.236518
-6826.599423,96,219.259635
-10694.121681,118,219.282776
-8826.388559,111,219.305164
-7209.074572,99,219.324296
-8572.125137,103,219.344219
-8419.213284,108,219.364772
-8371.120732,107,219.385154
-7821.367058,101,219.405361
-7685.317352,106,219.425958
-7846.827569,99,219.444895
-8590.181217,106,219.46505
-8348.733356,104,219.485025
-7345.143779,98,219.504848
-8794.287639,102,219.524697
-8838.262651,113,219.546113
-8117.834031,105,219.566271
-7956.626898,106,219.586544
-7224.901167,105,219.607321
-7512.125273,94,219.625716
-9301.842427,110,219.646746
-7440.083905,106,219.666882
-9243.625164,108,219.687544
-8167.023719,110,219.709192
-8547.720347,106,220.158182
-6739.267401,90,220.175803
-9985.027394,114,220.198015
-7790.193208,104,220.217757
-8662.091315,106,220.239144
-8606.965716,110,220.261247
-6930.084921,90,220.27853
-7346.940643,97,220.296928
-10900.625586,127,220.320768
-8379.118607,107,220.341649
-7973.248655,102,220.362294
-7714.521495,103,220.382329
-9227.614799,104,220.402235
-7506.841562,96,220.42057
-9617.061639,109,220.441405
-8919.910085,96,220.460761
-9311.471566,106,220.480865
-8185.384679,96,220.499064
-9776.614144,113,220.520618
-8609.445412,103,220.540215
-7998.11235,102,220.560472
-7542.964229,99,220.579221
-7764.112068,101,220.598508
-7229.06351,97,220.617115
-8782.11964,111,220.638319
-7022.636616,92,220.655936
-7230.530174,101,220.675893
-10613.436047,111,220.697276
-8821.924192,106,220.717504
-9206.461967,117,220.73948
-7589.606353,105,220.759059
-8258.571287,103,220.779825
-7268.053066,98,220.799099
-9063.920631,102,220.818787
-7446.139473,103,220.83851
-7943.987908,104,220.858433
-7935.204764,98,220.878333
-6920.694867,91,220.895948
-9456.809137,111,220.916776
-8697.242714,107,221.368381
-6428.644128,89,221.385359
-7137.786276,103,221.40618
-10208.495115,113,221.42835
-8845.00832,105,221.448543
-7983.971438,97,221.467061
-8491.67006,97,221.485371
-8329.153899,106,221.506419
-8641.903843,96,221.525305
-7614.388919,103,221.544888
-7861.270841,104,221.56483
-7657.915312,101,221.583865
-7679.059337,98,221.602441
-8508.056345,109,221.624323
-7360.20248,93,221.642293
-7273.469554,98,221.661107
-8239.865956,101,221.68043
-9231.035994,108,221.701081
-9803.897973,109,221.72293
-6892.395713,98,221.741604
-8189.504824,103,221.761022
-9705.688293,111,221.782192
-6101.362741,87,221.79981
-8968.180494,106,221.821175
-7278.671117,88,221.838197
-8275.099995,110,221.858968
-6937.377628,93,221.876793
-7116.817547,97,221.895184
-8410.464427,101,221.914495
-8168.134229,103,221.935112
-9581.106566,108,221.95563
-6378.811791,89,221.972413
-9304.76277,114,221.994197
-7355.327457,94,222.012202
-7167.910004,91,222.030226
-7416.696605,100,222.049731
-7175.586686,99,222.068867
-9425.498851,104,222.089548
-8924.580342,103,222.109895
-8063.061727,104,222.129625
-8377.181496,108,222.151373
-7533.451917,97,222.606891
-8439.338903,109,222.627932
-8850.480267,107,222.64839
-6678.606613,89,222.66615
-8218.898363,104,222.686491
-8097.613896,110,222.707763
-8751.597058,106,222.728025
-7865.52119,103,222.747704
-8284.733977,97,222.766208
-8425.364129,103,222.78699
-7645.433326,94,222.805522
-7427.394053,99,222.824599
-7285.789148,101,222.843778
-7895.592797,102,222.863037
-8176.309217,98,222.882602
-7869.285934,93,222.900513
-9833.278926,104,222.920285
-6808.049595,92,222.937869
-9278.551298,106,222.957862
-10366.280422,113,222.980026
-7799.408621,104,223.000085
-8601.877341,100,223.019062
-9169.23647,112,223.040396
-8382.99135,96,223.05858
-8456.599784,97,223.077204
-8417.793134,112,223.100097
-8536.050352,109,223.121003
-9132.895895,109,223.141688
-8350.315815,100,223.1606
-7790.072402,90,223.17781
-8733.509112,107,223.199169
-8511.713242,111,223.220453
-6801.187014,92,223.237854
-7284.240915,95,223.256534
-8478.485074,104,223.276375
-7838.140431,105,223.297053
-6298.516268,90,223.314383
-7830.652954,108,223.334996
-7983.848597,101,223.354121
-8596.661061,103,223.373608
-8296.475878,104,223.836292
-8882.248834,111,223.858152
-7471.266896,99,223.877139
-7440.100726,97,223.895401
-7660.469267,91,223.912334
-8424.719129,105,223.93319
-8533.625305,110,223.954495
-8562.601713,107,223.974556
-7563.881595,109,223.995609
-7661.823932,100,224.014364
-8729.916156,116,224.036969
-7669.744885,104,224.057342
-9256.944611,106,224.077778
-7294.341195,97,224.096322
-9229.052534,109,224.116694
-7828.246326,109,224.136993
-6751.901098,87,224.154567
-7030.410307,89,224.171505
-7847.711659,98,224.190088
-7612.501803,98,224.208617
-7445.519012,104,224.228552
-7981.380971,98,224.248684
-6416.534959,92,224.266768
-9021.40706,109,224.287462
-9753.11087,111,224.308552
-7614.425772,90,224.325529
-7672.951508,97,224.343798
-8796.126272,104,224.364871
-6834.630239,93,224.382742
-7883.352133,97,224.401792
-7615.205663,99,224.420865
-9206.385072,106,224.440821
-7214.92137,105,224.461641
-7071.829833,97,224.480151
-10040.132661,108,224.500874
-8066.481733,101,224.52021
-9459.618947,115,224.542171
-7997.259279,100,224.561227
-7548.84063,100,224.581575
-8171.416195,102,224.601091
-7110.940869,97,225.057459
-10825.503929,117,225.080596
-9015.05037,109,225.102394
-10213.273358,114,225.124257
-6142.474326,92,225.141604
-7763.907589,101,225.160629
-7600.85316,97,225.178963
-9616.253983,109,225.200533
-7214.483893,97,225.219783
-8640.57269,107,225.240278
-7799.111914,100,225.259567
-8547.157034,105,225.279474
-8552.172797,105,225.29957
-7405.680457,96,225.319033
-7943.701311,106,225.339099
-7780.956865,103,225.358763
-7478.191921,92,225.376248
-7771.509542,97,225.394535
-9298.348753,110,225.416665
-7624.65425,99,225.435688
-6326.982319,86,225.451961
-8597.107789,107,225.472167
-7893.424628,104,225.491728
-9731.382726,112,225.512771
-9390.821216,110,225.534682
-10081.394674,116,225.556634
-6258.410747,92,225.57403
-6684.627894,98,225.592454
-7601.992975,100,225.611193
-7192.639998,89,225.629076
-7261.305857,97,225.647496
-7365.256922,102,225.666786
-8063.172197,104,225.68628
-8629.836402,101,225.705358
-9083.629369,105,225.725141
-7537.364707,104,225.746133
-9034.778751,109,225.767124
-7874.65677,105,225.787317
-7323.772284,103,225.810487
-7236.600154,100,225.83101
-7697.638924,101,226.27718
-8241.40835,103,226.297054
-9109.648226,108,226.317698
-7610.550777,104,226.337597
-8222.520769,110,226.359528
-7399.627329,96,226.37838
-7117.861395,99,226.397324
-8226.929954,109,226.418568
-7767.320503,102,226.43812
-7995.261181,101,226.457508
-7398.888426,95,226.476794
-8275.93138,103,226.497073
-7636.728153,101,226.516491
-9436.493083,106,226.536584
-6892.851494,97,226.555081
-8493.130915,102,226.575577
-8247.181446,109,226.596265
-6475.888151,89,226.613017
-7189.670669,96,226.631047
-7614.202818,101,226.650318
-9028.797396,109,226.670731
-8965.872245,107,226.691845
-7421.098885,102,226.711666
-9914.653848,116,226.733945
-7304.59668,105,226.75408
-7048.868116,92,226.771637
-8886.620722,103,226.792246
-8513.896722,103,226.813038
-8356.850212,109,226.834036
-7733.253498,93,226.851676
-7568.026727,105,226.872063
-8218.393464,102,226.89321
-8939.681242,107,226.914156
-7726.162164,100,226.933454
-7794.981278,102,226.952986
-8411.765982,101,226.97214
-9890.620343,116,226.995043
-7729.62693,96,227.013616
-8989.239777,107,227.034141
-8875.223026,110,227.054958
-6633.532511,94,227.490217
-7812.406821,105,227.510715
-8413.388321,99,227.530964
-8703.963825,102,227.550684
-8210.299733,100,227.569508
-7065.922192,100,227.588498
-9087.607971,107,227.60857
-8436.959857,105,227.629464
-6362.986558,95,227.647845
-8976.422417,108,227.668245
-8302.796962,105,227.688476
-7211.611182,96,227.707
-7906.221002,102,227.726557
-6862.879162,99,227.746677
-9253.179816,109,227.767263
-8167.965816,104,227.787003
-8312.477659,103,227.807137
-8817.127415,111,227.828412
-6784.772782,95,227.847922
-7685.323696,100,227.86689
-8771.125115,106,227.886907
-8610.263538,111,227.907862
-7647.65759,106,227.927802
-8199.991966,98,227.947158
-8301.794203,108,227.967845
-7252.400681,94,227.986046
-7196.073526,98,228.00506
-9105.409587,114,228.026902
-7912.336259,105,228.04804
-7560.990642,104,228.068843
-8018.810634,112,228.090435
-8762.279768,104,228.110519
-11338.72045,113,228.132135
-9884.142362,107,228.153391
-7078.06411,101,228.172972
-8503.479936,99,228.192023
-7393.913697,98,228.210664
-7483.901315,99,228.229168
-7677.933601,104,228.24945
-6346.573767,93,228.268395
-8711.784599,105,228.710338
-7384.290858,100,228.72985
-7317.124135,95,228.748197
-8374.846751,101,228.767952
-9429.628693,111,228.790428
-8058.382107,102,228.811946
-8648.026263,102,228.831244
-8144.252152,104,228.850921
-9150.670651,110,228.871925
-8200.035161,104,228.892303
-8692.92662,102,228.912232
-7271.498347,99,228.931012
-7424.430659,103,228.950662
-10535.810352,119,228.973189
-8465.554628,106,228.992992
-7407.546602,96,229.01231
-9272.991948,116,229.034345
-7091.230872,101,229.053582
-7812.696713,103,229.073293
-7922.660827,103,229.093757
-8375.948449,99,229.114344
-8389.830971,107,229.134744
-8689.927402,98,229.153872
-7692.432677,99,229.173158
-6839.583168,100,229.192246
-10207.826924,106,229.213795
-9427.212867,109,229.234551
-7444.283219,99,229.253775
-7248.663772,101,229.273556
-8445.95046,109,229.294241
-7588.023655,99,229.313776
-7682.695949,112,229.335587
-8682.098736,102,229.355336
-8542.026849,100,229.374864
-8400.258622,104,229.394614
-7550.244014,100,229.413674
-7345.484753,96,229.432983
-7736.188542,105,229.45273
-8955.966258,109,229.473245
-7379.425297,103,229.919743
-8139.494846,99,229.939031
-7966.21861,102,229.959985
-7355.973698,98,229.97859
-8078.180716,106,229.998998
-7648.861798,108,230.01954
-7070.192436,93,230.037016
-8715.348573,112,230.059118
-6390.423894,90,230.076655
-8096.153014,102,230.095929
-8118.85804,101,230.114911
-7036.526054,99,230.133704
-7060.583415,96,230.151865
-7487.065436,99,230.171526
-5736.847906,93,230.189221
-8211.728004,106,230.209446
-8016.845656,108,230.23033
-8081.340425,105,230.251581
-9055.484688,103,230.272518
-7201.974615,105,230.292826
-9256.223773,111,230.314506
-9497.764073,113,230.355291
-6779.332784,98,230.375153
-8085.148841,108,230.396071
-7695.309304,96,230.414266
-7244.342372,103,230.433711
-8482.729302,103,230.453149
-7509.058785,102,230.472648
-7581.028043,102,230.493196
-8186.10531,111,230.514658
-10579.192637,119,230.537328
-8129.50843,98,230.555792
-7601.565766,94,230.573378
-8187.699268,108,230.595345
-6773.712717,97,230.613744
-7306.224127,96,230.631952
-7299.685788,96,230.65036
-8910.294932,109,230.671352
-6548.186661,90,230.689398
-7617.410801,102,230.709248
-7555.158471,101,230.728327
-10601.563207,125,231.17938
-7678.975089,97,231.197858
-6826.327539,100,231.217956
-6873.189605,91,231.235847
-8928.728172,109,231.257233
-8165.515434,107,231.277458
-8914.442835,109,231.298046
-6790.061509,93,231.31595
-7524.229421,104,231.337353
-7153.058096,101,231.357157
-6892.369759,92,231.375165
-6414.130369,91,231.392974
-7070.4624,97,231.411752
-7095.273657,97,231.431267
-7364.134355,94,231.449686
-8035.030806,105,231.469807
-7055.474062,102,231.489004
-7998.884405,95,231.506823
-8083.967551,106,231.526838
-7833.182434,109,231.548928
-7425.142272,96,231.567277
-7355.887769,100,231.586481
-7383.882088,100,231.605688
-6795.453248,99,231.624561
-9385.470685,113,231.653551
-8204.273555,99,231.674034
-8400.018594,101,231.693792
-8075.756427,107,231.71452
-8789.181148,107,231.735091
-7622.513643,101,231.755784
-6974.401533,98,231.774879
-8960.146536,107,231.796589
-7134.456261,96,231.81553
-7974.704757,98,231.833945
-10206.928709,111,231.85609
-7814.417568,105,231.87637
-7822.736315,97,231.894964
-7563.56367,100,231.9155
-8349.020329,109,231.940051
-8208.963006,104,231.963333
-7362.979062,103,232.529245
-7899.938414,100,232.549227
-8792.65195,114,232.571267
-7467.117263,94,232.590729
-7847.977856,104,232.616036
-7190.374381,102,232.639451
-8860.813113,107,232.660429
-9091.053527,109,232.69178
-7844.409123,97,232.711994
-7944.591807,107,232.733282
-8094.390663,98,232.754917
-6525.401823,87,232.771871
-8224.017554,95,232.791378
-7113.100509,98,232.816541
-7077.976157,102,232.83603
-9612.12464,112,232.857469
-9669.8403,113,232.878894
-8770.876455,110,232.899685
-6689.981912,93,232.918867
-7402.66601,100,232.937914
-7657.63687,99,232.956736
-7752.311475,103,232.976339
-6815.36964,96,232.994556
-7930.243798,97,233.013968
-10667.54605,117,233.036777
-8273.693258,105,233.057069
-6731.531163,91,233.074837
-8032.125711,102,233.094349
-7142.831806,97,233.113357
-6722.195456,100,233.132734
-7151.404767,99,233.151419
-7655.961667,92,233.16866
-9173.391694,109,233.189741
-7848.023522,104,233.209678
-8491.746054,109,233.231446
-8795.6851,103,233.251679
-8370.878957,103,233.271735
-8627.892957,111,233.293055
-6943.31861,102,233.312437
-8625.683203,108,233.333802
-7405.850377,91,233.781137
-6752.057418,94,233.799981
-12922.177382,132,233.82537
-8761.291113,107,233.845847
-8332.152553,103,233.867117
-7668.034588,106,233.887327
-8758.863449,108,233.907989
-7985.904089,106,233.928204
-7880.560823,105,233.948197
-7373.783708,100,233.968538
-9225.952179,111,233.98998
-8044.747021,97,234.008594
-9776.0309,113,234.030142
-7211.150179,100,234.055077
-7498.145397,97,234.075953
-7854.180686,100,234.097639
-8186.698489,99,234.117276
-10150.258672,113,234.13968
-7689.703625,102,234.159411
-8518.537204,106,234.189415
-7822.776843,99,234.20861
-6577.452609,90,234.226748
-7526.788305,95,234.24582
-7317.520677,100,234.264954
-8919.734507,112,234.287492
-8433.783824,103,234.307458
-9164.640138,112,234.328658
-7128.682269,98,234.347206
-7784.630156,105,234.366994
-8323.764514,113,234.389542
-7778.561588,108,234.409957
-7318.491627,98,234.428579
-9885.608861,112,234.449705
-8748.505842,110,234.470462
-7372.341978,102,234.490767
-8626.156455,102,234.510624
-9491.17207,111,234.531406
-8882.151342,111,234.552264
-8062.728767,104,234.571815
-8448.052543,100,235.031076
-7258.055558,102,235.050489
-8144.290319,103,235.070636
-9946.561985,108,235.091937
-9077.870218,110,235.112682
-7710.661431,101,235.133173
-7594.250198,98,235.152162
-7213.255894,104,235.172139
-8819.829608,109,235.193135
-8910.225054,115,235.21496
-7448.509113,103,235.23563
-6744.927633,86,235.252692
-8774.131052,111,235.274194
-6979.51183,92,235.291945
-8297.297207,102,235.311467
-6584.898858,98,235.331168
-8672.367222,109,235.352452
-9642.134778,110,235.373391
-10499.939146,115,235.395458
-9596.992005,115,235.417441
-8110.127634,101,235.437668
-7868.577561,109,235.458989
-10175.355182,112,235.48057
-8231.002528,100,235.499655
-9087.416591,99,235.518529
-8177.484778,106,235.539014
-7670.134733,103,235.559831
-9245.967564,116,235.582276
-9185.692837,109,235.603235
-9560.406684,112,235.624662
-7109.645232,95,235.642827
-8794.160809,111,235.665374
-7857.39005,100,235.684611
-8173.830654,105,235.705039
-7575.543528,94,235.722742
-10111.529074,122,235.74572
-7830.312613,103,235.766868
-8995.173705,103,235.787299
-8547.940034,106,235.807816
-7439.520914,95,236.263977
-7106.865191,97,236.28361
-8180.647757,111,236.305928
-8252.010988,101,236.325429
-7324.870298,101,236.344854
-7483.095632,97,236.36338
-7859.358336,95,236.381456
-8661.930219,108,236.403489
-8009.994704,95,236.421828
-7075.872356,102,236.441191
-7105.493595,97,236.459975
-8809.814268,105,236.48047
-9461.622252,105,236.501914
-7030.374435,96,236.520612
-7888.65671,97,236.538859
-9294.320661,107,236.558785
-8594.854866,111,236.580195
-7781.942054,105,236.601228
-9267.516118,105,236.621546
-8354.0898,108,236.642394
-9182.82914,108,236.663213
-8303.49259,99,236.682054
-8015.485175,103,236.701656
-8372.687944,101,236.722022
-8050.858946,99,236.740874
-7177.380372,99,236.7597
-8095.212743,94,236.777549
-7618.574271,102,236.797543
-8533.799482,109,236.820563
-8364.541348,104,236.840872
-9727.551486,120,236.863515
-10121.280255,115,236.885428
-7664.904571,105,236.905226
-7439.122609,99,236.925025
-7521.838578,104,236.945321
-10971.572218,119,236.968175
-7092.027535,97,236.98719
-7596.818502,107,237.007881
-7416.006526,99,237.028111
-10000.882206,120,237.051399
-7143.50944,95,237.49372
-10669.964469,118,237.516706
-7512.157202,98,237.53543
-6795.076824,98,237.555332
-8609.423493,105,237.575523
-7984.985256,105,237.595549
-10364.944612,106,237.61574
-7247.405759,98,237.634593
-7369.220584,107,237.655946
-9386.413344,118,237.678868
-8740.82715,104,237.698933
-8760.859026,111,237.72017
-9399.166835,108,237.740824
-7399.065997,101,237.760992
-8782.651336,105,237.781456
-7376.156765,104,237.801965
-8001.25213,104,237.822092
-7318.643078,98,237.840991
-6771.373598,94,237.859021
-7923.364475,107,237.880746
-7320.364199,102,237.900258
-7529.863811,96,237.918667
-7594.950685,101,237.938062
-8491.223435,100,237.957271
-6868.724755,98,237.976813
-8109.794544,102,237.996502
-9461.941561,123,238.019896
-8162.459527,103,238.039488
-9813.341243,115,238.061615
-7026.820214,95,238.08106
-8690.076991,101,238.101155
-7883.171363,100,238.120727
-7290.21623,98,238.139845
-7682.125339,102,238.159209
-9064.080819,109,238.180696
-7138.00563,95,238.199522
-7533.34316,101,238.218722
-8943.374498,110,238.239584
-8240.244784,104,238.25971
-8918.898188,119,238.708252
-7436.612529,99,238.728165
-7889.653419,101,238.747275
-10494.860566,110,238.768937
-8857.488234,100,238.788316
-7105.160712,102,238.809674
-7274.974768,97,238.828511
-7188.255021,97,238.846989
-8659.663703,112,238.868269
-7616.327449,102,238.887551
-7637.236139,103,238.906879
-8051.324015,105,238.927755
-9192.045242,112,238.949265
-9146.085828,111,238.970073
-8240.351871,107,238.990093
-6988.988465,92,239.007241
-7781.310442,101,239.027456
-6686.033894,97,239.046305
-8789.735169,106,239.066447
-7386.430631,101,239.086283
-9630.980707,118,239.109244
-6434.338284,91,239.127297
-7306.637932,106,239.147895
-8308.70289,100,239.166668
-7850.145798,103,239.186201
-7257.281598,100,239.205527
-9079.135626,115,239.227807
-7623.035673,106,239.250542
-8927.57008,110,239.271818
-7768.100545,106,239.292158
-8607.769927,108,239.312994
-7664.73605,100,239.332231
-9531.528314,107,239.353724
-8005.852812,102,239.373052
-8792.750119,107,239.393122
-9224.976421,109,239.413652
-11464.360411,123,239.437242
-8907.857273,106,239.458185
-8273.13501,106,239.478378
-7966.066893,105,239.927188
-9447.306082,113,239.949477
-8641.483422,111,239.971853
-9955.918267,114,239.994336
-10101.190573,115,240.016469
-8526.860059,114,240.038427
-7898.077684,103,240.058172
-7292.284808,105,240.079891
-6151.385345,91,240.098054
-8327.316566,103,240.118083
-10934.386724,119,240.140823
-8778.783225,103,240.160425
-8844.061485,108,240.181627
-7195.87032,102,240.201997
-8135.491578,107,240.222152
-7508.286968,98,240.240707
-7808.204148,106,240.261367
-9648.30787,113,240.282644
-7756.807089,104,240.303961
-8495.166777,106,240.324751
-7070.12691,97,240.343618
-7700.63272,100,240.363322
-6734.669016,99,240.382608
-7756.312577,101,240.40312
-9156.245795,112,240.424691
-8304.530871,105,240.444684
-7010.072617,95,240.463156
-8433.009128,105,240.483374
-7291.060637,100,240.503656
-8475.559765,101,240.523618
-10056.207336,113,240.545491
-7542.301375,102,240.56489
-7249.542732,100,240.583961
-9725.633686,116,240.607536
-7911.307806,105,240.627701
-6755.531591,93,240.645657
-7803.929329,102,240.665303
-8412.542195,109,240.685852
-6303.103262,96,240.704734
-7326.285944,96,241.143373
-8014.419917,105,241.163814
-10001.221049,114,241.185328
-6542.244929,97,241.203628
-8927.123937,109,241.224511
-7472.69255,102,241.246032
-7923.192156,103,241.265938
-7703.466424,104,241.285522
-7139.23852,95,241.304049
-7168.57771,101,241.323291
-6832.415132,98,241.343092
-9926.143184,113,241.364687
-7461.620752,101,241.383611
-9893.640819,111,241.404765
-8498.814828,106,241.425078
-7066.939187,97,241.444792
-6944.697971,95,241.463895
-9454.887433,111,241.485546
-9145.418771,110,241.506407
-9074.207352,113,241.527697
-7891.058038,102,241.547632
-8833.366217,115,241.569989
-7948.879976,102,241.589287
-8926.383744,107,241.609283
-8202.113314,105,241.629326
-6210.862701,101,241.648538
-7146.23992,99,241.668493
-6861.23711,91,241.685847
-8607.989196,106,241.705978
-8973.567236,109,241.726695
-7818.827053,103,241.746448
-7021.480872,98,241.766048
-7464.805812,94,241.783944
-8369.943585,113,241.806315
-8338.081608,101,241.826317
-8692.765251,102,241.846341
-7537.121259,104,241.867013
-8754.24858,105,241.887477
-6660.96378,96,241.905564
-8217.097288,103,241.925123
-8223.554152,110,242.385936
-8676.298477,110,242.408359
-8368.024085,98,242.427436
-8509.138255,102,242.447432
-9575.14315,116,242.469428
-6466.803857,96,242.487704
-9067.953935,101,242.508194
-8001.898093,99,242.527422
-7456.425839,101,242.547652
-7843.951966,98,242.566873
-8941.566624,100,242.586453
-7774.084989,110,242.609194
-7960.896687,103,242.629282
-8046.249633,100,242.648649
-8865.907201,110,242.669694
-10746.371193,121,242.692454
-8270.225187,109,242.714301
-7036.241242,98,242.733197
-6550.963955,97,242.751584
-9743.661335,114,242.773072
-7284.210639,104,242.792934
-8803.885649,111,242.815696
-9635.336216,116,242.838217
-8950.439258,116,242.859817
-7437.824535,108,242.880035
-7155.625387,98,242.89906
-8431.548057,109,242.920614
-6579.039874,95,242.939103
-8936.356012,114,242.960932
-8634.167554,106,242.981142
-7396.504082,98,242.999833
-9367.856946,112,243.021249
-7399.533497,94,243.040055
-6742.670366,96,243.058562
-8501.576799,109,243.079482
-7709.487284,107,243.100034
-8260.415493,106,243.120137
-7886.756419,104,243.141065
-9880.988388,120,243.164094
-7961.453269,105,243.6059
-8358.820745,105,243.626131
-10491.770212,110,243.647078
-7898.750843,104,243.668222
-7730.414842,105,243.688536
-7506.371173,95,243.707139
-7597.718991,96,243.725561
-7690.883701,104,243.745161
-10656.751359,123,243.770027
-7597.438273,103,243.790613
-7661.909293,98,243.810865
-9358.325474,111,243.832783
-8040.909604,106,243.857454
-6902.771955,95,243.876866
-8148.251378,100,243.896165
-9073.225276,110,243.917021
-7543.788437,104,243.937031
-8293.739767,109,243.957708
-8470.078518,108,243.979206
-8619.713624,118,244.002195
-7824.760127,106,244.022501
-7558.849433,100,244.041633
-7451.488054,96,244.060062
-8136.213223,103,244.080808
-8670.82893,111,244.102368
-9037.709105,108,244.122944
-10137.303543,115,244.144955
-7775.835261,102,244.163953
-8914.143279,104,244.183438
-8562.119978,106,244.205202
-8547.240865,109,244.225888
-7537.256538,102,244.245609
-7346.434677,103,244.265192
-7185.123851,97,244.283591
-8232.619831,108,244.305289
-7347.71416,100,244.324404
-6885.663538,95,244.342578
-7936.013937,98,244.361261
-7894.767001,109,244.381943
-9003.568116,111,244.824856
-7382.487737,101,244.844672
-7454.43021,103,244.864145
-7884.601397,100,244.88284
-9187.99224,111,244.903546
-8786.438007,113,244.925812
-7973.725933,100,244.944998
-7599.196309,98,244.963346
-9665.359396,103,244.982636
-7100.194635,94,245.000462
-6782.621289,99,245.019389
-9568.551388,110,245.041394
-9139.613221,114,245.063506
-8370.858159,108,245.084417
-8489.423795,104,245.104836
-8358.607315,111,245.126084
-9152.630964,103,245.147307
-8845.666573,104,245.167354
-8794.971315,108,245.188128
-7612.698354,103,245.207847
-8479.053637,105,245.227892
-7601.937442,103,245.249252
-6786.513644,95,245.26751
-7953.375051,103,245.287125
-6912.27144,99,245.305799
-7603.058322,104,245.325394
-7790.047116,101,245.345546
-7102.018521,98,245.364674
-7279.830551,106,245.384977
-8206.521607,108,245.4056
-6489.633614,94,245.423423
-9147.110305,121,245.446299
-7319.881422,105,245.46761
-8494.60515,104,245.487603
-7701.028966,106,245.508112
-8952.758018,105,245.528084
-7886.457497,107,245.548293
-8894.87593,111,245.570577
-10151.628303,112,245.59202
-6918.67944,104,246.04711
-8328.607596,104,246.067451
-7470.336892,99,246.08783
-5801.494021,79,246.103615
-10254.497153,119,246.126304
-9978.521682,108,246.146802
-8474.758021,105,246.166905
-7991.650774,97,246.185214
-7525.202931,100,246.205284
-9119.932788,110,246.226093
-10004.829119,108,246.247335
-9075.997071,105,246.267489
-9757.627364,105,246.287583
-9978.751833,116,246.310971
-8457.657026,110,246.332098
-8318.482326,110,246.353174
-7401.073729,102,246.372481
-7043.476004,100,246.391277
-7709.234488,103,246.412124
-8426.425614,102,246.431695
-7825.805842,99,246.450521
-7195.195151,94,246.46851
-9091.586542,115,246.490595
-9958.584532,112,246.513248
-7343.833769,105,246.533135
-9953.329621,116,246.555061
-8472.249568,104,246.57525
-8690.94425,108,246.595876
-7485.944683,106,246.617259
-7377.66203,98,246.636179
-7953.445488,103,246.655867
-7358.729427,104,246.6755
-7457.991091,98,246.694043
-8943.454626,110,246.715903
-8073.802235,103,246.735611
-6666.867597,96,246.75369
-7445.755995,97,246.772068
-9046.158674,109,246.792575
-8168.839044,103,246.812399
-7417.541014,100,247.259946
-8700.562543,98,247.278983
-8003.027753,109,247.299736
-7235.106216,95,247.318197
-11544.890303,125,247.342117
-7940.768138,101,247.362726
-8626.347731,116,247.385403
-8025.213059,100,247.404915
-7189.323169,99,247.423596
-8347.636045,102,247.442793
-9089.461359,110,247.464971
-6702.88253,96,247.483242
-7096.93492,102,247.502929
-7865.041168,105,247.522907
-8347.998329,111,247.543737
-8725.261,112,247.566226
-7849.082074,109,247.587153
-9177.247016,113,247.608903
-8278.822679,104,247.628891
-8885.285883,110,247.649906
-9967.916384,119,247.673691
-9835.681272,115,247.695587
-7160.123647,102,247.714847
-7181.507886,98,247.733362
-10077.546094,118,247.755524
-7938.490823,102,247.775875
-7405.950078,99,247.795201
-7419.892393,98,247.81471
-10340.146166,113,247.836641
-8880.309467,98,247.85579
-7502.442475,96,247.875071
-6579.016758,96,247.893772
-9168.347999,111,247.915239
-7699.653395,104,247.935342
-7754.995589,93,247.952882
-7819.623339,105,247.972632
-9593.478654,113,247.995136
-6989.080625,101,248.014345
-10340.012496,110,248.035619
-7793.000968,104,248.483827
-8672.563403,101,248.504521
-7131.923599,94,248.522343
-10151.147935,117,248.544554
-7439.515287,101,248.563536
-8416.78342,104,248.583814
-8296.026285,111,248.606314
-7390.926431,100,248.625962
-7941.924816,102,248.645266
-11556.523346,124,248.668837
-10258.77864,116,248.690506
-7977.799445,99,248.710529
-9220.882078,113,248.732608
-7783.546393,107,248.752815
-9149.39722,113,248.77446
-7392.356273,97,248.793645
-7413.487031,101,248.814641
-8261.546487,108,248.835674
-8824.086012,110,248.856401
-9030.274248,105,248.876208
-9099.417827,106,248.8963
-8447.509434,97,248.914651
-6712.078001,103,248.935564
-10832.451206,113,248.957264
-8636.409477,116,248.980294
-6393.592684,88,248.997098
-9796.592526,116,249.019164
-8610.536684,105,249.040665
-9280.518087,115,249.063225
-7418.10089,95,249.082293
-9959.34265,117,249.10489
-6385.420614,92,249.122416
-7000.668513,103,249.143376
-8348.890272,103,249.163429
-6345.135637,95,249.181771
-7540.573366,105,249.20204
-7739.151166,103,249.221626
-10371.281102,119,249.246497
-7738.572987,105,249.266612
-8127.510243,108,249.722039
-8304.755536,108,249.742772
-8074.324235,107,249.764062
-6852.709335,97,249.782922
-7661.963953,104,249.803363
-7975.474039,100,249.823274
-7726.338204,102,249.843399
-8801.582624,109,249.864283
-9400.647067,104,249.88569
-9022.368624,113,249.907212
-10127.339466,111,249.928379
-12139.984904,125,249.952094
-8115.22531,104,249.971926
-8889.155442,107,249.99312
-8141.141045,111,250.01436
-8332.581907,112,250.035403
-9188.320361,109,250.055893
-7949.824435,107,250.076841
-7749.09898,107,250.098848
-8567.014205,107,250.119351
-8374.241958,107,250.139327
-7943.290701,110,250.160368
-8026.835838,109,250.181371
-9206.13955,106,250.202644
-9257.858016,117,250.225233
-10047.045356,118,250.248079
-7998.913821,109,250.269563
-7402.858188,94,250.287634
-8169.208975,109,250.309594
-7736.687428,87,250.326274
-6869.509683,99,250.34489
-7366.007918,94,250.362965
-7853.533258,108,250.38334
-9219.064258,115,250.406533
-8403.55922,111,250.428424
-7874.068853,106,250.448869
-9036.351288,111,250.470269
-9082.634174,110,250.491291
-7746.327044,106,250.936093
-8609.396913,103,250.956791
-6757.42758,98,250.975653
-8454.772366,108,250.996526
-6602.147836,89,251.013523
-7989.78119,111,251.034702
-8947.074165,107,251.056436
-8843.865917,110,251.077719
-8788.031998,104,251.098044
-6956.814671,99,251.116839
-7547.967789,101,251.136162
-8010.843198,94,251.155357
-6615.046504,99,251.174192
-7964.462142,107,251.19501
-7245.716466,103,251.214401
-6163.036594,94,251.232381
-9043.919725,114,251.255895
-9738.940226,114,251.278275
-7463.579567,98,251.296833
-8388.367406,106,251.317037
-8799.190206,110,251.337738
-8204.30691,111,251.359882
-6990.725224,102,251.379768
-7772.971061,100,251.3987
-8744.373653,111,251.419822
-8760.347846,107,251.440221
-8155.149438,101,251.459388
-9627.806987,116,251.482643
-10686.909018,118,251.504862
-7247.195448,96,251.523397
-8706.803052,107,251.543964
-7545.379319,102,251.563754
-8289.976354,98,251.58402
-9470.917009,114,251.605416
-6725.462165,98,251.623792
-8106.710868,107,251.644267
-7508.027033,102,251.66385
-7445.863279,99,251.683667
-7462.466921,98,251.702419
-7024.421068,95,252.141459
-7662.796916,101,252.161157
-8775.798245,105,252.181552
-9364.771647,118,252.205323
-8541.060693,112,252.226756
-8690.231596,112,252.248541
-8403.825077,109,252.269439
-8246.932802,110,252.29085
-7633.832886,104,252.311987
-7641.177463,104,252.3316
-9575.941069,114,252.352812
-8043.530833,104,252.372168
-7400.046472,97,252.390165
-8571.761066,106,252.410764
-7389.896274,105,252.431446
-7855.191806,107,252.451925
-11012.418728,123,252.47508
-6871.350724,102,252.494128
-7203.789711,98,252.513213
-8755.905688,114,252.535536
-6877.068379,99,252.554391
-7329.92674,101,252.573579
-8319.153569,104,252.593134
-10091.680429,116,252.615073
-7304.46059,96,252.635262
-7769.422898,99,252.654224
-7498.986434,101,252.673824
-7559.396419,105,252.694417
-7681.376536,103,252.713964
-7737.60227,110,252.735926
-7145.191832,98,252.754674
-7988.065913,101,252.773967
-7835.114227,107,252.794104
-7509.43539,105,252.815274
-7904.10326,102,252.835678
-6887.583861,97,252.854346
-9085.318634,111,252.875599
-8467.461211,104,252.895388
-7331.081168,103,252.914785
-8151.851781,103,253.354146
-10462.679015,113,253.377289
-8021.698673,110,253.398547
-8869.518206,108,253.419247
-8107.430694,101,253.438275
-8352.731503,101,253.457235
-8961.952389,102,253.477713
-7303.784017,102,253.497602
-8974.857495,114,253.519336
-8553.167113,100,253.538397
-8413.238874,106,253.558453
-7701.28803,99,253.578346
-7024.711496,100,253.597826
-8834.179007,107,253.618203
-8388.818546,113,253.63968
-9672.039708,115,253.661398
-7994.366639,109,253.682734
-9407.085817,113,253.704604
-8088.633818,104,253.724467
-7549.460709,104,253.744395
-7372.285614,105,253.764615
-8077.768935,103,253.786074
-7491.991129,105,253.81065
-8310.317652,107,253.83244
-8734.120038,107,253.853191
-7050.536647,97,253.871684
-7990.995528,101,253.891909
-8951.558375,111,253.913639
-7916.136968,104,253.933488
-9254.148202,114,253.955179
-8016.779829,108,253.975542
-7074.564008,108,253.99676
-9115.652412,111,254.030848
-7432.156851,107,254.055885
-6941.028212,93,254.073948
-8998.863603,109,254.09505
-8897.142939,107,254.116488
-8405.341957,108,254.136937
-7541.907415,101,254.155856
-8215.722934,108,254.591613
-6799.120392,95,254.610372
-7864.871359,106,254.632233
-7890.220527,108,254.653699
-7399.041142,98,254.672454
-7888.882206,106,254.692864
-7378.486444,99,254.7117
-8649.795215,113,254.733195
-7098.634489,94,254.752199
-9292.197888,108,254.772578
-8913.309745,107,254.79308
-9058.335127,114,254.81541
-7847.548289,106,254.835353
-6814.74874,88,254.853165
-6458.722966,93,254.871505
-6922.57799,93,254.889474
-7396.658412,98,254.908472
-8115.811925,101,254.927748
-8669.172505,113,254.950411
-9028.873475,105,254.971029
-7245.714368,101,254.990498
-8918.851913,112,255.01157
-7214.34998,101,255.0304
-8591.69819,103,255.049823
-6962.601914,99,255.070071
-8657.937064,109,255.09078
-8710.460825,109,255.111313
-7859.763573,102,255.130326
-8604.063138,108,255.150516
-8903.644964,114,255.173111
-7793.261832,104,255.192867
-8359.571235,104,255.212362
-6708.097228,101,255.231787
-6930.84263,98,255.250821
-8533.700966,108,255.272164
-8005.8478,107,255.292388
-9345.453559,117,255.314231
-9812.8896,116,255.336117
-7112.173821,94,255.354354
-8075.972818,104,255.788655
-10729.534473,113,255.812563
-8619.071647,105,255.832851
-9648.14736,111,255.854441
-7220.578424,92,255.871995
-8233.563072,103,255.891158
-7290.608885,104,255.912352
-8296.917659,104,255.93238
-8703.836565,103,255.951771
-7663.429335,101,255.970723
-8081.71571,105,255.990666
-7362.394866,98,256.011049
-7093.08975,99,256.030495
-7234.769253,110,256.051891
-10641.348455,125,256.07609
-7556.99154,101,256.095687
-8215.995318,109,256.117329
-8248.300569,110,256.138618
-8637.68837,109,256.15953
-9576.963371,111,256.180721
-7885.202767,103,256.200303
-7839.724974,99,256.21996
-8344.522955,105,256.240089
-7869.232054,99,256.259456
-7660.193839,108,256.28024
-9338.044915,113,256.301865
-7786.203528,101,256.321906
-7981.291585,105,256.342417
-8354.960228,101,256.361824
-7148.612427,103,256.381671
-8160.344025,103,256.401414
-7792.203465,107,256.42183
-9385.50016,115,256.44486
-6822.726522,101,256.464109
-8403.901795,103,256.483942
-7493.091834,97,256.502558
-7340.284992,104,256.522321
-7510.103475,102,256.542629
-7991.468235,103,256.562373
-7107.882207,99,257.007664
-8596.459992,105,257.027673
-8620.208819,105,257.047435
-10119.069859,123,257.072368
-8266.259197,98,257.091509
-7099.070861,95,257.110077
-7883.941497,100,257.129927
-6942.535541,97,257.14869
-8636.592586,106,257.170152
-8766.836579,106,257.190854
-8967.167027,113,257.212445
-9171.799352,118,257.234667
-7423.96012,103,257.254523
-8044.505832,106,257.275839
-7665.952786,102,257.295266
-9376.055945,111,257.3164
-8968.430415,105,257.336571
-10367.892633,114,257.358327
-8394.248111,108,257.380096
-8667.643275,109,257.401188
-7406.244641,99,257.419852
-7542.785436,106,257.440034
-9316.957216,109,257.460775
-8583.954724,106,257.481609
-9467.267421,104,257.50171
-7847.000915,101,257.520876
-6758.549299,97,257.539138
-9143.011311,110,257.560059
-10406.737697,117,257.582463
-7529.641589,106,257.603907
-9054.383399,107,257.624194
-7884.512868,105,257.644207
-7603.325013,95,257.662376
-8827.133472,110,257.683097
-7596.776769,102,257.703459
-7883.678218,106,257.723886
-7856.880101,101,257.743237
-7831.66074,105,257.763316
-7208.22713,94,257.781288
-6906.686919,95,258.220682
-10244.797713,115,258.24362
-9747.297713,114,258.26631
-8736.526677,110,258.287609
-7560.055221,98,258.306668
-7689.921768,100,258.326723
-7581.198936,103,258.346798
-8039.443145,105,258.366898
-10375.723299,121,258.390018
-8878.652592,113,258.411604
-6821.816015,90,258.42942
-9054.614549,112,258.450953
-10875.299894,122,258.473916
-7471.165127,106,258.494132
-7166.656282,99,258.513132
-9774.821966,113,258.535436
-8217.981418,107,258.556147
-9076.612652,108,258.576554
-7196.744787,93,258.594151
-8720.794636,106,258.614184
-8558.725614,106,258.634186
-9353.543067,109,258.65649
-7204.825728,105,258.676625
-7643.476865,96,258.695254
-7771.660903,103,258.714866
-8971.88454,106,258.735027
-6633.004017,99,258.754924
-8257.300976,99,258.773971
-7415.391775,102,258.793665
-6534.705433,95,258.813331
-8041.560101,103,258.833232
-8763.55929,103,258.85364
-9422.413551,120,258.876825
-7627.132991,103,258.896544
-9502.089732,114,258.918246
-8576.902078,107,258.938495
-7761.75997,107,258.959512
-7188.681292,102,258.979862
-8706.217877,102,258.999111
-9195.464734,97,259.446289
-8519.292851,106,259.46687
-6724.709994,95,259.486136
-7476.147358,108,259.507171
-8480.163368,111,259.528256
-8447.687112,108,259.54886
-8453.596602,105,259.568769
-7689.824961,99,259.587516
-9578.845312,113,259.610545
-7813.022388,95,259.628673
-9885.996536,118,259.651004
-8126.47818,109,259.671711
-8121.824965,108,259.692119
-8870.731718,111,259.714642
-9447.125156,116,259.736969
-10062.691241,114,259.758623
-7753.599825,106,259.778781
-7097.320611,101,259.797985
-9676.808846,110,259.820747
-10165.446697,114,259.842396
-7476.075334,107,259.862883
-9241.008287,110,259.884069
-8275.234245,101,259.903348
-9774.633014,110,259.935252
-8694.904218,111,259.956538
-7766.145649,97,259.974846
-8841.307097,109,259.995455
-6442.422481,93,260.014303
-8559.651473,108,260.035433
-7084.336655,90,260.052755
-6961.738264,100,260.071962
-7060.264514,93,260.089584
-8257.993801,105,260.109579
-9215.933341,109,260.131498
-8066.620175,107,260.152124
-9297.244135,112,260.173187
-6703.136622,98,260.191636
-8027.778934,101,260.210593
-9029.916688,111,260.232434
-8824.855147,113,260.695859
-8899.878197,108,260.716561
-8055.913927,105,260.736737
-8073.423793,101,260.757003
-7547.060122,99,260.776306
-7535.578001,106,260.796633
-7247.091176,94,260.819434
-10261.121853,116,260.842001
-8697.770813,108,260.863997
-10888.406045,112,260.886044
-8687.987762,110,260.907139
-8853.323181,102,260.926807
-10775.925575,118,260.949522
-7707.341021,105,260.970641
-10180.586946,121,260.993829
-7416.509594,99,261.012374
-13501.863691,135,261.038178
-7097.490249,99,261.057142
-8067.49933,103,261.078634
-8911.952662,108,261.099059
-8262.391761,109,261.119501
-8591.205032,110,261.140384
-7087.007393,98,261.158904
-7722.730313,102,261.179408
-6940.667632,100,261.199135
-9465.767688,114,261.221
-6773.350999,98,261.239844
-8650.510452,107,261.261412
-7919.191849,97,261.28095
-8075.680364,105,261.301577
-8104.174498,98,261.320541
-8099.110537,104,261.340645
-8187.190659,104,261.360397
-7511.6421,104,261.380093
-7354.788275,93,261.399078
-8901.971213,106,261.419147
-6678.856373,95,261.437167
-6707.663207,93,261.454869
-7919.094258,99,261.473651
-7976.058924,107,261.938987
-7990.245514,104,261.959075
-7906.60433,102,261.978649
-8090.837103,112,262.000176
-11059.104116,122,262.024396
-7776.772757,100,262.044119
-7513.707241,103,262.063838
-7975.323631,101,262.083344
-7454.83314,106,262.103453
-7712.977881,100,262.122427
-6189.717855,94,262.141217
-8329.896336,104,262.161048
-8019.040241,103,262.180534
-7207.906523,99,262.19934
-7820.895073,101,262.218578
-8301.5898,110,262.240297
-8280.950022,105,262.26166
-8396.428976,105,262.281754
-8893.635054,106,262.301748
-7509.20666,103,262.321304
-8042.152199,100,262.34152
-7441.118606,99,262.360487
-7643.744448,99,262.379307
-7910.432905,106,262.399467
-8453.65533,104,262.419251
-8633.287653,113,262.440717
-8473.068916,102,262.461191
-7128.395886,102,262.480844
-7992.658404,99,262.499834
-8612.591759,104,262.519793
-7513.955719,101,262.539127
-9180.235149,114,262.561958
-7120.526117,105,262.582144
-8075.628037,101,262.601468
-7235.760199,101,262.620797
-7363.387425,95,262.639
-9848.289453,126,262.664274
-10632.3725,120,262.687437
-7528.210988,96,262.705883
-8698.67912,107,263.192699
-8664.540435,111,263.21463
-8972.298357,113,263.236172
-7023.572369,89,263.253809
-9331.207526,120,263.276684
-7717.852941,105,263.297828
-7155.555432,99,263.316646
-7233.445766,99,263.335574
-7763.042495,109,263.356413
-7282.12199,96,263.374717
-6967.141696,95,263.393716
-11306.981876,125,263.41787
-8719.586306,111,263.439034
-8040.466435,107,263.459289
-8151.19344,107,263.479586
-7651.952019,102,263.500086
-8896.923334,108,263.520834
-7676.571074,102,263.54012
-8754.59366,108,263.560357
-8050.22278,98,263.579148
-8436.899984,112,263.60115
-8044.173085,110,263.622478
-11352.221558,125,263.646005
-8335.694084,101,263.665235
-7273.674499,101,263.684392
-7349.510696,98,263.70313
-8008.743324,99,263.723773
-6848.433247,94,263.742105
-8020.205494,106,263.762777
-9267.180903,114,263.784516
-7328.504438,102,263.805249
-7440.652349,103,263.826322
-7707.184093,106,263.846851
-7365.036531,105,263.8676
-7930.144292,103,263.887657
-8344.90341,105,263.907731
-8896.781801,107,263.929906
-8602.727165,104,263.950005
-7677.546365,97,263.968752
-8511.440216,113,264.418732
-8285.899412,106,264.439976
-7549.255105,104,264.460766
-12115.756149,121,264.484041
-9249.933131,120,264.507159
-6653.060224,102,264.526365
-7512.989869,98,264.5455
-7175.460966,97,264.564445
-7015.180484,102,264.583662
-8649.413091,105,264.603645
-8816.840039,111,264.624785
-7155.241277,106,264.645077
-8188.156359,111,264.667309
-7981.549367,106,264.687299
-8556.429798,102,264.706629
-6707.881473,91,264.72407
-7007.426676,94,264.741845
-8629.563574,107,264.762919
-9538.611509,114,264.784988
-7948.195754,105,264.805006
-7473.905383,104,264.824628
-8378.869771,104,264.844007
-9255.255475,113,264.865893
-9442.306774,109,264.887454
-8035.49888,105,264.907463
-8725.161997,115,264.929145
-7869.8657,106,264.948915
-8432.279034,112,264.971065
-6880.071971,94,264.989792
-8273.826591,104,265.010221
-7804.555307,103,265.030264
-7324.302574,107,265.05058
-6580.449048,99,265.069364
-6553.408995,100,265.090334
-6799.450805,94,265.108138
-7377.447052,102,265.127788
-8448.298923,106,265.148138
-7103.2293,98,265.16659
-7455.744241,104,265.187401
-7995.260845,107,265.633039
-7291.848236,97,265.651701
-7771.362056,103,265.671251
-7494.894921,102,265.690822
-8022.260926,105,265.711575
-7258.122447,99,265.73103
-7445.038048,99,265.74997
-7907.699464,105,265.770058
-7715.115886,102,265.789671
-8222.294285,106,265.810265
-8093.350461,105,265.831617
-6284.330883,93,265.849401
-7175.050495,99,265.86798
-6201.965287,94,265.885611
-8535.745765,105,265.905743
-7911.091967,108,265.927192
-7949.871407,99,265.946328
-8308.357225,104,265.965998
-6957.428203,98,265.984492
-7304.623759,107,266.004707
-7003.090134,98,266.023938
-7369.68569,102,266.043683
-8029.345768,102,266.063352
-8940.28341,113,266.085488
-6615.025092,95,266.103919
-8235.417774,111,266.1255
-7430.582199,101,266.146211
-8976.048581,114,266.167806
-8258.431112,105,266.187745
-7852.994024,100,266.206592
-7780.451793,105,266.22624
-7353.768583,99,266.247386
-11683.333811,123,266.270947
-9314.556149,109,266.291958
-8020.792533,111,266.313237
-11403.396132,128,266.337452
-8042.528054,101,266.357749
-7786.302325,102,266.377243
-7297.291237,100,266.396232
-7485.434996,105,266.865987
-10943.609533,121,266.889796
-7917.462593,103,266.909112
-8479.564012,109,266.929551
-8865.639328,106,266.949792
-7857.100767,110,266.971568
-6613.742889,97,266.990309
-6657.156194,89,267.007104
-7101.7086,94,267.025091
-7748.450119,105,267.045063
-7730.094407,101,267.064502
-7652.483208,107,267.086426
-7950.943268,106,267.106786
-8170.522749,109,267.127567
-8792.120388,106,267.147696
-7518.190918,103,267.167042
-7892.599225,97,267.186689
-9264.626144,111,267.208383
-9000.262444,113,267.230544
-8853.818659,103,267.25758
-6385.197648,96,267.277534
-8627.055699,114,267.301359
-8865.798444,114,267.323385
-7225.764038,99,267.342407
-8212.518362,105,267.362284
-8568.709566,105,267.38203
-7934.494857,99,267.401763
-8512.930194,107,267.42187
-7737.412041,102,267.440994
-7748.754028,101,267.460342
-7802.1367,103,267.47976
-7047.912505,106,267.500829
-7725.241331,92,267.518721
-8804.334637,101,267.537533
-6599.50432,99,267.556145
-7989.203431,104,267.575879
-7981.545638,97,267.594293
-10095.890082,119,267.618056
-7232.142001,99,267.636841
-8659.570853,111,267.657968
-7318.490015,109,268.10438
-7207.083194,98,268.124175
-7595.870701,104,268.144208
-7571.102063,106,268.164842
-7445.978891,99,268.183879
-7899.53308,105,268.203819
-6547.702418,96,268.222149
-7186.393435,103,268.24315
-8665.529432,112,268.264929
-8306.385464,106,268.285092
-8842.244618,108,268.305609
-7634.439766,99,268.324723
-7779.835276,107,268.347248
-7723.279229,105,268.367467
-6603.28981,101,268.386884
-10648.812221,121,268.410061
-6536.075848,96,268.428565
-9157.548418,115,268.451814
-7133.53661,101,268.471348
-7723.606192,99,268.490206
-7198.828958,106,268.510466
-7502.205499,103,268.530176
-7657.112581,104,268.550629
-8059.829299,107,268.570987
-7631.549873,106,268.590918
-8837.415152,110,268.611624
-8539.897093,104,268.631207
-8880.647558,109,268.652364
-6905.937049,100,268.672087
-9793.721898,113,268.69378
-8138.575847,113,268.715095
-8192.819028,100,268.734467
-8851.794858,113,268.756161
-7114.24881,102,268.777053
-8347.620164,114,268.799558
-8123.133562,103,268.820208
-8042.938676,105,268.840103
-7387.049317,108,268.860862
-9628.984294,120,269.30941
-7070.629104,107,269.329737
-8162.285651,106,269.349634
-7688.660811,103,269.368891
-8532.960353,116,269.390569
-7058.642515,101,269.411729
-8766.482574,104,269.431189
-7675.85954,102,269.450375
-7890.135932,108,269.471049
-7975.996807,107,269.492027
-8080.422071,103,269.513634
-7749.296311,113,269.535705
-8599.343405,113,269.557565
-7886.78029,101,269.577014
-7099.153713,107,269.597586
-5729.004671,86,269.615098
-8293.374055,104,269.634922
-7159.093319,100,269.65421
-7907.26257,100,269.673456
-9993.053453,115,269.695603
-7243.038586,105,269.716542
-7644.397778,102,269.735914
-7298.055372,97,269.754525
-10024.577032,106,269.77473
-8668.261988,109,269.795281
-7136.26277,100,269.815954
-7911.731473,97,269.835059
-7374.353268,101,269.854389
-8828.420666,109,269.875288
-7406.514125,103,269.895105
-9782.400414,119,269.918861
-7397.368716,102,269.938505
-9165.959482,115,269.959911
-8607.337019,104,269.979396
-9703.115027,112,270.00086
-8245.237263,104,270.020511
-8189.990944,110,270.042807
-8287.549061,115,270.065022
-9817.617718,116,270.087388
-8627.374354,107,270.528096
-8217.51318,108,270.548826
-7707.685376,104,270.570485
-8427.455375,106,270.591316
-7076.361383,100,270.61101
-7086.448908,99,270.630371
-7435.042373,102,270.649719
-10403.54369,119,270.673775
-7357.963183,99,270.693046
-8411.76187,116,270.714981
-11234.905564,120,270.737858
-6777.113575,100,270.757029
-8249.958711,111,270.779832
-8540.361104,113,270.801823
-7080.713895,93,270.819456
-8064.970953,102,270.838532
-6403.913751,100,270.857711
-8618.684544,107,270.879402
-8610.499429,106,270.899473
-8627.333013,105,270.919198
-7088.130159,99,270.938135
-6576.626257,95,270.956241
-6885.92899,103,270.976662
-11969.35111,131,271.002126
-7079.838708,98,271.0206
-7962.361242,105,271.040276
-8034.512781,107,271.060431
-7258.47694,98,271.080304
-6411.632271,92,271.098275
-7485.898012,97,271.116604
-7539.754436,102,271.135795
-8317.993458,115,271.157646
-8036.926798,104,271.177315
-7265.502525,102,271.197701
-8821.646505,114,271.219392
-7671.843327,102,271.238741
-8695.592518,109,271.260099
-7908.684822,100,271.27955
-9989.618228,114,271.302288
-9299.135142,109,271.751649
-7259.247299,95,271.770294
-7185.24681,97,271.788946
-8178.316733,102,271.809804
-8405.07007,107,271.832608
-8401.97429,104,271.8528
-9045.374623,111,271.874181
-9935.200906,118,271.896933
-8140.231856,111,271.919005
-7571.094392,99,271.939623
-8907.673039,112,271.961494
-6566.467702,97,271.980089
-7066.104276,97,271.998563
-7199.130981,102,272.017886
-8173.511439,103,272.038191
-7335.997235,105,272.05854
-8185.879691,111,272.08003
-8926.664138,112,272.101441
-9315.317761,115,272.123357
-7591.550014,104,272.144139
-7809.075502,110,272.164965
-7981.370009,104,272.184652
-10621.550396,116,272.20667
-10370.349434,118,272.228883
-9848.134004,119,272.252837
-8753.373224,116,272.275071
-7280.373792,106,272.295128
-7636.50603,108,272.315435
-6650.429398,97,272.33361
-8789.60938,110,272.355275
-8370.922837,111,272.376364
-7798.602339,98,272.394697
-9341.357646,115,272.416405
-8302.201574,107,272.436845
-8010.038042,110,272.458588
-9013.914757,116,272.481216
-7396.618126,98,272.499822
-9235.441306,112,272.521235
-8017.032757,106,273.005646
-7043.8524,96,273.023993
-8490.535126,108,273.044234
-6750.079749,95,273.063052
-8778.885893,109,273.085249
-9216.209352,109,273.106431
-7575.240166,98,273.125439
-9332.763175,108,273.145964
-8414.210305,111,273.166855
-7832.530338,102,273.186889
-8151.818814,107,273.207425
-8082.406064,107,273.228023
-7039.479142,97,273.247356
-8860.591125,113,273.269261
-8593.03734,104,273.288758
-8710.20418,110,273.310974
-7740.410186,102,273.330729
-7125.861246,96,273.350398
-7245.783601,101,273.369986
-8350.780546,111,273.390666
-10636.16559,117,273.414202
-7695.455854,104,273.433988
-7643.428605,103,273.453566
-7731.606086,107,273.474237
-8164.711001,108,273.49512
-9898.087386,118,273.518936
-8169.244808,107,273.539434
-7940.383864,103,273.559247
-7929.779818,106,273.583682
-7638.078372,105,273.604815
-7236.449597,102,273.625607
-8987.281173,111,273.647114
-7959.851411,107,273.667653
-8469.467639,106,273.687942
-9834.501495,106,273.708262
-7827.04435,104,273.729615
-7090.338349,103,273.749115
-7774.931121,105,273.768966
-8721.574704,112,273.790328
-8600.823706,109,274.249859
-7804.458791,108,274.271214
-8320.484738,112,274.292541
-8230.002959,110,274.313404
-6851.942821,96,274.331651
-6010.669192,93,274.350198
-7642.081258,103,274.370343
-7351.473323,100,274.389559
-7804.462383,103,274.40937
-8474.914736,112,274.430681
-9130.162058,115,274.453299
-7874.821421,100,274.47303
-7763.659932,105,274.493191
-8219.757406,104,274.513205
-7445.913655,103,274.532976
-7752.961325,104,274.55277
-9862.909102,111,274.575236
-7873.391689,108,274.595888
-8416.141905,111,274.61712
-6319.642969,98,274.635933
-7575.972625,104,274.655923
-7383.94444,101,274.676251
-7708.273802,109,274.697178
-7077.385774,101,274.71645
-6979.682882,101,274.735722
-7908.243504,102,274.754923
-8046.155691,109,274.777599
-7884.617737,105,274.797987
-7726.416032,103,274.817945
-7861.235348,105,274.837922
-9768.530739,108,274.858044
-7304.958216,96,274.877482
-7203.558937,102,274.897017
-7779.395917,105,274.916857
-8109.029763,103,274.936267
-8576.693736,109,274.956637
-8456.373664,111,274.978611
-7650.072753,101,274.998255
-7400.199625,101,275.017247
-9081.250622,113,275.473795
-8440.10056,99,275.493133
-9957.425001,129,275.51934
-6679.177679,94,275.537565
-9495.902539,109,275.558546
-9324.318069,118,275.581135
-8076.181429,107,275.601527
-7577.308953,110,275.623986
-8109.374655,105,275.644159
-9549.517903,109,275.664812
-8375.916719,110,275.685914
-8203.270637,110,275.706854
-7570.811676,100,275.726984
-8339.794872,113,275.74885
-8028.072801,100,275.767781
-9113.789438,108,275.788272
-8008.323271,101,275.807952
-8779.82386,114,275.831123
-9865.665065,119,275.854066
-6601.861806,96,275.87244
-8195.269107,107,275.892684
-8340.341385,107,275.913212
-9718.157043,110,275.935277
-8111.723061,109,275.956362
-6831.716774,96,275.974767
-6972.956474,101,275.994058
-7861.098196,108,276.014404
-7735.461892,96,276.033448
-8002.599119,100,276.052604
-7634.764033,99,276.071686
-7402.611871,100,276.090711
-10089.686907,114,276.112747
-9011.523984,113,276.134829
-9098.532683,113,276.156791
-7250.193195,98,276.175691
-8072.965107,107,276.196788
-7535.944895,100,276.21647
-6907.933095,97,276.235399
-7566.222571,105,276.257369
-8127.863928,108,276.704454
-7168.617441,100,276.723819
-9384.667824,110,276.745049
-9768.434651,115,276.766829
-7619.129336,105,276.788468
-7589.713754,111,276.8116
-6816.941715,97,276.830102
-9567.361274,116,276.851784
-8967.239803,107,276.872073
-6983.932488,105,276.893408
-8704.15929,110,276.914605
-9797.068003,121,276.938009
-8415.145118,101,276.957427
-7143.522255,101,276.977535
-6793.171475,97,276.997898
-8536.126483,110,277.01937
-8201.724545,102,277.038788
-9760.415831,120,277.062153
-7293.601942,102,277.081887
-7179.02788,95,277.101214
-7012.756117,100,277.12015
-8374.043503,113,277.141512
-8876.699695,110,277.162395
-7165.440192,102,277.18172
-8401.686985,108,277.203349
-7132.024241,98,277.221967
-7575.481151,105,277.242143
-7716.20788,105,277.26245
-8029.675524,106,277.282697
-6609.894454,94,277.302342
-9485.740088,112,277.323871
-7461.897592,103,277.343779
-9075.133297,113,277.365813
-7839.249171,104,277.385738
-7426.552156,101,277.406213
-8902.47114,113,277.427946
-8037.61327,105,277.448291
-7158.573273,106,277.468598
-9380.612993,109,277.917171
-7641.675714,107,277.939745
-9682.476421,110,277.961286
-8538.809535,107,277.982548
-8927.993394,109,278.003304
-6833.326063,98,278.022074
-9133.18213,108,278.044286
-9385.548348,111,278.066318
-7135.291889,101,278.086034
-9072.872115,112,278.107682
-8011.921203,109,278.128431
-7866.471786,105,278.149487
-10395.504502,127,278.173793
-7423.864192,105,278.193993
-7235.201441,102,278.213589
-7695.686014,100,278.23271
-9870.297678,118,278.257122
-8537.21396,109,278.278263
-7765.2711,98,278.297104
-8512.334074,110,278.317982
-10216.679303,125,278.341696
-8682.059486,111,278.364024
-7142.633854,97,278.382296
-8476.527167,110,278.403715
-7498.563897,100,278.423364
-8171.474087,99,278.442648
-7003.135917,102,278.463748
-8249.653162,103,278.483538
-8349.96578,108,278.504046
-11411.100185,125,278.527718
-8581.160054,110,278.548789
-7260.033557,106,278.569989
-7484.488949,92,278.587723
-6688.153457,96,278.60598
-7112.331899,103,278.625669
-7592.280664,103,278.645068
-7880.29847,99,278.66456
-6096.882083,95,278.683359
-8229.619562,106,278.703757
-7860.124022,112,279.182642
-9719.002153,112,279.205552
-7653.448162,103,279.225649
-7487.771606,105,279.246341
-8661.245589,109,279.267075
-9708.27214,114,279.288492
-6876.889308,98,279.308177
-8810.599996,112,279.329495
-7346.591475,106,279.349526
-7507.074298,107,279.370021
-10253.424814,111,279.391327
-7683.437842,107,279.412877
-8441.131856,112,279.434499
-10501.141791,120,279.45699
-7433.007374,110,279.477869
-7856.64764,99,279.496648
-7213.010318,98,279.516304
-7951.783108,105,279.536665
-8599.77758,106,279.557333
-7290.796643,104,279.577401
-7340.950274,103,279.597383
-8353.277089,107,279.61898
-7149.026732,101,279.638642
-9709.751723,117,279.660942
-9357.037574,114,279.682542
-8982.207501,105,279.702244
-7937.051975,103,279.722787
-9501.831487,113,279.744709
-6751.888401,96,279.763121
-6764.781657,98,279.781755
-8391.878736,110,279.803093
-8584.302901,106,279.824567
-7086.453529,101,279.844345
-8102.41842,106,279.864479
-7484.882789,99,279.883226
-6769.072342,103,279.902705
-8658.762405,111,279.923516
-9652.966823,123,279.947913
-8503.297943,107,280.390274
-8254.297103,111,280.412309
-7116.970749,103,280.432007
-9569.196145,113,280.453601
-9949.595946,117,280.477347
-8821.833716,107,280.497881
-7145.774011,98,280.516489
-8877.068814,113,280.537808
-7825.187593,101,280.55669
-6389.441838,101,280.577004
-10030.289449,116,280.59941
-7593.600637,103,280.619167
-7964.143613,97,280.63786
-6562.440922,99,280.657012
-7944.92831,103,280.67821
-7337.057462,103,280.698148
-6907.795131,100,280.717563
-7715.739546,105,280.737752
-7171.620924,104,280.757873
-7545.028062,105,280.778765
-9089.302215,114,280.801332
-7611.992319,108,280.822338
-8676.293087,114,280.844776
-9159.887597,116,280.866804
-7600.326875,104,280.887711
-7831.468394,107,280.907967
-7905.678591,102,280.927095
-8956.147483,109,280.947683
-8839.457486,108,280.968158
-9210.275409,106,280.989176
-6810.302246,99,281.008659
-7852.30491,103,281.028293
-6916.73384,96,281.046597
-6702.948615,105,281.066634
-8675.198464,108,281.08727
-9382.40697,111,281.109743
-7971.33888,104,281.12941
-8388.961948,108,281.149971
-7855.483908,99,281.169202
-6882.368301,102,281.60911
-7913.616806,106,281.631089
-9843.226482,122,281.654571
-8207.252039,99,281.673625
-9790.710822,113,281.695375
-8715.201853,117,281.717679
-9821.528063,117,281.740913
-6679.831037,94,281.758747
-7071.121331,102,281.778411
-7957.835123,110,281.802115
-7674.361899,106,281.82248
-7745.615694,107,281.844927
-5666.943555,91,281.862263
-7712.057628,103,281.882182
-9471.157054,112,281.903301
-9751.242293,115,281.925315
-7944.965081,103,281.946281
-7750.763296,99,281.964997
-9366.266542,112,281.986442
-8697.796143,112,282.00777
-8202.903895,107,282.027779
-7200.864048,102,282.048323
-7839.251346,103,282.068412
-8160.5391,108,282.089271
-7050.163732,98,282.108658
-6906.102724,96,282.127003
-6648.213541,92,282.144688
-7525.201986,101,282.165025
-6583.74543,95,282.183218
-7209.334471,100,282.202126
-8538.749775,111,282.223091
-8937.175505,116,282.245442
-8914.60413,115,282.268934
-7609.908487,100,282.288146
-9279.576841,114,282.309694
-6733.054751,97,282.328096
-10587.938458,122,282.351065
-8232.152171,104,282.371928
-8395.970888,108,282.815618
-8956.085737,115,282.838712
-7126.733996,94,282.856967
-7842.813182,103,282.876874
-8522.191369,112,282.899792
-7913.514583,101,282.919775
-8270.595038,99,282.938994
-8303.658509,99,282.958481
-8113.290964,101,282.977751
-6731.297143,98,282.997762
-7159.294984,105,283.017972
-6903.818214,97,283.036459
-8037.362648,109,283.057217
-7456.427849,102,283.076895
-9592.8965,110,283.099095
-7851.167157,100,283.118542
-7985.645074,106,283.138619
-7163.197131,94,283.156582
-8126.165507,109,283.177182
-8276.838965,111,283.198589
-6806.551511,96,283.218113
-9315.648354,116,283.239852
-7435.502516,99,283.259555
-6431.729923,98,283.278221
-9097.582603,107,283.298255
-9787.96392,114,283.321075
-8725.973025,108,283.342027
-7103.797353,99,283.361196
-7883.521839,108,283.381754
-8609.41888,113,283.403342
-8241.855809,114,283.426334
-10004.419873,116,283.448351
-8078.852319,107,283.46842
-6965.873838,97,283.486882
-9346.942611,113,283.507878
-10412.014491,112,283.530607
-7071.563232,102,283.550286
-8345.118492,105,283.570443
-7277.833551,100,283.589592
-8408.082793,106,284.033481
-7009.962764,103,284.055733
-8555.846992,109,284.077281
-7356.256083,100,284.096973
-8720.070302,112,284.118411
-8988.362987,114,284.140567
-7047.570418,98,284.160527
-10057.520007,116,284.18267
-7385.165493,105,284.202565
-7201.48292,102,284.221938
-7750.009704,107,284.242454
-6924.336951,95,284.262397
-8286.124163,103,284.282349
-8075.846127,101,284.301613
-11395.830537,123,284.324922
-8425.215066,105,284.344744
-8758.699116,107,284.366213
-7333.697163,104,284.38629
-6943.281509,97,284.404921
-7623.429969,106,284.425223
-8751.811956,113,284.446589
-7694.049468,106,284.467738
-8271.14074,103,284.487702
-8270.357986,112,284.509131
-9039.797699,107,284.529582
-7310.976125,107,284.549697
-11027.030321,123,284.573886
-9951.350393,115,284.596433
-8830.742211,114,284.618448
-9642.246773,111,284.639274
-9787.98556,109,284.659572
-7567.827824,102,284.681943
-7576.062437,97,284.700851
-7888.045972,109,284.722146
-7209.588104,102,284.741755
-8321.97298,112,284.762992
-7637.133885,104,284.783865
-8550.155406,111,284.80597
-8964.426388,109,284.827038
-10305.934256,117,285.290003
-8055.515222,116,285.313866
-7576.907666,105,285.334038
-9060.97492,111,285.355244
-8579.562063,110,285.3763
-9015.760165,105,285.396209
-6791.346565,98,285.415932
-7145.755824,96,285.434464
-8989.773106,114,285.456391
-7504.61256,108,285.476967
-8251.731496,105,285.496836
-7189.987189,98,285.516108
-8666.58569,109,285.537172
-9074.785415,112,285.558272
-8005.516116,104,285.578284
-8265.998029,113,285.599942
-8026.668252,115,285.622981
-7987.083534,108,285.644136
-7660.552975,102,285.66367
-7181.376763,100,285.682793
-6960.912548,104,285.702331
-7502.287465,100,285.72138
-8199.197023,106,285.742668
-8940.357454,114,285.76425
-8622.413985,109,285.78473
-7313.024491,102,285.804449
-6905.196376,99,285.823251
-6319.786731,96,285.842919
-8076.33808,107,285.863229
-8376.402266,106,285.883296
-7237.75343,104,285.903423
-7971.167912,106,285.923706
-8822.987968,113,285.946438
-6654.868576,104,285.966271
-8300.734496,110,285.987439
-10975.353916,119,286.010349
-8479.062339,109,286.031327
-7812.62049,104,286.052502
-7189.011746,100,286.507373
-9844.93138,119,286.53035
-8523.869519,115,286.552368
-8247.794124,109,286.57485
-9111.230374,111,286.596153
-8325.336147,105,286.616421
-8331.268816,102,286.635958
-7785.749561,103,286.655621
-7920.087987,102,286.675721
-6401.511392,91,286.693478
-7957.959705,103,286.713206
-7439.263019,101,286.732442
-9564.540638,116,286.754513
-8661.298203,109,286.775443
-7250.937697,97,286.795341
-7706.654583,100,286.815011
-8007.552392,105,286.835048
-7412.902274,102,286.854246
-7312.85235,99,286.873737
-8397.429337,110,286.895982
-7849.706865,112,286.917583
-7485.713877,106,286.937792
-7039.314897,100,286.956727
-6953.764778,93,286.974246
-9254.674064,118,286.997953
-8002.577793,109,287.018838
-8396.251389,111,287.039981
-8539.659637,104,287.060001
-7526.845698,105,287.080533
-6986.76208,94,287.099374
-7224.004964,99,287.119104
-6535.095029,95,287.137398
-8945.474777,112,287.158946
-8814.000232,114,287.180587
-7098.52714,104,287.20117
-9889.616552,122,287.224761
-8062.405106,101,287.244575
-6933.815014,96,287.263224
-8088.453033,109,287.284105
-7899.492907,105,287.731339
-8220.865441,98,287.750652
-8857.026753,111,287.771535
-8396.798598,119,287.794767
-8647.267091,109,287.816757
-9891.841416,110,287.838374
-7455.140762,111,287.859873
-8301.256568,107,287.88074
-7763.925841,104,287.900748
-7840.332324,100,287.919536
-8223.830727,101,287.938358
-7323.333394,105,287.959171
-7615.798684,101,287.978534
-11767.35271,129,288.003313
-9602.349974,119,288.025635
-6714.706784,95,288.043339
-7105.980315,98,288.063861
-7933.059473,114,288.085545
-9870.177951,118,288.1086
-7031.472704,96,288.126725
-8532.59425,110,288.147369
-7843.615263,108,288.169132
-6979.47891,99,288.187794
-8340.900679,110,288.208333
-8275.605677,106,288.22808
-7819.89173,98,288.247122
-7958.268578,101,288.267633
-7925.133258,105,288.287783
-8334.167545,106,288.307858
-7401.386298,96,288.325847
-9468.958759,116,288.347684
-8099.013855,104,288.36787
-7709.064427,105,288.38838
-8194.538456,105,288.408275
-8397.737278,110,288.429291
-10194.783893,117,288.451787
-9513.73759,120,288.475615
-10099.919825,123,288.499189
-7948.098525,106,288.958625
-8358.694607,111,288.979977
-8034.807696,102,289.000345
-7170.610386,102,289.019982
-7382.559899,101,289.039308
-10521.997089,115,289.061754
-7046.335025,96,289.080297
-8140.56851,103,289.099883
-8385.480413,112,289.123086
-9347.310278,112,289.144632
-7344.507198,103,289.164149
-9017.206187,113,289.185377
-8578.169802,104,289.205129
-9495.828024,114,289.228149
-9273.451477,114,289.250318
-8944.097727,117,289.272787
-7836.153337,105,289.292978
-7979.997992,101,289.313277
-7115.159296,92,289.331351
-7425.504021,106,289.351751
-8673.161938,107,289.372246
-10381.619665,117,289.394371
-6182.755089,92,289.412159
-8849.704143,110,289.434469
-6256.396418,97,289.453003
-9426.58629,118,289.475429
-6952.950419,105,289.495182
-8024.132017,103,289.51459
-7027.521156,100,289.534573
-8484.423793,114,289.556389
-8041.667319,111,289.577623
-9427.562064,121,289.600882
-7433.351728,103,289.620476
-8063.00761,116,289.643919
-7663.090965,106,289.664824
-8007.619924,105,289.685458
-6507.653732,98,289.704734
-7292.613729,104,289.724725
-7978.184306,111,290.17501
-7114.40154,101,290.194619
-6737.299492,103,290.214396
-7467.543145,109,290.235379
-6721.966359,97,290.254151
-7893.421319,102,290.274902
-7453.00398,100,290.294445
-9021.789217,117,290.316781
-8407.953636,106,290.336986
-8545.461848,114,290.358528
-8360.561926,107,290.379907
-7721.48472,105,290.399915
-7504.623513,104,290.419636
-9159.475238,113,290.441294
-7180.686212,100,290.460281
-8398.558678,108,290.481918
-8127.417542,109,290.50294
-6595.131028,102,290.5225
-9636.165445,113,290.544116
-7210.552627,104,290.564019
-8692.3376,111,290.586103
-7580.999496,103,290.605929
-6925.687904,98,290.624641
-9323.032587,113,290.646148
-9875.639297,118,290.668581
-10200.919736,118,290.692058
-8832.372464,114,290.714034
-7713.913262,100,290.733
-8442.607889,111,290.754487
-9517.408991,118,290.777524
-8608.721251,104,290.799909
-8624.428337,111,290.821918
-8326.30383,113,290.843918
-9481.839762,124,290.86771
-8383.024207,105,290.887879
-7552.140053,102,290.908988
-8476.648767,109,290.930275
-6964.172379,102,290.949617
-8534.684267,113,291.394289
-7694.009828,105,291.414351
-7928.165959,111,291.437046
-7147.922119,98,291.455868
-6896.637189,97,291.474334
-7839.48158,105,291.494606
-8542.328636,105,291.514794
-9004.520471,121,291.538833
-7256.528862,101,291.558203
-6676.202184,96,291.576349
-8553.469281,113,291.597718
-7868.814703,106,291.617793
-8302.833596,113,291.640147
-7388.679112,101,291.659547
-9094.335727,108,291.679947
-9042.787829,119,291.702578
-7818.183817,100,291.721875
-9855.035196,117,291.745332
-6991.340085,102,291.764921
-9664.804014,120,291.787916
-8430.950406,109,291.809642
-7909.122762,106,291.830277
-9036.35052,112,291.85267
-7758.694839,109,291.873843
-7397.287134,107,291.894671
-8159.294564,107,291.91572
-8002.219439,104,291.936121
-7199.242334,105,291.957635
-6896.391856,98,291.976886
-7939.15281,105,291.997144
-9120.269361,109,292.018228
-7477.396171,104,292.038362
-8905.775368,109,292.060384
-8565.9743,114,292.083065
-10969.267917,124,292.107162
-6498.185638,99,292.126209
-8306.100252,108,292.14707
-8238.650939,110,292.1692
-7016.568136,98,292.630896
-7262.949399,100,292.650518
-8068.896293,111,292.671426
-8493.280594,107,292.692297
-6745.173224,99,292.715279
-9402.521188,113,292.736999
-8357.670991,111,292.758249
-9958.724246,123,292.781598
-6885.201009,105,292.802839
-8350.396544,110,292.824207
-7806.332972,101,292.844911
-9832.961527,113,292.869624
-7566.08312,103,292.889517
-8402.952674,105,292.918083
-7228.936319,93,292.93818
-8540.008393,115,292.961753
-9054.535235,106,292.984345
-8427.089504,114,293.0123
-9109.574289,117,293.040404
-7484.601644,103,293.06211
-8295.889115,105,293.084066
-8203.929225,105,293.108464
-7712.015471,101,293.130834
-7651.490928,106,293.155822
-8132.72572,105,293.176095
-9093.76895,115,293.19892
-7269.796726,102,293.224422
-8667.82764,109,293.247321
-9750.369375,113,293.26963
-8367.774939,115,293.298452
-7449.760445,95,293.316924
-7623.871544,100,293.337691
-8354.714469,110,293.359311
-9164.470976,108,293.385013
-7346.98847,107,293.405814
-8658.188026,113,293.427928
-6779.67398,102,293.449396
-7016.616766,102,293.4689
-7916.905595,103,293.496362
-6366.124728,102,293.998557
-7646.263659,106,294.018718
-7176.483909,100,294.038174
-8069.923009,106,294.058679
-9103.922967,119,294.08362
-8070.216473,108,294.104571
-8888.849371,110,294.125661
-6486.075353,100,294.145432
-8272.13319,110,294.167011
-7185.030557,100,294.187795
-7650.479498,104,294.208013
-7188.364525,99,294.227063
-7333.055699,100,294.246809
-7220.358364,103,294.266645
-7559.798365,109,294.288606
-8288.106761,111,294.310054
-9192.544524,116,294.332369
-10413.950727,118,294.354825
-8078.506498,102,294.374356
-6368.301615,93,294.393341
-8733.073599,111,294.414799
-7123.461762,97,294.433385
-6977.653087,104,294.453308
-7301.18033,101,294.472204
-10231.904817,123,294.496341
-7110.964758,101,294.515985
-9278.734978,112,294.537178
-9011.781388,110,294.558247
-8064.364158,114,294.579991
-8426.263959,110,294.60181
-7013.869876,103,294.62166
-7425.689923,104,294.641323
-9197.834625,111,294.662639
-8087.391824,107,294.682694
-6895.298769,100,294.702113
-7692.993969,109,294.723141
-8543.320525,110,294.744116
-7690.200847,109,294.764897
-6304.615399,95,295.253725
-8087.019691,111,295.275821
-8976.821172,105,295.296569
-9124.611587,109,295.31802
-8325.382654,112,295.340665
-10570.501805,123,295.364675
-7572.961604,107,295.385305
-6316.390941,94,295.403409
-8207.721085,112,295.424439
-9058.572825,115,295.447245
-9306.856398,117,295.469759
-7541.809501,99,295.488721
-8065.470089,107,295.509096
-8542.660043,116,295.531389
-7350.331714,104,295.552292
-6920.318508,101,295.571596
-7944.228867,96,295.589724
-9754.4925,114,295.611475
-9964.527865,114,295.633062
-8312.00242,116,295.655823
-8175.608868,107,295.67674
-8243.418009,106,295.697066
-9308.614398,112,295.718452
-7324.915192,107,295.738806
-8080.836222,108,295.760161
-8283.383602,99,295.779342
-7630.276479,102,295.799363
-7258.210797,101,295.81886
-7701.105119,106,295.838905
-9309.529193,123,295.862878
-7256.770888,107,295.88338
-7391.661707,103,295.902637
-6740.853062,99,295.92132
-8477.132413,105,295.941529
-7057.799386,106,295.961876
-8189.147156,110,295.984244
-9924.775802,124,296.007899
-9968.627694,116,296.030049
-6923.075867,106,296.484434
-8305.55175,107,296.506632
-9793.760191,115,296.528705
-8488.669013,111,296.549864
-7454.745463,101,296.569259
-7715.233787,107,296.589614
-8542.823435,112,296.612639
-7297.945757,100,296.631959
-8309.637558,111,296.653051
-8746.473649,115,296.6748
-6892.018285,101,296.693875
-8646.878181,106,296.71517
-8752.376666,114,296.737048
-8924.846076,113,296.758432
-7486.212346,106,296.778982
-8809.239213,101,296.798752
-8480.107893,111,296.821519
-7661.578322,100,296.841095
-8532.943246,103,296.861086
-8623.303475,99,296.880063
-8363.685836,109,296.900393
-7132.234239,101,296.920352
-6874.971505,99,296.940385
-7257.947393,104,296.960083
-8837.379225,116,296.982383
-7783.450492,108,297.002932
-7864.976118,100,297.021713
-7118.623412,104,297.042599
-7664.091311,103,297.062744
-9632.232101,117,297.084974
-8756.434222,118,297.107085
-6752.676069,99,297.125635
-7257.369744,106,297.147359
-8150.728703,103,297.167285
-6738.948566,98,297.18621
-8291.730525,103,297.20575
-6990.781817,103,297.22501
-9497.050457,112,297.248229
-8421.923935,108,297.268873
-7979.439014,113,297.721526
-8092.193683,102,297.741242
-8050.877721,106,297.762482
-8274.121328,100,297.78233
-7143.298794,97,297.801355
-7342.854683,102,297.82113
-7025.905742,108,297.841521
-8391.848093,106,297.861421
-7209.313667,100,297.881898
-7339.783585,105,297.901909
-7966.920775,106,297.922096
-8337.034403,106,297.942877
-7517.13282,105,297.963244
-8173.635982,110,297.98552
-7699.164893,102,298.005421
-6890.837785,96,298.023972
-10355.685055,114,298.046111
-7458.228679,104,298.066191
-9353.527511,114,298.089474
-6563.021356,96,298.107921
-7679.758633,102,298.127128
-6737.025926,98,298.145722
-7573.480572,106,298.166304
-8779.912402,113,298.18891
-8091.089714,110,298.210194
-9098.181261,111,298.231614
-8090.964099,105,298.252136
-8870.980599,103,298.272018
-7739.877149,108,298.293606
-8163.556169,107,298.314367
-7360.497142,99,298.333192
-7169.108019,100,298.352425
-7900.852857,103,298.372277
-8309.744704,111,298.393102
-7808.913787,108,298.414761
-8552.666831,105,298.434599
-7279.497027,98,298.453128
-7575.066119,107,298.473272
-8218.423764,110,298.493791
-9347.349686,112,298.957835
-8215.216617,108,298.978627
-7160.363735,97,298.99725
-8684.462982,111,299.018591
-7927.531169,94,299.037779
-7633.065754,108,299.058952
-7891.410743,104,299.078782
-7404.124416,99,299.098079
-7308.910361,107,299.118551
-10195.677801,121,299.142572
-7934.651201,113,299.164801
-7355.740885,101,299.184436
-7379.985805,98,299.20356
-8123.28773,113,299.225415
-8216.419116,110,299.247479
-8362.936271,108,299.268971
-7248.497518,105,299.289335
-8532.096409,110,299.310626
-6270.190412,92,299.328137
-7698.431822,110,299.349329
-6540.485451,90,299.367934
-6260.067016,95,299.386348
-7523.978198,111,299.407796
-7450.525156,98,299.426643
-7848.127462,105,299.446949
-8056.132103,106,299.468178
-7746.525705,106,299.488647
-6380.412632,100,299.507931
-7916.484481,105,299.528186
-7515.076618,98,299.547201
-8024.947337,103,299.56762
-8234.850258,111,299.588965
-7677.719995,103,299.60868
-6662.878019,92,299.626305
-9229.631702,114,299.648141
-8873.639322,109,299.669822
-7529.981866,101,299.689603
-6880.511303,101,299.709135
-8160.65198,107,299.73009
-7670.017801,103,300.184262
-7698.708211,103,300.205373
-7527.703743,101,300.22474
-8037.430066,109,300.245984
-8025.464038,105,300.265912
-7090.159887,102,300.285277
-7261.826455,105,300.306203
-6772.027311,100,300.325386
-11149.036385,122,300.348658
-7921.096871,102,300.368445
-8094.459742,104,300.388484
-7086.161402,107,300.410039
-7937.892515,107,300.430722
-8222.348518,110,300.451748
-6980.187532,102,300.47124
-6926.244463,100,300.49029
-9045.173099,118,300.513892
-8402.433095,111,300.535191
-7396.377881,105,300.55508
-7543.405236,105,300.575143
-8459.887362,118,300.597781
-7948.8541,103,300.618196
-10331.83744,121,300.64178
-8123.785064,107,300.662148
-9775.827105,116,300.684169
-6939.726829,105,300.704179
-6623.496008,100,300.724243
-8485.721702,114,300.74626
-8785.181843,103,300.76595
-7195.16754,102,300.785292
-6740.1852,101,300.804971
-8283.148207,111,300.827115
-9778.534625,119,300.850433
-8768.943698,118,300.873273
-6851.732459,101,300.893031
-7625.328387,103,300.912977
-7961.6191,107,300.934078
-6982.233221,101,300.954033
-7304.848545,102,301.400321
-9967.186554,122,301.423347
-8572.302881,106,301.443221
-7900.21336,99,301.462907
-7937.437121,111,301.485035
-6907.392231,100,301.504272
-8129.289267,109,301.525326
-8154.68076,106,301.545489
-7655.882767,104,301.565985
-6995.321453,101,301.585888
-9791.266299,114,301.607785
-7953.288653,112,301.629253
-8586.57154,107,301.649808
-8764.30132,103,301.670409
-8141.605386,111,301.692006
-7550.295691,99,301.711019
-7490.529779,104,301.730943
-7508.713871,108,301.751252
-8658.609557,107,301.771618
-7819.584784,108,301.793093
-7172.535349,104,301.813628
-7204.231223,104,301.833519
-7762.269406,105,301.853349
-6947.396401,100,301.872302
-8101.680049,105,301.893255
-8697.371426,112,301.914764
-7795.385534,103,301.934391
-8795.315043,114,301.956165
-7735.017544,107,301.97686
-7478.459987,105,301.998835
-7401.293069,108,302.019766
-7512.280296,100,302.039087
-8110.868814,111,302.061135
-8212.622848,104,302.081823
-7345.460221,104,302.103124
-8680.124347,108,302.124094
-8793.110314,112,302.145402
-7853.645469,105,302.165104
-7758.099847,108,302.603638
-7889.608626,108,302.625717
-9494.91561,117,302.648414
-7443.50037,107,302.668679
-7785.319931,103,302.688032
-7482.342846,103,302.707428
-8639.054474,112,302.729303
-8323.40161,116,302.752217
-7614.089741,106,302.772354
-9465.676832,121,302.795644
-9929.593714,115,302.817627
-10212.895993,116,302.840573
-7991.009611,104,302.860249
-8677.811403,110,302.881486
-8243.146311,109,302.902324
-7413.264218,101,302.921721
-7927.106572,102,302.942266
-8814.529862,105,302.962622
-8457.473146,109,302.983475
-8053.39783,100,303.002534
-6614.532484,98,303.021159
-8106.783448,107,303.042338
-7893.901415,100,303.062506
-7107.273993,98,303.081558
-7352.793029,102,303.101616
-7158.091077,103,303.121778
-6863.329099,100,303.141182
-8606.919296,111,303.163977
-8542.155391,113,303.185742
-6658.676647,99,303.204743
-9760.886277,116,303.226861
-9253.753298,119,303.251035
-8028.802502,97,303.270274
-7985.448772,108,303.29088
-9504.567441,117,303.313368
-8232.439176,108,303.334183
-8343.566258,109,303.355105
-7741.416957,104,303.3759
-8686.532557,110,303.396784
-9742.273344,121,303.868533
-7732.959788,106,303.889959
-8344.489615,111,303.911858
-7890.991846,101,303.931161
-8756.041669,109,303.951906
-7889.039953,104,303.974828
-8526.682018,117,303.998527
-8784.965005,110,304.01984
-8846.28415,112,304.041391
-8542.559542,108,304.062987
-6782.643099,101,304.082646
-8453.570469,104,304.104146
-8856.780525,106,304.124957
-8574.194942,111,304.146262
-7407.341461,101,304.165676
-7723.022715,107,304.186002
-9873.680536,118,304.209585
-7875.719607,109,304.23115
-7476.9383,109,304.253418
-8350.313645,105,304.273977
-8690.301596,109,304.295343
-9082.534164,119,304.319623
-7459.953138,101,304.339199
-8039.149299,110,304.360194
-8897.651583,114,304.382
-7390.461225,103,304.401975
-7248.164857,100,304.422489
-6631.06691,101,304.441961
-8944.292574,115,304.463718
-7954.483348,108,304.484271
-7729.079111,105,304.504173
-7539.447537,104,304.524842
-8419.561427,108,304.545794
-8920.96098,118,304.568317
-7477.11427,108,304.588952
-8881.157536,115,304.610744
-8936.73922,115,304.633709
