#{"t_start": 1775967785.2824872, "env_id": "None"}
r,l,t
-64.647041,86,0.613086
-44.310785,52,0.624249
-41.650464,36,0.630839
-28.98105,49,0.638947
-35.797576,41,0.645493
-106.694315,99,0.662239
-30.094024,24,0.666532
-26.895632,30,0.671437
-35.327416,55,0.680443
-43.396505,42,0.688572
-83.425309,63,0.69938
-26.140328,23,0.703168
-42.269008,47,0.710725
-67.244559,68,0.722448
-46.635969,73,0.734727
-61.321188,93,0.749773
-27.646783,35,0.755397
-27.287016,22,0.758949
-34.250381,36,0.764727
-47.39618,52,0.773036
-62.539809,54,0.781832
-54.581468,71,0.794163
-115.232888,115,0.813132
-30.237504,34,0.818707
-50.925632,57,0.827817
-47.823674,54,0.836517
-68.361422,84,0.851445
-43.046895,36,0.857681
-46.630338,54,0.867084
-41.871407,44,0.874528
-38.471733,94,0.890047
-48.090527,56,0.900228
-57.682745,70,0.911532
-74.352842,85,0.925528
-25.48378,27,0.930146
-65.908886,79,0.943223
-28.859896,30,0.948313
-56.791888,73,0.959936
-37.835712,58,0.969168
-44.939546,44,0.976137
-32.259233,55,0.984906
-75.473284,66,0.995384
-80.049362,95,1.011498
-23.689975,40,1.018093
-32.395487,30,1.02291
-26.410385,23,1.026628
-32.092897,34,1.032202
-35.428519,60,1.04214
-36.36057,48,1.049991
-23.99006,26,1.054118
-22.901412,29,1.058686
-103.209401,94,1.074037
-45.457213,41,1.080755
-22.771091,18,1.083713
-45.603467,80,1.096805
-34.968902,67,1.108562
-36.586316,40,1.114973
-45.833307,30,1.119971
-26.538375,37,1.126119
-33.394784,41,1.132948
-114.609091,100,1.149547
-52.346111,92,1.164618
-71.298593,80,1.179326
-40.636189,59,1.189086
-56.765858,47,1.196957
-35.738461,43,1.203988
-27.150464,23,1.207671
-21.853045,29,1.212981
-42.576836,40,1.21964
-50.715403,47,1.227327
-39.017611,63,1.237763
-51.898747,47,1.245405
-85.327334,70,1.256799
-46.328152,72,1.268381
-25.050716,28,1.272916
-61.075468,52,1.281246
-28.240465,33,1.614328
-138.508051,131,1.637406
-36.949103,42,1.645093
-31.296108,34,1.651358
-34.535691,46,1.659283
-54.34799,57,1.669961
-117.256142,111,1.688621
-46.35264,67,1.699978
-38.458225,39,1.706373
-57.869128,52,1.715049
-29.857015,32,1.720507
-36.927502,51,1.728915
-46.097722,36,1.734906
-24.837883,46,1.743046
-38.125249,31,1.748692
-44.418708,40,1.755146
-68.335028,93,1.770706
-33.918146,50,1.779135
-58.139422,66,1.790038
-50.761933,64,1.800645
-36.097442,41,1.807298
-65.551633,64,1.817624
-54.962094,59,1.827164
-49.150659,57,1.836591
-42.295255,63,1.847612
-30.167065,40,1.854175
-26.134548,34,1.859676
-49.226205,37,1.865893
-59.416293,75,1.878337
-37.555074,34,1.883878
-26.176696,45,1.89107
-39.687915,56,1.899938
-78.691795,72,1.911358
-44.756231,50,1.919568
-47.588787,41,1.926249
-53.780648,63,1.936458
-47.391028,62,1.946413
-31.995999,52,1.955909
-36.323642,62,1.96637
-19.399723,25,1.970519
-64.360307,84,1.984333
-25.455978,33,1.989765
-52.400178,49,1.997704
-53.403592,50,2.006011
-25.176134,18,2.009079
-79.852228,78,2.021912
-64.427414,58,2.03145
-42.395608,59,2.041112
-97.906517,78,2.054605
-34.735131,41,2.061381
-21.348047,28,2.066085
-29.745356,36,2.071883
-40.318989,65,2.082309
-63.458647,89,2.097121
-33.605244,40,2.103777
-25.325815,33,2.109308
-58.100479,99,2.125439
-31.95861,26,2.129668
-51.57848,68,2.140943
-29.593168,35,2.146777
-47.713942,64,2.157022
-68.665206,76,2.17007
-40.008898,24,2.174099
-57.897479,71,2.185646
-57.344051,65,2.196087
-50.161467,106,2.213049
-28.661203,36,2.218886
-25.139935,23,2.222591
-36.676148,37,2.228515
-26.49482,29,2.233168
-29.806553,39,2.239406
-24.640081,29,2.244034
-51.007888,77,2.256284
-49.530802,61,2.266686
-29.649903,37,2.27293
-25.295741,46,2.280608
-52.191558,63,2.587383
-22.90244,28,2.592767
-35.153898,55,2.603488
-40.691025,52,2.612211
-21.902738,23,2.61643
-69.253572,109,2.633967
-30.211246,36,2.639743
-21.307426,23,2.643498
-66.611526,77,2.656153
-110.319545,113,2.674882
-26.523678,34,2.680459
-24.182717,28,2.684991
-20.724211,30,2.690627
-24.977888,20,2.694149
-30.402109,47,2.701885
-38.578951,31,2.706856
-82.581944,83,2.720563
-29.982777,25,2.7249
-108.087604,76,2.738034
-62.605899,96,2.754247
-98.334656,64,2.764853
-58.382556,54,2.773574
-72.771773,67,2.784501
-39.137172,35,2.790251
-43.366777,50,2.799623
-36.633269,42,2.806407
-64.918432,79,2.819318
-98.437254,84,2.832868
-93.948328,100,2.84879
-58.275922,40,2.855261
-34.371182,84,2.868574
-59.316403,69,2.879657
-27.198551,42,2.886455
-44.734101,35,2.892133
-42.841536,54,2.901604
-40.208749,68,2.912752
-24.913565,32,2.918073
-23.477757,21,2.921478
-43.481898,58,2.930763
-57.152607,61,2.940505
-32.868022,48,2.948222
-42.996127,58,2.957528
-58.728728,64,2.968143
-27.440328,34,2.973818
-51.739461,47,2.981618
-86.622237,70,2.993081
-39.022379,37,2.999262
-56.388806,67,3.011087
-42.362946,61,3.021035
-43.783166,50,3.029003
-40.22254,69,3.040337
-29.783792,73,3.052012
-131.511633,120,3.071117
-45.729723,42,3.077851
-50.207054,60,3.08765
-39.109864,45,3.094866
-31.813191,39,3.101143
-42.176349,45,3.109631
-28.72832,65,3.12091
-38.21819,47,3.128846
-35.929534,54,3.138259
-30.593664,25,3.142475
-46.782857,50,3.151181
-45.663656,53,3.159826
-84.442695,97,3.175377
-37.428751,30,3.180204
-40.582974,32,3.185284
-100.461252,55,3.194006
-23.092385,22,3.197584
-45.907687,67,3.208196
-82.997718,74,3.221456
-62.835944,41,3.228437
-36.380623,27,3.233102
-38.618895,30,3.238139
-29.522485,32,3.243487
-68.320106,74,3.255918
-40.13799,57,3.265498
-58.732832,88,3.558037
-29.522018,26,3.562358
-57.476017,64,3.57379
-55.112651,61,3.585433
-39.038195,39,3.592161
-30.198672,30,3.597502
-25.631921,32,3.60328
-75.752402,56,3.612489
-71.092653,63,3.622947
-24.450295,23,3.626687
-106.768159,92,3.642445
-61.135222,51,3.651182
-29.25888,45,3.658654
-38.154246,70,3.670456
-99.16221,72,3.682789
-37.750828,48,3.690906
-49.692367,72,3.702759
-27.546086,19,3.705924
-38.226368,35,3.711592
-63.31078,73,3.723667
-32.247073,38,3.73003
-39.189973,41,3.737458
-42.67855,47,3.745214
-40.56205,75,3.757291
-20.581382,26,3.76152
-53.631343,52,3.769803
-23.585657,20,3.773009
-119.363232,95,3.788052
-39.997035,34,3.793535
-24.501755,30,3.7986
-61.125219,70,3.809899
-69.712312,73,3.821635
-67.787205,82,3.834791
-47.300374,71,3.847344
-37.370274,45,3.855062
-40.174815,43,3.862127
-90.177643,84,3.876127
-25.709834,23,3.880024
-37.332902,35,3.885879
-24.163734,22,3.889516
-97.514457,100,3.905871
-35.517668,55,3.914906
-32.025611,41,3.921573
-34.555631,56,3.930569
-27.530012,39,3.936838
-40.514917,37,3.942818
-40.278185,46,3.951225
-28.308315,28,3.956375
-46.043285,61,3.966603
-31.941101,44,3.97401
-99.052846,91,3.989142
-55.574073,58,3.998729
-91.776192,99,4.014871
-36.267555,32,4.020118
-52.417091,64,4.030439
-40.507905,46,4.037883
-72.767823,72,4.049484
-26.813238,32,4.055451
-32.228665,54,4.064905
-61.060188,73,4.076661
-56.108636,75,4.088937
-49.811505,70,4.100202
-85.158214,108,4.11759
-41.225606,48,4.125267
-76.000604,66,4.135849
-100.575534,106,4.152902
-51.259649,70,4.165164
-43.112088,58,4.174503
-24.324558,28,4.179006
-24.131987,27,4.183526
-44.034878,40,4.189981
-76.571218,68,4.200933
-38.549979,42,4.207725
-51.446709,68,4.218972
-34.682105,45,4.499185
-128.611519,64,4.509985
-66.312184,54,4.518914
-86.57679,78,4.531802
-27.906117,33,4.537259
-36.831862,76,4.550425
-38.147347,43,4.557673
-68.188996,58,4.568344
-62.203615,87,4.584765
-42.085978,38,4.591633
-27.545398,32,4.59743
-44.70947,42,4.604417
-27.094356,30,4.609428
-58.160838,44,4.616896
-71.398661,87,4.630977
-69.773156,78,4.643786
-50.297295,69,4.655558
-37.070233,76,4.668151
-39.879822,42,4.675075
-61.741348,93,4.691153
-43.430211,34,4.697083
-55.790908,65,4.707674
-63.749531,66,4.718575
-45.230762,49,4.726554
-21.13839,23,4.730297
-56.987924,50,4.738253
-55.541036,75,4.750362
-26.731822,27,4.754901
-29.381718,28,4.759443
-35.457292,57,4.769009
-34.324231,27,4.773599
-24.859355,38,4.779907
-31.064626,49,4.787944
-32.439084,20,4.791334
-21.883005,32,4.79765
-42.824123,59,4.807545
-35.236625,31,4.812563
-34.359371,61,4.822569
-31.791395,35,4.828297
-52.088769,57,4.837964
-63.203187,56,4.847358
-79.11305,88,4.861676
-24.145009,33,4.867193
-27.566584,31,4.872364
-31.549638,38,4.878659
-61.692017,93,4.894069
-60.418559,78,4.907721
-46.035623,48,4.915929
-47.407957,47,4.923737
-23.13495,20,4.927108
-46.232831,78,4.939739
-55.984265,53,4.94847
-90.62547,91,4.963416
-41.050575,29,4.968251
-48.076519,31,4.973429
-33.66948,36,4.979438
-38.675945,40,4.986146
-43.483165,60,4.995945
-46.51106,70,5.008414
-28.051888,30,5.013752
-61.196695,75,5.025925
-117.965989,101,5.042172
-32.855776,47,5.050051
-48.929366,37,5.056306
-39.46526,36,5.062264
-59.49812,65,5.072985
-94.221389,94,5.088174
-81.852786,79,5.100699
-20.931837,33,5.106023
-25.369383,26,5.11105
-23.711381,24,5.114954
-37.41591,52,5.123574
-54.120765,64,5.134055
-75.683125,68,5.144924
-89.47424,100,5.160933
-49.261903,46,5.168268
-27.460964,38,5.174428
-58.780352,49,5.4555
-27.39009,27,5.460202
-32.47251,57,5.469807
-43.507915,52,5.478221
-35.552487,46,5.485693
-29.798309,52,5.494075
-75.899196,96,5.509893
-46.927123,62,5.520117
-61.440644,56,5.529425
-86.428304,89,5.545163
-30.503312,33,5.550823
-52.841532,55,5.559945
-69.22165,97,5.575761
-60.89819,64,5.586393
-68.14344,63,5.597617
-79.339242,85,5.611735
-53.893751,64,5.622989
-50.815427,61,5.63339
-87.64381,119,5.653994
-53.570541,77,5.666519
-34.380279,47,5.674005
-60.351871,69,5.685336
-18.920418,28,5.690123
-27.765391,34,5.695874
-31.934343,36,5.701743
-53.135804,40,5.708087
-46.931887,59,5.717445
-78.882429,100,5.7332
-79.141829,76,5.746138
-83.287189,113,5.764747
-24.367976,23,5.768527
-54.056194,56,5.777569
-37.989027,45,5.784893
-46.811595,63,5.794872
-93.35862,80,5.807686
-84.558293,92,5.822366
-32.485234,38,5.828463
-77.877976,98,5.843822
-58.626399,77,5.857067
-31.146159,31,5.862155
-25.081109,31,5.867554
-51.54073,57,5.877046
-54.121166,46,5.884726
-69.668648,72,5.896672
-83.638446,77,5.909335
-43.879369,30,5.914377
-29.985073,38,5.920705
-26.551432,35,5.926521
-49.168496,79,5.939605
-49.753001,60,5.949532
-52.664883,74,5.962278
-52.165634,92,5.977379
-40.539215,40,5.983865
-57.884504,50,5.991796
-49.946178,49,5.999617
-106.890322,95,6.014933
-50.854496,39,6.021112
-45.736214,60,6.030718
-22.053602,32,6.035944
-52.242214,55,6.044859
-40.974981,30,6.049684
-60.389834,96,6.06576
-79.294991,73,6.077659
-98.760111,76,6.090666
-20.607013,14,6.09317
-27.399657,45,6.10083
-24.348588,25,6.105093
-58.13357,69,6.116685
-38.468287,39,6.123331
-28.622782,35,6.129126
-106.418352,108,6.421808
-31.314111,48,6.429636
-43.679142,41,6.436611
-30.480369,25,6.44071
-26.567952,25,6.444771
-51.629674,38,6.450957
-56.076261,91,6.465572
-52.106048,65,6.475963
-22.859565,23,6.479682
-69.236587,55,6.489705
-55.640743,49,6.498017
-44.459505,75,6.509997
-76.421904,66,6.520881
-41.536211,63,6.531278
-24.956492,26,6.53548
-35.703691,41,6.542073
-25.797165,28,6.54683
-26.999086,59,6.556712
-35.245774,45,6.564231
-83.812902,85,6.578208
-32.753366,40,6.586706
-35.320499,42,6.59437
-42.469299,46,6.603339
-50.120209,59,6.61299
-27.423688,26,6.617557
-66.874817,54,6.626376
-68.298818,57,6.636099
-21.734556,21,6.639627
-38.16427,54,6.648711
-49.157288,53,6.657362
-26.988964,22,6.661032
-25.450636,37,6.667047
-49.417938,78,6.679538
-24.929602,30,6.68432
-27.308103,35,6.689957
-61.437201,54,6.700033
-30.15577,32,6.705849
-55.344112,77,6.718997
-66.528718,83,6.733012
-23.898744,38,6.73947
-96.498581,77,6.752312
-41.315834,46,6.760032
-24.291821,33,6.765641
-42.294251,45,6.773383
-20.101956,26,6.77774
-50.986528,78,6.790446
-48.782275,62,6.801829
-32.746812,71,6.813911
-27.117304,31,6.819096
-67.802682,96,6.834654
-38.648254,45,6.841961
-28.433688,42,6.848822
-46.51303,82,6.862053
-25.156086,25,6.866153
-64.745491,77,6.878557
-30.762094,38,6.884756
-37.704761,55,6.893695
-30.577725,30,6.898614
-63.633511,88,6.914294
-38.784903,62,6.924341
-35.173673,37,6.930468
-77.096856,84,6.944467
-28.54329,33,6.949959
-61.573818,60,6.959911
-108.812903,84,6.973946
-47.312411,61,6.98455
-55.330235,55,6.993755
-80.750412,81,7.007293
-54.898708,47,7.016167
-31.308348,38,7.022668
-26.131872,42,7.029835
-24.658107,35,7.035892
-37.862514,64,7.046698
-23.26421,30,7.051744
-38.668864,41,7.058527
-44.584887,86,7.072886
-31.326751,62,7.083516
-65.34268,69,7.094967
-29.418253,34,7.381903
-36.48356,51,7.390306
-103.543293,96,7.405689
-119.342817,108,7.422942
-55.587208,77,7.436124
-37.379713,39,7.442952
-30.967051,41,7.44988
-95.123043,72,7.461928
-20.109185,18,7.465024
-32.742123,56,7.474026
-70.829444,58,7.483486
-48.769288,51,7.491878
-31.486617,38,7.498031
-155.765671,101,7.514139
-39.659903,43,7.521019
-32.808283,35,7.5266
-36.740269,41,7.533135
-44.21386,53,7.542656
-29.586597,25,7.547581
-46.211835,47,7.555319
-106.505962,76,7.56836
-25.193794,36,7.574762
-28.083775,32,7.580206
-27.698708,34,7.586588
-30.672018,25,7.590843
-26.45662,30,7.595781
-40.923575,46,7.604453
-48.721102,51,7.612783
-21.709419,34,7.61842
-95.535715,82,7.631595
-70.997642,74,7.644356
-37.004685,50,7.653219
-96.919008,106,7.671286
-86.750536,69,7.682665
-25.120288,21,7.686158
-71.502907,57,7.69607
-78.312969,87,7.710325
-30.973986,57,7.719802
-28.381352,41,7.726643
-69.462392,91,7.741662
-43.2822,45,7.749997
-43.541131,52,7.75884
-61.874649,67,7.775153
-30.463496,45,7.783508
-39.373602,41,7.808966
-63.43374,67,7.869799
-67.452335,65,7.885783
-58.600287,71,7.897622
-27.541938,44,7.905018
-40.853669,55,7.91423
-23.752717,28,7.918836
-21.933264,23,7.922512
-38.293655,69,7.933752
-74.134114,109,7.951264
-26.229775,23,7.954995
-38.957599,41,7.96235
-68.101853,66,7.973196
-60.968113,94,7.988532
-37.093875,45,7.996066
-44.799711,57,8.005494
-31.089246,52,8.014047
-74.214437,73,8.026133
-38.286091,33,8.032602
-29.972905,45,8.040361
-43.62917,34,8.046032
-37.718665,38,8.052313
-24.647592,36,8.058175
-45.992733,42,8.065844
-38.419289,73,8.078022
-24.431103,26,8.08248
-28.417048,38,8.088719
-37.036751,45,8.096072
-40.237756,33,8.101602
-22.70853,29,8.106359
-27.854888,29,8.111042
-76.366758,120,8.130527
-34.362129,35,8.136167
-34.137735,41,8.433403
-38.390596,47,8.441223
-121.206922,83,8.455023
-55.756789,83,8.468455
-40.076281,48,8.476238
-40.713182,40,8.482793
-51.999703,52,8.492301
-30.875405,37,8.498685
-36.262925,58,8.508507
-30.074777,27,8.513003
-21.762052,17,8.51622
-46.721947,43,8.523609
-59.89137,58,8.533124
-24.079765,30,8.538154
-52.331146,59,8.548327
-37.63016,57,8.557758
-43.410203,54,8.566889
-27.685096,46,8.574461
-26.869321,38,8.581573
-23.985288,34,8.587946
-40.161359,32,8.594231
-141.950306,98,8.624594
-28.00102,34,8.635202
-56.12702,103,8.651987
-21.41228,24,8.655934
-60.724681,69,8.667381
-83.283548,62,8.677739
-57.085674,60,8.687494
-23.216244,30,8.692302
-31.48355,45,8.700357
-50.874755,47,8.708411
-92.936863,60,8.718628
-36.47519,38,8.724839
-48.136833,52,8.733277
-61.46324,86,8.746981
-32.876136,36,8.753026
-56.947581,71,8.76472
-57.117086,64,8.775218
-78.189876,75,8.787816
-41.819523,39,8.794335
-49.797546,65,8.80604
-44.733657,47,8.814284
-143.220484,122,8.834223
-54.567443,69,8.845424
-53.564582,44,8.852538
-46.000671,41,8.859175
-64.352807,60,8.86918
-24.686718,34,8.874714
-39.418172,60,8.884426
-67.422824,87,8.898509
-91.577963,85,8.913109
-46.354506,72,8.925179
-45.379692,50,8.933586
-41.655919,48,8.941403
-53.698762,77,8.953806
-61.961877,66,8.96455
-43.020832,61,8.97454
-60.246058,41,8.981366
-53.698361,68,8.992576
-79.114921,96,9.008173
-38.390394,48,9.016717
-63.353856,81,9.030082
-45.980897,71,9.041782
-100.626884,110,9.059371
-40.356227,67,9.070275
-35.597513,52,9.078622
-37.583241,38,9.084674
-85.662259,88,9.098784
-66.667887,71,9.110435
-24.486505,24,9.114475
-40.538698,55,9.124332
-35.946499,46,9.132195
-22.123044,19,9.399942
-42.993688,78,9.412989
-58.452771,90,9.427885
-71.649071,73,9.440952
-48.623425,40,9.448156
-48.707962,62,9.458579
-25.770407,26,9.46304
-28.349395,35,9.46899
-29.663467,26,9.473393
-65.679025,74,9.485706
-47.510934,54,9.494783
-55.00154,69,9.506379
-37.516764,45,9.514001
-36.221994,47,9.521787
-47.289566,49,9.529841
-23.006613,21,9.533524
-38.957855,45,9.540851
-29.353367,28,9.546403
-33.632943,56,9.556996
-35.522734,28,9.561864
-51.24981,55,9.571645
-32.201705,32,9.577164
-56.595857,55,9.58776
-27.803149,38,9.594088
-64.771414,68,9.60624
-27.426165,36,9.612381
-62.889933,48,9.620623
-23.518912,21,9.624178
-51.028405,68,9.635434
-56.931639,59,9.644833
-44.794974,62,9.656038
-38.621793,60,9.666552
-49.516486,58,9.675872
-87.237475,96,9.691528
-25.642408,21,9.695044
-75.454802,51,9.703289
-39.928118,47,9.710784
-115.757021,94,9.726313
-32.091153,27,9.730815
-40.867246,57,9.74012
-24.953606,30,9.744962
-30.095642,29,9.749686
-41.258419,59,9.760363
-29.099146,53,9.769386
-48.021882,83,9.783286
-43.609603,63,9.793374
-49.813846,57,9.8027
-50.211983,62,9.812971
-52.138053,95,9.828537
-51.323725,60,9.838351
-73.145996,64,9.848797
-60.315463,39,9.854994
-46.623745,56,9.864888
-45.342601,68,9.876064
-63.500951,67,9.887004
-28.488678,26,9.891241
-63.445799,59,9.900753
-29.401904,35,9.906446
-93.714239,106,9.923359
-73.832633,90,9.937833
-52.763094,58,9.947074
-47.069207,81,9.959972
-41.539446,73,9.972973
-23.357299,27,9.977419
-100.025573,118,9.997069
-98.773213,87,10.011382
-37.554462,38,10.017732
-51.915226,67,10.028846
-66.739032,73,10.040815
-59.577253,71,10.052426
-70.760487,54,10.061337
-34.225524,47,10.069143
-95.134589,84,10.083979
-45.527327,42,10.360945
-38.741131,48,10.369145
-54.778968,35,10.374948
-23.61306,29,10.379697
-106.270809,118,10.400385
-36.220114,42,10.407207
-29.195841,26,10.411467
-34.286806,40,10.417963
-37.220028,26,10.422169
-71.431385,52,10.430611
-31.721239,33,10.43609
-30.827362,34,10.441634
-121.768069,96,10.457588
-22.514262,25,10.461784
-35.71897,49,10.469931
-34.5452,58,10.479495
-57.006951,65,10.490911
-47.671859,72,10.502925
-39.440722,36,10.508852
-27.296148,32,10.514096
-48.597751,50,10.522345
-48.538738,55,10.531491
-27.79501,40,10.537983
-53.590179,70,10.55002
-34.830339,37,10.556349
-25.425931,23,10.560874
-32.655735,39,10.567726
-41.156527,46,10.575866
-68.069067,49,10.585461
-72.9105,46,10.593155
-111.870906,106,10.612682
-27.493813,32,10.618448
-55.162469,77,10.631647
-55.857097,58,10.641056
-51.966531,41,10.647775
-41.561297,74,10.660288
-37.08488,71,10.671913
-28.109415,34,10.677377
-142.453394,89,10.69157
-38.487323,43,10.699364
-61.067927,47,10.707384
-37.483837,27,10.711919
-21.254324,32,10.717339
-118.308953,100,10.733563
-39.601631,49,10.741563
-24.868655,33,10.747033
-55.469264,75,10.759119
-29.164617,25,10.763228
-36.945446,32,10.7684
-65.267936,66,10.778984
-43.131441,55,10.787912
-27.086122,22,10.7916
-42.375753,49,10.800669
-46.964559,45,10.808405
-23.787715,36,10.814763
-98.13932,81,10.827939
-32.648172,44,10.835125
-49.240148,46,10.842616
-29.324552,51,10.850974
-55.175406,49,10.858909
-41.899771,61,10.868666
-21.533322,42,10.875473
-60.679249,90,10.889763
-60.902256,63,10.899976
-33.016116,32,10.905979
-34.669691,31,10.911201
-51.582954,54,10.92033
-31.989248,37,10.926358
-145.902609,114,10.944766
-62.909897,58,10.95425
-43.190332,82,10.967583
-50.376967,50,10.975735
-52.323599,45,10.983014
-25.814032,22,10.986672
-116.109996,106,11.003712
-47.846728,56,11.013617
-36.623387,42,11.02092
-71.827052,93,11.036267
-31.989557,35,11.311021
-86.589512,65,11.322008
-70.69742,67,11.33402
-75.78397,61,11.344073
-46.312048,87,11.35819
-43.447876,52,11.366639
-36.220345,44,11.37375
-100.257336,95,11.388988
-24.244275,29,11.393707
-29.25076,24,11.397743
-21.197506,27,11.402176
-67.070059,71,11.41357
-36.692964,36,11.419365
-28.445177,31,11.424326
-43.93341,67,11.436541
-85.831393,90,11.451157
-48.461428,39,11.457701
-45.296804,58,11.467073
-92.395868,101,11.483123
-38.307407,42,11.489845
-48.295291,67,11.50041
-36.911892,51,11.508638
-71.805011,48,11.516277
-38.171338,32,11.521341
-23.365268,28,11.525824
-25.920577,23,11.529535
-44.68419,57,11.540021
-57.701619,63,11.551188
-35.713107,60,11.561303
-43.714879,45,11.568937
-58.96377,51,11.577695
-43.09906,42,11.585849
-38.941051,52,11.59482
-38.232823,55,11.604262
-130.691718,107,11.622042
-108.692179,86,11.637016
-85.46649,79,11.650271
-28.030774,34,11.655928
-25.024023,23,11.659767
-76.090188,74,11.672147
-80.566921,66,11.68328
-67.953114,75,11.695829
-27.16285,39,11.702251
-40.491107,42,11.709207
-74.158046,88,11.724391
-62.859143,77,11.737144
-53.407877,67,11.749403
-24.491061,19,11.752565
-101.145519,90,11.767574
-108.105242,83,11.781064
-60.393932,45,11.788604
-31.519961,30,11.793609
-27.656841,33,11.799058
-40.038215,26,11.803595
-27.447253,25,11.807697
-48.837014,90,11.821991
-42.96559,48,11.829641
-36.171679,37,11.835595
-92.797593,111,11.854042
-29.33125,33,11.859567
-27.807042,46,11.867263
-42.211436,41,11.873932
-75.09497,71,11.885653
-34.309426,39,11.892187
-70.497679,69,11.903595
-104.602799,100,11.920002
-20.454532,24,11.923994
-39.76062,50,11.93226
-144.294542,108,11.949914
-60.545684,71,11.962491
-49.08685,46,11.970474
-56.695285,77,11.982871
-37.187536,40,11.989343
-57.579933,65,12.262963
-32.105046,47,12.271876
-90.866632,77,12.284857
-48.987514,49,12.292697
-55.924742,72,12.304153
-30.537039,44,12.311227
-23.07168,25,12.315332
-78.092443,81,12.328139
-85.644911,58,12.337664
-39.614576,54,12.34651
-39.646858,46,12.354061
-27.087351,25,12.358216
-29.710622,41,12.365065
-30.328533,38,12.371344
-67.369125,88,12.387421
-35.421916,31,12.39294
-32.463669,27,12.397712
-30.056506,41,12.404924
-68.163131,75,12.417691
-52.831967,67,12.428553
-67.838144,76,12.440817
-44.578301,72,12.452403
-27.522318,43,12.459347
-61.814553,61,12.469169
-40.26062,83,12.483452
-33.260635,41,12.490339
-33.81297,45,12.497795
-30.950825,37,12.504088
-34.181288,32,12.509508
-34.164152,36,12.515609
-49.619491,65,12.526524
-34.589651,45,12.534074
-35.777563,44,12.541479
-49.924637,51,12.550147
-77.217907,93,12.56618
-45.563684,67,12.577437
-51.980162,63,12.590864
-95.870721,92,12.606713
-42.851935,64,12.617544
-27.288121,36,12.623716
-58.209679,47,12.631711
-55.02451,68,12.643001
-28.333693,39,12.649761
-34.993368,31,12.655153
-53.585418,52,12.663647
-38.287807,30,12.66871
-34.436233,58,12.678067
-40.420385,49,12.686023
-33.048014,31,12.691098
-29.155759,35,12.69764
-28.661008,31,12.70291
-34.269896,26,12.707153
-36.6772,33,12.712555
-37.19785,32,12.717994
-32.762302,41,12.724727
-42.623299,60,12.734812
-26.240622,32,12.740019
-66.411129,51,12.748274
-47.433893,84,12.76173
-54.955518,73,12.773382
-41.907188,60,12.78323
-65.792766,76,12.79573
-75.423621,71,12.808596
-96.465377,85,12.823577
-29.263257,34,12.829241
-64.661738,81,12.842759
-32.864039,41,12.849815
-29.039182,44,12.857127
-36.962857,35,12.862818
-27.223889,34,12.868685
-83.514811,64,12.879632
-105.217136,103,12.896299
-62.315613,62,12.90715
-76.945348,107,12.924894
-56.62447,58,12.934364
-41.739911,36,12.94026
-63.344731,65,13.216437
-32.500336,38,13.223744
-30.071028,35,13.229917
-36.049725,35,13.235692
-20.359029,19,13.238876
-36.615953,46,13.246547
-35.805704,50,13.254708
-56.594757,64,13.26517
-81.660166,106,13.282343
-48.555276,43,13.289363
-44.544464,62,13.299618
-40.810969,52,13.308338
-28.610743,35,13.31417
-46.042467,45,13.321723
-50.780852,46,13.330076
-51.085202,71,13.341828
-48.409369,35,13.347658
-42.65847,47,13.355334
-79.440232,91,13.370161
-77.470888,79,13.383071
-38.45821,48,13.39114
-41.710279,49,13.399267
-100.137449,118,13.418555
-35.657776,30,13.423465
-71.731032,80,13.437427
-42.065944,71,13.449366
-58.471497,65,13.46007
-65.818262,96,13.475522
-72.251744,88,13.489844
-29.875231,39,13.496145
-37.780282,34,13.501837
-39.688772,77,13.514425
-37.149508,32,13.51978
-23.51665,41,13.526592
-37.661652,39,13.533027
-50.337843,59,13.543737
-26.638015,31,13.549337
-78.623999,78,13.562285
-36.175417,93,13.578299
-35.704275,35,13.585222
-34.616974,54,13.59425
-33.768587,40,13.601366
-50.562535,49,13.609305
-47.82939,58,13.619072
-37.134917,45,13.626474
-29.310427,29,13.63169
-40.705102,45,13.63927
-44.406567,78,13.65326
-69.461838,80,13.666787
-41.964765,41,13.673486
-25.082351,44,13.680654
-66.4616,52,13.689009
-36.792133,43,13.695978
-57.016274,51,13.704423
-54.027703,55,13.713386
-49.40469,56,13.722378
-45.098028,36,13.728176
-34.712156,31,13.733286
-59.113126,59,13.742838
-27.7859,27,13.748061
-42.434606,42,13.755175
-52.78605,81,13.768327
-28.827347,23,13.772116
-68.159559,62,13.782053
-34.763046,54,13.790686
-27.230446,32,13.795854
-45.070571,45,13.80304
-33.065578,35,13.808848
-26.146081,28,13.813468
-31.363593,46,13.82083
-23.97326,29,13.825472
-56.023901,55,13.834224
-30.639175,35,13.839808
-48.526215,51,13.848015
-30.682877,35,13.854511
-44.407582,77,13.867517
-49.990047,58,13.876802
-28.61248,53,13.885232
-22.745891,27,13.889627
-61.424158,64,14.180518
-46.654029,56,14.190044
-41.247359,35,14.195912
-72.79438,79,14.208876
-104.576912,88,14.223221
-41.787511,61,14.233172
-67.040832,60,14.242988
-38.207775,41,14.249735
-33.194557,47,14.257436
-74.206769,74,14.269405
-36.715846,29,14.274168
-59.910199,105,14.292756
-44.915695,67,14.303864
-44.560487,77,14.316338
-108.095552,77,14.328793
-58.909322,59,14.33832
-39.482884,32,14.343594
-28.161591,23,14.347452
-101.319622,70,14.358669
-81.001919,81,14.37161
-37.803047,47,14.379093
-31.001837,39,14.386432
-56.224523,62,14.39682
-43.324618,48,14.404845
-22.64595,36,14.41085
-37.081069,45,14.418206
-84.72003,88,14.432482
-25.086463,39,14.439013
-35.211323,59,14.448744
-132.84412,98,14.464929
-74.192575,52,14.473373
-41.45241,53,14.482019
-29.389782,38,14.488965
-90.560779,75,14.501385
-29.059358,30,14.506276
-61.247695,54,14.51512
-22.246548,25,14.519341
-38.984179,36,14.525267
-27.142946,25,14.529412
-27.561751,39,14.535861
-33.829791,41,14.542584
-54.536419,67,14.553852
-28.745499,28,14.55861
-26.022192,30,14.563984
-83.859931,77,14.576774
-44.450977,43,14.584743
-80.197403,74,14.598443
-24.551935,32,14.604547
-78.909608,78,14.617731
-31.501644,29,14.622636
-59.903227,69,14.634083
-36.081495,64,14.644314
-27.682381,30,14.649477
-23.291967,29,14.65447
-37.327358,41,14.661226
-31.034868,30,14.666271
-33.448398,38,14.672449
-26.869373,31,14.677624
-54.869359,53,14.686265
-34.668024,52,14.694775
-51.32312,47,14.70356
-29.726988,33,14.709134
-26.559456,30,14.714326
-44.804749,43,14.721389
-60.630078,68,14.732546
-36.063829,36,14.738458
-27.969462,49,14.746453
-48.822532,57,14.7557
-22.885208,23,14.759518
-54.188822,62,14.769522
-34.931609,81,14.782619
-35.646056,38,14.78893
-23.351358,21,14.792468
-50.712941,47,14.800157
-25.598821,29,14.805653
-29.539158,30,14.810722
-36.778212,39,14.817294
-40.955399,51,14.825716
-30.538443,52,14.834209
-29.424084,49,14.84209
-37.387439,37,14.848108
-47.527763,38,15.135114
-131.495129,114,15.154085
-36.046839,66,15.165028
-43.487673,65,15.175562
-59.891815,74,15.187419
-52.409548,84,15.20082
-40.025451,41,15.207382
-22.909778,30,15.212189
-96.938019,77,15.225751
-27.439687,24,15.229681
-47.792363,57,15.239372
-42.534157,37,15.245477
-51.057585,44,15.253239
-28.485457,40,15.260011
-35.001441,34,15.265716
-34.582097,33,15.271271
-29.637294,20,15.274644
-38.070603,40,15.281297
-37.714317,49,15.289446
-44.212878,37,15.295631
-23.74923,26,15.29991
-44.256857,35,15.305681
-37.38905,53,15.314386
-149.27236,112,15.333448
-98.019044,83,15.347239
-62.30407,63,15.357689
-30.7763,28,15.362353
-24.632206,24,15.366289
-37.847895,38,15.372477
-27.205496,25,15.376526
-58.118511,81,15.38958
-25.911488,25,15.393651
-44.982304,71,15.405185
-50.638693,47,15.412805
-24.396818,37,15.418798
-59.451425,59,15.428291
-75.997259,75,15.44123
-41.289611,42,15.448545
-35.101877,27,15.452961
-71.134772,89,15.4672
-57.109877,48,15.474846
-31.64757,47,15.482459
-36.130571,37,15.488517
-42.599773,48,15.496359
-50.401073,66,15.507048
-47.787348,66,15.517669
-46.530383,44,15.524744
-136.068085,95,15.539923
-42.903511,42,15.54772
-56.969935,40,15.554462
-49.766641,62,15.564601
-42.381155,50,15.572764
-41.529464,40,15.579374
-19.180593,14,15.582037
-119.855608,84,15.597227
-24.899113,38,15.603733
-41.490158,38,15.610248
-84.788824,77,15.623312
-39.267333,43,15.630654
-38.38841,51,15.638957
-23.821895,25,15.643401
-39.995096,34,15.649924
-29.763544,34,15.65554
-39.548015,62,15.665984
-46.286533,60,15.676019
-88.551528,92,15.691262
-43.491065,41,15.697926
-80.652356,93,15.712838
-25.52163,38,15.718975
-69.599653,127,15.739162
-37.773018,56,15.748268
-47.96785,64,15.759557
-56.183086,75,15.772382
-71.325722,76,15.784801
-38.189621,43,15.791781
-85.736685,73,15.80362
-24.222471,32,15.808874
-106.859697,98,16.094417
-140.828918,119,16.114032
-80.291576,89,16.128606
-37.739135,59,16.138844
-32.50405,39,16.14537
-37.786366,47,16.153355
-39.336568,47,16.16112
-87.242987,96,16.178164
-24.400869,31,16.183511
-175.253196,123,16.204385
-25.962326,22,16.208158
-29.50397,26,16.21248
-31.698518,23,16.216469
-42.788275,85,16.230382
-41.437829,43,16.237677
-45.80077,74,16.24979
-56.878008,63,16.259923
-20.245065,15,16.262381
-39.63012,34,16.267987
-50.215763,64,16.278373
-33.351933,40,16.285892
-44.399459,41,16.292897
-46.361531,72,16.305004
-32.896426,42,16.311923
-47.407546,68,16.323033
-100.176234,103,16.339818
-71.239099,66,16.350759
-44.469443,50,16.358784
-36.736724,64,16.369314
-22.769252,24,16.373383
-55.368752,73,16.385307
-28.405137,28,16.390674
-52.306928,39,16.397369
-31.304891,41,16.404239
-56.668371,51,16.412765
-54.107801,50,16.421028
-33.802044,52,16.429671
-79.362665,69,16.440969
-38.153414,49,16.449117
-61.517545,53,16.457773
-57.205132,76,16.470163
-26.252715,28,16.474768
-51.541859,63,16.485074
-35.471093,41,16.491812
-41.048316,48,16.500495
-72.091824,47,16.508354
-29.446285,50,16.51675
-32.176309,36,16.522597
-57.36477,60,16.532319
-64.416217,80,16.545374
-48.641844,41,16.552328
-69.254669,94,16.568175
-35.425641,31,16.57367
-37.765184,33,16.579292
-44.66466,67,16.591187
-87.221942,70,16.604477
-25.404841,28,16.609357
-36.859061,40,16.616396
-106.121713,82,16.629775
-24.866614,30,16.634859
-28.102141,26,16.639151
-22.941036,25,16.643239
-51.75199,51,16.651605
-26.049772,34,16.657484
-119.994599,136,16.679592
-30.899909,27,16.684054
-46.341413,38,16.690171
-93.383819,112,16.7096
-23.578729,48,16.717966
-25.024762,24,16.721972
-72.132872,60,16.731836
-38.955935,43,16.738853
-36.201927,36,16.744742
-65.879785,108,16.762276
-79.285803,44,17.038043
-19.588248,19,17.041392
-28.797913,29,17.046294
-45.827228,46,17.053918
-58.057507,64,17.06416
-92.096892,93,17.07954
-33.670793,30,17.084574
-31.594345,38,17.090909
-36.969895,58,17.100715
-58.544794,69,17.112241
-53.018677,43,17.120106
-39.994528,69,17.131856
-26.935715,34,17.137589
-29.434641,51,17.145846
-109.789729,104,17.16244
-38.576888,44,17.169547
-47.430601,46,17.176989
-38.113378,54,17.185856
-22.840287,23,17.189605
-25.433053,33,17.194946
-20.671878,32,17.200066
-42.73898,45,17.207213
-38.168165,25,17.211247
-71.323798,76,17.223381
-116.580399,84,17.238253
-36.135263,62,17.248597
-32.50847,45,17.255843
-49.070311,68,17.266658
-25.918926,23,17.270367
-68.884471,61,17.280292
-36.403542,66,17.291157
-35.010546,42,17.298101
-66.327606,68,17.309284
-43.888123,35,17.315094
-20.904975,21,17.318587
-58.931891,79,17.332388
-23.237247,32,17.338285
-29.009549,27,17.342925
-22.014287,23,17.346991
-103.690769,110,17.365081
-26.007491,33,17.370596
-44.835389,48,17.378544
-76.108274,82,17.391993
-30.601527,51,17.400481
-58.712203,53,17.409067
-22.917949,22,17.412639
-33.633397,31,17.417682
-39.117724,39,17.42394
-39.358205,50,17.432089
-36.098133,39,17.439254
-38.762186,73,17.451544
-32.96136,51,17.459844
-114.670454,93,17.474757
-38.331118,41,17.481457
-38.309933,58,17.490828
-21.746607,20,17.494113
-28.548504,31,17.499225
-28.366222,21,17.502686
-86.46958,97,17.518343
-26.504481,27,17.522701
-139.8162,100,17.53885
-56.722477,56,17.549191
-27.13854,40,17.555727
-76.355088,102,17.572734
-24.014731,19,17.576041
-48.962253,79,17.590599
-30.116435,44,17.598046
-29.289336,45,17.605665
-59.746558,71,17.61746
-66.701776,73,17.629076
-31.606318,51,17.637661
-58.552086,81,17.652129
-94.515994,67,17.663944
-37.894799,43,17.671306
-41.915456,42,17.678199
-100.281248,97,17.694072
-64.228012,63,17.704574
-33.457612,33,17.710165
-77.670817,76,17.994602
-96.019368,79,18.008096
-69.929545,61,18.018134
-54.014585,66,18.028787
-88.544177,98,18.044534
-74.509365,108,18.062181
-59.360759,69,18.074572
-70.997851,68,18.086734
-63.217073,94,18.102406
-23.586225,24,18.10641
-59.493072,77,18.119004
-77.364963,75,18.131473
-20.20716,23,18.135325
-41.931342,44,18.142598
-52.998684,61,18.152601
-24.697734,22,18.156241
-21.902394,17,18.159114
-34.015817,26,18.16342
-27.191063,34,18.169032
-51.808517,41,18.175704
-29.031256,41,18.183743
-57.797114,61,18.194007
-137.099846,122,18.214101
-54.511139,67,18.224963
-30.612846,43,18.231973
-49.067391,67,18.242734
-37.238343,30,18.247701
-43.32486,58,18.257239
-45.806003,47,18.264922
-60.07753,74,18.27693
-51.816794,58,18.287314
-53.781877,64,18.298289
-47.949468,38,18.30448
-50.759913,61,18.314212
-20.984814,16,18.316812
-27.371414,43,18.323763
-34.675662,65,18.334114
-27.938651,37,18.340065
-26.137175,25,18.344101
-48.421572,63,18.35417
-31.048376,43,18.361086
-42.150177,43,18.367931
-38.204994,57,18.376983
-112.791514,69,18.389184
-22.408999,24,18.393328
-38.691895,69,18.405108
-30.749171,50,18.413616
-115.310447,104,18.431008
-38.089489,40,18.437859
-22.531504,48,18.445982
-56.377595,82,18.459352
-37.766161,39,18.465894
-27.421089,33,18.471469
-51.923955,52,18.480051
-109.877806,81,18.494216
-36.427987,33,18.500037
-41.123556,75,18.51236
-55.029074,62,18.522541
-40.872211,46,18.530012
-64.650402,52,18.538676
-43.775907,49,18.547002
-43.470493,32,18.552444
-31.408977,51,18.560838
-52.240302,70,18.57277
-28.233109,30,18.577805
-40.154851,48,18.586444
-84.479639,92,18.603205
-92.795745,63,18.614679
-41.140494,46,18.622368
-40.04943,37,18.628471
-44.06523,36,18.634711
-58.034878,73,18.646652
-54.131923,60,18.656584
-32.636111,43,18.663564
-32.769546,45,18.670927
-27.34165,27,18.675343
-35.391552,47,18.960717
-68.148141,63,18.971285
-65.250191,60,18.981059
-40.686181,43,18.988024
-27.33891,38,18.994106
-76.736883,125,19.014171
-58.043792,72,19.02723
-29.169535,33,19.033412
-58.410402,71,19.04524
-32.783387,36,19.051273
-56.781295,99,19.06731
-52.90479,59,19.076906
-61.549836,78,19.089517
-39.359006,47,19.097185
-68.039877,70,19.108563
-34.258959,23,19.112356
-30.209233,37,19.118523
-51.054193,58,19.128888
-54.491285,58,19.138587
-43.159098,48,19.146561
-49.559615,70,19.158128
-30.860288,33,19.163708
-78.042361,66,19.174476
-40.044613,59,19.184116
-54.79616,34,19.189696
-21.805064,21,19.193156
-22.747626,40,19.199757
-37.257867,32,19.204982
-23.560863,23,19.208777
-40.669864,82,19.222187
-30.505221,34,19.227889
-79.512745,75,19.241237
-27.014012,28,19.245919
-54.940575,71,19.257679
-29.496923,46,19.265147
-27.032873,43,19.272124
-75.273702,67,19.283094
-27.943514,31,19.288269
-84.537759,80,19.301301
-48.955418,32,19.306526
-26.965792,27,19.310948
-66.950504,55,19.319893
-24.828512,30,19.324729
-88.694551,94,19.340868
-57.125436,69,19.352441
-26.656969,28,19.357049
-33.082995,39,19.363522
-135.250403,134,19.385177
-25.923964,43,19.392097
-38.957583,106,19.409284
-101.816248,101,19.4258
-87.288245,80,19.438835
-90.952232,85,19.453504
-65.986961,70,19.465162
-35.746383,44,19.472266
-49.168789,52,19.480784
-35.365961,31,19.485928
-24.759061,30,19.490922
-36.029349,78,19.503568
-56.894356,58,19.513011
-77.119995,70,19.52464
-37.956269,46,19.532293
-41.299815,54,19.541134
-64.507987,54,19.551359
-50.176184,92,19.567937
-39.010915,56,19.577475
-24.342958,23,19.58241
-32.055796,30,19.588118
-26.349514,33,19.593796
-72.408788,61,19.604498
-30.742751,52,19.61334
-39.62026,34,19.619027
-38.826881,63,19.629496
-81.05929,86,19.91419
-37.045511,31,19.919459
-24.316494,23,19.923571
-51.224729,63,19.934272
-43.930669,46,19.941889
-66.120547,67,19.953023
-50.087061,60,19.963029
-25.904825,26,19.96736
-111.826387,111,19.986905
-35.994609,50,19.99511
-72.418565,71,20.006812
-26.806252,39,20.013139
-66.398467,75,20.025028
-93.096776,69,20.036389
-32.706289,32,20.041806
-86.202137,97,20.057882
-38.552802,46,20.065631
-37.176714,52,20.074222
-56.717094,53,20.083981
-61.019936,80,20.096894
-57.115941,74,20.10923
-29.845422,34,20.114977
-47.340812,44,20.122295
-44.178754,37,20.128503
-26.147583,30,20.13355
-26.771813,35,20.139352
-23.683159,23,20.143189
-43.940687,45,20.150582
-49.867821,33,20.15588
-69.148446,65,20.166293
-32.151202,41,20.172872
-33.64737,44,20.180659
-43.874357,63,20.190983
-115.953371,103,20.208056
-59.371596,51,20.216517
-77.197087,103,20.232782
-63.793142,81,20.245699
-29.266256,43,20.252836
-21.896604,25,20.257064
-61.667698,67,20.268186
-39.985987,36,20.274149
-45.816324,54,20.283072
-48.9924,80,20.297502
-95.104926,108,20.314625
-61.280591,67,20.325276
-21.67143,32,20.330418
-33.530438,41,20.33699
-55.302858,59,20.346551
-88.202457,105,20.363656
-34.827099,39,20.369962
-50.000362,56,20.37909
-99.439956,96,20.395294
-42.941895,47,20.403148
-49.564561,76,20.415627
-27.672392,46,20.423004
-33.693217,86,20.43672
-38.178709,41,20.443274
-39.324815,42,20.450208
-56.229468,70,20.461721
-25.394822,35,20.467413
-111.671107,103,20.483715
-37.766451,84,20.4978
-28.060398,24,20.501685
-36.111246,42,20.508838
-21.987458,22,20.512526
-36.478194,63,20.523006
-87.415854,107,20.540633
-88.537812,92,20.556259
-79.779797,52,20.565341
-27.966264,26,20.569684
-27.261554,23,20.57364
-128.324703,114,20.877687
-35.408608,29,20.883139
-73.25053,71,20.894829
-100.992507,140,20.917899
-39.729919,35,20.924513
-58.437537,51,20.933577
-36.099122,56,20.942969
-85.022449,94,20.958482
-26.328674,26,20.962752
-23.133661,26,20.967141
-44.822904,49,20.975119
-29.622791,33,20.980541
-69.636233,102,20.996947
-28.376877,23,21.000738
-67.68866,66,21.011483
-39.388913,48,21.019471
-58.57886,71,21.032133
-25.486688,36,21.038231
-72.457652,64,21.048918
-23.16838,25,21.053033
-31.88068,31,21.058089
-81.514002,114,21.076313
-33.360587,25,21.080411
-156.396802,109,21.098168
-56.48511,89,21.112862
-57.758116,59,21.122618
-44.921995,34,21.12827
-30.313467,48,21.13706
-28.818951,47,21.144825
-36.679681,55,21.153811
-44.556469,66,21.164566
-64.589966,65,21.175234
-33.846369,37,21.181341
-54.20822,34,21.18694
-43.075053,48,21.194882
-68.465987,88,21.209673
-43.641106,54,21.218604
-31.259425,35,21.224432
-62.888905,71,21.236183
-23.744697,28,21.241641
-51.47148,75,21.254297
-49.99462,67,21.265277
-43.051694,47,21.272956
-54.948358,45,21.28036
-39.875292,34,21.286004
-44.607267,61,21.29606
-92.604612,94,21.31135
-54.055917,91,21.325979
-45.800531,58,21.335413
-58.633342,94,21.351555
-36.322535,51,21.359992
-37.833747,34,21.365739
-39.803053,38,21.37196
-21.20905,33,21.377439
-37.84571,47,21.385176
-79.390426,91,21.399759
-121.754518,113,21.418163
-48.822935,61,21.428042
-39.001473,52,21.436491
-24.202853,27,21.44085
-36.027216,55,21.450616
-76.448991,77,21.463514
-68.280383,72,21.475233
-38.315688,59,21.48471
-88.101145,64,21.49504
-27.876173,31,21.500166
-40.166113,51,21.508346
-67.272177,135,21.529991
-35.0621,51,21.538276
-30.80614,30,21.543219
-28.512775,29,21.548
-35.44687,60,21.87021
-97.974263,99,21.887701
-86.624478,67,21.898535
-46.054913,46,21.905881
-51.27947,48,21.913556
-75.054885,82,21.926535
-50.901216,41,21.93313
-45.773708,40,21.939442
-27.782661,35,21.945031
-41.330123,42,21.951974
-48.484259,49,21.9599
-73.865825,67,21.970691
-59.67526,63,21.981806
-46.28305,60,21.991859
-55.718093,39,21.998331
-53.308288,68,22.009323
-128.361353,93,22.024921
-28.656114,31,22.029936
-34.577999,41,22.036485
-84.401777,103,22.052943
-38.597949,39,22.05913
-61.269689,81,22.071956
-36.522497,41,22.078464
-28.386452,24,22.082315
-36.042262,55,22.092497
-55.888157,50,22.101372
-38.561817,52,22.109871
-37.367234,39,22.116211
-29.861959,33,22.121626
-81.392413,63,22.13195
-56.658754,82,22.145513
-23.463829,26,22.149816
-42.909761,50,22.158045
-40.535021,47,22.165622
-71.997896,75,22.177789
-74.158122,78,22.190334
-41.292585,53,22.200002
-44.367516,33,22.205453
-51.918139,46,22.212924
-32.312298,39,22.219273
-32.554805,37,22.225312
-52.465171,67,22.236287
-48.517561,61,22.246187
-76.915092,63,22.256263
-42.991211,60,22.265738
-43.06495,34,22.271148
-72.986428,58,22.28026
-26.135623,29,22.284919
-19.908123,26,22.289087
-30.543255,35,22.294649
-27.76612,36,22.301258
-32.70134,45,22.30892
-59.867521,74,22.321048
-46.95162,50,22.329095
-81.181516,93,22.343919
-25.092848,22,22.347516
-54.973009,49,22.35561
-22.124939,20,22.358915
-37.261281,76,22.371247
-69.2211,72,22.382864
-39.371689,32,22.387976
-57.081148,58,22.397179
-96.004029,95,22.413622
-83.906641,109,22.431396
-35.549926,41,22.438048
-36.266565,57,22.447311
-33.943677,39,22.453641
-32.669037,39,22.460002
-59.568252,111,22.47794
-27.855737,37,22.484022
-28.854002,24,22.487933
-26.560654,35,22.493664
-26.887028,23,22.497431
-37.41349,34,22.50293
-68.456441,99,22.519883
-93.183665,104,22.818617
-26.161206,29,22.823533
-21.492028,23,22.828296
-88.304066,83,22.842536
-32.267558,36,22.848734
-38.453438,52,22.857068
-21.54031,25,22.861108
-42.260992,40,22.867594
-50.233093,53,22.876626
-37.669062,49,22.884757
-29.233378,42,22.891691
-24.117651,30,22.896896
-29.37669,52,22.905767
-27.547594,36,22.911801
-38.80958,32,22.917418
-33.472567,47,22.925425
-77.715665,66,22.937996
-29.27828,46,22.94571
-126.277599,134,22.967511
-47.557944,36,22.97346
-42.722795,50,22.98183
-50.042493,71,22.993409
-25.17344,24,22.99734
-32.182289,33,23.002717
-39.51105,59,23.012213
-41.726126,45,23.019728
-29.910697,36,23.025655
-26.928257,34,23.031273
-32.23342,65,23.042914
-22.357948,47,23.050848
-72.065055,89,23.065477
-41.467618,44,23.072643
-35.227172,41,23.079359
-54.536176,64,23.089848
-49.702531,74,23.101811
-36.35403,48,23.1096
-57.637245,85,23.123879
-179.942783,118,23.143895
-25.148394,25,23.148272
-80.568215,92,23.163079
-31.519092,23,23.166983
-49.957748,66,23.177733
-27.133319,32,23.182983
-52.326968,62,23.193038
-32.181125,25,23.197181
-32.306477,29,23.201936
-28.132392,27,23.206394
-131.925785,98,23.22229
-43.064064,63,23.232534
-114.385198,114,23.251911
-56.832304,83,23.265757
-53.69144,68,23.276624
-132.002196,97,23.292044
-91.423215,79,23.304732
-92.593439,91,23.319698
-28.077509,25,23.323907
-54.551176,65,23.334547
-38.083969,42,23.341531
-63.730518,72,23.354073
-40.134831,46,23.362062
-32.516904,42,23.369193
-48.605879,67,23.380079
-24.009337,54,23.388885
-35.266766,40,23.395316
-41.210946,68,23.406213
-42.973699,61,23.416235
-29.018358,50,23.424403
-26.305816,35,23.430178
-20.37354,27,23.43462
-34.477436,41,23.441304
-50.408698,57,23.450456
-40.067065,52,23.459626
-44.617132,56,23.468761
-39.730089,63,23.478794
-37.680269,66,23.489605
-93.504813,78,23.782809
-80.764644,88,23.79779
-92.308291,93,23.813023
-27.49766,35,23.818802
-30.775861,58,23.828226
-25.525872,27,23.832911
-27.185518,46,23.840607
-38.895807,37,23.846788
-55.742013,47,23.854516
-105.504682,77,23.867035
-65.72653,80,23.880886
-23.037452,22,23.884596
-23.553631,21,23.888534
-53.576218,71,23.900397
-83.008005,61,23.910468
-24.699761,29,23.915319
-30.833434,46,23.922806
-90.189679,69,23.933933
-69.512383,74,23.946017
-29.957393,57,23.955236
-79.194717,88,23.969458
-116.91435,116,23.989187
-51.175002,57,23.999342
-57.111014,97,24.015436
-53.558793,80,24.028596
-66.323122,91,24.043846
-79.654262,77,24.056818
-61.070773,85,24.104089
-31.131229,46,24.111823
-95.42796,93,24.127379
-68.07553,83,24.140962
-40.31839,44,24.148593
-21.195745,19,24.151917
-31.513705,61,24.161885
-36.008944,56,24.170959
-24.577779,33,24.176402
-43.777408,48,24.18409
-102.969012,105,24.202002
-53.03808,35,24.208125
-33.216341,36,24.21428
-33.161395,32,24.219744
-44.778657,55,24.228818
-69.165673,53,24.237652
-30.392652,45,24.245171
-45.813106,70,24.256634
-55.512066,54,24.265553
-103.798084,94,24.280721
-46.957352,85,24.294245
-74.998379,85,24.308917
-38.072941,42,24.315999
-40.959018,47,24.323494
-65.987227,87,24.337709
-51.623206,61,24.34772
-24.666539,34,24.353295
-74.018805,80,24.366564
-58.011856,75,24.378632
-74.597671,62,24.388705
-36.6475,62,24.398749
-61.868627,51,24.407259
-33.371991,48,24.416049
-53.181365,53,24.424969
-37.478282,85,24.4388
-29.639487,36,24.44459
-33.063848,37,24.450773
-51.010223,57,24.459968
-31.441858,56,24.469086
-25.393705,29,24.473734
-79.624493,95,24.769518
-104.047522,118,24.789249
-53.006347,61,24.799381
-31.419161,44,24.806595
-43.661179,68,24.817699
-50.447864,69,24.828961
-32.032071,46,24.837517
-19.127739,22,24.841288
-30.012468,32,24.84664
-24.898275,28,24.851386
-24.101716,33,24.856816
-60.487546,70,24.868266
-68.445368,70,24.879765
-29.193098,59,24.889466
-95.141178,74,24.901712
-32.172259,47,24.909619
-49.664733,43,24.917049
-120.234343,84,24.930831
-29.358027,24,24.934849
-75.166228,68,24.947059
-52.794852,49,24.955237
-27.014849,39,24.961728
-61.691495,61,24.971706
-67.222682,71,24.983452
-58.887819,73,24.995379
-26.731302,31,25.000508
-52.744014,70,25.011802
-59.099781,66,25.022486
-50.425577,44,25.029676
-73.605855,75,25.042833
-55.723456,71,25.055071
-44.157472,51,25.063474
-18.567381,23,25.067433
-25.647376,33,25.072853
-74.16013,81,25.085962
-30.390784,37,25.091941
-27.538065,70,25.103428
-88.331978,86,25.11743
-57.644312,86,25.131309
-28.637414,28,25.135923
-60.860558,48,25.143781
-27.186307,34,25.150419
-39.959046,63,25.16119
-26.950328,20,25.164785
-25.177289,41,25.171676
-38.066225,45,25.17944
-36.435643,51,25.188237
-99.928732,94,25.203795
-40.29052,47,25.211579
-31.311879,38,25.217974
-23.236634,22,25.221633
-40.482547,58,25.23114
-110.566257,91,25.245913
-28.572511,25,25.250066
-90.924314,81,25.264585
-27.276879,33,25.270151
-46.16042,57,25.27951
-26.115784,35,25.285217
-52.948101,68,25.296106
-45.263416,46,25.303669
-43.827838,66,25.314471
-28.457033,62,25.324564
-26.202017,32,25.329811
-73.102038,81,25.343085
-74.172273,79,25.355834
-58.498623,55,25.365749
-54.694349,70,25.377314
-69.163422,98,25.393231
-47.242006,72,25.404672
-22.007253,33,25.409986
-24.036651,21,25.413424
-51.220224,50,25.421624
-85.084239,85,25.435549
-109.621621,86,25.727763
-39.589101,73,25.740171
-55.817621,41,25.746996
-57.461193,41,25.753757
-53.221262,56,25.762871
-45.044775,34,25.768487
-30.782482,45,25.776898
-28.191585,28,25.781713
-25.47802,29,25.786895
-55.146205,49,25.794962
-85.07241,90,25.81009
-41.321889,48,25.817904
-26.543215,31,25.822904
-47.709353,82,25.83618
-74.576981,85,25.850116
-82.661221,63,25.860392
-23.903982,26,25.864672
-39.340869,70,25.876005
-61.812271,64,25.887727
-110.359983,88,25.902197
-45.208562,55,25.911218
-47.795857,56,25.920479
-46.024715,54,25.929315
-98.262662,103,25.946052
-43.465161,65,25.956815
-34.521239,42,25.963704
-59.132768,64,25.97419
-26.093473,28,25.978761
-49.843823,48,25.987413
-48.189601,105,26.004862
-40.347055,51,26.01321
-56.841803,86,26.027329
-38.481525,47,26.03507
-45.638171,51,26.04318
-65.065078,61,26.052981
-59.645846,52,26.061435
-71.419725,52,26.069834
-48.767726,75,26.08172
-50.95219,45,26.08883
-74.813859,55,26.098928
-24.169471,37,26.105351
-25.182381,36,26.1114
-30.951547,57,26.120926
-55.486338,49,26.128832
-54.454621,83,26.142274
-47.488664,49,26.150333
-40.201297,43,26.157386
-67.58875,81,26.170999
-72.923078,111,26.188856
-26.747836,26,26.193079
-32.123879,34,26.19944
-33.464347,49,26.207572
-58.198307,62,26.21762
-43.319305,43,26.224579
-33.174558,52,26.232901
-22.777294,19,26.236028
-24.041028,27,26.240446
-45.873236,69,26.251725
-47.88013,50,26.259993
-47.28289,80,26.27363
-23.270746,24,26.277822
-73.122685,81,26.291133
-31.359025,25,26.295288
-29.317366,44,26.302667
-22.862663,24,26.3076
-34.215875,58,26.317605
-32.549823,62,26.327875
-60.210352,71,26.339548
-102.06272,103,26.3565
-46.749073,37,26.362813
-32.878416,37,26.368979
-46.040951,81,26.382055
-23.906083,61,26.392021
-63.895749,76,26.404258
-59.122512,66,26.68936
-52.135354,56,26.698804
-100.5112,112,26.717254
-74.881925,83,26.73147
-89.842236,100,26.750141
-33.76613,41,26.756972
-21.504303,22,26.760668
-50.103637,80,26.773963
-61.070659,49,26.782102
-37.989791,45,26.789528
-24.163186,36,26.795515
-31.299909,37,26.801553
-33.314714,47,26.809276
-25.680856,30,26.814224
-45.861771,47,26.82197
-22.971885,46,26.82951
-54.561632,59,26.83907
-26.493727,40,26.846603
-78.71105,89,26.861471
-25.64857,41,26.868616
-34.150654,39,26.875095
-46.85099,43,26.882085
-32.779589,35,26.887732
-40.361367,54,26.896489
-34.829354,43,26.903526
-35.487652,30,26.90842
-48.022832,39,26.91505
-25.126503,30,26.920203
-37.298656,42,26.927214
-26.002072,58,26.936709
-31.652777,47,26.944377
-65.569379,63,26.955881
-52.110181,56,26.96539
-57.57857,59,26.974952
-41.409589,41,26.981618
-52.73891,57,26.990828
-24.708873,27,26.995221
-78.795198,94,27.010824
-35.708321,37,27.016936
-79.639648,75,27.029164
-29.845689,32,27.034352
-63.545145,75,27.046504
-24.397203,38,27.053512
-60.721323,49,27.061747
-33.670688,38,27.068177
-99.854431,99,27.084031
-109.319263,98,27.099737
-34.619532,36,27.105967
-49.991412,42,27.112877
-44.898893,46,27.120261
-72.661015,94,27.135345
-65.277158,77,27.147763
-76.284774,79,27.161482
-31.143426,29,27.166503
-124.14089,87,27.181244
-28.019853,41,27.187955
-37.235001,41,27.194679
-42.221217,47,27.202322
-34.341481,69,27.213609
-25.286499,22,27.21722
-24.217518,27,27.221635
-25.438897,29,27.226384
-44.60428,49,27.234226
-60.695979,60,27.243933
-90.25759,106,27.260859
-34.874208,55,27.270874
-40.642472,35,27.276614
-66.667965,58,27.286021
-60.151202,75,27.298004
-47.958543,39,27.304362
-60.324532,86,27.318169
-66.588424,59,27.327612
-54.830842,79,27.340296
-80.728077,97,27.355876
-35.603359,37,27.654222
-25.293281,21,27.657878
-45.784765,96,27.674194
-41.972713,35,27.680098
-34.873065,58,27.69048
-27.694849,28,27.711513
-41.980052,77,27.741866
-29.288873,36,27.757214
-97.985243,104,27.775072
-39.451137,47,27.782851
-31.365649,51,27.791116
-65.222438,84,27.80632
-71.213471,97,27.822705
-39.521214,48,27.830567
-53.452272,104,27.847095
-29.888077,45,27.854323
-41.470803,51,27.862354
-28.886622,25,27.866779
-141.291248,100,27.883224
-23.921562,40,27.889848
-38.771316,83,27.904601
-37.339288,45,27.911984
-80.410409,96,27.927353
-33.136118,59,27.936631
-28.871671,28,27.94112
-88.256267,89,27.955627
-59.420489,81,27.968827
-30.735297,37,27.97491
-45.962382,88,27.989116
-55.774552,53,27.997687
-37.617955,37,28.004418
-33.949707,40,28.011123
-55.139325,46,28.018865
-100.67681,87,28.032983
-27.571697,39,28.039399
-54.845449,57,28.048735
-24.769953,28,28.053334
-83.998249,80,28.066203
-21.404111,36,28.071925
-28.863138,35,28.077482
-31.873896,48,28.085069
-38.851586,72,28.0964
-44.633145,35,28.102112
-116.073885,81,28.116179
-37.010841,51,28.12448
-31.430109,39,28.130912
-36.834224,49,28.138713
-58.391288,50,28.146665
-115.969321,92,28.161188
-25.604558,41,28.167859
-28.56051,48,28.175667
-64.381368,78,28.188125
-66.311176,66,28.19856
-28.343361,20,28.201721
-35.137641,40,28.208034
-20.845126,24,28.21186
-76.691892,97,28.228727
-61.642011,85,28.242993
-63.435556,61,28.253136
-27.349386,31,28.2584
-28.568202,23,28.262277
-26.740585,36,28.268356
-37.874962,53,28.277119
-50.315169,43,28.284177
-47.442212,62,28.29422
-43.872066,55,28.303086
-24.388568,20,28.30636
-49.668217,37,28.312349
-37.829676,53,28.321656
-31.873445,41,28.328532
-66.283609,96,28.344364
-39.761507,37,28.350405
-26.541928,31,28.355475
-28.034974,33,28.36082
-29.637961,30,28.365803
-45.899709,54,28.677112
-35.980439,38,28.683469
-59.469918,74,28.695428
-31.002608,42,28.702298
-31.118686,47,28.709952
-29.768596,26,28.714253
-87.540456,56,28.723253
-62.905795,72,28.735252
-85.964656,70,28.747772
-66.415993,55,28.757263
-33.350344,45,28.764881
-25.751104,36,28.770795
-97.237141,84,28.784803
-37.178554,46,28.792317
-48.518537,57,28.801648
-51.203589,47,28.809271
-56.082658,78,28.821752
-51.928748,53,28.830242
-60.223681,62,28.840061
-66.968203,53,28.848674
-26.917283,40,28.856481
-44.519809,66,28.867406
-45.719287,38,28.873626
-31.471994,26,28.877926
-46.430906,42,28.884799
-26.868925,40,28.891308
-83.477433,78,28.903853
-42.61365,60,28.913545
-80.34518,83,28.926672
-41.079352,31,28.931746
-48.99242,65,28.942286
-37.064204,42,28.949003
-39.350953,31,28.953946
-32.3476,41,28.961927
-36.146848,44,28.969712
-23.504851,42,28.976842
-47.650285,61,28.986976
-27.245865,36,28.992923
-84.41452,71,29.004407
-24.134927,25,29.00855
-25.402008,24,29.012493
-38.381465,61,29.02239
-60.651652,78,29.034958
-84.400737,62,29.044928
-46.567826,54,29.053622
-33.051868,32,29.058779
-35.358523,49,29.067764
-26.158421,32,29.073168
-33.863873,39,29.079525
-21.727649,23,29.083539
-26.505636,33,29.088919
-112.502709,83,29.10236
-45.024686,63,29.112527
-26.746213,33,29.117963
-102.778131,68,29.128942
-30.845441,31,29.134028
-61.718908,56,29.143033
-61.92159,72,29.154584
-31.364416,37,29.160592
-27.592679,24,29.165406
-35.887008,43,29.172851
-28.946394,42,29.179975
-25.964495,30,29.184954
-38.896724,43,29.191973
-24.931286,28,29.196594
-58.630465,75,29.208907
-40.846842,34,29.214601
-99.551308,110,29.232754
-42.844286,62,29.242828
-71.893764,55,29.251879
-43.384259,45,29.259301
-47.686675,53,29.268071
-34.427212,61,29.27905
-82.874769,74,29.291554
-49.138662,53,29.300449
-37.493999,43,29.3076
-29.949962,23,29.311456
-23.103199,33,29.316963
-39.08116,30,29.32194
-70.817835,77,29.334543
-43.797658,62,29.344663
-64.725458,49,29.635371
-130.113627,119,29.656164
-103.415739,93,29.671764
-59.833475,80,29.685181
-28.164307,29,29.690084
-32.252939,35,29.697229
-36.894768,54,29.706969
-32.513935,39,29.713976
-24.92237,29,29.719022
-57.198752,62,29.729295
-45.430639,91,29.744732
-40.145589,69,29.756713
-51.272834,86,29.770708
-88.053439,99,29.787164
-63.114339,57,29.796663
-32.105482,37,29.804186
-58.069017,47,29.812112
-54.665012,56,29.821306
-36.276467,46,29.828703
-37.494401,67,29.839737
-30.97647,44,29.847005
-83.671404,88,29.861729
-39.412237,80,29.875133
-29.657855,30,29.880165
-58.292384,57,29.889618
-37.681015,37,29.895799
-85.177278,56,29.905906
-26.343677,37,29.912448
-35.23178,50,29.920875
-99.457813,96,29.936801
-27.489602,35,29.942568
-83.527759,71,29.954145
-108.664141,115,29.973002
-35.988044,54,29.981932
-35.323251,50,29.990167
-99.674453,126,30.01145
-42.011026,43,30.018756
-34.257227,50,30.02705
-41.604618,68,30.038171
-76.330972,60,30.047818
-43.818233,50,30.055899
-38.7293,47,30.063439
-55.294479,42,30.070224
-91.393562,86,30.084375
-23.943887,20,30.08777
-111.071203,84,30.101528
-36.997897,67,30.112564
-31.465223,39,30.119948
-46.290353,41,30.126951
-96.096295,87,30.141415
-36.547761,43,30.14855
-38.599239,50,30.156853
-27.747779,24,30.160845
-50.877128,41,30.167883
-72.97326,49,30.176043
-71.925611,92,30.190902
-78.684304,79,30.20388
-28.844256,35,30.209673
-37.966743,43,30.216843
-56.20352,58,30.227144
-71.574151,61,30.237318
-42.145961,41,30.243965
-37.514952,43,30.250988
-74.725345,83,30.264187
-24.334982,26,30.26841
-41.645844,50,30.276411
-25.345729,28,30.280993
-45.213299,51,30.289135
-39.804024,34,30.294676
-41.835482,43,30.301719
-21.47434,17,30.304534
-24.405126,22,30.30814
-29.188124,30,30.313012
-82.849661,85,30.664801
-38.40224,54,30.673611
-51.031007,42,30.680578
-48.552804,40,30.687043
-29.582135,43,30.693944
-82.603816,69,30.704987
-125.935687,99,30.721381
-31.004974,37,30.727541
-56.060786,83,30.740998
-23.468768,28,30.745608
-22.482954,23,30.749581
-34.38934,45,30.757906
-39.106586,51,30.767277
-30.463258,22,30.771111
-31.159627,34,30.776896
-21.893149,34,30.782949
-38.824796,41,30.789863
-29.694001,41,30.796932
-50.946084,47,30.80486
-34.918238,45,30.812341
-23.915843,30,30.817309
-38.189069,43,30.824352
-46.357032,51,30.833662
-71.689657,65,30.844667
-43.184299,59,30.854401
-37.890974,37,30.861649
-68.627967,58,30.871724
-27.608784,34,30.877452
-57.256572,56,30.886998
-71.163719,93,30.902689
-63.788494,78,30.915318
-60.148361,74,30.927827
-70.384183,80,30.940932
-63.674826,88,30.955451
-69.579282,60,30.966054
-30.968424,36,30.972284
-47.523893,51,30.980899
-32.691324,65,30.991446
-24.711936,25,30.995551
-74.901394,63,31.005703
-20.252174,26,31.009986
-20.989581,28,31.01458
-42.348416,76,31.026825
-23.470969,22,31.030458
-39.675531,37,31.050172
-58.279798,54,31.084345
-45.076761,58,31.098934
-34.295412,83,31.112852
-32.212054,37,31.118991
-53.794486,72,31.130977
-63.464088,55,31.140149
-48.055009,43,31.147585
-42.918563,44,31.154929
-113.775833,107,31.172802
-49.86805,76,31.186614
-65.585627,89,31.201573
-27.844845,30,31.20659
-82.34037,93,31.221909
-34.32007,40,31.228624
-43.866307,74,31.240874
-51.875975,68,31.251871
-36.460847,51,31.259985
-27.451354,24,31.263876
-30.676112,27,31.268237
-33.063462,46,31.27551
-35.107538,47,31.283937
-39.54769,51,31.292597
-41.843546,61,31.302803
-45.989073,36,31.308813
-21.85219,24,31.312867
-31.164971,39,31.319399
-28.488641,33,31.324892
-37.789463,72,31.336749
-25.252558,29,31.341551
-55.260017,44,31.348838
-37.041537,43,31.356052
-39.836111,35,31.361842
-62.069097,58,31.371479
-45.333586,42,31.37839
-34.407724,79,31.672442
-73.064314,76,31.685665
-28.388877,29,31.690583
-50.410041,65,31.701572
-26.466026,55,31.712164
-23.702215,21,31.71625
-45.561291,70,31.727962
-45.504425,51,31.736862
-39.575206,55,31.746195
-76.673223,69,31.757728
-58.308044,91,31.772863
-34.462676,43,31.77992
-22.870935,21,31.78338
-42.679734,65,31.793802
-108.847337,108,31.81289
-103.274458,86,31.827077
-79.776194,107,31.844462
-39.345729,48,31.852677
-24.32758,39,31.859334
-55.762096,65,31.870564
-34.01152,50,31.878796
-48.150179,39,31.885489
-48.244811,53,31.894348
-39.345352,46,31.902025
-27.688865,30,31.907078
-41.298467,42,31.915027
-38.381822,32,31.920273
-41.189631,58,31.929805
-45.804398,74,31.942253
-96.819228,107,31.960031
-88.699656,60,31.970085
-45.753143,84,31.983951
-47.382899,82,31.997407
-46.293794,71,32.009075
-76.187205,82,32.023241
-26.568903,58,32.033064
-29.076358,55,32.042082
-49.939743,57,32.051381
-39.909949,45,32.058676
-141.315874,112,32.076678
-23.208127,28,32.081314
-81.830481,79,32.094381
-54.678406,54,32.103168
-68.228633,61,32.11313
-29.31461,31,32.118262
-39.537154,65,32.129702
-34.247889,36,32.135898
-29.662237,49,32.14405
-75.627605,84,32.157756
-51.363252,60,32.167676
-23.287791,25,32.171862
-54.736632,52,32.180432
-91.785499,79,32.193128
-38.242471,26,32.197474
-42.802086,49,32.205546
-104.610824,94,32.22089
-30.543324,27,32.225356
-21.132188,27,32.230629
-63.145965,38,32.236899
-59.863055,78,32.249721
-35.18983,60,32.259604
-51.136053,68,32.270637
-26.621036,34,32.276177
-32.59531,40,32.28288
-85.110651,91,32.297834
-75.822135,72,32.309603
-33.896407,43,32.316737
-52.572186,84,32.330187
-57.48116,60,32.340601
-41.426312,51,32.349338
-109.90296,79,32.637955
-46.427326,82,32.651873
-33.690781,46,32.660707
-30.696624,41,32.667983
-39.191674,72,32.680029
-51.596672,57,32.689779
-24.684748,34,32.69553
-41.922329,64,32.706144
-45.302435,51,32.714673
-46.200927,64,32.724893
-44.60592,51,32.733197
-32.51679,38,32.739271
-39.715265,40,32.745663
-70.644281,71,32.756945
-50.152685,47,32.765749
-46.066719,38,32.771894
-40.619258,42,32.778609
-64.097514,67,32.789327
-52.776099,76,32.801322
-50.929821,80,32.814062
-78.458182,50,32.822088
-104.541898,90,32.836662
-28.328063,37,32.842887
-39.705581,38,32.849201
-124.68101,116,32.868856
-100.561304,110,32.887404
-62.744101,69,32.898902
-75.419358,75,32.911367
-77.298177,80,32.924603
-24.586505,24,32.928441
-32.784166,60,32.938306
-26.489379,27,32.942814
-80.06079,96,32.9586
-41.107267,34,32.964349
-106.608715,107,32.983852
-33.519,39,32.990361
-97.515032,83,33.00442
-63.387787,73,33.016631
-34.273562,53,33.025446
-38.748512,34,33.031229
-37.885184,67,33.042227
-114.846695,105,33.059315
-45.442714,57,33.068925
-26.715232,38,33.076189
-31.792935,44,33.083762
-43.192979,47,33.09175
-42.11416,67,33.102881
-25.045958,29,33.107707
-46.242054,43,33.11482
-32.249407,60,33.124535
-26.518926,34,33.130157
-26.634163,27,33.134596
-36.609086,64,33.145001
-47.168567,57,33.154348
-37.638614,65,33.164898
-67.243567,78,33.177528
-50.507887,74,33.191018
-46.910079,59,33.200941
-69.103306,100,33.217263
-39.428934,39,33.223735
-59.080926,103,33.240688
-43.873299,48,33.248605
-36.912178,63,33.258869
-33.490928,35,33.26463
-87.68133,96,33.28049
-56.443145,70,33.292831
-36.090566,38,33.299413
-60.629066,57,33.308612
-51.012121,39,33.623091
-45.846634,68,33.635262
-22.133577,30,33.640334
-35.417516,58,33.649967
-70.600076,60,33.659851
-29.631422,34,33.665649
-69.290609,82,33.679126
-45.458411,49,33.687144
-51.264661,46,33.694554
-37.42416,75,33.707231
-66.032751,46,33.716018
-50.420274,60,33.726103
-70.19166,94,33.741796
-24.212915,22,33.745522
-58.932627,91,33.760681
-42.539475,79,33.773917
-37.718879,43,33.781054
-41.716854,69,33.792389
-36.657282,39,33.798787
-30.830318,29,33.803556
-56.34244,57,33.813126
-35.482172,74,33.82672
-35.473097,39,33.833378
-92.419947,70,33.845152
-45.983041,79,33.858227
-55.016876,70,33.869796
-50.667748,72,33.881758
-35.805872,43,33.888817
-57.788975,56,33.898012
-72.517662,69,33.909265
-50.675455,71,33.9216
-86.137058,83,33.935507
-51.10726,67,33.94648
-34.669047,48,33.954431
-41.420728,59,33.964002
-49.020151,68,33.975085
-77.361468,91,33.989968
-36.995995,75,34.002205
-44.418548,93,34.017479
-45.133988,77,34.030983
-52.424623,58,34.040668
-132.439394,108,34.058451
-23.646193,30,34.063388
-37.844253,41,34.070074
-52.1346,72,34.081751
-39.420544,63,34.092075
-26.14058,52,34.100835
-55.186929,91,34.116265
-34.444914,32,34.121537
-61.631138,76,34.134969
-23.102452,37,34.141506
-73.649089,55,34.151046
-60.463451,95,34.166448
-22.379071,20,34.169741
-40.977213,82,34.18304
-76.495311,61,34.193352
-34.44593,29,34.198332
-37.660083,62,34.208486
-81.075524,75,34.220679
-69.243453,66,34.231386
-52.070413,86,34.246157
-81.125044,65,34.257128
-41.654611,72,34.268881
-49.139041,59,34.278313
-67.706555,82,34.291382
-53.42908,57,34.300686
-111.957846,103,34.591901
-34.951636,55,34.601216
-97.379146,94,34.616777
-57.005154,83,34.630428
-40.379192,64,34.640935
-102.774611,86,34.654932
-47.997766,55,34.679138
-28.354077,36,34.696023
-38.205434,46,34.709227
-32.429265,40,34.716189
-98.442238,128,34.73712
-69.60332,93,34.75279
-31.549743,38,34.759242
-29.020911,32,34.765459
-40.338231,49,34.774056
-99.211049,123,34.797351
-42.881519,41,34.80455
-49.731078,60,34.81512
-36.854865,61,34.825571
-38.41661,60,34.835688
-39.348502,44,34.842932
-30.1099,38,34.84916
-162.602527,135,34.87187
-55.501068,71,34.884036
-30.666218,29,34.888867
-36.94064,56,34.898021
-88.882202,91,34.912807
-50.889449,59,34.922469
-58.087401,82,34.935998
-37.716381,49,34.944179
-18.849469,19,34.947416
-22.41276,21,34.950937
-49.671208,51,34.959196
-73.766765,84,34.973501
-57.159899,51,34.982621
-48.497237,56,34.991755
-40.841142,47,34.999486
-34.601871,43,35.006368
-79.888656,111,35.024537
-35.486516,55,35.033545
-37.552977,35,35.039242
-60.338626,48,35.046978
-33.638191,45,35.054211
-41.170757,57,35.063334
-60.058215,45,35.070531
-48.885078,67,35.082205
-31.716928,38,35.088748
-27.504741,41,35.095649
-34.205154,33,35.101117
-35.113006,53,35.109595
-54.868469,62,35.11976
-51.137847,45,35.127133
-35.622039,46,35.134651
-73.589541,103,35.151331
-32.079782,47,35.158906
-66.016102,104,35.175759
-123.226699,73,35.188307
-33.63708,40,35.195299
-64.647041,51,35.204259
-77.213063,69,35.216159
-38.072332,45,35.223673
-38.229615,38,35.230103
-31.663163,28,35.234946
-41.792568,62,35.245654
-23.987243,23,35.249795
-36.658568,45,35.257293
-105.767569,101,35.274265
-55.779976,43,35.281636
-44.824149,48,35.289608
-32.190296,41,35.567667
-30.38718,41,35.574891
-37.437951,31,35.581444
-27.997354,43,35.589645
-26.962965,32,35.595237
-23.072527,28,35.600237
-27.09613,26,35.604607
-38.823767,35,35.611512
-27.651182,29,35.616731
-57.993596,95,35.633032
-126.672581,84,35.647095
-47.132216,45,35.65472
-64.271293,74,35.667029
-50.27125,62,35.677354
-20.808181,24,35.681379
-64.477243,51,35.68979
-46.0971,60,35.699796
-50.037546,53,35.708537
-28.334602,27,35.713
-82.177746,105,35.731506
-28.459756,49,35.739689
-43.487779,63,35.750265
-27.415122,36,35.756281
-50.069199,90,35.770859
-40.959966,51,35.7792
-57.717265,77,35.791679
-25.24185,27,35.796102
-30.230424,36,35.801912
-31.345833,28,35.80647
-35.033491,53,35.815001
-24.657965,29,35.820656
-30.215521,29,35.825432
-84.690093,100,35.842489
-36.421355,42,35.849595
-30.635309,27,35.853982
-104.359606,73,35.865841
-55.067573,83,35.879253
-59.926317,53,35.887726
-48.666304,38,35.893865
-33.021463,71,35.905686
-56.817937,69,35.917179
-35.471881,55,35.927082
-29.227337,54,35.936296
-25.199969,33,35.941766
-37.286896,46,35.949419
-29.922375,51,35.957738
-52.10768,58,35.967153
-54.342887,61,35.977086
-32.515683,56,35.986189
-36.149565,36,35.992116
-32.351503,53,36.000853
-36.739537,51,36.009196
-42.06015,65,36.019673
-78.724806,64,36.029952
-44.89354,49,36.039008
-154.271615,108,36.056467
-96.63066,85,36.070283
-65.668955,83,36.083669
-82.245003,80,36.096421
-63.780729,70,36.107541
-28.195715,53,36.116002
-40.464468,61,36.125755
-28.543512,33,36.131108
-26.504667,32,36.137149
-31.356881,29,36.141851
-44.642529,41,36.148657
-56.644285,78,36.161041
-60.742239,91,36.176055
-26.2685,35,36.182053
-67.66338,87,36.19668
-34.377659,49,36.205538
-58.900451,47,36.213242
-132.955726,124,36.233021
-57.485663,78,36.246471
-27.633981,24,36.531607
-38.273893,53,36.540553
-19.994191,30,36.545589
-26.901327,39,36.552108
-59.006141,65,36.564886
-48.520552,45,36.572728
-77.919183,101,36.590599
-55.893522,63,36.601737
-25.066111,25,36.605959
-54.805131,58,36.616352
-44.910647,65,36.626891
-38.179979,40,36.633594
-25.996639,40,36.640296
-42.122556,50,36.648687
-76.440061,65,36.659174
-68.562096,82,36.673937
-29.048424,26,36.678297
-49.816086,80,36.691607
-46.462491,48,36.699513
-44.895508,68,36.710393
-74.339548,104,36.727607
-51.175859,54,36.73681
-83.482222,99,36.75337
-22.384233,26,36.757761
-24.862241,21,36.761229
-37.588238,73,36.774255
-29.18594,36,36.780513
-40.547827,36,36.786432
-43.78437,68,36.797389
-113.810467,90,36.811885
-60.492951,101,36.828463
-41.549737,66,36.839305
-45.211869,67,36.850235
-45.129681,69,36.861406
-49.375588,58,36.871949
-115.492347,132,36.893863
-42.632374,67,36.904774
-32.174549,47,36.912535
-27.786558,32,36.917873
-57.428156,47,36.925676
-72.718524,73,36.937642
-27.280717,35,36.943461
-34.400818,61,36.953406
-48.315794,60,36.963205
-84.061864,76,36.976453
-61.495236,72,36.98942
-24.534982,28,36.994342
-45.699319,82,37.008343
-26.980252,35,37.014524
-41.003542,50,37.023109
-26.517738,21,37.026685
-52.698501,79,37.039757
-35.641048,43,37.046948
-84.185828,60,37.056564
-131.980965,110,37.074696
-37.897234,43,37.082991
-26.644143,23,37.086808
-36.314445,38,37.093296
-76.137258,103,37.110271
-37.968476,75,37.122656
-58.287613,54,37.132361
-29.988503,39,37.13903
-25.955661,35,37.144899
-26.814832,59,37.154684
-35.321399,49,37.162807
-46.196706,68,37.173903
-104.432691,106,37.192164
-37.431792,55,37.201507
-39.927559,39,37.208007
-82.253245,91,37.51603
-107.435797,109,37.534633
-51.220443,44,37.542077
-40.494227,52,37.55078
-50.924078,49,37.55903
-63.277733,79,37.573191
-34.40118,49,37.582105
-27.653226,28,37.587725
-35.263233,55,37.597197
-45.62785,42,37.604545
-48.295255,38,37.611752
-78.034981,99,37.629041
-39.562001,60,37.639113
-41.687166,64,37.649631
-74.58114,70,37.661307
-27.041138,34,37.667138
-40.921314,84,37.681174
-71.798959,101,37.697674
-23.223172,24,37.701628
-102.746519,110,37.720813
-57.669285,67,37.731959
-40.692607,50,37.740073
-65.729737,75,37.751935
-25.098585,21,37.75534
-43.060314,41,37.76197
-33.513775,72,37.773473
-48.651619,72,37.784943
-30.595109,40,37.791397
-85.298913,65,37.801992
-46.550031,52,37.810569
-26.723645,32,37.815798
-28.449946,36,37.822553
-36.795316,53,37.831748
-49.523939,63,37.8418
-36.302643,45,37.849172
-54.869449,68,37.860412
-77.479684,97,37.876337
-46.499987,71,37.887792
-26.593356,35,37.893419
-23.31146,23,37.897152
-54.143777,83,37.910425
-33.635891,38,37.916716
-81.462088,93,37.933033
-36.559657,49,37.941242
-50.645892,69,37.952573
-29.725239,51,37.9608
-47.248856,54,37.969734
-59.435384,51,37.978108
-49.543132,39,37.984654
-32.65773,35,37.990383
-36.379202,57,37.999781
-65.765001,55,38.008878
-37.055473,48,38.017101
-61.583291,100,38.034336
-76.329294,92,38.049513
-53.201102,66,38.060493
-30.112535,46,38.06818
-40.07862,33,38.073693
-27.930131,42,38.080685
-44.381272,65,38.091436
-31.382373,36,38.097468
-26.485731,32,38.102823
-60.485324,73,38.114752
-93.824651,76,38.126979
-41.17681,41,38.133707
-41.366762,67,38.145443
-43.269485,43,38.152751
-33.106083,47,38.160441
-30.891758,28,38.165218
-66.340754,74,38.177213
-43.85384,56,38.186338
-131.392493,105,38.469433
-31.184516,31,38.474776
-26.441486,24,38.478834
-39.787435,62,38.489366
-40.344157,45,38.496819
-82.8823,84,38.510475
-50.627896,71,38.522036
-64.991768,62,38.532096
-48.950287,74,38.544096
-85.879687,78,38.558264
-30.21708,40,38.565828
-32.297708,53,38.575049
-28.335125,51,38.585951
-30.536531,53,38.594982
-21.994271,17,38.598359
-50.553983,42,38.605492
-126.196716,87,38.620453
-49.726843,59,38.630554
-54.019682,61,38.640572
-42.565565,48,38.648756
-41.129488,51,38.657471
-49.565825,72,38.670426
-24.816937,23,38.674465
-68.523802,69,38.685972
-29.942784,27,38.690481
-25.539433,43,38.697469
-37.979718,56,38.706517
-64.222731,55,38.715438
-25.697574,41,38.722249
-88.613176,99,38.738598
-40.185088,52,38.747164
-60.349196,70,38.758533
-54.006038,56,38.768535
-49.567307,61,38.778798
-28.403829,41,38.78556
-32.257408,45,38.792801
-76.813975,79,38.805689
-27.921909,27,38.810135
-110.41846,128,38.831249
-33.132323,46,38.838849
-83.978559,89,38.853486
-20.864984,27,38.857924
-66.821896,80,38.871856
-27.882435,24,38.875976
-66.453249,55,38.885277
-83.320873,89,38.899835
-25.275739,36,38.90573
-37.399146,41,38.912607
-42.407579,35,38.918505
-48.625083,65,38.929203
-56.217632,56,38.938367
-73.6368,69,38.949715
-44.237583,39,38.956178
-29.743192,27,38.960643
-30.801982,27,38.965073
-43.657994,46,38.972596
-33.161728,51,38.981925
-33.544481,60,38.991854
-26.351698,37,38.998227
-87.808177,66,39.00969
-31.638137,54,39.018769
-46.447573,65,39.029565
-51.390117,37,39.035672
-34.856227,41,39.042536
-32.57839,45,39.050066
-64.126502,82,39.063459
-24.578636,44,39.070656
-89.940144,96,39.087557
-43.111142,31,39.092849
-29.307366,40,39.099554
-33.60993,47,39.10712
-50.670786,57,39.116546
-54.230093,65,39.127191
-67.034256,64,39.137551
-35.158559,34,39.143109
-23.591455,21,39.146574
-73.600637,57,39.428654
-54.812672,59,39.438832
-29.947734,43,39.446015
-47.101201,49,39.454079
-24.777078,37,39.460194
-108.24957,112,39.47863
-100.152614,82,39.491918
-45.147428,63,39.502224
-30.440651,43,39.510699
-56.490541,50,39.519159
-144.771113,129,39.540133
-129.976536,75,39.552781
-28.557149,34,39.558675
-55.191402,76,39.571555
-33.470962,32,39.576973
-32.746353,40,39.584336
-39.573471,36,39.590768
-42.342164,38,39.597296
-58.822932,55,39.606282
-94.609628,82,39.621388
-46.401036,49,39.629321
-38.306693,39,39.636011
-41.727677,43,39.643125
-81.706857,100,39.659604
-49.066626,48,39.667762
-38.294405,42,39.674876
-61.653095,69,39.686184
-38.535581,39,39.692514
-34.179505,34,39.698168
-67.450169,123,39.7198
-38.90978,54,39.728799
-26.914081,24,39.732879
-47.199545,57,39.742215
-37.270184,31,39.747517
-43.558742,47,39.755539
-31.087434,27,39.760198
-44.406726,52,39.768827
-29.445993,36,39.774775
-30.704465,38,39.781136
-62.770215,85,39.795123
-62.645455,85,39.809294
-125.814877,121,39.830619
-75.049064,87,39.845052
-24.750408,30,39.850165
-48.1972,38,39.856572
-47.796152,56,39.865733
-30.273112,37,39.871758
-45.574113,83,39.885151
-73.852102,64,39.895396
-40.837959,39,39.901713
-38.159408,55,39.910493
-72.419948,61,39.920194
-29.698742,33,39.925475
-23.164318,25,39.930453
-63.0308,48,39.938667
-32.049644,37,39.944693
-29.143948,46,39.952216
-59.923349,97,39.967731
-40.020527,39,39.974013
-55.575993,68,39.984873
-82.791937,102,40.001243
-28.652846,29,40.005981
-84.688051,72,40.017535
-63.960109,80,40.031089
-41.611512,46,40.039054
-98.8263,107,40.056775
-53.808645,59,40.066669
-29.289899,26,40.071125
-39.308884,46,40.078764
-53.998679,58,40.088246
-107.401129,80,40.101438
-60.421736,95,40.381713
-109.885797,123,40.402016
-58.691126,65,40.41261
-32.506064,35,40.418401
-55.892439,69,40.429581
-76.482844,77,40.442156
-85.827249,89,40.458191
-27.57986,37,40.464632
-142.0831,126,40.485209
-29.465238,35,40.490919
-34.475478,38,40.497133
-30.028259,27,40.501571
-26.130761,30,40.506521
-84.475118,99,40.522405
-52.036567,73,40.534421
-42.438197,43,40.541715
-63.359304,40,40.548654
-75.203294,77,40.562539
-87.230333,83,40.576385
-22.097721,20,40.580769
-36.470134,40,40.588195
-102.362364,85,40.602684
-33.817588,23,40.606519
-94.191385,81,40.62006
-21.184853,20,40.623343
-69.920203,97,40.639745
-22.940971,38,40.646222
-84.023074,84,40.661078
-27.711916,33,40.666949
-81.635584,76,40.679602
-65.481791,95,40.695495
-31.064107,26,40.699927
-40.120824,49,40.70789
-24.0673,46,40.715469
-43.356801,45,40.723007
-35.987495,29,40.727735
-25.821879,31,40.73284
-39.194319,38,40.739029
-39.526518,38,40.745199
-37.279329,29,40.749922
-74.912102,73,40.761741
-33.769491,46,40.770232
-97.138704,89,40.785233
-63.585313,78,40.797676
-77.53861,77,40.810069
-43.294454,50,40.818504
-48.071581,52,40.827283
-74.753011,99,40.843853
-84.295886,82,40.857655
-45.963549,93,40.873989
-66.026977,94,40.889968
-37.696889,31,40.895111
-39.962601,51,40.903504
-26.429348,36,40.909438
-45.271851,55,40.918485
-83.395683,89,40.933088
-31.543169,34,40.938684
-46.166869,44,40.945843
-36.018412,57,40.95516
-88.674781,102,40.971669
-87.330719,63,40.98313
-47.11076,76,40.995518
-47.690425,42,41.002501
-29.449559,40,41.008964
-52.012881,52,41.017631
-22.804282,20,41.021061
-72.268821,63,41.031433
-52.617158,46,41.038864
-40.136545,46,41.046229
-75.801229,75,41.058272
-41.40037,71,41.34258
-29.017187,40,41.349556
-28.895458,31,41.354682
-30.715344,37,41.360713
-44.423202,58,41.369964
-32.05969,32,41.375203
-96.355441,105,41.392459
-34.941961,46,41.401305
-35.926083,41,41.408864
-83.677969,81,41.426566
-39.003771,58,41.436724
-31.551892,24,41.440774
-91.504646,86,41.455281
-35.2467,30,41.460802
-36.008625,63,41.474979
-34.508738,38,41.482599
-39.793324,67,41.494918
-116.120077,110,41.51688
-34.886553,47,41.524937
-27.949189,45,41.532712
-88.431993,110,41.555893
-191.976428,119,41.579452
-44.043909,41,41.590532
-31.362016,31,41.596032
-55.887308,53,41.605313
-52.999447,67,41.618212
-75.100155,91,41.634201
-20.709972,26,41.640899
-58.923738,132,41.664302
-37.729086,34,41.670289
-63.093733,44,41.677737
-33.045439,31,41.683292
-40.411765,35,41.693382
-31.420592,51,41.70198
-42.663545,54,41.710939
-67.341477,78,41.725541
-44.537803,51,41.735099
-23.327602,18,41.738316
-36.768129,57,41.748337
-26.912942,38,41.758826
-82.586829,69,41.771947
-37.011073,34,41.777753
-92.330968,90,41.792627
-61.648309,61,41.802718
-38.617662,58,41.812123
-26.547777,43,41.822264
-76.065045,83,41.841667
-36.361318,73,41.854133
-31.275813,35,41.859958
-26.912995,52,41.868744
-58.533479,49,41.87687
-55.441812,35,41.882861
-50.345979,40,41.889418
-48.077285,54,41.898265
-45.144721,42,41.906691
-23.339846,22,41.913643
-39.081256,27,41.918217
-61.292866,54,41.928144
-66.33566,96,41.945517
-71.804507,55,41.955482
-44.399587,66,41.966973
-36.111324,48,41.975173
-55.046759,60,41.985651
-50.282927,77,41.998643
-37.335037,51,42.007124
-71.684874,87,42.021522
-108.114088,96,42.0474
-24.112201,23,42.051455
-61.89131,61,42.061656
-58.806303,47,42.070029
-80.792987,86,42.085366
-33.133427,37,42.091895
-66.535805,57,42.4252
-143.612377,123,42.445354
-20.409377,24,42.449296
-32.659997,35,42.456086
-39.526693,29,42.461397
-67.948238,73,42.473778
-54.587885,111,42.492221
-38.961393,40,42.498766
-56.10597,60,42.508374
-33.316518,45,42.516042
-26.266533,27,42.520516
-27.374551,32,42.525758
-78.74721,81,42.538868
-50.877844,74,42.551215
-82.063809,66,42.562871
-38.845388,55,42.572557
-25.22383,29,42.577666
-105.308648,108,42.599267
-52.539057,61,42.609377
-26.554504,31,42.614592
-30.745052,48,42.622546
-46.737041,83,42.636176
-30.938032,47,42.643678
-86.219388,93,42.659089
-46.364196,50,42.668836
-39.307978,28,42.674255
-50.922862,58,42.684321
-27.003527,43,42.691649
-62.957845,83,42.705263
-39.98729,39,42.711742
-106.936163,122,42.731991
-23.695474,30,42.736893
-34.660002,33,42.742263
-27.132479,35,42.747984
-66.12264,56,42.757106
-39.758468,37,42.763121
-97.134204,102,42.780923
-44.087009,47,42.788747
-25.320755,38,42.794892
-66.392918,79,42.807632
-106.213281,117,42.826222
-28.769382,53,42.834899
-26.162087,27,42.839247
-52.981722,47,42.846891
-29.779482,28,42.851368
-45.675722,41,42.857962
-54.777419,52,42.866651
-48.851133,58,42.876964
-55.721181,72,42.888833
-87.167499,86,42.903021
-80.617382,125,42.923235
-30.50216,38,42.929454
-26.092887,41,42.936178
-44.971844,63,42.946421
-65.711499,97,42.961842
-29.401294,27,42.966217
-56.128441,61,42.975871
-78.358028,93,42.992381
-45.65808,44,42.999908
-56.549998,85,43.013807
-75.129606,56,43.023131
-47.710096,62,43.033584
-40.620584,57,43.043187
-32.460684,25,43.04742
-23.722437,24,43.051599
-147.620655,107,43.069409
-61.051385,50,43.07795
-41.462878,49,43.087154
-40.154623,49,43.095562
-38.09863,38,43.102152
-33.510121,54,43.380994
-43.302797,68,43.392083
-35.183516,36,43.397948
-56.40696,76,43.411702
-50.399843,84,43.425804
-39.968108,62,43.436186
-69.624857,80,43.449448
-33.708973,30,43.454511
-86.937077,93,43.470009
-25.438514,18,43.473066
-23.210211,27,43.477524
-29.081668,44,43.484674
-30.091262,28,43.489273
-52.530693,73,43.501116
-48.54489,48,43.509888
-50.502797,72,43.533692
-66.932646,69,43.552697
-54.844502,51,43.561431
-72.304649,76,43.575612
-69.353777,93,43.593852
-40.784084,50,43.602533
-27.495466,30,43.607698
-47.175912,77,43.621947
-32.324726,59,43.632486
-33.491301,40,43.639057
-36.733847,43,43.64614
-60.548502,92,43.661159
-87.171134,60,43.674192
-126.59012,101,43.701745
-62.186816,75,43.714206
-39.281049,44,43.722573
-63.775138,88,43.738134
-94.151508,94,43.754457
-69.127527,83,43.768081
-33.527552,36,43.774024
-45.476999,51,43.782364
-44.075203,47,43.789957
-55.171757,63,43.800235
-28.1066,30,43.805199
-50.49561,63,43.81543
-92.497573,98,43.83271
-39.854431,44,43.840058
-50.391982,83,43.853844
-90.168509,79,43.866906
-64.488052,61,43.877144
-19.984229,37,43.883662
-36.212778,58,43.8939
-42.16264,90,43.908727
-34.559524,62,43.918801
-22.607555,25,43.922981
-35.557345,52,43.932317
-95.578062,117,43.951805
-105.238673,83,43.965352
-58.461252,71,43.976854
-35.006642,57,43.986282
-53.90325,74,43.998284
-63.138214,76,44.010606
-30.240344,43,44.017615
-53.325718,52,44.02602
-37.878075,43,44.033914
-46.271935,52,44.04268
-81.763093,106,44.060375
-51.767933,63,44.070747
-36.229935,55,44.079832
-35.976466,34,44.085429
-102.417354,113,44.103887
-38.06559,46,44.395402
-59.925922,67,44.406665
-30.68726,48,44.414743
-24.812422,23,44.418543
-69.184922,101,44.43471
-30.392527,47,44.442298
-33.585015,35,44.448164
-28.560722,51,44.457638
-113.178573,88,44.472473
-83.219021,72,44.484066
-71.281839,105,44.501668
-41.951737,49,44.509813
-65.882648,63,44.520251
-47.922976,45,44.527677
-81.733955,68,44.538986
-41.787065,70,44.550626
-36.177398,38,44.557068
-68.362947,77,44.572276
-32.811717,40,44.579272
-26.974702,45,44.58759
-23.726054,33,44.593069
-69.477222,90,44.607957
-39.823596,54,44.616975
-23.965762,19,44.620253
-91.066253,70,44.631834
-30.385843,61,44.641936
-23.294215,26,44.646292
-37.047928,62,44.656632
-32.396953,36,44.662504
-34.609308,36,44.669452
-28.708014,29,44.67444
-43.009145,60,44.684844
-36.16463,35,44.690761
-51.077644,70,44.702452
-35.189011,30,44.707531
-43.992422,50,44.715802
-35.532529,39,44.722324
-39.452036,58,44.73177
-37.327253,71,44.743088
-34.895933,65,44.753473
-40.073399,58,44.762777
-62.507264,68,44.774853
-71.388795,70,44.786738
-50.500455,58,44.796225
-38.457865,59,44.805798
-80.580613,93,44.820563
-25.999753,41,44.827143
-73.167699,92,44.841697
-27.90455,24,44.845625
-80.12638,112,44.864397
-74.602249,71,44.877081
-29.230436,35,44.883198
-39.117675,49,44.891321
-51.837826,47,44.899256
-45.310184,61,44.909124
-34.280083,41,44.915832
-60.609438,69,44.926957
-33.928116,50,44.935072
-63.38547,87,44.949068
-64.199843,59,44.958526
-44.690783,63,44.96865
-22.764642,29,44.973343
-32.455272,35,44.979004
-76.800941,75,44.99197
-103.954043,91,45.007149
-48.497806,71,45.019008
-78.32941,81,45.032516
-25.200346,25,45.036763
-70.498929,67,45.048099
-50.697672,55,45.057084
-64.529206,61,45.066902
-31.58116,33,45.072303
-61.631537,64,45.361347
-25.546345,23,45.365544
-30.616406,40,45.372256
-70.824482,64,45.382866
-79.116341,74,45.394982
-73.278043,65,45.406759
-35.818254,38,45.413313
-33.418306,52,45.422036
-32.269839,45,45.429399
-30.456852,37,45.435836
-36.942551,40,45.442491
-73.73681,81,45.455815
-116.169025,126,45.476454
-43.8066,74,45.488656
-32.628355,47,45.496594
-30.138122,35,45.502441
-38.881423,45,45.510674
-75.501911,107,45.528533
-24.043786,29,45.533537
-39.776865,40,45.540153
-96.768672,68,45.551453
-28.029734,54,45.560355
-35.150228,54,45.569312
-66.323244,58,45.578831
-29.50915,33,45.584817
-53.387028,74,45.59769
-86.086166,69,45.609121
-45.931493,45,45.617541
-73.17325,90,45.632763
-50.151112,42,45.639672
-41.988664,70,45.651202
-31.049672,28,45.655804
-143.928501,113,45.674344
-30.304449,24,45.678333
-32.360032,40,45.684877
-52.277854,64,45.695273
-58.448,83,45.708855
-29.202066,46,45.716359
-82.188241,68,45.728579
-105.097547,70,45.740386
-31.172691,31,45.745535
-42.232479,51,45.753981
-68.272631,75,45.766283
-51.313693,60,45.77599
-23.028937,34,45.781625
-43.13367,41,45.788298
-58.627006,65,45.79895
-72.84648,76,45.811239
-49.956837,47,45.818869
-62.362173,92,45.834664
-75.294478,86,45.848999
-46.08972,58,45.858416
-107.801711,99,45.87438
-30.616105,53,45.882986
-27.098275,44,45.890225
-31.05878,42,45.897078
-92.347356,73,45.908949
-31.324659,43,45.916051
-27.848463,34,45.921549
-76.570141,75,45.934453
-73.819385,99,45.951122
-38.418541,47,45.958893
-28.955093,56,45.967941
-54.900602,80,45.980998
-40.519235,59,45.990644
-22.29665,28,45.995257
-73.408587,60,46.005133
-46.627781,88,46.019432
-146.235723,100,46.30549
-35.668406,57,46.314933
-61.087844,63,46.325065
-51.921897,67,46.335807
-62.079094,108,46.353131
-89.454041,71,46.365624
-83.728285,44,46.373585
-39.886919,90,46.388363
-54.361204,68,46.399227
-44.129126,50,46.407295
-82.257668,103,46.423886
-84.899175,73,46.436332
-33.890224,37,46.442748
-25.819911,26,46.447289
-31.202454,36,46.453292
-91.763501,92,46.469425
-45.713049,43,46.477007
-59.201974,82,46.490787
-38.21597,51,46.499499
-44.174522,71,46.511449
-64.763972,69,46.522803
-63.136007,100,46.539264
-26.497432,42,46.546691
-27.846107,38,46.553105
-55.264611,81,46.566999
-38.240734,32,46.573403
-30.06779,39,46.581092
-41.079683,43,46.58863
-46.167562,53,46.59773
-77.999014,69,46.609171
-21.447029,28,46.613971
-110.389545,113,46.632085
-28.81139,28,46.636648
-31.971542,35,46.64229
-33.512407,37,46.648551
-19.122303,23,46.652386
-143.075028,108,46.669905
-33.280544,55,46.679822
-24.601204,24,46.683881
-51.403545,74,46.696215
-55.311123,56,46.705519
-52.804705,72,46.717306
-103.08159,86,46.731537
-116.373836,112,46.750126
-25.565494,34,46.755755
-139.841216,97,46.77153
-52.346119,72,46.784509
-152.654811,132,46.806393
-28.78763,29,46.811157
-38.730102,40,46.817608
-33.279695,44,46.824752
-27.968004,33,46.83009
-31.263763,44,46.837162
-42.52462,28,46.84169
-62.504057,69,46.852979
-61.461815,50,46.861179
-32.860664,44,46.868395
-76.495146,91,46.883213
-33.82346,32,46.888434
-82.682363,67,46.900527
-71.257469,110,46.91844
-34.319658,42,46.925299
-47.111374,74,46.93747
-23.115,29,46.942244
-41.258221,42,46.949089
-41.649999,67,46.959816
-36.99831,65,46.970398
-47.257389,52,46.978904
-24.019279,28,46.983445
-33.520427,42,47.259341
-51.801203,52,47.268668
-42.30724,67,47.279726
-34.611119,51,47.287947
-58.478064,72,47.299607
-25.805896,41,47.306315
-37.948613,39,47.312742
-66.508512,95,47.32997
-43.84577,77,47.343126
-34.623324,46,47.350773
-46.420751,71,47.362275
-70.780421,84,47.375816
-52.789739,43,47.383027
-70.886396,77,47.395701
-46.831348,43,47.402827
-86.710821,68,47.413918
-31.824122,26,47.418198
-71.778367,61,47.429052
-110.625566,115,47.447822
-49.973708,49,47.45619
-87.109379,60,47.466321
-85.630759,75,47.478843
-25.025042,33,47.484247
-59.29455,60,47.493957
-25.106854,36,47.499818
-39.274087,43,47.506774
-31.061483,48,47.514477
-23.533767,25,47.518504
-45.672125,61,47.529163
-45.480908,67,47.540533
-31.92692,44,47.548551
-27.225587,39,47.555203
-76.907843,56,47.565315
-35.050574,56,47.575457
-39.177268,47,47.58515
-79.076204,73,47.598171
-25.073261,38,47.604824
-105.987626,89,47.619861
-101.851622,113,47.639672
-85.870644,77,47.652719
-31.171324,43,47.65996
-27.275671,40,47.666939
-68.916455,109,47.684943
-67.566054,90,47.699793
-37.175791,41,47.706644
-74.518559,94,47.722065
-33.198937,44,47.729348
-49.4023,64,47.740853
-57.323245,83,47.755029
-79.873128,79,47.76802
-48.83022,76,47.780546
-43.821117,50,47.78873
-44.785154,32,47.79413
-134.775585,106,47.811255
-34.730207,60,47.820832
-79.094092,53,47.834378
-22.780246,20,47.837824
-44.962237,46,47.846392
-32.848969,43,47.853743
-49.290432,59,47.863536
-71.038293,78,47.876451
-83.809601,97,47.892358
-27.566924,40,47.899033
-36.485195,44,47.906246
-67.618248,57,47.915522
-52.03363,45,47.922838
-35.730234,35,47.928543
-148.181968,128,48.211803
-45.920253,47,48.220102
-37.640386,51,48.228681
-90.460861,69,48.240141
-42.452629,49,48.248368
-31.229161,47,48.256251
-57.316074,81,48.270299
-50.962984,57,48.279852
-30.170932,32,48.285503
-40.293913,40,48.292379
-52.817511,53,48.301211
-42.105602,61,48.311239
-31.15881,39,48.317639
-149.539899,145,48.341113
-36.149647,60,48.350915
-45.781108,42,48.35771
-48.126689,55,48.36759
-56.500323,66,48.378846
-24.613055,33,48.384402
-38.381063,41,48.391199
-56.737662,43,48.398336
-26.453367,25,48.402525
-43.437219,37,48.408662
-42.017759,63,48.419086
-36.048481,78,48.432065
-40.047004,42,48.43898
-44.934471,57,48.448427
-88.829972,91,48.463376
-36.430723,49,48.471483
-42.978901,86,48.486837
-32.16641,52,48.495389
-48.060699,76,48.507697
-28.262538,36,48.513561
-28.663975,45,48.52092
-117.768059,114,48.539457
-35.343705,49,48.547849
-91.147472,74,48.560136
-20.628472,20,48.563766
-23.16129,23,48.567744
-56.803269,47,48.575649
-24.666483,27,48.581746
-72.77241,91,48.59781
-28.871928,26,48.602345
-52.888309,52,48.611033
-24.819466,33,48.616585
-43.439041,68,48.627408
-41.454794,42,48.634537
-50.838991,66,48.645626
-37.14532,49,48.654043
-26.403854,21,48.657609
-44.263227,74,48.669685
-28.752755,39,48.676054
-58.551217,64,48.688065
-104.451119,113,48.707071
-44.294222,75,48.719777
-41.218854,70,48.731361
-108.618337,119,48.750673
-21.026968,27,48.755064
-38.364053,56,48.76422
-33.611728,65,48.774689
-25.091861,48,48.782457
-42.06385,65,48.794273
-28.206672,40,48.801146
-154.760814,122,48.82084
-49.771722,72,48.832462
-107.745438,120,48.851761
-105.013146,112,48.870086
-75.239765,93,48.885424
-47.406475,59,48.895971
-36.237592,40,49.176872
-134.856758,142,49.20065
-116.211289,115,49.221079
-79.801846,58,49.23082
-47.151326,76,49.243205
-56.012924,69,49.254493
-73.30393,66,49.265452
-55.68339,52,49.273894
-43.927477,66,49.284612
-73.930724,67,49.295566
-97.094485,98,49.311666
-141.151109,102,49.329384
-31.299369,64,49.340253
-27.369227,26,49.344623
-48.542916,48,49.352423
-51.676028,43,49.359451
-31.135735,40,49.366016
-20.40349,28,49.370608
-61.145697,48,49.378391
-115.664194,140,49.400782
-29.484572,36,49.406624
-30.116773,53,49.415448
-51.114158,48,49.424383
-47.140892,44,49.432235
-117.826766,111,49.450347
-44.115197,41,49.457105
-56.979602,71,49.46857
-34.675547,29,49.473324
-51.817984,99,49.489394
-38.239359,37,49.495419
-24.55058,26,49.49966
-45.617277,48,49.507465
-94.657087,95,49.522792
-124.337597,91,49.538724
-18.45397,35,49.544597
-51.106874,64,49.555465
-59.405713,73,49.568254
-29.608472,33,49.573941
-39.745637,46,49.58259
-35.389581,28,49.587577
-32.093027,35,49.5934
-37.96137,60,49.603746
-55.933926,96,49.620222
-52.589292,60,49.631344
-58.96336,57,49.640934
-23.497026,30,49.646137
-72.155105,82,49.659474
-41.356515,49,49.667459
-31.284729,33,49.672828
-88.959281,68,49.683929
-22.833242,21,49.687478
-29.115403,46,49.695109
-36.872963,48,49.702871
-114.673296,116,49.721666
-34.597192,41,49.728382
-162.324415,106,49.747006
-82.424559,72,49.758965
-43.259389,62,49.768997
-61.074708,80,49.781877
-76.240344,76,49.794207
-38.224006,91,49.809271
-42.773245,43,49.816519
-62.640416,79,49.829664
-52.525046,51,49.838319
-33.889616,63,49.850287
-139.860866,116,50.141061
-52.791764,43,50.148261
-48.092359,60,50.158851
-62.983992,72,50.17131
-18.621766,21,50.17493
-67.896815,94,50.1908
-48.440502,57,50.200252
-32.6149,58,50.209687
-57.038713,106,50.227215
-52.347928,104,50.244287
-58.391918,61,50.254418
-39.965894,74,50.267281
-22.358751,18,50.270552
-42.77357,55,50.28035
-40.840148,46,50.288242
-58.919347,67,50.299661
-35.519163,39,50.306066
-35.711299,52,50.314521
-34.281969,31,50.319532
-41.357542,67,50.330248
-40.695754,50,50.338439
-28.656663,37,50.344505
-35.399479,40,50.351098
-47.337551,82,50.364563
-92.911957,87,50.379625
-34.179935,65,50.390551
-23.659671,31,50.395693
-96.426954,113,50.414115
-32.532281,35,50.419889
-51.860164,51,50.428386
-42.229269,41,50.435146
-42.15119,47,50.442867
-26.915116,35,50.448571
-60.655889,99,50.465065
-31.516605,57,50.474346
-99.053204,73,50.487801
-73.916081,52,50.496293
-26.034952,27,50.500884
-46.380628,50,50.509011
-103.642731,112,50.527264
-36.036202,39,50.533706
-45.324187,84,50.547549
-27.350419,22,50.551465
-30.419175,34,50.557161
-40.795052,72,50.56977
-50.905613,44,50.577368
-33.363772,64,50.594505
-47.730938,72,50.607244
-88.281443,106,50.625454
-34.930887,41,50.632493
-27.329468,52,50.641077
-47.862982,62,50.651438
-28.444525,31,50.656761
-46.393453,58,50.666406
-39.796827,59,50.676155
-84.121973,79,50.689932
-74.940237,86,50.704548
-83.210324,136,50.726617
-59.726591,88,50.740899
-38.981353,44,50.748079
-62.384428,86,50.761913
-45.299175,57,50.771052
-62.75609,72,50.782675
-63.74455,66,50.793391
-35.810954,86,50.808302
-66.108461,59,50.818443
-31.56332,45,51.106894
-41.181312,75,51.120946
-107.85521,117,51.140445
-55.78577,77,51.153074
-54.823317,60,51.162853
-73.79934,106,51.180187
-39.627667,36,51.186222
-30.767018,46,51.193654
-52.932518,36,51.199499
-39.832933,39,51.205756
-40.042737,46,51.213946
-41.617421,64,51.224943
-33.837504,30,51.230183
-29.655017,76,51.242932
-32.799149,59,51.252784
-62.485072,75,51.265249
-30.054703,42,51.272098
-25.254489,24,51.276042
-59.663571,94,51.291078
-40.327771,28,51.295591
-42.602044,43,51.302471
-52.616718,84,51.31587
-56.604526,54,51.325648
-29.975446,41,51.332585
-33.599251,38,51.338846
-49.653972,48,51.346684
-25.243711,30,51.351591
-41.013658,68,51.36267
-23.938543,22,51.366258
-38.694616,80,51.379047
-86.168441,78,51.391526
-45.830197,47,51.399101
-31.398756,31,51.404144
-24.950677,28,51.408648
-28.368755,34,51.41424
-29.875687,45,51.421619
-84.034508,85,51.436691
-76.418582,74,51.449179
-55.272902,78,51.462135
-112.346968,101,51.478732
-33.999855,46,51.486406
-54.887647,56,51.49567
-33.846654,48,51.503517
-77.353674,80,51.516719
-45.818584,51,51.525088
-42.105134,43,51.532821
-33.072656,58,51.542595
-68.214533,96,51.558898
-28.136986,34,51.56487
-46.084039,55,51.57413
-58.11847,59,51.585241
-44.646911,50,51.594127
-109.050291,109,51.612439
-36.072623,37,51.618873
-31.285244,44,51.626133
-55.425199,63,51.637534
-31.217869,65,51.648566
-41.854403,75,51.660905
-31.85191,44,51.668252
-61.970765,49,51.676393
-79.627306,113,51.694992
-23.896506,34,51.700632
-127.612349,123,51.720915
-36.581931,54,51.729791
-103.638263,100,51.747609
-23.583168,33,51.753311
-34.894155,45,51.760853
-29.683758,43,51.768408
-30.570666,61,51.778503
-71.096324,83,52.069323
-62.539323,79,52.08283
-48.803711,92,52.098726
-77.025774,96,52.114657
-28.629085,34,52.120604
-34.621127,41,52.127556
-31.823565,62,52.137995
-27.55481,27,52.142504
-59.054047,86,52.156921
-36.146555,60,52.167439
-40.828577,58,52.177327
-84.114355,91,52.192158
-54.966022,68,52.20331
-38.550848,47,52.211077
-23.029813,29,52.215878
-62.195122,67,52.22715
-40.314165,55,52.236292
-40.1059,50,52.24452
-60.339179,67,52.255285
-54.639097,48,52.263027
-114.123485,117,52.283177
-74.957039,74,52.295044
-49.275517,64,52.305347
-89.112442,97,52.320932
-72.232027,87,52.335198
-74.601027,91,52.350014
-51.578927,79,52.362861
-33.055538,29,52.367561
-32.622648,50,52.376401
-32.261876,35,52.382248
-106.839074,109,52.400389
-35.172479,78,52.413208
-26.972739,24,52.417358
-47.242389,72,52.429053
-55.131598,70,52.440332
-62.379958,79,52.453004
-39.201985,52,52.461366
-46.502121,48,52.469238
-139.739389,103,52.486952
-55.534059,64,52.497858
-45.547066,49,52.505866
-54.970209,53,52.514524
-38.361755,51,52.522856
-65.494047,64,52.533181
-25.931881,34,52.538747
-48.294334,58,52.548341
-49.782551,64,52.559142
-35.467241,47,52.56753
-49.636119,44,52.574935
-19.913492,22,52.578642
-95.567621,102,52.598284
-93.030908,114,52.617416
-72.155223,82,52.63088
-68.887538,79,52.643482
-23.279852,24,52.647524
-31.577615,44,52.654724
-25.394411,34,52.660317
-23.008982,26,52.664616
-45.620366,49,52.672377
-40.578294,40,52.679229
-45.252995,51,52.687742
-51.64291,64,52.698967
-73.070585,96,52.715198
-68.378258,83,52.728725
-32.904398,33,52.734355
-66.645236,87,53.018383
-35.770974,52,53.027246
-66.962911,97,53.043642
-75.353032,72,53.055515
-57.019041,59,53.065331
-31.363144,36,53.071341
-121.197864,129,53.09234
-43.474444,48,53.10029
-24.912621,42,53.10728
-38.529637,58,53.118036
-27.465608,30,53.123465
-64.973495,98,53.140574
-22.345975,53,53.149808
-44.931967,52,53.158424
-54.144897,62,53.168632
-36.415791,31,53.173947
-62.438769,79,53.187292
-76.648872,62,53.197916
-61.522658,46,53.206048
-36.479755,38,53.2125
-53.446607,39,53.219912
-39.652324,47,53.228328
-54.523108,40,53.235265
-59.155992,70,53.246869
-97.155092,74,53.259074
-134.227889,95,53.274865
-26.18668,27,53.279349
-67.957417,64,53.290071
-31.755175,52,53.298761
-25.373032,24,53.302709
-34.601137,38,53.308899
-131.724995,102,53.326242
-66.262148,84,53.340136
-29.48906,61,53.350213
-42.799886,49,53.358218
-40.695041,43,53.365242
-26.487843,42,53.372055
-28.797173,38,53.378274
-27.826436,34,53.383865
-29.679766,37,53.389806
-62.076416,56,53.398958
-60.736352,95,53.414512
-66.757298,61,53.424547
-43.490188,45,53.432874
-72.750851,73,53.444585
-116.732293,93,53.460149
-22.966157,23,53.464029
-42.450313,61,53.474257
-50.594734,44,53.481706
-99.155537,84,53.495531
-47.524491,39,53.50203
-73.105762,84,53.515698
-46.145034,46,53.523271
-49.810617,40,53.530625
-22.82511,33,53.536134
-39.68359,40,53.542988
-47.399035,70,53.554944
-34.447098,32,53.560463
-52.203867,93,53.576508
-36.628019,45,53.585022
-22.124236,30,53.590343
-48.522673,83,53.604441
-110.428262,94,53.620192
-31.01139,54,53.629106
-30.83282,52,53.638722
-84.019747,63,53.649481
-63.159456,81,53.662912
-62.425865,56,53.672382
-34.170534,57,53.681856
-85.095704,85,53.695813
-90.291679,111,53.981884
-81.921031,97,53.99795
-83.010553,102,54.014583
-44.184358,42,54.021402
-31.704011,37,54.027483
-138.095088,108,54.045141
-59.700991,44,54.052473
-100.917535,115,54.072945
-59.564005,85,54.087274
-44.402264,43,54.094367
-56.20619,71,54.106214
-33.423427,47,54.114251
-73.132411,97,54.130459
-41.416706,38,54.136855
-84.923217,98,54.153027
-62.231784,74,54.166036
-36.413397,35,54.171953
-48.842772,91,54.187001
-31.656669,35,54.192768
-38.787698,61,54.202581
-30.319152,68,54.213601
-171.288325,142,54.236824
-25.723228,35,54.242592
-72.436752,101,54.258977
-27.153448,24,54.262943
-69.995491,80,54.277334
-38.259028,35,54.283407
-29.135686,28,54.288177
-28.282311,34,54.293866
-29.416146,43,54.301029
-34.06306,33,54.306532
-44.333378,57,54.316029
-57.439736,58,54.325675
-69.494928,68,54.337141
-30.414789,27,54.341613
-48.502911,69,54.352874
-23.604817,20,54.356239
-105.623021,104,54.373127
-64.542641,68,54.385415
-43.233904,36,54.391347
-29.225496,31,54.396375
-47.648219,43,54.403408
-48.151667,83,54.416679
-45.848454,91,54.431242
-54.603795,54,54.439916
-48.517257,76,54.452008
-90.463118,76,54.464376
-79.807353,85,54.478637
-46.89147,50,54.487743
-77.017356,68,54.498924
-28.455197,60,54.508565
-43.2725,51,54.516858
-97.865268,79,54.529738
-36.97674,69,54.540977
-48.720724,61,54.551265
-23.024427,36,54.557364
-24.993286,24,54.561421
-30.715314,40,54.56872
-25.759278,37,54.575129
-26.24193,27,54.580651
-39.684479,58,54.591869
-78.312277,66,54.604036
-63.213786,48,54.612178
-71.068097,49,54.620708
-96.317711,97,54.636971
-65.329292,78,54.649949
-91.74888,94,54.931924
-82.641145,81,54.945402
-51.503695,67,54.956341
-27.357649,44,54.963494
-72.989792,44,54.970742
-61.125828,82,54.983994
-104.236503,124,55.004147
-49.17326,59,55.014894
-49.028094,53,55.023617
-81.793168,88,55.038185
-46.999851,52,55.04671
-29.596984,35,55.052474
-29.23474,31,55.057652
-35.520657,44,55.064892
-74.597757,66,55.075659
-38.029686,27,55.080129
-24.803051,25,55.08427
-28.806728,39,55.090672
-35.348909,51,55.099031
-87.132819,108,55.118164
-30.708804,62,55.128781
-32.772433,38,55.135524
-76.439983,62,55.145599
-66.304237,72,55.157747
-71.184827,61,55.167969
-38.217388,37,55.174204
-73.468741,88,55.188838
-51.714351,51,55.197364
-41.064674,64,55.208043
-40.208731,86,55.22318
-55.828092,79,55.23658
-37.787596,48,55.244518
-68.029473,93,55.25992
-42.137203,37,55.26612
-40.033463,68,55.277581
-37.985524,81,55.290899
-54.060545,108,55.308541
-54.979451,43,55.315735
-26.57665,35,55.322347
-42.985738,26,55.326792
-77.993226,78,55.339612
-31.542849,56,55.348615
-39.912594,45,55.355885
-40.755185,71,55.367247
-23.266458,36,55.3731
-97.86914,81,55.386341
-73.134268,92,55.401641
-65.696663,72,55.413778
-66.223938,73,55.426791
-25.194176,31,55.432058
-82.967938,98,55.448945
-46.67075,74,55.461214
-30.487762,28,55.466066
-72.631065,104,55.483098
-34.269484,70,55.494636
-109.651463,104,55.511594
-42.249114,63,55.521812
-72.519365,80,55.535888
-65.297823,99,55.553119
-43.96501,49,55.561305
-60.08423,63,55.572041
-37.555146,40,55.578926
-80.03669,89,55.594711
-81.938092,70,55.606655
-41.342069,54,55.61575
-48.109845,63,55.91667
-49.407426,45,55.92416
-37.470847,56,55.9333
-43.701851,83,55.947836
-98.947173,121,55.968817
-46.48637,61,55.978959
-22.801502,33,55.984871
-37.625326,39,55.991474
-105.411865,81,56.004846
-57.082957,76,56.017616
-34.458641,39,56.02403
-31.360406,37,56.030074
-34.148138,37,56.036111
-127.044635,112,56.055332
-28.030136,34,56.061237
-29.41403,26,56.065649
-66.447151,74,56.07757
-25.944862,23,56.081404
-87.262327,92,56.09614
-27.532248,29,56.100908
-64.25898,122,56.120887
-75.403878,84,56.134755
-27.304917,30,56.139673
-78.458058,86,56.153523
-25.273656,30,56.159278
-52.944876,55,56.168374
-76.884701,67,56.179326
-49.450393,78,56.192581
-34.377046,43,56.199648
-51.249165,59,56.209174
-21.425065,33,56.214471
-40.309128,65,56.224855
-40.613309,57,56.233945
-32.502916,50,56.241936
-43.28408,36,56.247888
-43.602004,58,56.257518
-48.002358,65,56.268839
-56.061762,55,56.278153
-54.737366,61,56.288259
-23.07944,19,56.291508
-115.356469,84,56.305288
-78.82108,97,56.321075
-35.932082,36,56.327036
-32.677336,65,56.337818
-53.872707,60,56.347704
-66.789523,79,56.360677
-60.259932,81,56.374763
-36.550282,42,56.382063
-35.001557,73,56.393935
-22.564889,21,56.397522
-27.932361,44,56.404876
-35.752809,40,56.411597
-34.465013,53,56.420371
-28.634073,38,56.426591
-92.229545,82,56.440005
-103.459485,96,56.455848
-27.678076,37,56.462047
-35.28877,58,56.471548
-44.877703,43,56.479422
-73.117401,53,56.488346
-54.004545,71,56.500137
-61.793495,50,56.508452
-30.646412,50,56.517017
-24.812129,32,56.522453
-40.376161,60,56.532587
-50.446463,64,56.543229
-27.90392,36,56.549483
-33.428926,72,56.561522
-41.446616,76,56.575376
-104.543931,65,56.591216
-63.625929,93,56.886796
-78.402057,86,56.902185
-26.931612,27,56.907143
-29.88307,28,56.911926
-31.755664,45,56.919474
-43.746532,58,56.92899
-55.231744,82,56.942799
-54.741239,67,56.954069
-59.558078,55,56.963416
-33.385143,45,56.970831
-51.158034,53,56.979442
-90.995637,105,56.996603
-38.068826,39,57.003765
-38.631542,77,57.016959
-84.37655,79,57.030167
-91.832298,74,57.042334
-32.22724,36,57.048261
-26.619273,31,57.053362
-34.199943,39,57.059743
-50.593307,33,57.065219
-41.134527,45,57.072605
-40.803305,62,57.082808
-90.161766,79,57.095653
-23.76553,25,57.099765
-89.479027,56,57.11029
-72.223755,89,57.125719
-35.817025,40,57.132698
-31.784792,31,57.137885
-36.973969,34,57.143576
-41.563501,53,57.152671
-88.15444,119,57.172757
-70.705473,71,57.184476
-45.338761,54,57.193352
-36.683127,50,57.201471
-26.158158,31,57.206481
-39.782178,57,57.216591
-27.790749,26,57.221276
-54.556667,43,57.228347
-44.044101,78,57.241468
-53.549785,55,57.250654
-55.224638,61,57.260841
-82.107813,85,57.274765
-27.533423,21,57.278263
-27.475645,43,57.285407
-27.365477,35,57.291201
-22.15043,23,57.294998
-30.315235,43,57.302018
-55.623752,58,57.311366
-38.72255,35,57.317034
-66.182045,79,57.331365
-31.455846,58,57.341254
-33.163393,54,57.350261
-78.973446,114,57.369107
-63.803699,86,57.383325
-40.057604,39,57.389755
-23.428864,19,57.392964
-114.182985,112,57.411111
-74.324965,92,57.426941
-28.72522,28,57.431549
-68.511087,84,57.445375
-44.956926,56,57.454822
-37.316602,40,57.461423
-94.257985,101,57.47771
-35.838588,52,57.486122
-44.154018,75,57.498351
-131.218908,108,57.515941
-32.915823,38,57.522165
-33.285166,48,57.529969
-53.401063,64,57.541345
-93.026519,92,57.557155
-27.717041,27,57.561816
-83.761813,110,57.879871
-107.048471,85,57.893711
-63.517577,87,57.908172
-57.773915,66,57.919003
-42.224649,46,57.926547
-41.975558,38,57.933068
-64.066368,88,57.947601
-78.37396,52,57.957476
-71.143253,78,57.971086
-37.293513,49,57.979167
-43.968446,70,57.99086
-46.186927,49,57.999052
-29.304549,56,58.008171
-47.10396,68,58.019118
-35.191141,67,58.029985
-25.186552,24,58.033958
-95.110081,84,58.047731
-86.714068,75,58.060681
-28.346018,58,58.070614
-48.955865,44,58.077852
-51.228047,60,58.08778
-54.041839,95,58.103206
-38.217569,49,58.111081
-88.422127,139,58.134424
-48.657509,55,58.143572
-105.931064,89,58.158364
-54.467003,61,58.169215
-54.945571,52,58.178085
-45.921772,61,58.188391
-26.591317,19,58.191613
-58.326259,53,58.200383
-31.192837,66,58.211049
-51.554114,53,58.219749
-110.375532,94,58.235314
-54.817516,57,58.244844
-111.5932,127,58.265806
-42.959194,68,58.277962
-43.829616,34,58.283891
-39.992192,55,58.292827
-30.793532,44,58.300137
-94.071947,104,58.317236
-34.784571,49,58.325375
-72.491126,75,58.337661
-62.845566,65,58.348214
-49.350008,60,58.358028
-41.125997,52,58.366584
-29.573931,23,58.370397
-83.037576,61,58.381225
-51.601659,56,58.390596
-57.38799,78,58.403153
-50.031069,81,58.416121
-62.210252,92,58.43079
-23.868586,29,58.435524
-49.94125,33,58.44084
-107.169423,78,58.453544
-37.562871,45,58.461116
-52.312928,64,58.471559
-48.574834,54,58.481055
-70.395092,102,58.497916
-50.158293,55,58.506896
-43.757786,61,58.516872
-38.991786,47,58.524612
-33.919384,36,58.530507
-31.526196,41,58.537244
-56.407124,49,58.828157
-50.676213,74,58.840834
-43.513713,45,58.848493
-32.848977,61,58.858545
-25.469601,25,58.862661
-38.657752,38,58.868914
-108.571573,100,58.885078
-50.123796,35,58.890834
-108.301154,74,58.904137
-25.846828,48,58.9125
-30.466873,42,58.919752
-42.717826,42,58.926628
-148.127364,180,58.955686
-75.0511,101,58.972681
-68.398138,77,58.985219
-32.850993,56,58.994336
-83.209455,84,59.008939
-50.212704,52,59.017682
-75.194541,133,59.039891
-98.24043,91,59.054987
-88.292579,93,59.070327
-66.684463,82,59.083788
-48.897349,65,59.094367
-85.32012,57,59.10355
-54.565782,55,59.112484
-28.641611,32,59.118748
-55.02738,61,59.129132
-91.821767,56,59.138347
-75.411675,100,59.154561
-30.954324,33,59.160082
-28.87726,32,59.165399
-52.720422,54,59.174187
-32.419581,45,59.181681
-21.416838,24,59.18572
-44.187074,60,59.195949
-32.533541,47,59.203825
-45.097908,32,59.20918
-71.371952,82,59.223475
-74.771355,75,59.236045
-60.424727,71,59.247599
-43.261704,43,59.254706
-69.747525,72,59.266882
-93.299928,113,59.285567
-103.331169,116,59.304727
-29.295757,56,59.313924
-100.098529,80,59.327883
-82.44463,103,59.345117
-64.770717,87,59.359667
-72.889341,97,59.375568
-53.403464,75,59.387982
-43.022912,43,59.40944
-53.873407,71,59.42609
-86.79365,95,59.442817
-94.113895,128,59.464162
-68.414398,85,59.477798
-69.140203,71,59.489761
-18.762084,18,59.492851
-26.78904,22,59.496528
-96.874976,103,59.513154
-59.02455,86,59.804338
-102.159659,92,59.820122
-35.296345,42,59.827127
-35.144137,61,59.837642
-102.861306,75,59.85012
-71.061293,70,59.862405
-36.880767,38,59.86879
-28.652961,34,59.874346
-30.891752,44,59.883175
-61.574839,64,59.896951
-68.331337,51,59.905646
-59.698347,70,59.917311
-39.979011,67,59.928513
-78.862817,110,59.947257
-103.345662,69,59.958684
-63.421976,92,59.975201
-35.42155,39,59.981848
-35.999876,44,59.989094
-36.172371,35,59.994843
-50.224208,33,60.000333
-77.475664,78,60.013121
-58.788871,88,60.027416
-84.304593,80,60.04032
-86.569972,72,60.051978
-39.707509,55,60.060869
-56.540939,85,60.07658
-35.439129,64,60.087298
-131.196236,163,60.1137
-35.268235,52,60.12239
-34.224715,71,60.134143
-34.623146,79,60.147235
-21.60191,18,60.150199
-29.093893,39,60.156594
-49.096463,54,60.165459
-67.969515,84,60.180293
-75.20815,82,60.193574
-43.089883,44,60.200739
-35.705424,48,60.208473
-44.238258,86,60.222257
-36.750935,73,60.234206
-24.621604,29,60.239056
-27.232546,43,60.246135
-49.694777,60,60.255956
-35.432248,51,60.264419
-70.142771,87,60.279439
-96.669277,98,60.295897
-63.123714,81,60.30933
-79.558447,80,60.322479
-47.146827,77,60.335123
-80.447142,73,60.347049
-42.768284,66,60.357815
-34.413509,42,60.364751
-43.92333,71,60.376291
-35.679515,36,60.382907
-101.8212,104,60.400156
-46.019358,72,60.411844
-56.283808,52,60.420492
-112.553567,119,60.4399
-77.612821,73,60.451981
-41.675697,67,60.462996
-53.581729,65,60.47354
-40.190131,37,60.479584
-39.710302,54,60.489309
-66.588103,56,60.777594
-55.032882,103,60.794955
-31.833316,34,60.800546
-49.499185,45,60.808895
-105.797449,97,60.82569
-37.872697,42,60.832831
-44.94482,77,60.845462
-67.705509,97,60.861549
-54.003907,65,60.872252
-72.918958,107,60.889846
-26.711071,40,60.896504
-96.746885,85,60.91111
-52.793055,60,60.921329
-52.163597,58,60.931042
-80.46551,101,60.947842
-56.435519,60,60.957862
-78.711043,64,60.968527
-54.99381,76,60.980851
-26.005293,35,60.986652
-52.474012,64,60.996999
-67.477575,67,61.007973
-44.07126,77,61.02179
-49.090414,54,61.031047
-33.668188,35,61.036902
-87.446101,90,61.051947
-42.626962,71,61.063776
-41.616327,40,61.070506
-49.149611,79,61.083939
-54.98451,66,61.094678
-124.577439,120,61.114319
-33.013268,25,61.118636
-42.472279,56,61.131497
-28.255523,30,61.140888
-39.891997,73,61.153229
-35.232346,98,61.172598
-61.665533,79,61.186035
-79.805485,76,61.198698
-37.56435,72,61.210505
-24.722934,32,61.215826
-46.151585,57,61.225107
-49.177026,96,61.241846
-77.153078,94,61.257881
-155.782564,126,61.279028
-53.344132,71,61.290717
-45.643198,48,61.298442
-79.244775,82,61.311508
-44.703954,43,61.318436
-36.568355,76,61.330634
-67.893316,56,61.340904
-66.520857,90,61.35581
-55.704107,75,61.368174
-27.427437,27,61.372694
-27.663841,33,61.37815
-43.620493,34,61.383852
-27.665075,45,61.391242
-27.979938,27,61.395723
-26.485037,35,61.401592
-32.627258,27,61.406053
-36.917106,45,61.413496
-43.901881,50,61.421613
-32.702242,56,61.430672
-50.135279,49,61.439546
-24.36594,26,61.443949
-36.060646,72,61.456166
-22.717462,39,61.462602
-42.193688,63,61.763045
-24.374797,35,61.769632
-42.030101,64,61.780756
-73.679454,89,61.795476
-110.666338,115,61.814017
-43.279743,59,61.82361
-28.371404,37,61.829643
-34.128416,48,61.837699
-41.27141,64,61.848262
-48.352057,46,61.85587
-76.116594,71,61.868712
-21.457719,31,61.873932
-44.751538,47,61.881703
-30.800632,48,61.889512
-27.680181,26,61.893761
-54.277398,53,61.902329
-37.754566,60,61.911866
-34.030381,42,61.918681
-107.842713,111,61.9365
-45.023983,39,61.942932
-64.878797,60,61.952817
-60.014229,88,61.968053
-54.958942,74,61.980901
-31.156147,60,61.990868
-85.811933,91,62.005759
-42.08789,48,62.013678
-85.778138,56,62.023082
-75.957409,62,62.033396
-39.469309,48,62.041272
-50.53609,71,62.052793
-41.18263,88,62.067858
-28.623595,34,62.073633
-41.091948,59,62.083372
-79.631478,89,62.09789
-41.611913,46,62.105595
-94.095365,75,62.117673
-80.410379,88,62.132262
-80.727818,100,62.149293
-55.054829,70,62.160955
-55.509957,71,62.173544
-84.80187,79,62.187278
-38.622672,64,62.19832
-32.590025,55,62.20748
-58.592777,98,62.22376
-24.646852,31,62.228876
-41.166813,36,62.235061
-112.898386,83,62.249023
-76.961001,47,62.256679
-80.345865,85,62.270438
-49.163613,53,62.279982
-30.941013,40,62.286801
-28.562029,32,62.292287
-36.322942,32,62.297774
-107.497845,69,62.30886
-42.831147,47,62.316452
-57.139525,103,62.332789
-48.358435,73,62.344472
-34.260175,65,62.355181
-68.42705,68,62.366261
-82.233886,96,62.382637
-90.990937,81,62.396034
-75.952867,80,62.408943
-80.584344,124,62.428755
-100.961546,81,62.72265
-74.032892,91,62.738369
-28.908711,26,62.742773
-39.551781,39,62.749174
-55.587383,50,62.757355
-36.995217,53,62.766283
-47.689276,95,62.781563
-28.313547,48,62.78934
-42.551263,60,62.799866
-26.481591,44,62.807419
-55.620124,70,62.81874
-98.596463,92,62.833615
-58.509778,53,62.842336
-39.367048,38,62.848603
-58.961689,96,62.864235
-125.361746,127,62.884931
-26.053857,34,62.890609
-47.72747,66,62.901734
-36.932617,41,62.909273
-40.343624,42,62.916566
-70.813225,45,62.923841
-66.981978,56,62.932808
-52.742165,55,62.94165
-73.75926,63,62.95162
-37.084663,92,62.966266
-41.845238,52,62.974652
-40.469006,70,62.98608
-39.606003,51,62.994708
-67.381746,56,63.003921
-30.928578,49,63.013012
-34.903291,37,63.019356
-32.95974,37,63.025641
-40.116054,53,63.034476
-37.591055,39,63.040724
-48.485153,67,63.051491
-35.055895,51,63.059738
-88.327772,92,63.075036
-53.837025,48,63.08303
-46.915089,49,63.09103
-79.900002,92,63.105943
-29.011845,54,63.115474
-61.878161,61,63.125783
-45.492151,66,63.137146
-27.588465,33,63.14258
-54.14706,61,63.152486
-29.362877,49,63.160501
-67.327085,46,63.168014
-72.684453,46,63.175793
-118.996943,110,63.194247
-72.499579,81,63.207737
-25.584857,33,63.2134
-37.560631,48,63.222347
-34.918602,47,63.230425
-58.009487,62,63.240487
-57.778147,55,63.249819
-81.529915,77,63.262573
-35.150737,44,63.269912
-57.8843,102,63.287232
-34.808309,60,63.29758
-105.312042,121,63.317877
-36.091526,61,63.32896
-28.502054,41,63.336103
-57.15355,81,63.349556
-36.4514,50,63.357695
-32.554075,52,63.366298
-78.041492,95,63.382272
-95.134719,93,63.397768
-71.993497,64,63.68395
-100.811072,80,63.697737
-57.573139,74,63.710242
-41.424769,39,63.716801
-28.116694,49,63.725016
-41.115956,44,63.732425
-30.55678,45,63.739974
-41.310836,36,63.745986
-113.116156,103,63.764277
-34.056354,68,63.775566
-30.925,31,63.780975
-28.704612,52,63.789727
-39.916503,44,63.797094
-39.949416,48,63.805038
-64.177323,68,63.816375
-83.512746,115,63.835287
-25.609894,31,63.840556
-36.451133,31,63.84571
-51.232151,58,63.856382
-79.682914,124,63.877048
-87.910318,69,63.88867
-31.12989,38,63.895043
-32.439032,43,63.902254
-53.951328,83,63.915923
-84.818023,89,63.930456
-61.761033,87,63.944857
-52.254236,59,63.954578
-71.567895,102,63.97259
-32.95434,46,63.980417
-146.575917,134,64.002771
-36.706627,49,64.010949
-99.626316,100,64.027284
-42.615863,33,64.032662
-46.264113,51,64.040966
-42.628939,72,64.052575
-177.078789,157,64.07911
-46.06095,85,64.093152
-128.398424,107,64.11056
-32.010823,51,64.119064
-55.749822,77,64.131676
-56.0376,73,64.143664
-36.161614,37,64.149753
-60.950938,73,64.161685
-42.068361,48,64.170464
-43.259646,38,64.176891
-61.463201,67,64.188202
-45.46722,69,64.199642
-90.142276,81,64.212845
-68.454505,92,64.227767
-33.28053,52,64.236287
-31.32965,39,64.242644
-46.868291,69,64.253748
-47.536587,48,64.261607
-36.570438,40,64.26833
-62.373017,60,64.279048
-42.713662,47,64.286994
-35.239391,43,64.294022
-61.278991,62,64.304327
-121.92852,78,64.317169
-22.594605,22,64.320766
-125.237796,122,64.340802
-31.192859,41,64.347628
-49.062522,61,64.357556
-58.768012,76,64.658341
-26.457181,32,64.663916
-65.50576,90,64.678764
-87.403291,104,64.69572
-56.777539,57,64.706552
-42.516697,62,64.717157
-40.032426,53,64.725938
-32.802886,33,64.731544
-26.739505,62,64.742015
-36.666093,50,64.750388
-34.154983,44,64.757812
-21.467726,26,64.762216
-68.025905,52,64.770789
-137.567155,107,64.788353
-85.829796,88,64.802819
-41.700834,41,64.810542
-46.862979,56,64.820296
-37.793074,26,64.824698
-24.089722,25,64.828861
-33.206979,32,64.834171
-41.474145,93,64.849557
-36.214503,48,64.857565
-59.352677,76,64.870056
-30.093183,37,64.876143
-68.075597,44,64.883479
-108.725357,90,64.898281
-43.556622,60,64.90813
-65.347374,70,64.92062
-49.860713,51,64.929224
-28.193402,45,64.936747
-94.573199,96,64.952491
-21.9775,25,64.956652
-105.342769,129,64.977867
-27.786599,39,64.984315
-62.324477,61,64.994324
-36.436496,23,64.998217
-30.556316,38,65.004554
-67.898109,71,65.0169
-48.972019,80,65.030243
-62.242716,108,65.047918
-64.0871,78,65.060693
-37.902429,45,65.068196
-26.345373,34,65.073945
-36.789976,46,65.081698
-44.913138,63,65.092163
-39.007976,35,65.098054
-65.574161,81,65.111179
-39.647041,54,65.120766
-49.705714,84,65.135016
-62.08617,94,65.150714
-27.745814,40,65.157371
-57.689439,59,65.16725
-31.996625,35,65.173121
-63.62887,84,65.186999
-56.031658,75,65.199459
-56.074177,73,65.211823
-33.384333,27,65.216736
-69.644715,85,65.232149
-32.303149,57,65.241731
-72.589582,86,65.256253
-38.982309,68,65.267617
-26.891287,24,65.271655
-46.299894,85,65.285748
-69.372686,84,65.299684
-55.270495,80,65.313015
-42.713247,43,65.320244
-45.671081,47,65.328121
-25.765776,27,65.333577
-132.228654,122,65.635259
-71.099534,62,65.64599
-46.286715,39,65.653421
-43.922869,82,65.667014
-42.353278,64,65.677806
-87.236188,106,65.695269
-48.128442,33,65.700846
-58.930662,68,65.712009
-94.892107,86,65.726079
-37.651066,61,65.736128
-45.589045,49,65.744058
-50.593929,68,65.755839
-60.910603,62,65.766431
-68.149085,84,65.780038
-89.02575,85,65.79444
-25.076637,38,65.800892
-58.588407,44,65.808337
-65.686603,109,65.826418
-32.209444,38,65.832806
-34.356139,37,65.838947
-43.639876,58,65.848624
-45.800823,50,65.856833
-67.250492,79,65.870868
-43.471706,43,65.878131
-74.038462,66,65.889058
-31.966715,37,65.89512
-36.456976,36,65.901051
-33.824782,41,65.907728
-29.438215,53,65.916477
-66.361822,121,65.936029
-38.662213,40,65.942552
-58.02058,54,65.951477
-33.277921,50,65.959614
-42.11023,68,65.971752
-59.367188,53,65.980917
-42.924086,60,65.990983
-70.738283,62,66.001272
-22.918812,34,66.006937
-96.451755,82,66.0202
-37.826797,67,66.03109
-73.010647,99,66.047197
-53.968123,66,66.0578
-32.909494,36,66.063704
-84.343645,89,66.079374
-132.891738,126,66.100601
-108.356228,126,66.121573
-71.183874,97,66.137629
-31.139021,48,66.145641
-31.785227,40,66.152181
-39.153749,41,66.158862
-93.310683,102,66.175471
-65.498988,79,66.189246
-48.351647,63,66.199708
-71.622906,60,66.20948
-27.376051,33,66.215001
-87.14145,98,66.231361
-33.600387,32,66.236616
-53.82736,39,66.24311
-38.588514,46,66.250765
-38.25284,46,66.258274
-67.444643,103,66.275384
-74.116652,99,66.292632
-46.275359,83,66.573786
-35.368171,43,66.582005
-55.864568,75,66.594522
-69.735891,63,66.607135
-37.686471,39,66.614518
-33.556408,60,66.624766
-24.145609,19,66.628124
-33.699862,39,66.634981
-30.431064,24,66.639117
-40.759386,49,66.647625
-26.151512,47,66.655402
-22.490548,18,66.658401
-33.456247,57,66.668102
-30.927075,32,66.673604
-31.772965,56,66.683062
-60.177786,67,66.693838
-33.095526,36,66.699838
-32.508532,35,66.706597
-38.467607,48,66.714965
-32.45093,60,66.726088
-48.676939,74,66.740078
-36.942956,46,66.748721
-30.7174,50,66.75841
-74.968045,81,66.773062
-40.943283,44,66.781011
-71.259496,68,66.792849
-77.692993,75,66.806547
-54.297936,56,66.816327
-106.379174,116,66.835933
-43.395028,61,66.846042
-32.112397,68,66.857533
-41.341877,45,66.86515
-53.384652,45,66.872659
-50.091193,52,66.881404
-50.976401,53,66.890096
-37.859688,72,66.901843
-59.848796,56,66.911801
-61.607031,53,66.920579
-101.474853,80,66.934239
-84.25115,96,66.949952
-24.92906,26,66.954258
-26.769975,32,66.959543
-50.2227,51,66.967978
-31.034459,40,66.974679
-49.390168,63,66.985135
-52.75247,61,66.995176
-26.61656,29,66.999999
-28.790212,37,67.006239
-26.338636,32,67.011646
-37.964002,57,67.022304
-28.965691,37,67.028545
-94.801315,109,67.046883
-65.979469,74,67.058947
-41.547127,36,67.064895
-54.516324,81,67.078784
-40.89942,60,67.088922
-85.601675,67,67.100263
-59.135317,76,67.112725
-50.808886,62,67.123748
-41.833245,39,67.130557
-38.885797,48,67.138508
-99.692841,96,67.1543
-51.392202,74,67.166379
-42.600664,60,67.176241
-35.267389,35,67.182492
-29.416194,42,67.189636
-27.658041,39,67.196196
-42.974836,60,67.206199
-36.31109,34,67.211908
-34.157061,40,67.218646
-80.121907,128,67.241086
-30.865383,33,67.246902
-91.048631,78,67.259704
-27.060976,44,67.266945
-64.47424,93,67.550126
-21.572327,26,67.554755
-91.166285,115,67.574845
-26.917539,33,67.581039
-76.23727,107,67.600454
-34.628908,31,67.605828
-78.076366,84,67.619957
-62.213576,51,67.62847
-58.892435,70,67.640588
-28.824294,44,67.648924
-88.212396,85,67.66325
-38.082929,66,67.674145
-79.274857,71,67.685965
-93.922443,69,67.697182
-139.226016,113,67.71541
-27.28634,26,67.719686
-80.150368,90,67.734804
-91.617013,76,67.747693
-96.600068,94,67.764166
-34.890355,38,67.770545
-62.09721,47,67.778358
-83.260144,92,67.794164
-90.740862,96,67.810318
-44.073806,37,67.816607
-22.60163,42,67.823503
-27.203208,24,67.827445
-82.746875,67,67.838737
-39.36789,30,67.84389
-48.246989,72,67.855715
-79.055001,83,67.870323
-51.204751,70,67.881823
-55.869452,71,67.893582
-43.833316,57,67.902909
-88.602228,114,67.92142
-23.249459,23,67.925159
-32.600625,33,67.930597
-26.698757,38,67.936754
-33.356444,72,67.948255
-89.919467,69,67.959356
-39.948893,76,67.972773
-31.870665,57,67.982468
-82.77066,78,67.995212
-31.788505,42,68.002139
-37.01522,52,68.010673
-25.761347,43,68.017668
-62.188327,91,68.032322
-76.002664,82,68.045645
-43.22155,34,68.051261
-46.41177,35,68.057059
-63.200427,95,68.073362
-29.930756,38,68.079825
-25.100028,33,68.085405
-32.220535,41,68.092221
-34.011675,37,68.098436
-26.178126,55,68.10773
-32.299546,19,68.110984
-68.482644,62,68.121374
-50.503853,77,68.134304
-106.112715,109,68.152527
-29.74099,31,68.157635
-43.481829,42,68.164587
-43.991205,67,68.176332
-39.13798,58,68.186172
-68.847359,96,68.202083
-67.378419,87,68.216375
-62.371604,72,68.228169
-32.525735,32,68.504309
-86.670599,74,68.517097
-27.600291,47,68.524862
-51.860088,75,68.537348
-36.384109,46,68.544991
-59.008359,74,68.557707
-73.183543,71,68.569928
-32.435853,55,68.579122
-47.3383,72,68.592206
-38.467666,40,68.600094
-45.90181,90,68.615633
-33.638252,45,68.62296
-30.520815,33,68.628281
-61.321303,66,68.639517
-36.673784,76,68.652122
-25.70399,32,68.657479
-26.44212,31,68.662754
-25.438156,39,68.669205
-96.371533,73,68.681326
-39.277886,68,68.692287
-68.579315,64,68.702794
-29.166844,45,68.711251
-64.611195,53,68.72042
-52.558067,78,68.733352
-61.931445,83,68.747072
-53.109103,47,68.754944
-37.844864,62,68.765229
-44.347182,52,68.773498
-34.47406,34,68.779055
-55.63875,58,68.788444
-55.491511,61,68.798414
-132.559614,119,68.819207
-85.112877,93,68.834686
-32.679874,49,68.842864
-37.589662,56,68.852284
-36.675783,38,68.858708
-78.155729,91,68.873857
-64.110228,41,68.880801
-27.08582,43,68.888095
-43.894216,54,68.897295
-72.381238,102,68.915334
-48.823325,47,68.923722
-72.96454,73,68.936288
-29.616077,36,68.942453
-58.92847,101,68.959135
-84.187339,95,68.974726
-37.802767,54,68.983795
-24.964978,27,68.98825
-77.238535,82,69.001567
-47.475741,42,69.008516
-30.549373,58,69.018142
-75.942171,91,69.034543
-51.605544,54,69.043549
-29.780675,45,69.051084
-51.507059,92,69.066359
-31.364071,28,69.07097
-35.987644,70,69.082299
-36.296921,51,69.090616
-48.914712,77,69.103318
-21.753193,62,69.113875
-68.407795,127,69.13543
-33.311938,51,69.143965
-34.175788,56,69.153409
-49.44965,53,69.16219
-67.243688,100,69.178483
-23.649599,40,69.185151
-72.056532,53,69.490901
-33.948348,38,69.497298
-104.299517,105,69.514882
-55.632902,71,69.52665
-95.915352,92,69.541663
-53.965341,64,69.553811
-100.87538,104,69.572507
-44.818169,81,69.586952
-73.514687,84,69.60117
-39.483667,81,69.614827
-74.855401,63,69.625318
-56.187582,58,69.635304
-32.935637,63,69.645795
-69.560442,100,69.665134
-47.075199,53,69.674318
-74.031194,80,69.687983
-54.095854,65,69.698618
-77.722341,68,69.709876
-42.689273,57,69.719374
-82.464696,115,69.738227
-48.308981,76,69.750862
-117.834847,88,69.766605
-74.504294,94,69.78221
-60.486871,78,69.795173
-102.981999,115,69.814002
-43.338536,66,69.824913
-32.346611,79,69.837855
-73.065864,63,69.84808
-42.929145,51,69.856395
-106.505364,107,69.874946
-40.937994,65,69.885704
-85.42699,110,69.903608
-59.88912,69,69.914878
-40.609842,54,69.923634
-41.739708,44,69.930726
-76.686849,70,69.941999
-102.793641,116,69.960429
-73.111151,87,69.975608
-55.975633,66,69.986643
-58.066786,69,69.998201
-91.978703,108,70.01611
-24.673526,43,70.023489
-45.118162,64,70.034419
-24.527125,25,70.038786
-65.130822,58,70.048566
-50.356362,55,70.057545
-24.256948,43,70.064651
-110.958119,82,70.079211
-62.500178,93,70.09496
-40.98788,56,70.104345
-26.45797,30,70.109304
-43.779964,80,70.122411
-25.716252,24,70.126514
-29.168481,45,70.134015
-30.976962,39,70.140411
-75.762168,80,70.153549
-56.738255,81,70.166998
-40.511175,82,70.450097
-38.854276,66,70.461088
-53.455098,68,70.472529
-30.155528,37,70.478716
-47.86769,86,70.494029
-26.624505,28,70.498976
-62.464199,68,70.510303
-48.750367,59,70.51992
-60.552872,84,70.533531
-31.599514,33,70.539082
-65.172534,64,70.550092
-60.976278,41,70.556953
-29.787311,34,70.562813
-26.061792,32,70.56861
-68.970883,99,70.586091
-61.320066,86,70.60202
-86.568165,84,70.616449
-99.695359,82,70.630281
-68.98509,101,70.646625
-57.749168,53,70.65552
-42.480573,56,70.664684
-59.423514,71,70.676086
-67.549418,94,70.691094
-44.537196,70,70.703533
-53.018541,68,70.715194
-19.686588,42,70.722203
-32.146158,42,70.729247
-50.831121,47,70.736965
-40.075575,61,70.747211
-36.640798,49,70.755145
-29.226147,32,70.760407
-62.102702,48,70.768177
-54.617773,61,70.77801
-45.780197,45,70.78545
-37.731114,107,70.803038
-47.597096,67,70.815563
-51.844585,50,70.823891
-25.111295,35,70.829738
-23.751079,36,70.835621
-28.324072,24,70.839603
-44.096828,56,70.848851
-30.395932,45,70.856269
-113.968716,119,70.875341
-53.508146,57,70.884517
-24.570884,48,70.892253
-105.575319,101,70.908438
-28.963519,44,70.916724
-29.385864,38,70.923286
-62.758893,92,70.938344
-29.717905,29,70.942979
-91.794153,135,70.964415
-54.806633,58,70.973848
-79.540283,101,70.990427
-52.522753,62,71.000717
-23.078999,45,71.008164
-61.620677,88,71.023757
-51.785697,64,71.034525
-69.103245,99,71.050643
-27.283381,30,71.055613
-76.055865,60,71.065494
-75.090544,88,71.079949
-51.483354,65,71.090674
-52.028315,45,71.098216
-49.591664,49,71.106395
-57.896055,83,71.121246
-43.423481,62,71.41128
-53.802835,59,71.421668
-27.589767,25,71.42593
-76.008979,60,71.436894
-26.707435,30,71.442066
-55.82838,44,71.449866
-42.856089,51,71.458218
-145.944822,113,71.476257
-92.591046,91,71.491525
-48.490049,45,71.499208
-59.13228,47,71.507103
-31.426591,47,71.515015
-62.65587,124,71.535437
-62.651332,62,71.546672
-36.981235,47,71.555079
-40.961801,54,71.56471
-29.2499,32,71.570093
-69.705083,127,71.596079
-39.247811,65,71.607527
-26.395663,41,71.614779
-36.968643,59,71.624825
-40.441967,57,71.634617
-58.331723,68,71.645848
-36.885127,54,71.656027
-52.440127,76,71.669215
-58.832418,72,71.681216
-48.060676,82,71.695017
-32.598003,27,71.69962
-53.58158,65,71.710576
-38.215368,46,71.718207
-50.820245,58,71.727797
-109.781941,98,71.744057
-31.600986,32,71.749481
-87.353164,82,71.764897
-64.524442,81,71.778859
-65.870734,93,71.794302
-58.737016,59,71.804063
-44.09373,46,71.811711
-61.787826,95,71.827046
-34.336444,50,71.835261
-22.694326,27,71.839675
-53.756507,76,71.851957
-85.340946,54,71.861514
-59.767156,100,71.878185
-66.087686,87,71.892642
-86.149702,78,71.905694
-50.657583,83,71.919449
-48.355603,46,71.926957
-84.189727,97,71.942802
-55.678752,73,71.955089
-86.509044,120,71.976023
-36.865867,29,71.9811
-84.80252,76,71.993478
-67.449006,51,72.001769
-34.09006,37,72.007792
-41.691657,35,72.013527
-50.279543,50,72.02164
-57.82526,100,72.037776
-29.177904,37,72.043822
-45.395772,28,72.048378
-33.239585,47,72.055997
-86.843893,115,72.075207
-38.471414,63,72.086046
-81.234133,84,72.099881
-24.231803,38,72.388383
-38.9439,41,72.395666
-97.44714,123,72.416602
-32.502593,37,72.422783
-60.284495,82,72.4363
-27.629825,17,72.439152
-26.100382,28,72.443847
-23.021376,27,72.448469
-89.186245,60,72.458366
-74.350102,83,72.471815
-44.346542,59,72.48143
-41.892959,44,72.488534
-80.028171,56,72.498815
-80.723839,74,72.511158
-79.078,93,72.526531
-30.029081,48,72.534601
-62.96209,76,72.547342
-33.101757,56,72.55684
-69.729231,59,72.566904
-32.532596,42,72.575397
-29.909411,27,72.580567
-45.287157,67,72.594765
-38.941476,75,72.612438
-56.03032,85,72.627168
-38.102949,56,72.637675
-97.076146,84,72.656149
-24.575269,23,72.660267
-29.020374,48,72.66839
-32.482717,40,72.676495
-74.127105,82,72.691504
-62.574657,110,72.712201
-51.254595,56,72.72425
-71.794276,68,72.739269
-65.609104,52,72.748363
-66.147603,83,72.762395
-53.977616,63,72.775686
-30.249899,27,72.780367
-36.581641,77,72.793175
-35.255172,56,72.802813
-28.372184,27,72.808294
-34.016302,41,72.815702
-38.638823,46,72.825194
-29.093944,30,72.832935
-49.45483,45,72.840555
-118.833185,95,72.856603
-94.748907,70,72.873198
-33.436532,43,72.88063
-30.295673,32,72.886126
-32.197816,39,72.892728
-43.575326,50,72.901284
-90.503333,70,72.913843
-50.973768,93,72.930256
-48.036179,66,72.945516
-40.935316,42,72.953032
-38.642244,47,72.960924
-31.942881,55,72.970165
-39.480752,43,72.977463
-32.075016,55,72.986534
-27.390291,49,72.994516
-44.836772,41,73.001396
-48.500024,54,73.017833
-30.901903,34,73.023867
-112.437206,93,73.039796
-30.445891,43,73.047186
-84.194686,108,73.065462
-26.323704,37,73.071834
-44.125898,47,73.079808
-29.038998,31,73.085084
-63.115289,65,73.101097
-40.173218,59,73.111703
-79.919444,73,73.124925
-32.528178,79,73.138555
-36.623352,44,73.490366
-95.045056,61,73.500883
-65.86962,69,73.512135
-34.770429,47,73.520246
-27.565218,26,73.524561
-137.605991,116,73.544689
-60.918329,75,73.558155
-65.764129,65,73.569225
-51.108443,67,73.581306
-32.377216,34,73.587578
-50.212558,56,73.597317
-40.835386,63,73.607811
-28.254429,35,73.613877
-33.632136,64,73.624402
-104.787319,101,73.640932
-74.084025,137,73.665547
-68.393526,120,73.68576
-79.847867,77,73.698721
-51.724365,50,73.706928
-42.454396,85,73.721021
-22.582192,31,73.726217
-80.152915,87,73.740528
-42.471476,42,73.74738
-54.423124,79,73.761541
-67.912778,89,73.77629
-52.205943,89,73.79122
-25.273725,29,73.796124
-68.39897,78,73.809041
-78.764664,90,73.824064
-40.206502,48,73.832108
-44.972645,60,73.842123
-29.412014,50,73.850459
-103.171642,101,73.867832
-86.620895,74,73.880305
-53.787327,64,73.890992
-99.324538,113,73.909877
-59.254255,72,73.921826
-107.314201,77,73.934606
-88.163946,67,73.945683
-79.021736,57,73.955157
-62.862419,64,73.966694
-166.009737,116,73.98593
-48.250633,58,73.995423
-87.562183,76,74.007526
-49.589264,75,74.019785
-108.478867,112,74.038317
-56.28982,62,74.048368
-31.541364,60,74.05815
-29.280987,36,74.063954
-53.664574,71,74.076519
-28.34919,40,74.083067
-53.662098,83,74.096292
-30.44693,35,74.102126
-64.37769,77,74.114918
-30.261156,33,74.120333
-73.824169,62,74.13061
-34.376376,46,74.138386
-22.640753,23,74.142297
-39.897981,55,74.15139
-42.75483,52,74.159963
-42.089138,69,74.171302
-91.925396,86,74.462262
-28.710963,53,74.471345
-71.371305,82,74.485773
-43.691227,83,74.500859
-67.704576,68,74.512589
-34.05468,47,74.520769
-30.586095,31,74.526094
-67.164202,95,74.542254
-45.97428,54,74.552132
-31.837075,32,74.557766
-50.706191,60,74.568731
-64.086599,72,74.581364
-37.979196,40,74.588882
-44.876304,52,74.598083
-79.069166,79,74.612391
-68.505087,60,74.622829
-32.646616,26,74.627192
-30.922397,38,74.633968
-26.95971,36,74.639922
-25.370202,43,74.64705
-32.224343,67,74.658046
-35.553786,33,74.663482
-122.823072,107,74.681301
-84.889578,121,74.701887
-69.795665,78,74.716792
-56.942382,89,74.732216
-104.047059,105,74.749593
-25.065143,44,74.757027
-57.667045,86,74.771676
-36.630758,41,74.778581
-102.646043,96,74.81053
-30.711119,50,74.821055
-28.908953,43,74.828391
-56.069622,52,74.837302
-53.703283,54,74.84625
-68.731415,57,74.856805
-42.228748,35,74.862803
-54.521642,53,74.872116
-22.669925,52,74.88092
-50.573193,90,74.895744
-54.539597,47,74.90351
-74.855925,54,74.912376
-61.522266,94,74.92928
-57.931756,71,74.941349
-105.674932,80,74.954632
-33.539349,45,74.962094
-40.594784,45,74.969489
-38.109447,77,74.982149
-43.189243,41,74.988914
-46.24515,62,74.999068
-72.45999,72,75.010918
-44.315734,61,75.020855
-62.993766,78,75.034918
-39.635119,46,75.042707
-68.766798,57,75.052309
-91.115037,88,75.066683
-27.540382,40,75.073322
-38.47357,65,75.084053
-49.161731,86,75.09819
-44.507551,39,75.104545
-87.177942,111,75.122698
-24.507884,20,75.126065
-39.359438,68,75.13815
-57.746465,76,75.150903
-37.801933,80,75.164332
-34.483515,53,75.442897
-116.387787,73,75.456335
-45.44022,32,75.461673
-66.510594,70,75.473191
-31.524878,43,75.48031
-40.992169,54,75.4891
-78.184992,72,75.500885
-57.087792,65,75.51152
-30.763208,40,75.518175
-45.516811,49,75.526224
-67.277255,82,75.539583
-64.616023,54,75.548528
-73.966703,73,75.562025
-64.425755,103,75.579059
-33.179146,37,75.585165
-31.415866,48,75.59327
-40.381107,46,75.601453
-72.538308,72,75.61371
-39.67816,36,75.619839
-38.273667,48,75.627829
-63.714332,64,75.6392
-104.366042,75,75.652232
-43.313818,89,75.668267
-66.994852,67,75.679294
-73.679807,55,75.688681
-85.66766,98,75.704855
-31.38081,26,75.709242
-40.931037,72,75.721272
-23.311155,33,75.726759
-73.576393,58,75.73638
-35.49486,34,75.742015
-29.946355,42,75.74888
-51.876873,99,75.766104
-93.891243,102,75.783526
-86.836925,112,75.801981
-51.062681,83,75.815446
-53.747495,72,75.827065
-43.419361,59,75.836582
-41.984925,46,75.843992
-55.167699,55,75.852991
-40.059385,62,75.863162
-36.957918,52,75.872652
-59.151471,88,75.887719
-162.872189,162,75.914496
-32.305532,57,75.923817
-25.050173,28,75.928355
-91.306345,81,75.941457
-64.491027,70,75.953024
-61.448988,59,75.962743
-23.925674,24,75.966749
-95.778706,107,75.985131
-51.843277,50,75.993682
-36.23222,43,76.001102
-60.424214,68,76.012239
-82.201412,95,76.027883
-37.688017,46,76.035792
-43.070836,46,76.043754
-61.469895,70,76.055561
-33.88575,42,76.062648
-75.573828,92,76.077928
-90.211363,88,76.093689
-72.427434,71,76.10534
-84.828376,67,76.116225
-36.288292,47,76.390703
-28.866542,42,76.39895
-74.480555,89,76.41443
-109.913586,119,76.43435
-24.510518,49,76.442644
-157.453963,127,76.463801
-29.555621,38,76.470073
-56.756447,63,76.480549
-50.470914,63,76.491112
-44.039604,51,76.499663
-24.578924,30,76.505621
-60.842229,55,76.515193
-55.449015,73,76.52716
-69.650553,107,76.545054
-29.032532,50,76.553848
-84.511231,96,76.570459
-112.297663,88,76.586236
-91.187368,98,76.602971
-45.380248,58,76.614065
-35.505243,39,76.621017
-91.332972,76,76.634076
-69.578332,145,76.658386
-43.330837,59,76.668295
-44.597831,51,76.676639
-31.427062,39,76.683118
-66.278832,112,76.701358
-59.324066,56,76.710494
-60.353824,80,76.725083
-32.797972,55,76.734886
-33.965531,54,76.743799
-129.858434,128,76.765457
-71.275585,81,76.779158
-97.923228,86,76.793439
-108.29306,135,76.816414
-87.404003,87,76.832533
-95.850493,84,76.846332
-29.71834,53,76.855301
-38.500226,44,76.862627
-42.096548,52,76.871138
-41.695751,36,76.877055
-51.706408,45,76.884401
-75.993887,86,76.898318
-41.967641,64,76.908618
-75.522515,98,76.924743
-68.706913,85,76.940047
-63.685674,89,76.954783
-46.474394,59,76.964482
-93.726196,102,76.981072
-45.428542,67,76.99201
-45.247887,65,77.002608
-43.601108,105,77.01951
-34.399957,69,77.031619
-53.55175,44,77.039146
-56.035126,84,77.053056
-71.886908,59,77.062628
-40.50683,64,77.07321
-25.020457,24,77.077222
-27.198895,55,77.360286
-105.835038,97,77.376977
-43.953333,42,77.384092
-86.212606,89,77.398706
-42.311752,41,77.405589
-24.605899,31,77.410639
-75.238618,99,77.42676
-70.090423,64,77.437192
-38.008004,62,77.447455
-27.844487,37,77.454706
-30.517407,64,77.465711
-41.094667,47,77.473435
-38.597913,36,77.479341
-65.054534,77,77.493023
-46.447797,47,77.503568
-27.441844,44,77.51089
-93.347501,73,77.523179
-98.563431,65,77.534314
-43.952539,46,77.542116
-45.270916,38,77.548836
-50.046117,43,77.55623
-86.854708,77,77.5711
-32.102272,59,77.582495
-75.409972,81,77.596242
-99.594284,87,77.610817
-90.005631,94,77.626836
-39.330361,38,77.633345
-42.594151,42,77.640302
-20.199702,28,77.644935
-53.694559,65,77.65583
-69.434825,87,77.67128
-32.878544,37,77.677758
-59.818557,58,77.687586
-55.659297,48,77.695656
-35.359598,41,77.702482
-32.576987,61,77.712485
-20.564285,29,77.717287
-34.011004,26,77.721551
-40.463695,44,77.728738
-44.989381,51,77.73696
-53.550396,46,77.744381
-25.747237,25,77.748537
-47.700485,69,77.759865
-56.509423,79,77.773784
-53.898003,51,77.782441
-34.291586,35,77.788181
-129.81286,187,77.818727
-103.973538,96,77.834829
-53.844191,70,77.846488
-107.79452,86,77.861012
-52.584177,56,77.870741
-42.950689,89,77.886731
-36.135033,42,77.893795
-79.292673,75,77.90607
-30.807951,53,77.914655
-35.127556,37,77.92067
-52.976224,75,77.932676
-56.386681,62,77.942793
-57.24414,85,77.95704
-31.122327,46,77.96478
-84.269654,96,77.981462
-42.02294,67,77.992811
-28.875034,40,77.999652
-74.664522,93,78.015069
-41.317855,65,78.025874
-20.664668,26,78.030261
-62.831659,82,78.04377
-105.701528,131,78.330072
-33.414184,34,78.335743
-44.395606,70,78.347231
-26.694183,26,78.351501
-55.421447,62,78.362181
-53.512923,78,78.375303
-41.833177,49,78.383624
-28.397922,68,78.394972
-21.309165,38,78.401316
-83.018758,103,78.41954
-75.231975,122,78.439592
-55.351241,73,78.451467
-28.096558,29,78.456243
-56.08752,70,78.467941
-54.822653,59,78.477935
-40.092613,92,78.493481
-55.126725,81,78.50712
-52.153248,65,78.519051
-47.410745,43,78.526138
-127.387939,99,78.542312
-26.314126,22,78.546044
-36.244968,69,78.557479
-27.771268,26,78.561816
-53.933589,47,78.570318
-32.467307,46,78.578336
-31.686857,41,78.585953
-37.578511,30,78.591673
-83.000415,94,78.60822
-36.148302,37,78.615482
-49.187364,80,78.628999
-36.850011,58,78.638967
-29.200977,37,78.645053
-72.873741,92,78.660753
-35.04246,63,78.671186
-35.882328,42,78.678358
-21.573446,24,78.682421
-38.116015,67,78.693377
-56.396764,72,78.705183
-98.583834,77,78.717885
-43.25205,64,78.729631
-31.574093,50,78.738003
-71.055563,77,78.750807
-30.8845,32,78.75607
-47.762143,77,78.768648
-64.307515,102,78.785311
-26.448911,58,78.794857
-63.250172,108,78.81229
-83.032351,96,78.829232
-41.595842,53,78.838079
-102.22559,89,78.852886
-143.341702,153,78.878401
-23.047187,22,78.882126
-45.710932,53,78.890716
-22.149257,19,78.893819
-34.383731,37,78.89984
-27.693843,43,78.906856
-67.974963,102,78.923706
-77.418466,88,78.940123
-29.452491,46,78.949231
-24.534194,28,78.954017
-80.282733,82,78.968072
-98.55797,108,78.986596
-34.449187,76,78.999698
-53.935119,89,79.284636
-76.783967,149,79.30961
-32.622408,44,79.31724
-52.932511,73,79.329367
-59.971918,79,79.342405
-51.616115,91,79.358246
-75.601216,90,79.374069
-57.399901,42,79.381285
-91.619486,96,79.397073
-39.016441,46,79.404675
-68.303525,87,79.418841
-21.56124,40,79.425385
-49.158289,61,79.435345
-54.318907,67,79.446298
-40.208572,35,79.452154
-58.607241,69,79.464736
-21.555906,18,79.467816
-31.718873,37,79.473941
-46.239507,77,79.48682
-79.856759,49,79.494896
-58.925592,63,79.505384
-45.829611,51,79.513882
-28.675269,32,79.519232
-58.589408,63,79.529602
-34.944802,77,79.542141
-74.869186,98,79.558655
-47.280362,57,79.569617
-45.227195,60,79.581213
-75.990386,58,79.591621
-30.612358,46,79.599859
-29.937784,43,79.607239
-60.596642,46,79.615004
-42.402043,47,79.62276
-50.140296,88,79.637239
-48.453234,91,79.652517
-28.12911,78,79.665563
-38.679706,39,79.672904
-46.198711,55,79.682428
-52.959533,52,79.690932
-44.293744,63,79.701095
-58.185215,72,79.712738
-100.234727,108,79.730659
-40.965154,56,79.73968
-75.724098,72,79.751682
-49.733556,107,79.76952
-52.431646,68,79.781492
-63.331606,78,79.794705
-111.570481,121,79.815166
-31.345451,43,79.82241
-96.603151,124,79.842809
-84.208618,77,79.855325
-35.447341,52,79.863851
-75.238877,105,79.881922
-74.72375,100,79.898675
-53.404748,46,79.9063
-59.385589,55,79.915452
-40.612379,67,79.926477
-53.765804,52,79.935248
-36.613588,41,79.942136
-27.857682,30,79.947247
-99.605895,99,79.963654
-125.481825,124,80.270047
-50.185955,69,80.281718
-80.707699,79,80.294838
-50.025601,57,80.305371
-22.464874,19,80.308628
-76.68383,77,80.321736
-47.884105,68,80.333009
-32.694282,29,80.337842
-41.126059,61,80.347973
-86.522214,119,80.367846
-116.059986,86,80.382032
-43.758043,47,80.389763
-28.682555,31,80.394776
-39.017801,50,80.402925
-32.33696,47,80.411664
-60.199581,89,80.426523
-51.39705,47,80.434443
-32.763732,41,80.441337
-46.204538,77,80.454118
-24.322556,43,80.461274
-50.645677,52,80.469906
-54.161955,94,80.485211
-28.325513,34,80.490891
-62.533113,92,80.50618
-63.160268,89,80.521822
-41.995795,54,80.531084
-62.614997,74,80.543263
-106.143659,99,80.560048
-35.782889,70,80.572915
-93.683218,70,80.585528
-41.603128,58,80.595042
-54.038587,73,80.607353
-91.436938,74,80.620959
-110.105946,118,80.64102
-58.102343,53,80.649787
-34.095337,41,80.656714
-40.19789,84,80.670421
-35.706046,35,80.676072
-66.951701,72,80.687616
-97.189633,87,80.701567
-105.785005,106,80.718948
-45.833329,38,80.725955
-88.43001,106,80.743487
-24.568604,38,80.749773
-33.946888,41,80.756566
-60.121153,69,80.767897
-69.754382,84,80.781637
-55.927862,97,80.797241
-47.342976,44,80.804348
-73.550308,80,80.817224
-50.538264,52,80.826402
-32.983864,54,80.835875
-34.050351,59,80.845614
-39.270085,54,80.854666
-59.66269,78,80.867651
-60.657073,91,80.882862
-38.707466,43,80.889966
-77.154185,90,80.904529
-46.156772,54,80.913332
-36.561505,51,80.921681
-79.867387,74,80.934683
-41.319498,42,80.941681
-100.085254,90,81.260561
-21.8136,26,81.265355
-35.976746,60,81.275537
-46.263803,50,81.284224
-29.132545,32,81.289674
-101.247375,93,81.305287
-134.869091,89,81.320982
-112.551627,111,81.339083
-54.795261,50,81.347582
-61.643344,63,81.35898
-36.616871,50,81.368048
-35.119929,39,81.374646
-61.668483,96,81.390503
-65.793953,102,81.40747
-102.265204,98,81.423638
-31.93694,39,81.43017
-39.523217,85,81.444241
-62.625595,74,81.456508
-92.680352,103,81.474729
-36.678024,53,81.48375
-25.60433,33,81.489295
-34.753693,53,81.498222
-31.269222,40,81.504863
-21.444862,44,81.512107
-45.528089,69,81.523422
-48.440936,38,81.529671
-22.877428,18,81.53269
-24.340697,37,81.53874
-37.654423,45,81.546407
-49.07073,85,81.560615
-34.0318,58,81.571785
-32.996194,41,81.579036
-63.775488,68,81.591818
-22.77632,28,81.596964
-25.613436,35,81.603011
-48.335752,46,81.610732
-54.149733,67,81.621926
-33.280676,72,81.633956
-63.475375,89,81.648538
-90.05634,127,81.670323
-43.67517,75,81.683248
-37.744991,32,81.688612
-77.806037,88,81.703176
-22.628063,21,81.706681
-25.950469,27,81.711234
-46.632233,92,81.726246
-25.793714,80,81.739307
-38.494965,45,81.746657
-35.161628,43,81.753662
-36.732393,37,81.759808
-63.277437,102,81.777688
-105.389153,86,81.793186
-62.745331,97,81.809532
-26.647187,43,81.816621
-135.190904,106,81.833937
-71.096166,84,81.847953
-65.891694,57,81.857663
-68.922101,90,81.872812
-33.806413,38,81.879266
-39.150063,45,81.887624
-24.387401,30,81.892715
-32.296992,42,81.899896
-43.269794,66,81.911028
-58.084007,76,81.923776
-63.02253,79,81.93691
-28.68164,31,81.942133
-72.76118,96,82.229975
-80.597936,70,82.241445
-29.875672,48,82.249274
-94.778262,103,82.266356
-132.74169,106,82.283732
-29.262881,33,82.289213
-42.413627,33,82.294684
-46.536194,65,82.30658
-73.052745,82,82.320636
-95.086519,120,82.340822
-52.990033,58,82.351036
-47.438177,87,82.366011
-26.988138,31,82.371209
-25.762328,30,82.376404
-36.667833,53,82.385469
-70.062371,56,82.394768
-84.329855,69,82.406366
-51.142352,52,82.415967
-82.2609,96,82.431751
-68.157141,103,82.448702
-45.223995,51,82.457263
-47.083071,63,82.467914
-31.241186,49,82.476418
-63.228098,68,82.487773
-66.955236,93,82.503171
-47.102549,63,82.514448
-50.55938,95,82.530698
-37.561711,57,82.540251
-49.62378,64,82.551158
-48.47498,47,82.55909
-29.665478,67,82.5707
-42.328549,35,82.576918
-33.972939,56,82.588005
-35.74839,87,82.60289
-41.608318,39,82.609339
-44.332251,45,82.616888
-29.727919,67,82.62951
-32.90894,43,82.6374
-27.95531,25,82.641688
-42.849085,55,82.651012
-54.069734,58,82.660674
-31.332322,37,82.666989
-36.806477,53,82.675924
-49.577222,50,82.684329
-26.717644,25,82.688396
-77.883858,82,82.701645
-21.892389,26,82.705896
-20.762006,28,82.710521
-78.714041,85,82.72452
-27.337289,31,82.730561
-32.967539,48,82.738911
-35.653952,37,82.745143
-103.155767,110,82.763509
-45.735628,70,82.774986
-89.358342,91,82.789848
-33.196262,63,82.800148
-122.855308,97,82.815875
-31.968632,35,82.821621
-31.576845,29,82.826462
-32.8552,35,82.833228
-28.932256,32,82.838726
-35.407032,75,82.851403
-44.170557,55,82.860692
-55.542915,72,82.872821
-57.275671,84,82.886422
-29.538235,53,82.894976
-42.207557,60,82.90473
-30.640215,43,83.18125
-68.666096,57,83.190768
-57.984968,73,83.202934
-28.021812,37,83.209054
-80.440735,95,83.225214
-97.389491,93,83.240819
-41.310814,40,83.247604
-29.675984,40,83.255369
-40.916183,77,83.268538
-34.473107,42,83.275535
-42.40275,71,83.287714
-31.284452,40,83.294435
-82.196269,83,83.307997
-103.495111,100,83.324263
-49.155273,60,83.334259
-41.266531,47,83.342024
-56.204715,84,83.35563
-121.708779,143,83.38054
-27.218795,37,83.386765
-84.20876,70,83.398227
-79.364575,89,83.412698
-22.895697,37,83.418752
-107.96167,118,83.437936
-59.59928,86,83.452119
-53.492883,50,83.460446
-43.243476,43,83.468523
-27.458583,39,83.475094
-51.640256,56,83.484543
-44.162678,41,83.491599
-71.58583,61,83.502431
-50.494775,82,83.516363
-28.138841,62,83.526687
-47.241734,65,83.537514
-25.577246,35,83.543418
-22.803594,28,83.548488
-66.697008,73,83.560709
-41.049314,44,83.568144
-22.756654,43,83.576483
-49.798554,73,83.592409
-37.135206,46,83.600551
-32.006292,57,83.609873
-31.097865,47,83.61786
-97.057222,109,83.636289
-69.700933,45,83.643866
-30.101971,56,83.653437
-94.212562,71,83.665459
-79.069772,64,83.677004
-55.245246,50,83.685736
-58.355044,57,83.695341
-67.070308,71,83.707455
-82.920533,94,83.722972
-73.974363,89,83.73803
-42.148209,46,83.745724
-50.462862,49,83.753874
-57.596144,76,83.766306
-28.508307,57,83.77564
-40.989129,71,83.788484
-58.155396,69,83.800231
-46.853718,42,83.807167
-52.232927,68,83.81852
-30.628732,60,83.828625
-41.168238,50,83.837068
-67.272199,78,83.849915
-28.333109,31,83.855089
-38.091681,51,83.863384
-31.991619,47,83.87101
-28.561894,47,84.145655
-59.266698,76,84.158618
-32.13709,44,84.16589
-27.19566,45,84.173223
-72.313636,62,84.183388
-57.27414,47,84.19114
-45.547281,73,84.203931
-59.442509,74,84.216912
-22.880281,28,84.221742
-59.539145,105,84.239533
-25.831326,38,84.246002
-25.82682,36,84.252105
-96.818321,109,84.270073
-56.161706,105,84.287276
-75.976044,74,84.299428
-29.8319,55,84.309277
-37.564931,62,84.319895
-108.110972,110,84.338426
-50.454472,66,84.349466
-29.806635,55,84.358709
-101.599061,83,84.372626
-84.555877,84,84.386568
-52.963235,67,84.397617
-105.071426,121,84.418387
-45.949263,57,84.428218
-74.868883,55,84.43762
-42.54065,47,84.445411
-29.420713,32,84.450829
-60.888146,112,84.469114
-51.591596,56,84.478488
-38.589031,50,84.487013
-28.426871,31,84.492231
-39.948871,43,84.499506
-57.291974,81,84.513084
-31.480572,30,84.518121
-93.059944,80,84.532523
-27.600315,36,84.53862
-67.63087,98,84.555214
-55.663692,59,84.565685
-27.652702,46,84.573626
-38.552299,46,84.581936
-50.98228,44,84.591008
-38.81258,53,84.600181
-68.105279,91,84.616096
-81.277845,67,84.628351
-61.896824,62,84.639519
-30.318114,39,84.646036
-43.316102,60,84.656248
-25.78915,41,84.663024
-78.891852,92,84.678513
-54.928833,57,84.688353
-63.272832,105,84.705976
-23.020245,27,84.710563
-53.900635,87,84.724885
-103.32222,94,84.741561
-49.128029,75,84.754262
-67.43819,70,84.766045
-28.103798,46,84.773697
-41.211873,66,84.784483
-35.635241,39,84.791114
-85.390271,120,84.810761
-39.048436,46,84.818352
-30.359407,39,84.824804
-40.754292,41,84.831637
-136.495712,134,85.118855
-33.979478,48,85.12693
-48.514808,58,85.136405
-44.8746,55,85.14542
-113.791875,142,85.169922
-24.660672,24,85.174045
-54.846129,66,85.185287
-65.455792,56,85.194896
-30.134354,49,85.203158
-52.471691,108,85.221238
-20.855491,26,85.225683
-33.845299,47,85.233588
-48.718942,60,85.243595
-41.794884,51,85.252134
-47.350979,66,85.263018
-89.723917,136,85.286961
-50.001336,69,85.298412
-53.846639,91,85.313344
-47.985113,49,85.32164
-32.30538,47,85.329568
-37.217369,52,85.33822
-27.817585,40,85.344965
-41.994407,65,85.355982
-68.076739,65,85.367025
-53.094051,54,85.376975
-37.543394,64,85.387767
-93.92961,69,85.399325
-29.062056,26,85.403704
-63.02123,54,85.412735
-41.710102,50,85.421145
-23.202098,32,85.426573
-32.661204,27,85.431074
-40.91707,35,85.436874
-43.957496,69,85.448148
-191.648363,145,85.471707
-34.769631,68,85.483939
-50.279703,63,85.494521
-35.210944,28,85.499306
-85.218934,138,85.521975
-86.883443,87,85.536262
-51.346119,56,85.545577
-81.571187,83,85.559649
-53.755903,89,85.574692
-37.069088,59,85.58626
-45.61961,57,85.596745
-72.130856,115,85.616359
-37.477952,52,85.624956
-29.233269,58,85.63473
-34.524118,45,85.642192
-97.988978,143,85.665269
-51.18899,72,85.676885
-29.936565,35,85.682852
-76.61397,88,85.699454
-63.364232,78,85.712965
-31.202269,37,85.719479
-115.762042,136,85.742638
-26.789861,35,85.748736
-43.103669,78,85.761339
-37.939095,48,85.769096
-74.973343,68,85.77994
-48.415962,76,86.05714
-18.728653,27,86.061697
-64.755789,50,86.070497
-40.849195,87,86.085071
-42.646389,48,86.093183
-45.796581,57,86.102641
-54.886184,64,86.113372
-45.446706,58,86.123912
-40.479813,35,86.130227
-72.225889,99,86.146889
-55.302545,68,86.158305
-24.937392,40,86.165226
-59.995006,69,86.176793
-55.83102,66,86.187519
-63.656533,53,86.196137
-23.703023,38,86.202473
-28.998955,33,86.208079
-33.37224,42,86.215102
-62.137507,85,86.230104
-114.93446,93,86.245414
-27.66516,37,86.251694
-70.153089,91,86.266644
-60.821103,55,86.275869
-54.638901,75,86.28832
-30.900647,45,86.295767
-25.762327,34,86.301428
-106.35754,117,86.320639
-38.880066,71,86.332899
-32.566028,73,86.345274
-47.519864,51,86.353782
-65.399318,70,86.365489
-32.866743,49,86.373815
-101.864768,116,86.394047
-79.571966,118,86.41483
-30.564085,46,86.423453
-30.751718,35,86.43146
-35.809811,58,86.441988
-52.932559,55,86.451626
-87.210118,98,86.467689
-46.237938,52,86.476196
-52.547797,68,86.487415
-41.358889,77,86.500057
-31.712524,34,86.505674
-56.08299,76,86.518147
-47.243633,60,86.52795
-78.606892,80,86.540936
-69.40625,69,86.554526
-100.648389,101,86.571661
-61.518278,69,86.584082
-33.952873,75,86.59685
-31.445201,25,86.601525
-51.42742,50,86.609882
-32.429313,48,86.617884
-63.212508,73,86.629805
-51.081936,71,86.642209
-40.662373,50,86.65139
-37.012837,49,86.659632
-33.250539,46,86.667345
-67.196797,59,86.677037
-62.384574,92,86.692628
-45.940037,44,86.699923
-29.357138,42,86.706843
-32.579328,47,86.714616
-60.130981,73,86.727161
-32.81726,67,86.73858
-52.119271,38,86.745154
-51.012031,64,87.0411
-37.94325,33,87.046913
-35.358238,70,87.05848
-31.67962,60,87.068234
-39.200752,41,87.076018
-104.815118,99,87.092716
-49.029551,57,87.10223
-90.618348,107,87.120059
-35.611656,46,87.127727
-46.423678,51,87.136245
-32.548767,33,87.141739
-27.308423,41,87.148533
-42.955145,56,87.157624
-28.878079,40,87.164086
-39.410092,49,87.172088
-39.394831,69,87.184553
-70.705424,68,87.195793
-55.818662,70,87.207336
-60.259892,51,87.215615
-62.311062,85,87.229413
-40.498011,51,87.237894
-109.327217,132,87.259544
-31.938413,30,87.264582
-33.214352,29,87.26942
-33.165441,31,87.274572
-75.239674,70,87.286895
-61.434148,91,87.302888
-37.26331,31,87.308243
-23.923099,27,87.312837
-43.464823,62,87.323227
-41.479469,63,87.333754
-66.702328,78,87.346795
-31.113436,49,87.355004
-85.791311,95,87.370978
-43.760334,45,87.378362
-42.482899,63,87.389678
-36.806526,44,87.39744
-28.887282,43,87.404487
-50.099049,65,87.415346
-76.581238,68,87.426607
-40.309317,58,87.43618
-48.507206,78,87.448942
-70.421517,59,87.458601
-27.318459,35,87.464447
-32.249952,28,87.469045
-29.161032,34,87.474558
-31.383038,37,87.480545
-61.858839,90,87.496147
-33.393785,41,87.503294
-87.242472,104,87.520913
-48.866239,56,87.530506
-49.141557,77,87.543268
-51.294101,58,87.553279
-67.348375,63,87.563989
-31.275975,32,87.569367
-93.219222,112,87.589689
-22.536884,35,87.595881
-45.872156,53,87.606285
-78.748908,99,87.623283
-75.309988,85,87.63787
-27.451971,34,87.643647
-27.624705,31,87.649077
-96.661831,86,87.663653
-38.6814,59,87.673547
-38.556278,52,87.682201
-64.19672,83,87.695704
-103.05112,109,87.715164
-30.1195,66,87.726127
-34.055784,66,88.017404
-47.017946,88,88.033633
-44.515343,58,88.043286
-39.625208,45,88.050942
-69.717846,98,88.067267
-83.033614,92,88.082281
-62.120667,51,88.090524
-88.120947,79,88.103294
-63.070007,73,88.11505
-56.882864,59,88.12538
-43.692434,71,88.13788
-44.234646,52,88.146629
-74.932673,73,88.158885
-69.829183,81,88.172636
-39.730723,54,88.181776
-76.8461,91,88.1969
-62.602879,61,88.207006
-62.987255,67,88.218001
-63.16741,69,88.229387
-93.152889,68,88.24153
-91.545969,120,88.261771
-25.786355,25,88.266024
-27.951649,26,88.270298
-31.986401,43,88.27733
-69.820337,87,88.291408
-31.326139,57,88.300887
-23.017504,31,88.306009
-94.720075,75,88.318163
-36.569958,77,88.330568
-65.804092,73,88.343288
-109.498201,114,88.362398
-108.138549,103,88.378943
-89.181548,106,88.396013
-49.140946,36,88.402053
-24.85829,32,88.407335
-45.507207,63,88.417623
-67.114247,78,88.430397
-77.533059,106,88.448664
-54.091559,47,88.456402
-47.795937,73,88.468412
-100.76692,99,88.484994
-84.357997,98,88.501276
-47.996175,81,88.514721
-30.666669,37,88.520854
-37.351388,48,88.528756
-114.014144,91,88.54397
-46.768144,38,88.551291
-41.797313,51,88.560241
-22.774317,22,88.564731
-23.666557,45,88.5724
-53.542268,52,88.58185
-65.683003,67,88.593591
-46.557558,46,88.601672
-23.351081,21,88.605306
-102.154334,103,88.622688
-35.921469,88,88.637529
-29.881278,44,88.644877
-51.460946,93,88.661871
-26.650837,52,88.670673
-22.175962,33,88.676115
-32.57395,36,88.682229
-39.29269,57,88.691638
-24.910823,47,88.699585
-130.311833,102,88.985876
-26.085378,31,88.991213
-23.659925,27,88.99579
-50.379215,49,89.004022
-34.160898,34,89.009734
-46.249031,47,89.017601
-36.394116,32,89.022866
-38.587192,40,89.029646
-45.919575,85,89.044021
-58.767258,61,89.054456
-30.826851,31,89.059643
-36.483884,45,89.067404
-51.748595,78,89.081769
-91.233223,90,89.097388
-30.711246,43,89.104786
-71.636191,69,89.116346
-31.987617,50,89.124436
-34.579986,33,89.129803
-39.027239,79,89.142966
-46.437285,46,89.150704
-26.37448,28,89.155341
-49.269991,55,89.164278
-100.994418,112,89.183152
-41.136285,55,89.19256
-69.970699,93,89.208132
-61.168855,80,89.221493
-45.996202,46,89.229093
-33.093818,51,89.237564
-75.721411,89,89.252587
-21.556247,42,89.259665
-62.080453,100,89.276384
-66.731543,69,89.288738
-58.13633,89,89.303835
-21.77567,32,89.309262
-35.351565,77,89.321786
-21.757072,22,89.325483
-69.44009,91,89.34071
-23.256166,27,89.345288
-36.467555,51,89.35382
-39.341056,43,89.361014
-27.139496,37,89.367218
-137.425001,104,89.38467
-103.050103,127,89.407101
-98.557659,133,89.429377
-50.778399,89,89.44447
-28.952348,37,89.450742
-46.741643,76,89.463493
-42.583912,38,89.469779
-72.53809,119,89.489189
-56.741503,74,89.502289
-27.699625,36,89.508361
-53.739209,45,89.51617
-38.638767,53,89.524868
-37.957427,60,89.534666
-47.176285,62,89.544855
-54.286473,72,89.556913
-23.700881,37,89.563323
-35.238225,54,89.572387
-35.462152,64,89.583259
-29.353627,42,89.590416
-27.901091,60,89.600812
-99.561659,126,89.623251
-57.80411,81,89.63737
-51.863022,41,89.644301
-50.054718,109,89.662301
-45.820138,44,89.941248
-28.477409,32,89.946918
-53.225084,62,89.957489
-25.0438,35,89.963406
-42.436709,59,89.973193
-41.895047,50,89.981686
-52.550651,48,89.989638
-160.421557,129,90.010834
-32.591978,38,90.017322
-36.559899,56,90.027671
-34.181633,70,90.039805
-96.604482,126,90.060909
-53.379707,66,90.071705
-105.791624,116,90.090386
-31.357089,39,90.096779
-68.234026,116,90.116003
-88.386071,107,90.134682
-26.346973,41,90.141549
-69.674078,83,90.155823
-42.290916,40,90.162522
-67.677266,85,90.176769
-57.306417,87,90.191465
-100.395306,145,90.216045
-34.283135,59,90.225963
-40.252828,32,90.231326
-46.719786,43,90.239521
-70.77248,53,90.249098
-107.493334,102,90.266689
-133.666001,81,90.280893
-96.322927,97,90.298017
-40.390758,60,90.308608
-34.736939,32,90.314283
-72.085698,79,90.328034
-42.489378,61,90.33852
-81.546676,101,90.357484
-94.108233,105,90.375803
-47.494544,66,90.386733
-31.894873,60,90.396604
-33.121698,38,90.402849
-33.498974,35,90.408607
-39.674274,69,90.420462
-56.834122,107,90.438226
-31.644613,52,90.447763
-33.321693,35,90.453841
-39.803188,88,90.469027
-112.583559,99,90.48558
-79.751954,73,90.497869
-52.847957,50,90.506234
-53.840663,64,90.517052
-44.087001,63,90.527548
-52.825599,48,90.535555
-35.873577,54,90.544434
-46.691772,60,90.555498
-34.939963,42,90.563575
-79.493069,85,90.578414
-50.606268,89,90.594467
-68.133515,91,90.609775
-99.668878,78,90.623217
-22.170933,27,90.627815
-136.805884,111,90.920203
-27.933641,43,90.927593
-100.009855,123,90.948437
-38.562977,54,90.957617
-51.845282,52,90.966319
-60.230854,49,90.975497
-29.766956,46,90.983532
-39.844349,72,90.995322
-67.279661,84,91.009696
-60.304586,92,91.025035
-25.334065,25,91.029212
-37.941851,65,91.040124
-145.841573,142,91.063699
-79.869223,76,91.077338
-120.039274,91,91.093288
-56.1399,107,91.11148
-30.103044,31,91.116804
-23.95644,40,91.123574
-26.465446,40,91.130277
-52.400765,54,91.139257
-31.242694,39,91.145788
-31.678631,57,91.156481
-38.707141,82,91.170339
-43.729762,49,91.178613
-59.182424,71,91.191441
-30.401361,31,91.196878
-86.071419,112,91.215629
-32.154367,39,91.222192
-52.463265,43,91.229446
-44.616912,75,91.241924
-40.806759,74,91.254351
-40.750726,60,91.264318
-48.983951,63,91.275132
-119.194169,88,91.291284
-31.483402,70,91.303477
-68.482015,71,91.315568
-50.522536,72,91.3276
-46.104677,46,91.335517
-30.375887,39,91.342083
-78.452497,67,91.353679
-79.649059,69,91.365826
-66.112002,91,91.380931
-81.365057,106,91.400735
-50.00773,65,91.411687
-40.035394,54,91.420863
-38.563794,38,91.427173
-26.410019,42,91.434196
-36.647211,33,91.439676
-37.204557,53,91.448406
-65.857529,76,91.460916
-33.12428,68,91.472184
-36.321404,58,91.481751
-22.520845,30,91.486709
-58.070773,53,91.496304
-77.493628,68,91.507857
-54.535114,79,91.520971
-41.160064,69,91.532438
-117.528171,119,91.552117
-24.731518,31,91.557671
-75.33829,62,91.568494
-68.892779,78,91.582105
-82.664392,85,91.596979
-32.965731,40,91.605057
-38.779124,41,91.884537
-45.034649,60,91.894715
-48.358779,82,91.908338
-42.385367,44,91.915605
-52.963401,89,91.931891
-68.946167,81,91.945294
-29.279128,42,91.952189
-50.393729,80,91.965434
-55.277333,67,91.976487
-31.540893,26,91.981076
-31.978985,49,91.989453
-128.329615,96,92.005686
-40.744225,65,92.016582
-43.152914,49,92.025689
-43.276666,39,92.032637
-58.074301,58,92.042441
-37.714401,33,92.048343
-34.458002,44,92.055636
-73.986197,84,92.069395
-48.638248,64,92.079876
-51.620947,53,92.089155
-34.476425,73,92.101197
-53.563075,89,92.115977
-53.268721,82,92.130524
-33.904474,71,92.14251
-25.400557,48,92.150742
-34.347688,35,92.156564
-79.551096,77,92.169332
-44.158909,50,92.177571
-80.093432,71,92.189316
-43.275837,36,92.195242
-68.186657,75,92.207497
-54.684601,84,92.221314
-129.238637,100,92.239019
-34.857967,77,92.252014
-78.422695,100,92.268802
-40.016907,45,92.276347
-25.266994,30,92.281471
-42.585081,54,92.290768
-38.183515,57,92.300197
-51.781728,53,92.308822
-134.015357,113,92.327154
-61.607403,63,92.338605
-35.409433,76,92.351681
-48.835113,53,92.360357
-57.514335,82,92.373754
-103.146733,90,92.388709
-50.00491,84,92.402586
-97.633091,101,92.419636
-43.191698,50,92.428318
-52.550177,87,92.444003
-46.545461,53,92.453289
-51.258259,88,92.468174
-27.657686,55,92.477354
-74.791257,98,92.493401
-44.431978,51,92.502022
-130.252992,94,92.517721
-34.469496,65,92.52842
-82.47364,91,92.543115
-55.344159,61,92.554509
-46.97597,46,92.56241
-37.212373,32,92.568477
-38.932653,47,92.849385
-49.421926,68,92.86059
-24.550758,27,92.866323
-51.345366,54,92.875782
-39.997326,43,92.883083
-38.993325,47,92.89074
-57.186019,56,92.899873
-58.709994,57,92.9092
-25.173385,20,92.912468
-36.720502,45,92.920079
-32.754184,37,92.926214
-36.133646,35,92.93197
-107.92753,138,92.954614
-39.543384,65,92.965224
-82.507188,114,92.985863
-37.510159,71,92.997968
-54.893216,64,93.0087
-77.511709,76,93.021442
-47.988349,40,93.028095
-59.5528,82,93.041783
-39.696172,44,93.049133
-49.318848,62,93.059454
-91.771049,96,93.075379
-42.895063,44,93.084121
-26.602792,39,93.090822
-63.564477,75,93.103627
-46.083908,43,93.110914
-46.665817,92,93.126263
-34.147242,54,93.135291
-112.426365,128,93.156347
-37.98504,61,93.166587
-58.926962,75,93.179014
-61.591437,64,93.190761
-72.297454,68,93.202367
-49.79133,62,93.21272
-94.403255,113,93.231552
-23.938359,23,93.235435
-53.364914,56,93.244883
-33.77873,40,93.2516
-49.233013,74,93.263897
-31.398906,50,93.272196
-60.74632,62,93.282538
-78.232371,95,93.299532
-39.541884,40,93.306305
-87.4126,114,93.325388
-78.826653,104,93.342679
-31.453248,48,93.350756
-50.159645,90,93.365584
-110.603263,124,93.386056
-44.316624,44,93.394309
-30.982219,39,93.401038
-43.281074,46,93.408773
-66.693307,92,93.424227
-44.119848,70,93.435922
-36.683981,58,93.44564
-47.748997,51,93.453918
-25.82814,62,93.463987
-36.388942,36,93.469837
-25.752046,26,93.474062
-42.558423,58,93.48337
-64.82225,91,93.499099
-62.320726,64,93.509849
-51.799925,49,93.518234
-73.462503,68,93.52966
-36.656537,30,93.534727
-139.843487,100,93.856883
-64.758308,72,93.869063
-33.991028,35,93.875059
-23.980378,39,93.881663
-45.062854,50,93.890032
-37.161864,40,93.896717
-47.006948,53,93.905638
-42.283241,65,93.916613
-34.789177,30,93.92269
-23.036164,26,93.927361
-68.181392,53,93.936629
-55.228732,81,93.949993
-61.13249,66,93.960786
-37.205082,52,93.969607
-81.47161,65,93.980612
-46.284598,53,93.989264
-26.508972,26,93.993549
-40.285834,35,93.999273
-38.829468,50,94.007516
-32.624152,45,94.015027
-64.160392,95,94.031881
-33.076004,55,94.041309
-39.596056,39,94.048017
-68.034246,51,94.05638
-47.811002,66,94.067183
-100.251948,88,94.081527
-33.358045,34,94.08711
-46.942951,68,94.098477
-75.539005,97,94.114801
-90.621816,111,94.134133
-30.068086,51,94.142857
-41.877366,33,94.14858
-110.92242,98,94.164765
-24.891007,31,94.169864
-33.642348,36,94.175774
-54.200742,68,94.186935
-33.772546,51,94.195577
-65.044977,61,94.205796
-27.471834,19,94.209
-49.681866,64,94.219562
-39.556055,61,94.229602
-35.840703,36,94.235435
-28.069415,50,94.244673
-26.668034,47,94.252649
-37.341388,43,94.259722
-114.598082,99,94.275863
-36.907569,54,94.284951
-58.59315,64,94.295648
-31.502187,31,94.300918
-53.46289,83,94.314607
-35.89932,70,94.326224
-47.499086,75,94.338461
-29.146458,41,94.345951
-54.203776,39,94.352538
-57.56535,51,94.361011
-118.322077,114,94.379545
-24.437745,27,94.384114
-56.975449,67,94.395078
-31.607081,39,94.401743
-77.50024,137,94.424386
-72.092632,63,94.434677
-37.281452,43,94.441789
-91.69299,90,94.457632
-111.914239,147,94.481695
-34.772903,37,94.487892
-96.767745,72,94.499789
-28.42937,43,94.50699
-20.776121,23,94.510864
-61.866211,60,94.520721
-57.982953,72,94.823382
-83.755298,78,94.836594
-74.389621,102,94.853465
-61.169222,93,94.869676
-73.594869,70,94.882068
-71.633159,80,94.895771
-54.372506,46,94.903307
-91.622474,155,94.927947
-44.647288,40,94.934435
-46.034357,74,94.94627
-52.101375,73,94.958047
-74.859608,82,94.971205
-88.660239,87,94.98655
-30.189688,45,94.993869
-38.035896,42,95.001024
-35.374968,48,95.009014
-55.480424,82,95.022961
-85.045276,95,95.038641
-72.52009,82,95.052188
-29.946855,40,95.058907
-61.239284,61,95.068877
-55.269047,75,95.081899
-93.043271,83,95.096311
-52.738342,68,95.107674
-24.376781,35,95.113592
-49.338234,64,95.12424
-65.540311,73,95.136328
-31.479801,42,95.143591
-48.485992,67,95.15492
-48.031283,74,95.167277
-47.364747,59,95.177193
-33.015417,71,95.189645
-84.91919,97,95.205947
-37.584032,78,95.218765
-38.275685,45,95.226271
-48.167091,65,95.237019
-26.323011,27,95.241469
-31.90029,61,95.251428
-42.35069,49,95.259486
-59.991918,74,95.274521
-48.177515,49,95.282853
-129.40909,161,95.310579
-43.574103,42,95.317739
-30.44605,39,95.324252
-32.382071,58,95.333976
-67.072789,125,95.354478
-40.536756,47,95.36237
-85.860899,66,95.373352
-30.666959,35,95.37902
-26.420364,42,95.385863
-66.770135,59,95.395371
-80.148679,88,95.410825
-35.725916,78,95.424002
-43.88301,50,95.432541
-31.350851,44,95.439804
-77.701707,107,95.457186
-78.777229,109,95.474838
-54.766975,75,95.486989
-59.580442,95,95.502343
-26.902817,47,95.788725
-34.123489,39,95.795536
-40.48225,73,95.80834
-68.761075,64,95.820411
-27.130077,27,95.825087
-93.630569,71,95.83718
-81.536305,68,95.848711
-34.775885,51,95.857268
-55.849123,104,95.874259
-31.373912,35,95.88006
-30.643672,46,95.887592
-35.95969,51,95.895963
-32.947907,49,95.903974
-64.580233,102,95.920461
-49.442389,45,95.928711
-107.645092,92,95.944704
-39.948807,45,95.952529
-53.783159,43,95.959742
-21.89105,38,95.966066
-29.337058,45,95.973537
-38.211139,35,95.979312
-73.895562,94,95.994966
-70.558894,99,96.011352
-38.269902,73,96.02329
-52.658066,106,96.041725
-69.911949,92,96.057337
-57.109196,67,96.068624
-52.619566,81,96.08214
-56.882639,52,96.090792
-43.535047,67,96.102085
-25.610094,35,96.107966
-28.706084,36,96.114096
-36.468057,45,96.121583
-58.447237,67,96.132758
-76.19068,79,96.146937
-27.939767,33,96.152451
-53.471071,69,96.163849
-23.055706,33,96.169358
-39.343894,51,96.17779
-48.164356,62,96.188006
-40.49518,35,96.193787
-33.178665,41,96.200502
-79.878798,83,96.213931
-57.12853,61,96.223971
-27.884083,55,96.232922
-37.101051,64,96.244159
-25.517523,30,96.249214
-52.764708,48,96.257268
-152.403173,91,96.272333
-40.349533,45,96.279849
-60.136129,64,96.29057
-38.394004,85,96.304767
-41.558167,87,96.319203
-49.40874,60,96.329304
-83.776075,92,96.344507
-119.907924,97,96.361554
-39.624245,33,96.367149
-26.264304,24,96.371141
-42.311653,52,96.379736
-79.324349,114,96.397914
-63.509525,59,96.407534
-88.052299,116,96.426558
-80.859758,103,96.443346
-87.765554,86,96.457977
-78.218373,75,96.47087
-52.07129,58,96.758806
-47.590279,78,96.773066
-33.69638,29,96.778382
-63.010472,82,96.792271
-75.340454,102,96.810141
-55.797971,65,96.821137
-46.674512,73,96.833107
-36.524162,67,96.844157
-32.317377,56,96.853421
-91.699899,116,96.872346
-70.542911,58,96.883264
-44.431025,106,96.901261
-34.272874,53,96.910189
-27.388139,30,96.915509
-132.466276,125,96.937004
-61.52704,54,96.946542
-64.60283,64,96.95733
-41.241457,50,96.96589
-74.386115,94,96.983077
-87.436733,97,97.000337
-56.701744,62,97.010998
-47.154082,61,97.021292
-30.03182,33,97.026945
-58.161572,67,97.0381
-35.744284,40,97.044773
-27.907837,37,97.050932
-49.670284,58,97.060528
-38.877146,62,97.071197
-36.19574,51,97.080051
-67.452034,75,97.093831
-33.901816,71,97.105757
-96.8421,155,97.131587
-63.771143,62,97.142025
-32.676899,55,97.151063
-47.578207,48,97.158919
-99.353243,79,97.171775
-42.461385,31,97.176941
-38.125465,39,97.183636
-52.89894,67,97.195791
-68.877551,57,97.205607
-49.229745,51,97.214164
-30.756842,45,97.22168
-66.202236,80,97.234762
-31.284763,42,97.24169
-61.001589,64,97.252099
-31.924458,59,97.261659
-57.988121,82,97.275272
-61.171672,71,97.286924
-66.223874,63,97.298146
-71.09817,74,97.310385
-78.212935,115,97.329808
-72.27984,84,97.343866
-29.750926,49,97.352116
-75.959196,121,97.371688
-49.895475,55,97.380567
-37.15503,52,97.389019
-69.351659,83,97.403438
-65.446738,75,97.416212
-36.943127,64,97.427044
-53.155605,41,97.433931
-71.838642,81,97.448025
-62.127657,64,97.7352
-33.289025,70,97.747274
-43.154931,65,97.758063
-52.268384,94,97.773507
-55.600764,71,97.785262
-51.480299,69,97.796562
-79.733713,84,97.810631
-28.826137,35,97.816427
-29.027494,39,97.822807
-51.760985,52,97.832283
-44.646578,44,97.839797
-36.048419,38,97.846129
-76.314775,112,97.865196
-74.420729,90,97.880014
-41.492926,64,97.890605
-75.304578,108,97.908345
-30.760417,38,97.914617
-35.691423,48,97.922501
-121.486433,86,97.937842
-77.309447,70,97.94965
-46.819226,34,97.955403
-31.034871,33,97.961062
-36.331344,38,97.96737
-30.565524,24,97.971394
-60.655581,56,97.980634
-74.243472,95,97.996432
-46.836144,60,98.006338
-67.072225,75,98.019083
-30.115241,58,98.029074
-60.570585,72,98.042827
-72.244682,77,98.056231
-56.642626,68,98.06792
-126.510747,110,98.086225
-31.464829,71,98.097905
-82.297185,86,98.111937
-111.309995,106,98.129841
-46.795952,105,98.148043
-21.949833,36,98.154365
-73.960287,77,98.167042
-43.343079,61,98.177087
-26.670236,39,98.183512
-66.983314,71,98.19518
-103.571011,100,98.211802
-56.464965,53,98.220504
-91.521917,96,98.236196
-30.085085,66,98.247142
-36.322903,53,98.256954
-100.926229,113,98.275593
-29.09609,31,98.281066
-53.585921,60,98.291299
-45.768722,56,98.300752
-41.591329,51,98.309325
-41.546516,47,98.317219
-107.338704,118,98.336578
-47.030644,44,98.343779
-29.500481,28,98.348464
-72.044965,120,98.369382
-81.644917,90,98.384106
-28.768117,38,98.390379
-33.616415,41,98.397073
-36.616425,56,98.406201
-37.511536,43,98.413387
-31.571907,47,98.696722
-33.648028,50,98.70508
-77.918444,89,98.719724
-101.848093,84,98.733901
-115.486592,105,98.751329
-65.741394,82,98.764863
-82.482815,124,98.786656
-46.834714,51,98.795187
-52.254098,66,98.806075
-58.945678,77,98.818882
-104.67725,124,98.839283
-46.228235,70,98.850788
-53.618945,77,98.863596
-59.506459,101,98.881987
-41.1549,76,98.894859
-33.333857,21,98.898532
-57.13042,52,98.90713
-31.32663,28,98.911793
-99.473146,101,98.92834
-94.631686,63,98.938835
-79.42707,66,98.949791
-82.119354,73,98.961814
-53.680833,63,98.97214
-93.305702,119,98.992697
-97.95656,92,99.00794
-106.383099,108,99.025559
-20.897044,18,99.028562
-53.100297,52,99.037237
-85.457086,85,99.051161
-82.558135,84,99.064967
-56.762137,58,99.074532
-44.424832,66,99.086412
-86.282756,112,99.105235
-93.376545,93,99.120671
-47.178529,49,99.12887
-90.187497,81,99.142655
-71.059785,63,99.153459
-41.879783,76,99.166295
-46.758831,72,99.178378
-73.187516,71,99.191292
-106.882134,68,99.203084
-29.27287,54,99.21216
-42.074561,72,99.223991
-33.932243,61,99.234119
-63.350612,69,99.245522
-66.32346,62,99.255856
-51.637207,57,99.265291
-64.465661,63,99.275774
-57.61762,58,99.285412
-43.109547,61,99.29656
-49.611829,73,99.308997
-42.694584,54,99.31818
-122.031396,99,99.33444
-38.169359,67,99.345277
-48.123023,67,99.356153
-36.991586,46,99.363705
-38.449917,72,99.375524
-44.282298,58,99.66787
-46.713518,67,99.679124
-29.374381,47,99.687064
-70.730354,73,99.69932
-62.45367,68,99.710535
-22.751046,38,99.718129
-67.864974,84,99.732525
-95.484759,83,99.746156
-29.692398,28,99.751086
-34.526852,45,99.758823
-58.799504,78,99.771964
-95.844175,112,99.790614
-55.805678,69,99.802203
-86.527662,86,99.816401
-48.176314,64,99.828317
-53.003091,40,99.835224
-69.188636,66,99.84609
-26.032127,31,99.851398
-27.635098,34,99.857088
-75.157568,76,99.869624
-50.816646,66,99.88058
-77.183757,85,99.894749
-69.301324,62,99.90512
-31.044618,43,99.912307
-47.171454,55,99.921486
-94.097133,99,99.939065
-39.682052,59,99.949049
-41.886785,94,99.964348
-38.217959,41,99.97108
-104.08449,127,99.991841
-45.112136,37,99.998059
-56.62057,83,100.011742
-42.315015,54,100.020705
-68.094536,104,100.038757
-48.269162,53,100.047617
-55.779508,50,100.055849
-53.385856,60,100.06568
-26.776486,69,100.07706
-39.126466,74,100.089257
-55.053794,67,100.10035
-34.56055,29,100.105187
-58.486022,86,100.119308
-29.028598,38,100.125599
-58.402108,81,100.139866
-116.464193,152,100.166146
-74.141637,60,100.176093
-22.8761,45,100.183444
-53.341072,65,100.19414
-106.692774,93,100.20983
-73.081135,73,100.222062
-26.950016,57,100.231362
-144.022082,110,100.250429
-20.883087,23,100.254382
-109.301979,96,100.270622
-78.024631,79,100.283641
-37.134781,47,100.291438
-51.341932,67,100.302749
-33.531195,33,100.308275
-68.506653,75,100.320837
-58.230443,83,100.334771
-73.424003,70,100.346349
-87.255609,84,100.638865
-33.058984,45,100.646807
-55.408782,85,100.661404
-48.431238,60,100.672917
-44.593088,43,100.680554
-96.999596,83,100.694403
-87.768752,78,100.707625
-60.906389,65,100.718636
-78.850764,66,100.729846
-33.717066,55,100.739039
-60.463809,66,100.750139
-30.098102,39,100.756562
-58.196938,71,100.767982
-48.790648,46,100.776826
-60.782186,67,100.788185
-64.952914,89,100.80294
-126.458186,110,100.821004
-35.98728,50,100.829183
-35.916779,42,100.836102
-27.823958,39,100.84261
-57.158142,61,100.852637
-29.671822,54,100.861786
-56.825249,62,100.872231
-102.436574,118,100.892983
-36.313476,43,100.90041
-29.998587,55,100.909546
-87.480742,96,100.925592
-32.192217,41,100.932499
-97.070178,99,100.949033
-32.783006,52,100.95778
-50.841028,61,100.967898
-55.605155,81,100.982144
-64.801683,61,100.992668
-64.407802,90,101.007868
-74.083329,68,101.019253
-38.784358,80,101.032456
-32.976694,41,101.039158
-73.716744,67,101.049987
-82.047831,87,101.064069
-42.71484,68,101.075164
-33.823522,57,101.084583
-64.837255,108,101.103804
-33.759579,47,101.111759
-37.474917,34,101.117517
-41.88393,39,101.124077
-56.12342,83,101.137955
-31.847218,35,101.143913
-45.63157,41,101.150815
-28.887355,30,101.15567
-169.681513,153,101.18099
-66.48869,85,101.195956
-50.907168,70,101.207583
-89.791842,84,101.221296
-60.6214,97,101.237172
-115.447924,136,101.259241
-94.017301,102,101.275688
-27.167905,38,101.28195
-36.954539,35,101.287729
-100.080685,124,101.309283
-25.221588,34,101.315001
-122.635445,119,101.627542
-112.547634,94,101.644081
-70.792502,67,101.655842
-77.51805,101,101.673065
-38.291555,46,101.680918
-48.533758,96,101.697159
-48.91863,64,101.708001
-49.83047,55,101.718282
-30.805854,47,101.726309
-21.177741,28,101.73106
-59.108719,79,101.743952
-32.663506,54,101.752997
-98.97464,99,101.769885
-37.260681,62,101.780496
-54.874446,76,101.793529
-100.287064,81,101.80721
-56.1124,69,101.818909
-73.11823,98,101.836558
-97.94374,107,101.854522
-86.780613,98,101.870742
-77.838347,87,101.88528
-60.685708,62,101.895788
-81.995353,99,101.912455
-47.118516,52,101.921171
-82.583942,103,101.939308
-44.697313,50,101.947829
-40.812387,54,101.956756
-40.617323,58,101.966371
-36.231383,41,101.97307
-77.465252,90,101.98823
-58.404864,48,101.996286
-46.900913,94,102.0119
-81.810384,102,102.028737
-85.724403,87,102.044208
-72.009183,66,102.055129
-69.948051,93,102.070448
-46.278848,63,102.080798
-56.329239,98,102.096956
-57.780715,78,102.109695
-66.54183,79,102.122618
-37.625534,74,102.134662
-57.2977,80,102.149199
-79.621841,132,102.171038
-112.447123,119,102.190743
-36.484632,52,102.199379
-25.804196,31,102.204569
-29.234041,50,102.212779
-62.893331,82,102.226269
-37.256694,48,102.234177
-32.775061,45,102.242391
-25.551307,26,102.246687
-31.473095,37,102.25322
-45.027996,47,102.261072
-101.721765,88,102.275816
-37.201948,47,102.283728
-37.691395,39,102.290242
-92.021035,103,102.595994
-72.682424,73,102.60869
-74.918961,53,102.617774
-84.356831,100,102.634641
-28.099526,67,102.645733
-44.510428,49,102.654252
-39.799178,56,102.6644
-54.715673,68,102.676131
-48.895002,61,102.686532
-67.175495,108,102.70407
-45.210715,46,102.711588
-55.426055,85,102.726258
-33.125636,40,102.733064
-68.732558,77,102.745984
-41.141706,47,102.753905
-44.233657,64,102.764527
-66.977486,63,102.775816
-31.45039,38,102.782229
-41.248179,99,102.798514
-42.274222,42,102.805503
-48.741005,56,102.814685
-102.939431,81,102.82795
-82.576743,80,102.84096
-26.819376,65,102.851961
-37.466893,53,102.860858
-65.255712,56,102.870326
-44.769944,56,102.880589
-88.032956,90,102.895734
-49.088193,70,102.907355
-32.823507,62,102.917393
-69.163023,101,102.934069
-78.99075,88,102.94886
-50.752789,74,102.961257
-35.578477,42,102.96837
-92.736319,131,102.991231
-50.803943,86,103.005787
-44.370971,87,103.020326
-41.298524,47,103.028225
-40.057566,73,103.040389
-95.301986,113,103.059183
-33.997448,85,103.073393
-21.742073,35,103.079283
-84.491703,86,103.094675
-91.005487,98,103.111136
-30.670884,47,103.118942
-38.358143,56,103.128232
-74.096445,97,103.144228
-29.033958,49,103.152381
-57.692693,45,103.159854
-26.974657,38,103.166174
-30.083428,62,103.176363
-34.528584,51,103.184728
-50.622032,76,103.198069
-47.049738,53,103.207083
-33.791536,43,103.214253
-80.680099,80,103.227393
-41.950776,63,103.237826
-35.927239,74,103.250017
-37.341451,65,103.261072
-32.197082,55,103.270342
-29.287525,37,103.276602
-118.193812,92,103.562651
-83.455871,68,103.574605
-42.820571,53,103.584322
-31.610923,55,103.593689
-42.630188,86,103.608369
-97.258128,119,103.630763
-54.01729,51,103.639459
-53.319048,44,103.646905
-49.233413,62,103.657769
-58.35134,66,103.668954
-30.43544,51,103.677329
-59.45964,63,103.688212
-111.706832,115,103.707297
-153.955322,114,103.727337
-40.868335,31,103.732797
-97.484598,71,103.744544
-39.541258,30,103.750954
-51.173929,82,103.767431
-79.23878,93,103.783729
-34.100025,48,103.792039
-60.274249,82,103.809451
-33.152917,48,103.818268
-60.618213,55,103.828656
-72.88856,99,103.848295
-31.60756,42,103.856642
-44.475843,60,103.86735
-78.0676,91,103.885173
-64.86137,59,103.899179
-64.709608,102,103.916444
-45.678471,44,103.923974
-102.293947,111,103.946077
-106.698722,88,103.961181
-49.870664,40,103.968255
-88.101153,110,103.990747
-63.756734,76,104.003644
-58.033272,41,104.010564
-23.886224,37,104.016804
-41.909,37,104.022905
-29.737839,45,104.034855
-74.24126,79,104.049748
-32.21907,102,104.067714
-24.418444,33,104.073396
-32.936908,55,104.082792
-107.932405,109,104.101903
-66.004777,62,104.117648
-25.72381,37,104.123952
-118.452457,93,104.139881
-32.594673,31,104.146381
-63.062051,73,104.159226
-54.394195,96,104.182657
-73.755065,91,104.198132
-102.529325,101,104.215432
-31.875104,49,104.22367
-59.796809,50,104.23203
-41.161916,59,104.241965
-61.275667,87,104.261732
-48.621718,106,104.28109
-60.697995,61,104.291556
-29.793203,43,104.298993
-116.782552,95,104.661461
-73.053252,85,104.677257
-35.181267,37,104.683848
-34.913763,30,104.68879
-54.297913,87,104.703401
-78.653839,67,104.714832
-62.336769,81,104.739393
-44.905035,65,104.76062
-107.567636,84,104.811338
-55.24242,91,104.827135
-36.310677,38,104.833965
-63.446097,83,104.847976
-33.646951,45,104.855505
-56.361405,54,104.864821
-66.321271,68,104.876007
-29.646133,65,104.886753
-107.362633,114,104.907176
-30.275233,53,104.91617
-27.711768,53,104.924956
-77.342222,58,104.934416
-58.8955,53,104.943115
-93.421912,108,104.960946
-84.381109,64,104.971616
-58.872467,104,104.988536
-50.80937,66,105.000381
-61.972038,81,105.01458
-187.762376,143,105.038115
-41.262669,85,105.052316
-27.429697,43,105.059527
-47.630244,75,105.072022
-84.367934,149,105.09675
-29.825276,43,105.104768
-47.164337,50,105.113364
-71.771704,88,105.127988
-83.705199,93,105.143339
-36.241813,44,105.150608
-54.364032,56,105.159795
-29.463393,40,105.166424
-105.703269,122,105.186196
-63.412225,52,105.194962
-43.54587,47,105.202762
-85.103473,122,105.224022
-61.426057,75,105.236684
-65.21581,76,105.249455
-47.59489,59,105.259268
-99.521394,112,105.277997
-42.145907,63,105.288435
-32.832126,59,105.298217
-82.382375,60,105.308123
-52.358229,73,105.320878
-72.008127,100,105.337706
-58.412383,106,105.355179
-110.430539,95,105.370912
-46.189708,73,105.382844
-78.477946,83,105.396295
-119.5471,140,105.698759
-51.155291,87,105.713336
-57.960107,101,105.730131
-90.596399,60,105.741114
-120.776675,142,105.765112
-29.184538,54,105.7741
-34.010481,29,105.778911
-57.120018,102,105.804042
-70.223543,82,105.81788
-28.100818,47,105.825801
-29.199511,38,105.832269
-47.107757,51,105.842288
-27.416892,35,105.849595
-152.969569,130,105.871812
-56.746225,55,105.881238
-38.407168,40,105.887984
-40.116481,74,105.900628
-62.483764,88,105.915404
-44.06735,63,105.926512
-43.316444,42,105.94368
-47.626506,77,105.958905
-91.156481,123,105.981475
-35.095113,48,105.99002
-59.690315,75,106.002861
-55.825877,50,106.011325
-73.344595,59,106.021442
-62.225639,103,106.038639
-33.983089,36,106.044631
-69.038594,62,106.05578
-129.590952,126,106.076817
-51.023537,100,106.093275
-75.381173,62,106.103451
-31.953095,39,106.10987
-32.150729,46,106.117726
-100.086844,114,106.136975
-24.059179,34,106.142753
-61.923443,67,106.153893
-45.332095,62,106.165242
-70.468511,76,106.178
-28.58682,67,106.189177
-69.744644,83,106.202949
-28.609634,28,106.20762
-95.03895,89,106.222201
-47.247502,90,106.237033
-34.701417,50,106.245296
-57.823325,53,106.253939
-56.83968,95,106.270618
-37.008858,41,106.27736
-39.30843,51,106.285796
-37.102952,45,106.293231
-51.54756,81,106.306552
-40.917237,61,106.31658
-31.982108,29,106.321386
-62.537028,84,106.335131
-45.674268,71,106.346701
-47.29189,58,106.356117
-75.826043,92,106.371977
-38.834764,54,106.381175
-38.876448,68,106.671153
-36.305428,44,106.678717
-57.576478,84,106.694374
-75.89964,115,106.713794
-97.469648,96,106.730167
-35.395466,66,106.741351
-39.023705,56,106.750896
-68.357687,65,106.761912
-37.592695,52,106.770847
-47.333812,58,106.78087
-40.647729,55,106.790362
-29.749673,46,106.799692
-59.948769,86,106.814356
-91.771495,94,106.830193
-45.793397,64,106.840936
-43.557007,62,106.851365
-74.531239,85,106.865512
-49.880236,57,106.874817
-63.78313,79,106.887938
-47.956767,53,106.89677
-78.730551,163,106.92534
-69.388135,75,106.938062
-107.535564,101,106.954756
-35.859266,45,106.962263
-88.352538,135,106.985129
-90.294554,93,107.000835
-46.781866,64,107.012602
-49.215402,47,107.020648
-48.938897,105,107.038022
-57.124867,61,107.048208
-89.334374,70,107.059923
-124.555872,99,107.076724
-56.909803,80,107.090639
-38.244154,39,107.097447
-26.40014,34,107.103213
-57.616425,73,107.116557
-48.666038,74,107.129241
-65.013062,88,107.144056
-40.292664,48,107.152135
-91.795021,62,107.162473
-31.660702,46,107.170233
-58.199622,87,107.18458
-96.194853,92,107.199754
-54.837072,68,107.21105
-42.541552,68,107.223413
-83.831419,85,107.237664
-47.925524,51,107.246109
-70.050969,67,107.25731
-86.323449,117,107.277066
-77.207667,93,107.292855
-46.389053,48,107.300946
-62.210636,65,107.311788
-44.910289,42,107.318868
-52.242715,82,107.333546
-50.499505,87,107.348189
-30.044852,37,107.35448
-102.339174,103,107.65074
-47.578004,78,107.665018
-103.045544,90,107.680161
-54.819113,62,107.690381
-53.462118,40,107.696988
-59.019586,94,107.712099
-73.205271,71,107.723931
-83.167529,62,107.734314
-28.734638,49,107.742332
-63.383512,61,107.753788
-73.655755,73,107.766506
-50.99905,53,107.775388
-29.463834,59,107.785413
-144.245931,102,107.802471
-54.005586,82,107.816208
-70.883674,69,107.827814
-87.327072,114,107.84673
-85.916326,106,107.865971
-23.47663,38,107.872284
-47.761193,65,107.882878
-42.186553,81,107.896115
-68.821107,68,107.907489
-62.699706,71,107.919383
-96.99913,133,107.941452
-54.260815,44,107.948869
-44.138001,37,107.955131
-56.83132,97,107.972328
-192.917615,131,107.993789
-53.706618,86,108.007923
-65.341226,72,108.019781
-70.407565,104,108.036637
-91.172968,103,108.053295
-65.150102,82,108.067437
-43.290272,53,108.076359
-34.930577,43,108.083654
-45.726019,60,108.093756
-90.419936,110,108.112046
-24.822145,30,108.117129
-33.99264,42,108.124249
-31.185746,50,108.132667
-31.378347,56,108.142038
-64.258075,95,108.157837
-33.323476,78,108.171831
-24.931111,27,108.176556
-52.064255,57,108.186244
-42.948773,82,108.200133
-63.53927,106,108.218095
-78.672361,63,108.228878
-68.647926,105,108.246524
-79.333689,61,108.256569
-69.679007,86,108.271457
-41.639079,54,108.28095
-53.963421,72,108.292851
-54.244981,63,108.303387
-32.048471,66,108.314226
-23.97183,26,108.318586
-31.395221,46,108.326108
-41.986616,55,108.335101
-32.542856,52,108.618308
-49.043491,55,108.627414
-48.177213,55,108.636878
-34.360124,33,108.642433
-58.386186,46,108.650592
-31.974566,40,108.657759
-85.640685,113,108.676781
-24.7938,24,108.680816
-40.183778,33,108.686359
-59.433478,93,108.702948
-34.581548,37,108.709195
-70.202525,86,108.723169
-39.259893,57,108.732494
-31.832619,41,108.739195
-32.970893,40,108.745696
-110.544211,123,108.765799
-34.947531,72,108.777697
-71.703517,64,108.788305
-53.456261,49,108.79646
-44.036491,100,108.814308
-41.945861,55,108.82334
-34.839893,36,108.829297
-64.53611,69,108.840517
-67.892717,130,108.861434
-96.631085,92,108.876477
-69.285629,97,108.892439
-52.758402,53,108.901194
-24.782676,38,108.908221
-129.470863,121,108.927986
-55.914612,55,108.937873
-24.853029,23,108.942097
-20.32807,20,108.945813
-36.773752,53,108.955034
-29.557602,51,108.963737
-25.44404,43,108.970855
-60.506201,60,108.980627
-32.423308,54,108.989475
-30.750207,26,108.993747
-41.937433,61,109.003704
-20.86358,31,109.009546
-63.812907,104,109.027288
-43.079424,58,109.037131
-38.657779,41,109.044037
-43.712357,32,109.049381
-57.246445,79,109.062463
-44.427039,50,109.070936
-30.345259,55,109.079913
-22.035125,30,109.084854
-104.094989,114,109.103405
-28.196758,33,109.108906
-42.61411,41,109.11645
-50.484191,54,109.125628
-59.540947,90,109.140736
-42.726952,55,109.149863
-71.902482,79,109.163007
-44.928281,32,109.168352
-91.252627,97,109.184081
-38.040076,78,109.196578
-77.990289,104,109.213558
-27.24778,50,109.222689
-44.411838,56,109.232521
-101.917442,108,109.250273
-24.205878,34,109.256007
-30.660375,40,109.262725
-22.788433,21,109.266329
-96.425317,115,109.285497
-38.971869,62,109.295954
-92.344711,82,109.599713
-33.061832,68,109.611118
-104.128521,143,109.634998
-31.950856,42,109.642864
-33.257913,39,109.64963
-40.423743,69,109.661088
-53.092674,48,109.669632
-73.96448,92,109.685252
-46.823824,72,109.697659
-98.131172,122,109.718217
-42.705388,52,109.726847
-31.77916,64,109.737385
-89.648137,86,109.753009
-29.823552,26,109.757646
-54.978351,93,109.773267
-42.947686,43,109.780585
-98.554509,123,109.801348
-30.433108,41,109.808329
-41.09833,44,109.815737
-87.30129,73,109.828023
-32.233385,69,109.839517
-37.575609,53,109.849158
-49.13718,52,109.858223
-30.121603,61,109.868662
-59.624432,81,109.882003
-60.637577,88,109.896529
-76.022592,95,109.912154
-69.071427,124,109.932558
-67.84397,80,109.945785
-67.092881,75,109.959142
-86.477312,86,109.974124
-37.836285,56,109.983631
-31.484522,57,109.993306
-43.608498,57,110.002999
-43.287925,42,110.009992
-102.644812,141,110.033095
-41.461085,59,110.043
-34.224227,60,110.052969
-44.397561,90,110.068855
-33.178905,71,110.081011
-46.408704,94,110.096735
-51.041773,76,110.109257
-75.478325,113,110.128057
-28.259718,47,110.135867
-30.101258,34,110.14157
-48.34478,75,110.154171
-86.763374,85,110.169294
-72.324917,118,110.189327
-38.947167,38,110.195682
-107.216061,150,110.220592
-57.758623,66,110.231778
-43.046442,69,110.24329
-47.487347,79,110.25657
-27.352596,33,110.262138
-101.106987,92,110.278285
-66.945169,69,110.573833
-37.691807,49,110.58279
-39.209263,52,110.593276
-33.058003,37,110.600167
-47.481699,49,110.608328
-40.261658,44,110.615903
-47.936322,74,110.628453
-33.29874,49,110.636805
-71.805975,82,110.650724
-47.862185,52,110.659354
-56.662265,75,110.672178
-51.102198,90,110.687611
-33.218328,32,110.693915
-84.986563,118,110.71414
-64.541365,98,110.731837
-36.42886,51,110.74058
-32.342434,50,110.749244
-69.81771,51,110.758326
-57.491932,51,110.767283
-80.707588,84,110.781697
-70.40088,86,110.796463
-56.154899,63,110.808229
-79.362248,93,110.82395
-65.459374,59,110.833993
-51.05855,75,110.846573
-125.991498,101,110.8632
-47.906283,71,110.874991
-57.438095,80,110.888516
-51.141166,77,110.901544
-51.334231,86,110.916974
-75.019303,99,110.933935
-87.869277,108,110.951838
-77.052201,65,110.962592
-40.844693,26,110.96712
-24.568927,51,110.975566
-53.520828,53,110.984292
-32.998353,33,110.989733
-78.089781,44,110.996976
-76.73568,137,111.020411
-121.26319,136,111.043388
-32.703356,40,111.050295
-87.941097,92,111.065618
-58.465171,121,111.086272
-72.258906,74,111.09892
-68.620575,64,111.109837
-48.797654,61,111.121284
-66.43451,73,111.134275
-88.003515,72,111.147331
-43.477103,39,111.154201
-91.905671,85,111.168884
-62.212264,52,111.178266
-68.092693,87,111.192931
-85.838406,113,111.212697
-23.480925,46,111.221755
-55.605302,99,111.238867
-41.923282,89,111.254751
-37.646535,41,111.262429
-53.599852,73,111.275566
-49.006917,50,111.595734
-36.862423,48,111.604975
-96.443031,132,111.628986
-56.257529,61,111.641479
-42.47483,84,111.658859
-119.618157,121,111.680821
-84.198712,120,111.702384
-49.06986,79,111.716438
-94.190253,98,111.733187
-71.668022,114,111.755176
-34.153008,35,111.761685
-51.004866,50,111.770802
-26.73191,34,111.777916
-25.487649,27,111.78321
-71.650476,60,111.794008
-150.107676,128,111.816864
-39.959026,98,111.833299
-41.010135,57,111.842735
-42.875606,55,111.853268
-41.598795,73,111.866486
-45.434558,89,111.882544
-70.565416,52,111.891284
-72.584001,53,111.900687
-34.839666,46,111.908584
-58.360315,64,111.91934
-108.322871,146,111.94406
-52.277879,54,111.953324
-44.472596,54,111.963389
-55.070654,48,111.971704
-41.914024,53,111.980747
-44.423437,70,111.992185
-44.222382,51,112.000878
-31.732422,39,112.008084
-51.075872,94,112.024376
-39.676536,52,112.033276
-44.751717,66,112.043972
-29.169185,54,112.052841
-84.282257,86,112.068134
-31.95889,40,112.074714
-37.10203,63,112.085505
-67.63768,82,112.100852
-57.368386,86,112.116
-37.24339,91,112.131895
-64.222599,100,112.149305
-27.304043,33,112.154894
-71.328084,97,112.173033
-32.183654,53,112.182454
-27.302949,50,112.190679
-84.440885,84,112.205252
-25.992896,33,112.211177
-69.850868,87,112.225808
-71.027609,95,112.241899
-44.810817,52,112.250732
-38.90735,54,112.25979
-76.36916,96,112.276734
-46.888244,78,112.289678
-20.962039,28,112.294266
-139.304951,112,112.617347
-50.436081,53,112.634112
-52.013408,62,112.691245
-48.699457,56,112.71438
-47.634227,72,112.735011
-47.127171,76,112.758026
-30.110175,23,112.768734
-32.552793,33,112.779493
-107.481569,104,112.803543
-69.625527,63,112.823063
-34.2382,45,112.8363
-23.053527,32,112.843425
-31.506101,43,112.853066
-31.678949,34,112.863069
-40.291546,42,112.871296
-51.776205,74,112.891639
-91.429037,149,112.928031
-75.635267,134,112.961006
-49.935116,81,113.037247
-58.134625,97,113.08713
-72.355348,76,113.113811
-42.360287,37,113.143411
-102.247162,116,113.16646
-51.932745,80,113.182705
-36.987896,61,113.195126
-30.981185,38,113.202724
-52.176375,82,113.222511
-80.634071,74,113.23894
-42.222207,63,113.250565
-45.627407,54,113.260462
-115.341635,146,113.28809
-54.871821,70,113.302549
-52.052348,65,113.313933
-38.068223,58,113.325845
-76.568938,52,113.340943
-24.684343,27,113.346532
-60.629303,78,113.395763
-36.996706,57,113.410068
-27.919196,35,113.416914
-71.182906,92,113.434902
-40.095231,46,113.443196
-51.058604,71,113.456931
-66.57455,63,113.472349
-93.34395,77,113.487035
-39.993698,71,113.503334
-53.963955,58,113.514238
-99.646207,100,113.532933
-36.829706,34,113.539438
-35.912796,47,113.548843
-28.96574,38,113.557024
-42.310921,89,113.574892
-44.827758,74,113.590604
-29.880944,30,113.5985
-52.477704,50,113.609773
-67.647691,71,113.622777
-34.589246,62,113.633761
-37.881457,85,113.650529
-49.394894,84,113.66604
-36.54952,47,113.674302
-105.091078,110,113.693696
-63.879577,74,113.707245
-133.250191,110,114.086704
-81.227671,89,114.103189
-27.246646,53,114.115254
-52.504781,93,114.134357
-28.988611,37,114.18252
-72.484151,59,114.199358
-30.993566,42,114.212222
-34.501723,54,114.22399
-23.198812,22,114.228157
-44.872815,98,114.246587
-36.183114,63,114.25756
-107.839272,97,114.274422
-115.042874,117,114.295721
-41.760434,75,114.30981
-104.65922,71,114.322215
-71.27154,106,114.34019
-26.996611,39,114.346956
-49.925279,59,114.356736
-77.356984,88,114.371287
-58.760335,99,114.38859
-43.24855,42,114.395704
-149.737286,131,114.418049
-48.075076,101,114.434494
-127.16846,151,114.459258
-105.991686,113,114.478541
-70.134334,63,114.489305
-35.567584,41,114.497828
-60.824339,73,114.510562
-28.818074,82,114.524911
-54.153693,51,114.533907
-93.477079,80,114.547782
-34.619148,50,114.556681
-26.622603,62,114.567215
-23.9816,64,114.58029
-173.326969,122,114.649825
-27.215338,30,114.669186
-35.55896,66,114.701347
-51.333079,73,114.722155
-59.784292,49,114.732759
-69.025993,65,114.744292
-44.478683,44,114.752579
-120.231799,130,114.777689
-40.457887,69,114.790487
-56.239326,65,114.80289
-37.380272,46,114.812807
-47.238875,75,114.828086
-34.808482,62,114.855044
-43.340957,36,114.86203
-116.572999,145,114.998175
-29.074937,64,115.156369
-49.056666,56,115.171694
-86.17816,110,115.199466
-87.100675,86,115.232208
-47.545006,72,115.257273
-31.085761,36,115.264099
-55.54676,77,115.284884
-55.22279,71,115.679207
-78.035258,80,115.699735
-74.358722,109,115.72039
-45.65706,45,115.728898
-84.053849,95,115.749733
-28.648209,50,115.762249
-24.746094,34,115.768892
-88.461492,105,115.78889
-34.579011,39,115.796794
-57.245939,96,115.815347
-37.371779,40,115.823125
-51.296603,70,115.835584
-42.715382,58,115.848562
-73.004418,75,115.863067
-28.223585,25,115.867793
-61.494483,51,115.877182
-49.007066,58,115.887468
-36.736605,30,115.893937
-113.310175,115,115.914029
-106.213384,98,115.931466
-60.83507,62,115.943675
-76.438585,88,115.960579
-57.228754,74,115.975568
-81.596053,75,115.989407
-33.367842,35,115.995602
-39.909438,73,116.009609
-58.29776,59,116.020042
-43.349466,60,116.031308
-31.904232,63,116.043386
-101.990453,96,116.063102
-129.811126,112,116.083773
-60.33248,62,116.095349
-36.248966,41,116.102471
-53.040208,59,116.113876
-66.099673,86,116.129387
-93.337869,105,116.148308
-56.619445,74,116.165089
-38.611762,45,116.176754
-30.803096,34,116.183576
-49.687733,51,116.192867
-43.974304,50,116.201909
-53.081721,44,116.210349
-40.937272,34,116.216481
-74.959025,88,116.232624
-50.498416,48,116.241177
-34.865389,74,116.25426
-30.914597,44,116.263028
-34.838058,44,116.271266
-31.173381,36,116.279067
-45.121725,70,116.292482
-112.416536,125,116.316904
-34.240156,40,116.327378
-65.694464,71,116.341288
-34.441058,59,116.353858
-101.661564,111,116.380854
-51.38716,76,116.397129
-87.355631,64,116.409672
-65.753043,57,116.419418
-31.583472,29,116.425484
-62.886887,57,116.43572
-32.701916,41,116.444072
-40.203834,53,116.45334
-83.934858,133,116.860601
-145.021493,167,116.891422
-48.660739,53,116.902868
-60.069751,54,116.912555
-72.674591,116,116.934593
-83.655836,46,116.943294
-64.573863,87,116.959114
-58.400674,77,116.973018
-67.669809,106,116.992345
-40.464339,56,117.004471
-27.512769,33,117.010616
-31.541156,45,117.018548
-48.999057,54,117.028691
-70.008957,123,117.050953
-34.174584,43,117.059412
-92.770245,80,117.075003
-37.29614,46,117.083224
-93.720579,99,117.104481
-123.30731,161,117.13508
-44.498165,59,117.146662
-28.68794,44,117.154862
-48.156921,56,117.166324
-34.316498,45,117.17523
-31.889698,53,117.184414
-55.32119,44,117.192904
-52.244986,61,117.206794
-66.348068,42,117.215368
-64.622971,74,117.229741
-59.216133,72,117.243594
-108.05592,91,117.260849
-49.353098,71,117.274305
-35.833411,40,117.28178
-29.261051,37,117.288493
-48.739643,46,117.297125
-36.146954,71,117.311208
-21.614522,30,117.316937
-41.454207,73,117.331078
-42.782237,61,117.342438
-43.124509,45,117.35034
-70.903351,69,117.363313
-35.780158,65,117.375338
-77.549723,73,117.388757
-118.397096,111,117.411355
-47.774583,48,117.426094
-28.622152,23,117.432139
-60.611605,84,117.453201
-27.646594,55,117.474327
-100.472867,105,117.498381
-42.692095,46,117.509285
-27.836562,41,117.518213
-39.284039,53,117.532483
-47.220867,87,117.550233
-44.227148,37,117.560272
-97.089429,100,117.585877
-40.263959,40,117.596346
-55.457852,64,117.612853
-24.893231,38,117.62234
-33.340387,53,117.634869
-27.71122,30,117.641165
-28.928201,38,117.648414
-30.549973,70,117.661435
-49.852169,55,117.671093
-30.836981,44,117.679354
-53.796975,63,117.691298
-31.001355,33,118.008474
-41.379597,82,118.025294
-86.834295,101,118.044869
-89.828021,127,118.070194
-55.622147,64,118.082668
-49.102091,70,118.095933
-39.68261,71,118.109082
-101.527754,69,118.122011
-93.292869,94,118.139978
-44.960994,43,118.149574
-70.089197,82,118.167852
-119.755297,130,118.193651
-47.541956,95,118.211961
-47.742458,72,118.22579
-65.982665,93,118.244128
-88.245167,115,118.267466
-30.437123,47,118.277823
-38.600743,38,118.28481
-63.34904,73,118.298858
-43.578758,63,118.31087
-31.577013,44,118.318828
-50.706182,62,118.330486
-80.070775,116,118.351118
-47.172155,61,118.364139
-52.691217,53,118.373929
-87.44158,89,118.389819
-29.970855,53,118.399193
-78.20408,102,118.417374
-40.708939,42,118.42542
-30.078107,73,118.438846
-26.486056,26,118.444647
-39.824417,71,118.45984
-79.122655,74,118.476085
-65.227737,61,118.488389
-53.43071,53,118.498982
-114.005901,145,118.526761
-40.249285,71,118.541346
-99.66508,90,118.565515
-36.059095,68,118.595582
-32.92193,36,118.606336
-83.263198,85,118.630014
-43.435948,50,118.641089
-71.885779,103,118.663954
-71.82461,91,118.682574
-30.722781,54,118.6934
-52.988666,44,118.702639
-35.535403,61,118.718006
-46.86552,52,118.72865
-29.622122,61,118.740078
-66.389092,69,118.753279
-26.919348,56,118.76456
-111.171281,114,118.787736
-40.825123,51,118.798286
-93.363259,72,118.811736
-61.36133,55,118.821474
-79.82084,64,118.83317
-52.311581,52,118.842443
-97.719231,117,119.170892
-84.312806,106,119.195765
-65.802781,57,119.205963
-84.91648,80,119.219806
-101.391769,78,119.233666
-50.468124,52,119.242606
-36.88979,62,119.25408
-47.762867,101,119.272652
-32.77347,39,119.292891
-44.78771,58,119.311307
-63.989985,72,119.326466
-40.845577,81,119.34122
-97.24006,107,119.361812
-59.664345,98,119.379626
-30.307927,46,119.387722
-44.726001,61,119.398464
-95.594598,129,119.422206
-47.475626,45,119.430212
-102.619229,80,119.444338
-31.283389,48,119.4532
-66.654793,56,119.462912
-47.194018,72,119.475671
-33.247386,57,119.485283
-51.750015,54,119.494229
-46.80645,57,119.503776
-80.719789,75,119.520707
-57.0141,82,119.534878
-53.532771,83,119.54916
-27.029533,42,119.55661
-62.885265,80,119.570737
-124.900012,118,119.593328
-37.870871,61,119.604117
-25.615385,40,119.611066
-78.104143,91,119.627597
-42.634825,47,119.636126
-64.219833,80,119.649908
-24.849357,26,119.654504
-79.307893,73,119.666921
-45.389978,50,119.675246
-47.365503,85,119.689232
-70.732842,67,119.700232
-59.384435,85,119.71435
-96.144542,99,119.732224
-46.175531,68,119.743922
-28.75016,36,119.750929
-100.620682,120,119.770915
-68.361777,75,119.783745
-99.110297,110,119.802774
-65.062644,95,119.818943
-41.192877,111,119.838718
-93.84183,68,119.850196
-70.124099,94,119.865854
-21.964841,25,119.870045
-73.340186,83,119.883888
-49.915432,59,119.894046
-45.641594,38,119.900447
-31.309534,54,120.210384
-75.397375,100,120.227928
-92.000445,134,120.252144
-78.838406,91,120.267886
-63.489142,81,120.281199
-49.738454,87,120.295304
-62.765781,85,120.309808
-61.839022,85,120.323616
-70.724298,89,120.33844
-45.67062,41,120.345409
-59.095355,72,120.358231
-53.217344,81,120.372004
-107.525609,74,120.384488
-38.982337,58,120.394236
-31.444008,66,120.405263
-39.069029,76,120.417983
-29.900929,34,120.423686
-102.521619,112,120.442054
-29.152837,48,120.450067
-42.324626,50,120.458308
-77.006309,49,120.467613
-91.500966,69,120.478921
-64.10719,46,120.487016
-66.592646,58,120.496825
-105.680515,94,120.512531
-49.755214,43,120.519707
-31.649359,36,120.52574
-61.109254,91,120.563067
-81.312451,103,120.610009
-43.855806,51,120.634389
-36.9391,75,120.648024
-45.660662,62,120.659348
-71.389584,78,120.673324
-55.695889,68,120.686614
-37.825057,44,120.694749
-62.423665,57,120.70511
-40.106626,47,120.712938
-49.137669,68,120.72444
-47.147332,62,120.735264
-65.942469,62,120.74563
-50.868175,53,120.754666
-39.071147,40,120.76134
-59.486046,101,120.777766
-43.284906,61,120.78919
-26.680801,29,120.794397
-100.853593,118,120.818797
-50.75274,60,120.829108
-65.399676,71,120.841263
-78.081993,60,120.851692
-85.133066,65,120.863271
-74.718836,87,120.878282
-56.792729,42,120.885609
-32.891632,42,120.893723
-57.281889,73,120.906771
-33.01511,41,120.914188
-33.160054,34,120.920014
-65.106449,52,120.928784
-47.530026,87,120.943392
-40.779188,58,120.953211
-36.72708,76,120.966382
-32.532758,51,120.97496
-38.355222,51,121.275661
-25.316589,63,121.28672
-119.867015,122,121.307089
-52.261411,72,121.320587
-95.202712,108,121.344845
-70.730023,89,121.359604
-43.737929,60,121.369644
-73.962089,66,121.380505
-52.84593,52,121.389175
-39.497701,43,121.396405
-40.146777,47,121.404394
-22.348128,27,121.408898
-82.442583,101,121.426847
-25.775449,28,121.431763
-58.264089,70,121.443398
-66.19462,73,121.45553
-40.959732,64,121.466234
-66.908241,77,121.47922
-41.81294,50,121.488047
-96.888593,115,121.507547
-24.243815,35,121.513638
-35.23438,44,121.521205
-40.814286,49,121.530463
-72.347701,71,121.54243
-61.77858,58,121.552944
-37.700492,44,121.56047
-35.886982,69,121.572603
-58.457757,88,121.589656
-69.763093,110,121.608823
-44.834296,37,121.615455
-58.888368,79,121.648076
-50.111833,68,121.66146
-27.371842,53,121.671369
-62.694703,71,121.683795
-38.398517,36,121.690232
-103.4579,108,121.70868
-94.881264,97,121.725222
-83.567555,94,121.740871
-32.973315,24,121.745952
-117.223453,124,121.767628
-50.167332,114,121.786907
-53.304134,52,121.795773
-65.530875,103,121.813479
-32.470521,42,121.820531
-73.562524,75,121.83293
-25.584614,33,121.838388
-52.350247,79,121.852389
-33.388646,38,121.859087
-47.261729,76,121.871997
-29.174039,41,121.878929
-62.738469,106,121.896604
-35.791893,51,121.905079
-46.657851,58,121.914805
-107.795977,86,121.929303
-108.890644,104,121.94649
-74.959897,87,121.962174
-40.549723,55,121.9718
-43.460079,56,121.981413
-45.090703,45,121.989143
-57.576295,71,122.001372
-122.892809,132,122.310685
-33.560557,37,122.317135
-70.728868,79,122.330439
-64.685943,76,122.344127
-63.564805,57,122.354642
-44.068149,65,122.365432
-39.462636,66,122.376384
-63.620758,57,122.387376
-63.483552,79,122.400761
-21.706311,31,122.406063
-48.004259,44,122.41344
-56.776412,90,122.428271
-64.165449,59,122.438136
-52.340496,58,122.447766
-63.271702,45,122.455172
-84.963708,84,122.468794
-69.216215,107,122.487507
-25.564573,33,122.494296
-42.549435,95,122.511929
-52.211764,56,122.521642
-43.566101,82,122.535237
-91.657437,67,122.547054
-26.894734,47,122.555192
-23.367389,25,122.559692
-32.180463,41,122.566971
-55.556684,97,122.583924
-62.69997,105,122.603763
-72.602199,159,122.630494
-44.047889,101,122.64725
-66.512758,87,122.661478
-97.83382,116,122.680614
-77.779552,98,122.698035
-75.450744,76,122.711297
-25.700057,47,122.719429
-25.936352,42,122.726487
-68.402004,103,122.743887
-44.152005,52,122.752591
-33.705299,52,122.761152
-155.480956,107,122.778822
-54.814177,64,122.789743
-31.540606,39,122.796447
-69.797195,91,122.812911
-132.333116,100,122.829603
-51.549532,51,122.838064
-42.645104,75,122.850434
-50.218533,66,122.861342
-32.86107,35,122.867172
-73.767724,84,122.880958
-115.131269,137,122.904138
-75.505561,101,122.922355
-62.329359,98,122.938886
-31.062797,42,122.945797
-48.964154,56,122.955762
-48.544933,52,122.964948
-96.372427,94,122.981004
-93.791902,87,122.99556
-27.795646,32,123.295508
-63.10972,62,123.30618
-42.972618,75,123.318815
-71.321185,90,123.335418
-33.308713,31,123.340777
-40.990075,42,123.34807
-53.748121,90,123.363489
-53.960914,74,123.375745
-101.041275,95,123.392013
-127.13585,126,123.413
-38.50207,68,123.424266
-76.17695,66,123.43662
-47.785692,52,123.445288
-87.74364,113,123.46462
-30.119996,35,123.470533
-67.97198,99,123.487402
-147.208211,121,123.508105
-80.998826,111,123.526955
-44.106616,63,123.538634
-68.225284,63,123.550312
-25.900778,29,123.555275
-61.987407,73,123.568216
-51.850247,69,123.580507
-48.024269,74,123.593305
-25.66803,36,123.600172
-143.214301,123,123.621516
-47.175174,60,123.631842
-20.342566,28,123.636732
-43.268986,78,123.650742
-64.121707,72,123.662671
-91.250795,87,123.67743
-35.295242,55,123.687084
-98.294155,98,123.703422
-93.717446,116,123.723369
-67.914529,95,123.739394
-130.446198,94,123.756274
-50.829151,53,123.765519
-34.139578,74,123.777741
-32.981506,47,123.785824
-67.487144,65,123.796777
-24.57602,48,123.804766
-47.728143,46,123.812487
-29.238172,65,123.823348
-54.030982,60,123.83343
-46.610673,70,123.84513
-42.228623,44,123.852496
-90.736728,92,123.868877
-28.17669,70,123.880535
-41.768085,59,123.890307
-34.495094,48,123.898224
-64.34767,78,123.911111
-20.768787,34,123.916789
-69.525101,47,123.924646
-68.820071,93,123.939887
-52.318638,49,123.947973
-68.649665,76,123.960493
-35.103502,40,123.968168
-31.804513,47,123.976081
-33.462306,53,123.984948
-68.707365,70,124.280167
-32.456227,56,124.289624
-73.74309,83,124.303604
-30.525702,36,124.309539
-35.760154,35,124.315905
-31.676729,39,124.322673
-47.18741,48,124.330931
-47.902943,62,124.341766
-33.353538,76,124.354532
-113.298602,94,124.37039
-81.190813,113,124.390516
-50.777621,65,124.415189
-60.868574,76,124.432918
-32.9135,38,124.439792
-71.73361,68,124.451426
-49.825026,62,124.461718
-37.552151,59,124.471869
-72.17547,57,124.481681
-46.063461,52,124.511036
-38.884756,75,124.529307
-46.630221,110,124.549678
-115.638781,135,124.576799
-42.493689,47,124.586273
-77.971288,84,124.603215
-28.178111,31,124.608933
-49.634251,96,124.626895
-37.803958,53,124.636605
-40.045096,64,124.648018
-67.407646,65,124.659512
-74.370002,103,124.677097
-44.804788,48,124.685191
-32.889217,51,124.693714
-38.005611,85,124.708838
-54.73472,39,124.715504
-29.27417,32,124.720894
-68.979893,63,124.731525
-69.661986,60,124.741529
-32.504202,55,124.750639
-40.369977,47,124.758584
-60.25961,58,124.768187
-58.702778,75,124.780756
-31.905657,41,124.787551
-44.254243,73,124.799929
-35.561083,40,124.807648
-23.81754,26,124.812298
-34.902899,66,124.823802
-52.433494,51,124.832659
-39.307941,44,124.840081
-59.41859,68,124.851706
-75.294134,96,124.867809
-37.845509,46,124.875548
-111.554759,73,124.887712
-32.235093,59,124.897712
-61.273703,82,124.912
-67.624703,59,124.921942
-29.777722,46,124.929573
-56.289471,68,124.941416
-75.745834,79,124.954784
-48.855792,47,124.962569
-68.184011,91,124.977948
-57.222835,81,124.991388
-61.448408,63,125.001967
-26.644329,26,125.006259
-76.207811,112,125.030562
-98.787441,86,125.511543
-37.523823,68,125.524306
-39.206637,50,125.533544
-50.609446,98,125.553622
-62.771903,102,125.575991
-36.007606,49,125.587058
-85.231402,110,125.60725
-74.244337,91,125.623092
-152.294406,140,125.6503
-49.020532,50,125.659519
-91.221894,125,125.681986
-81.376941,80,125.696004
-37.958817,38,125.70331
-41.596925,33,125.709221
-24.348844,27,125.714074
-45.397813,33,125.719749
-70.127758,79,125.733314
-47.976095,63,125.744232
-86.763332,80,125.75934
-52.691961,113,125.779232
-50.603802,64,125.790415
-61.887183,68,125.802536
-51.236723,64,125.814019
-109.786596,88,125.829358
-75.199143,99,125.845952
-44.697393,80,125.860861
-32.432481,49,125.869724
-35.328641,39,125.87674
-104.430386,81,125.890595
-74.574855,63,125.901311
-37.023073,44,125.908769
-47.105502,39,125.915455
-46.632774,51,125.924552
-77.964689,86,125.939435
-41.733205,59,125.94955
-25.269123,27,125.954168
-86.955739,90,125.973188
-29.298938,36,125.979699
-41.529258,47,125.988303
-58.130507,92,126.004503
-56.466116,43,126.012356
-61.868992,49,126.02065
-38.215884,42,126.028478
-44.501881,53,126.037457
-64.294799,74,126.05005
-43.126654,78,126.064842
-61.074721,58,126.075502
-52.670748,60,126.085863
-25.737913,41,126.095419
-38.48528,55,126.10509
-124.070552,93,126.121812
-35.811086,79,126.135434
-84.318653,75,126.148396
-107.28388,160,126.177039
-32.612264,34,126.183374
-31.101427,34,126.189573
-83.696974,111,126.209474
-27.581339,48,126.217883
-33.536637,73,126.230752
-46.943213,102,126.583045
-71.624518,78,126.600605
-64.820916,66,126.614694
-36.578204,58,126.625262
-35.922173,30,126.631566
-73.524849,58,126.642569
-81.966227,104,126.660549
-33.179504,31,126.666084
-50.598335,67,126.677454
-55.899172,92,126.692976
-32.836201,42,126.701373
-60.901195,84,126.716051
-95.086833,120,126.736513
-77.212587,89,126.752408
-33.778446,37,126.758638
-31.170146,30,126.764101
-39.189687,93,126.781301
-48.043537,80,126.795988
-82.927843,62,126.808105
-26.449852,40,126.816153
-55.952276,61,126.82645
-61.341556,84,126.840404
-45.11878,60,126.850881
-57.655683,72,126.863318
-26.704179,39,126.869929
-66.33198,73,126.882387
-74.331467,64,126.893003
-88.491067,71,126.904723
-74.987276,91,126.921038
-55.679606,75,126.933805
-74.123602,101,126.950527
-26.961991,29,126.955396
-42.033731,68,126.966804
-50.938604,80,126.980798
-35.513707,70,126.992675
-24.569936,30,126.998097
-85.953076,66,127.009566
-32.359806,38,127.017339
-76.96825,106,127.036865
-44.639331,69,127.052841
-40.629099,53,127.062947
-67.266912,66,127.075716
-86.854646,69,127.090263
-39.690482,37,127.097516
-93.971965,120,127.121812
-33.630974,30,127.128149
-44.160384,48,127.137365
-83.504312,93,127.156749
-20.493935,20,127.16061
-49.672942,58,127.171
-46.606709,79,127.185156
-62.066215,91,127.20327
-26.49564,24,127.207884
-57.504741,72,127.220553
-51.696686,56,127.231839
-96.795795,114,127.252741
-72.88106,96,127.269623
-45.024094,86,127.284782
-88.086208,114,127.307046
-60.484803,67,127.318625
-39.785312,68,127.331267
-53.3687,73,127.702764
-72.457111,80,127.718917
-52.020998,50,127.728753
-30.408224,64,127.740161
-57.562069,63,127.755871
-77.767657,92,127.774577
-183.462055,120,127.803467
-47.013895,59,127.814144
-88.89525,81,127.836183
-78.990891,81,127.85224
-49.143635,44,127.86219
-30.691105,28,127.868235
-60.017986,85,127.890499
-97.474197,108,127.912
-65.181339,85,127.92839
-50.572683,54,127.938477
-31.126689,42,127.946834
-57.766899,65,127.958867
-41.549866,47,127.968446
-34.354399,42,127.977812
-42.384551,69,127.99153
-48.63335,43,127.999998
-49.039897,81,128.014811
-65.428719,76,128.029425
-94.527464,94,128.047617
-53.369646,74,128.061958
-35.849034,60,128.075072
-30.254304,29,128.081786
-58.939568,84,128.098529
-85.749688,85,128.115747
-28.346309,31,128.12218
-58.754058,103,128.142212
-43.511858,38,128.149191
-37.567998,42,128.15755
-32.562144,37,128.16508
-57.213878,116,128.186626
-78.402016,85,128.202285
-49.128445,57,128.213234
-104.207231,140,128.237822
-43.693032,55,128.247965
-73.685751,92,128.26439
-71.675379,99,128.283683
-79.94519,86,128.30069
-71.238932,77,128.314956
-85.241963,92,128.331941
-38.753148,82,128.347552
-54.084038,81,128.362856
-53.284776,84,128.37916
-55.17502,65,128.391422
-82.378697,82,128.407741
-57.6222,94,128.42576
-40.97597,76,128.438906
-33.554382,30,128.445197
-60.046685,78,128.458584
-107.48308,114,128.477905
-66.06261,97,128.498083
-68.394198,102,128.852152
-73.521458,130,128.874237
-70.240227,70,128.886513
-48.421681,72,128.898695
-90.487364,84,128.912538
-64.48043,101,128.931229
-34.550962,52,128.94001
-84.721502,89,128.955403
-63.175041,81,128.969699
-77.928623,71,128.982488
-85.934659,119,129.003093
-30.35985,50,129.012283
-26.524696,44,129.019997
-55.182643,69,129.033202
-64.536638,70,129.045451
-85.878787,91,129.061234
-31.701146,56,129.071072
-87.726008,106,129.089508
-114.879981,111,129.109133
-33.112908,46,129.117261
-35.044043,79,129.131953
-111.439282,123,129.153881
-41.992655,73,129.167378
-46.607008,64,129.178795
-56.881667,69,129.191052
-40.242612,38,129.197942
-56.388147,82,129.212168
-25.24816,29,129.217358
-42.23801,71,129.230817
-42.4024,54,129.240115
-71.194529,103,129.258486
-38.366262,37,129.265166
-124.055816,121,129.285824
-75.836604,107,129.304576
-89.196581,91,129.320669
-30.524134,33,129.326651
-36.164077,79,129.341393
-61.133746,60,129.352566
-109.405207,89,129.368651
-66.67829,82,129.383293
-39.297817,50,129.397584
-43.485085,56,129.48459
-47.264962,81,129.511489
-28.205669,46,129.525812
-64.28721,50,129.610725
-73.049443,81,129.694299
-127.338673,108,129.810196
-44.40036,45,129.844165
-61.101332,81,129.873166
-74.906123,87,129.933477
-74.452715,110,129.997755
-121.669032,136,130.082711
-25.389935,59,130.093719
-72.982259,82,130.426976
-89.052329,93,130.443724
-49.915661,83,130.458458
-57.148104,75,130.471744
-40.916032,42,130.478951
-50.361314,75,130.491898
-57.166621,62,130.502611
-85.087471,105,130.520864
-30.981667,32,130.526504
-174.090082,95,130.543686
-50.716869,57,130.554223
-68.482257,91,130.570972
-97.20651,85,130.590507
-31.303817,52,130.601037
-34.142975,47,130.60968
-28.362495,46,130.617974
-138.788601,118,130.639828
-47.304893,57,130.650906
-58.463695,79,130.665769
-65.599979,68,130.677731
-52.60235,62,130.688584
-70.989316,81,130.702724
-25.681069,29,130.707811
-53.860906,50,130.716808
-34.749701,39,130.723606
-24.181488,33,130.729759
-46.779246,95,130.747536
-73.508613,72,130.760577
-75.852956,85,130.775468
-27.026715,32,130.781376
-69.994903,114,130.801491
-42.441958,76,130.814707
-90.707681,126,130.836724
-92.317147,121,130.859081
-32.85858,59,130.869686
-111.331846,194,130.903481
-59.952666,83,130.918102
-46.622313,60,130.928595
-31.536689,45,130.936517
-34.958409,44,130.944107
-32.625582,58,130.955312
-93.992021,114,130.975977
-22.994138,45,130.983937
-72.170943,149,131.009698
-72.89917,76,131.022963
-80.037146,99,131.040019
-76.506173,114,131.060289
-44.593609,45,131.069277
-156.361214,141,131.093874
-66.130238,69,131.105918
-63.115404,77,131.119185
-37.431445,30,131.124842
-37.714703,72,131.137935
-45.060663,88,131.153261
-33.42993,38,131.589706
-45.537036,65,131.609546
-61.699436,57,131.62039
-62.220925,48,131.629985
-90.924666,114,131.651316
-110.779537,99,131.669817
-80.215749,67,131.682078
-60.987335,52,131.697578
-69.018199,64,131.710715
-49.998003,69,131.723461
-49.035058,48,131.731771
-148.867179,116,131.752304
-91.345254,102,131.770527
-32.765066,62,131.781444
-80.058724,71,131.794302
-70.78433,92,131.814892
-56.870474,68,131.82771
-68.071502,74,131.841065
-54.305339,54,131.850701
-78.575728,78,131.865271
-49.512982,56,131.874862
-113.430347,113,131.894014
-51.561863,68,131.906682
-61.401988,66,131.91902
-85.376235,110,131.937674
-31.731654,51,131.946185
-83.480746,128,131.969121
-76.571266,88,131.985008
-62.558047,95,132.001851
-26.139721,27,132.007779
-76.883166,110,132.026901
-109.983625,102,132.429438
-27.791252,56,132.442028
-43.591498,42,132.451033
-22.534843,40,132.460284
-73.13531,58,132.47177
-80.59815,110,132.49307
-93.101556,149,132.522376
-69.304104,87,132.539181
-69.03604,63,132.55135
-92.931209,83,132.566635
-95.73536,128,132.593099
-56.44005,103,132.614267
-30.333632,34,132.620426
-60.065555,92,132.636867
-28.877398,51,132.646077
-31.045493,50,132.655875
-34.720026,36,132.662646
-47.808357,36,132.669634
-47.422986,67,132.681313
-28.443752,33,132.687081
-31.820826,53,132.697063
-56.148755,45,132.705851
-128.92105,98,132.723469
-134.296853,148,133.058637
-62.889615,90,133.076133
-96.293974,95,133.096084
-43.749798,56,133.109893
-48.166588,90,133.155159
-59.256541,79,133.169921
-81.279248,81,133.184287
-58.634577,73,133.197559
-81.298056,66,133.209206
-37.770946,39,133.215902
-61.099998,80,133.231467
-36.266689,46,133.244334
-54.661004,44,133.25216
-38.250158,54,133.265947
-78.943801,89,133.284723
-39.044647,37,133.295593
-25.827345,53,133.304922
-60.496586,55,133.314855
-89.300425,100,133.332118
-102.087174,130,133.356457
-77.67327,120,133.377479
-91.85294,87,133.392607
-50.727831,57,133.403014
-50.209469,44,133.41067
-59.925986,123,133.434636
-51.100446,86,133.45202
-67.96454,89,133.468303
-29.867162,41,133.47584
-90.526248,101,133.493652
-62.992923,96,133.510082
-67.619133,86,133.524931
-57.495187,80,133.539373
-76.757115,73,133.557177
-62.570091,51,133.568721
-141.450109,132,133.605596
-50.829576,64,133.617962
-62.978748,69,133.635509
-73.46192,86,133.652336
-47.638266,45,133.662217
-89.160746,106,133.683172
-28.472421,25,133.687671
-73.789991,89,133.704412
-64.881242,81,133.721302
-44.888507,62,133.733351
-58.122435,98,133.753425
-32.616219,49,133.763856
-119.789831,96,133.783869
-73.670168,62,133.794701
-35.735019,57,133.805602
-120.734653,95,133.822825
-37.127884,43,133.830837
-61.861544,68,133.84309
-75.942944,77,133.856522
-42.219121,60,133.868892
-37.637183,49,133.878237
-97.975996,116,134.204856
-59.244988,93,134.221621
-46.222211,57,134.23132
-119.085601,135,134.253693
-41.570414,63,134.264606
-53.936281,43,134.27203
-51.197447,68,134.285107
-43.401614,59,134.29524
-45.635027,43,134.302852
-23.620877,38,134.30943
-70.59435,75,134.322041
-40.935411,54,134.331239
-87.846117,106,134.349198
-86.346362,84,134.363563
-60.729576,95,134.381083
-74.464045,82,134.395148
-63.115136,102,134.412447
-36.229397,68,134.423659
-55.218894,62,134.433869
-36.727476,48,134.441804
-84.372562,73,134.453608
-45.644689,49,134.461582
-26.272144,39,134.46828
-25.424611,24,134.472381
-62.641792,66,134.483608
-36.75189,49,134.492738
-21.627451,28,134.497714
-61.86542,100,134.513953
-39.471376,56,134.523229
-30.075334,59,134.532856
-28.346676,51,134.541162
-67.309852,79,134.554455
-26.293403,34,134.560461
-167.00822,132,134.584039
-90.146677,84,134.60064
-99.474975,107,134.61893
-84.865144,131,134.640915
-44.411732,54,134.650222
-44.263373,67,134.661468
-44.719281,57,134.671158
-42.822071,64,134.681993
-68.331485,51,134.69066
-27.91943,28,134.695469
-92.145511,77,134.709859
-113.938652,93,134.725496
-94.128388,100,134.742563
-51.676046,56,134.75203
-53.270413,69,134.763301
-60.369602,62,134.773509
-42.58765,63,134.78382
-95.575618,121,134.804663
-117.998136,107,134.823129
-58.12714,76,134.835818
-74.84793,107,134.853863
-49.196851,74,134.866428
-78.157226,72,134.878356
-41.600066,36,134.884445
-28.749926,51,134.892882
-32.875371,65,135.172773
-32.011859,56,135.182444
-54.769666,66,135.193543
-103.563664,115,135.212597
-20.048493,23,135.216506
-87.794776,78,135.230427
-54.091309,71,135.242513
-56.272862,78,135.255626
-41.424627,44,135.263077
-75.81677,104,135.280931
-153.214643,128,135.302742
-33.421168,79,135.315875
-19.17509,26,135.320224
-72.844411,81,135.334502
-62.322221,88,135.349425
-69.660982,99,135.365488
-65.595769,100,135.381857
-89.410804,123,135.402252
-41.913678,49,135.410431
-60.77144,99,135.426834
-49.982656,54,135.43591
-54.609412,75,135.449595
-38.243807,49,135.457676
-81.92755,74,135.469695
-39.986032,55,135.478663
-27.319483,49,135.486906
-75.523553,80,135.500115
-61.123962,64,135.510525
-42.811041,75,135.522659
-93.013666,106,135.540102
-77.041775,87,135.55593
-36.101115,46,135.564099
-39.883815,85,135.579291
-78.816466,118,135.600321
-39.39771,39,135.606771
-42.083554,60,135.617026
-65.537122,56,135.626479
-54.096095,96,135.642821
-52.275174,51,135.652401
-43.76778,45,135.660163
-132.220331,96,135.676625
-29.369918,41,135.683384
-35.988333,44,135.690787
-29.098681,75,135.703155
-68.54534,69,135.714669
-140.810996,122,135.735443
-67.319123,62,135.74597
-75.079189,96,135.763086
-80.224969,96,135.779289
-61.404411,72,135.791595
-48.239048,72,135.803948
-29.350912,53,135.813103
-40.246326,80,135.826845
-29.25621,34,135.832845
-91.685033,94,135.849043
-47.578362,61,135.860424
-27.284371,64,136.166604
-69.633998,82,136.181692
-32.093852,36,136.188152
-115.013018,120,136.208303
-47.370026,66,136.219499
-56.82698,75,136.232254
-62.802585,61,136.242696
-55.919155,51,136.251244
-69.072912,103,136.268684
-67.980642,65,136.280454
-35.00064,45,136.288102
-125.0094,135,136.310833
-63.510639,59,136.32074
-56.921135,84,136.33482
-43.236331,55,136.344182
-48.630748,42,136.35119
-90.190045,59,136.361011
-22.089738,35,136.366793
-76.930409,69,136.37814
-85.001151,100,136.39601
-26.595932,41,136.4031
-86.720194,84,136.41707
-81.400103,120,136.436858
-43.472623,64,136.447661
-35.198398,48,136.455801
-77.743578,65,136.466702
-41.919257,52,136.475357
-99.154302,106,136.49383
-92.335722,91,136.509052
-24.791267,39,136.515639
-106.130558,92,136.530947
-58.348063,98,136.547552
-72.265267,65,136.558657
-95.356272,84,136.573276
-64.572706,82,136.588462
-38.184799,47,136.59657
-31.768952,44,136.605498
-39.472896,41,136.612667
-30.110192,53,136.622179
-74.484417,78,136.635425
-34.114658,48,136.643457
-39.479255,78,136.656843
-79.337169,107,136.674782
-153.672465,138,136.697654
-30.92913,30,136.702679
-56.897688,65,136.714976
-45.545603,41,136.722061
-62.670671,80,136.735689
-30.837781,46,136.743486
-50.763592,61,136.753746
-73.092547,71,136.765564
-107.605905,100,136.782047
-25.960375,41,136.789077
-33.966355,61,136.799275
-29.014911,45,136.806906
-63.72987,98,136.825368
-42.385963,69,136.837401
-31.16004,54,136.846521
-79.788268,110,137.158299
-52.564203,80,137.17217
-59.018488,76,137.184826
-77.271224,66,137.195744
-25.009669,35,137.201742
-24.464643,26,137.206189
-45.84059,45,137.213755
-83.390403,74,137.225991
-65.064868,89,137.242387
-67.763954,81,137.25628
-45.551043,51,137.265024
-111.855948,108,137.283169
-23.068981,39,137.289629
-28.884301,43,137.296872
-63.827353,83,137.310606
-31.803599,42,137.317763
-42.806338,37,137.324014
-59.793214,50,137.332448
-45.769175,58,137.343185
-121.933807,102,137.360179
-81.008639,124,137.381467
-64.227988,63,137.39203
-84.90708,74,137.404361
-105.119341,116,137.423778
-116.294101,93,137.439575
-62.265874,76,137.453129
-65.751466,95,137.468878
-42.094991,86,137.483152
-51.484779,98,137.499301
-139.092486,136,137.522048
-62.205568,49,137.530216
-72.818602,92,137.545536
-78.955952,90,137.562051
-28.643802,38,137.568766
-43.889149,67,137.580561
-59.145667,86,137.598356
-31.004735,28,137.603345
-27.259364,36,137.609841
-54.723627,89,137.624953
-38.087279,80,137.638793
-71.91756,93,137.655592
-36.604378,43,137.663674
-19.939225,25,137.667929
-47.881662,64,137.678423
-55.588916,65,137.689763
-24.773107,24,137.694042
-84.615922,104,137.712355
-38.191518,29,137.71742
-70.924878,86,137.732033
-66.920429,71,137.743927
-58.267046,45,137.751352
-104.186758,119,137.772201
-29.181695,39,137.778726
-48.976368,96,137.79475
-48.843717,74,137.807382
-33.889145,51,137.815956
-67.616736,77,137.828747
-57.605454,91,137.843866
-90.55439,85,137.858029
-42.963649,56,138.149178
-157.97531,118,138.168856
-38.659933,84,138.182805
-68.573623,117,138.204331
-45.72029,38,138.210914
-25.17545,28,138.215831
-73.862677,117,138.235653
-50.156983,47,138.243729
-49.279946,92,138.259348
-44.818757,68,138.270673
-53.30611,88,138.285368
-42.075557,52,138.295172
-23.438091,34,138.301151
-48.131774,88,138.316037
-64.335103,94,138.331417
-57.597559,91,138.346404
-102.364204,101,138.362868
-77.072207,114,138.381315
-42.62182,45,138.388604
-53.649098,60,138.39935
-116.168573,120,138.41961
-90.203555,108,138.437444
-46.491858,58,138.447101
-55.635454,66,138.458043
-27.949191,35,138.463786
-31.952344,45,138.471177
-66.607944,90,138.485764
-35.375954,37,138.491789
-97.20149,96,138.508369
-40.348545,60,138.518517
-96.712367,100,138.534834
-71.48312,98,138.551353
-26.315927,35,138.557355
-46.300474,60,138.567673
-92.622952,76,138.581101
-93.601756,103,138.599689
-27.84318,43,138.60692
-57.676081,61,138.61862
-62.501656,75,138.63172
-37.493027,63,138.642189
-54.720121,54,138.651678
-29.623199,29,138.656698
-31.733867,70,138.668625
-30.866983,43,138.675896
-41.686,65,138.686758
-32.09032,41,138.693709
-40.824223,73,138.705854
-78.308398,95,138.722736
-52.340813,48,138.731019
-56.541837,60,138.74128
-76.836857,59,138.751127
-39.897969,50,138.759455
-29.822491,36,138.765505
-77.108388,108,138.782893
-79.264046,78,138.795512
-41.409045,62,138.805688
-77.998088,110,138.824605
-36.695874,52,138.833655
-40.098445,40,139.168961
-45.343059,98,139.187321
-50.149333,53,139.196958
-56.841763,82,139.211502
-26.868895,50,139.220179
-20.53285,38,139.227159
-67.174244,69,139.240405
-83.596994,82,139.25564
-30.696925,80,139.269857
-94.931917,77,139.283871
-51.231149,70,139.29635
-82.986198,105,139.314437
-53.47915,83,139.328224
-61.756005,93,139.344862
-27.502855,59,139.355321
-64.40574,106,139.373168
-28.432363,55,139.382234
-27.817069,58,139.391957
-85.356897,98,139.408015
-43.451058,41,139.414813
-39.326282,62,139.425186
-44.321841,48,139.433411
-38.682446,66,139.444571
-95.2981,91,139.461101
-63.939257,83,139.475112
-39.591059,53,139.484099
-43.856897,78,139.496911
-119.976556,136,139.519499
-40.013602,63,139.530023
-49.826135,77,139.542878
-50.641166,66,139.555201
-33.425604,58,139.566154
-85.413681,77,139.579393
-34.797098,55,139.589639
-65.49635,81,139.603865
-43.914218,52,139.612633
-56.615855,58,139.622603
-33.630564,78,139.635871
-61.984388,63,139.646585
-74.897905,67,139.658741
-105.895509,125,139.679847
-74.511899,98,139.695964
-43.795684,48,139.707117
-31.117418,57,139.716546
-50.763559,57,139.726073
-31.864556,32,139.731479
-33.151538,76,139.744124
-36.781715,36,139.750129
-95.314435,119,139.770479
-52.736569,62,139.781209
-30.135266,60,139.791136
-95.52331,99,139.807362
-50.479953,61,139.817519
-58.209049,114,139.836414
-125.738944,108,139.854171
-82.640109,92,139.869321
-55.605173,53,140.145437
-28.966203,34,140.151541
-86.659377,75,140.164116
-72.036247,61,140.174307
-34.1428,58,140.184358
-37.032642,46,140.192937
-61.667459,100,140.209977
-33.347399,59,140.219805
-70.011214,75,140.253724
-53.718809,58,140.317423
-67.987117,69,140.334178
-39.341531,59,140.347207
-34.397342,61,140.359982
-54.460868,76,140.378071
-93.620837,83,140.393334
-51.463682,85,140.409234
-30.718131,58,140.419337
-64.766034,80,140.433077
-38.555527,60,140.443424
-28.528396,55,140.452487
-30.786285,44,140.460038
-67.631875,87,140.475089
-64.881388,72,140.487472
-29.359926,41,140.494678
-32.10292,48,140.503166
-66.121123,56,140.513877
-40.635026,60,140.524136
-132.679726,103,140.541888
-99.279725,101,140.559594
-26.088678,29,140.565
-50.289271,68,140.576898
-38.489629,41,140.58477
-93.496365,88,140.601181
-31.394235,58,140.610944
-77.760386,80,140.62574
-55.56248,50,140.634839
-53.057322,81,140.648751
-42.021008,82,140.662419
-59.607755,62,140.673038
-32.361277,71,140.684853
-54.438245,117,140.704397
-82.937675,67,140.715522
-76.648856,81,140.730491
-32.128824,44,140.738113
-39.31965,51,140.746899
-34.443396,63,140.757485
-43.418697,47,140.765551
-118.197343,100,140.782312
-35.847745,64,140.793025
-37.576972,61,140.803166
-77.390539,127,140.824157
-50.749835,46,140.832788
-61.154542,110,140.851305
-35.10241,44,140.858812
-25.389505,38,140.865613
-97.413516,78,140.87884
-44.487749,50,140.887439
-34.685,35,140.893374
-54.319287,61,140.904048
-30.101198,70,140.916185
-84.458246,81,140.930907
-55.888786,86,141.218454
-55.348368,82,141.232292
-84.078304,106,141.250948
-42.961722,61,141.261804
-40.756311,48,141.270113
-85.869776,90,141.285059
-43.764687,54,141.294163
-99.635998,122,141.314312
-62.052464,64,141.324943
-42.136751,38,141.331337
-26.877886,38,141.337632
-45.031828,89,141.353173
-67.698167,82,141.367564
-32.462252,68,141.379003
-55.905287,67,141.390409
-59.708096,65,141.401404
-54.945083,88,141.416532
-49.811787,103,141.434444
-64.893607,75,141.447407
-58.033488,87,141.463521
-76.868507,88,141.479114
-108.68148,112,141.501113
-64.885163,95,141.51813
-42.09664,38,141.524732
-24.059616,33,141.530682
-73.497819,89,141.545996
-62.404004,75,141.559224
-62.959745,90,141.576479
-37.16961,32,141.585287
-39.432608,56,141.594683
-106.240081,101,141.612706
-55.129676,72,141.62523
-38.72989,65,141.636505
-47.864709,73,141.649331
-60.110065,51,141.65813
-66.662335,125,141.680517
-62.874,85,141.695548
-115.658125,104,141.714323
-43.459547,69,141.726037
-46.69969,43,141.733427
-59.201847,63,141.744241
-86.094828,105,141.762729
-40.509199,55,141.772193
-47.999518,66,141.784712
-87.559939,54,141.794479
-34.752031,66,141.806008
-65.578963,61,141.816762
-59.875201,64,141.827632
-101.846977,107,141.846381
-61.528175,133,141.868826
-37.49685,45,141.876268
-45.980178,64,141.888057
-102.779249,81,141.902439
-40.277967,48,141.910445
-91.636096,85,141.924691
-42.942497,65,142.230508
-36.744125,55,142.240525
-89.390139,117,142.261339
-56.196875,62,142.2721
-100.646001,135,142.295983
-29.230984,75,142.310056
-30.884257,34,142.316151
-26.57408,43,142.323527
-60.775728,58,142.333898
-34.982463,38,142.340395
-42.489816,92,142.35636
-97.947054,133,142.379589
-43.359585,36,142.386523
-47.775263,52,142.395868
-87.529474,110,142.416437
-115.57588,76,142.429324
-59.068356,76,142.443177
-84.408702,111,142.462107
-46.163393,63,142.473211
-37.113217,42,142.480524
-56.331418,50,142.489128
-35.121791,54,142.49852
-66.57398,56,142.507918
-32.788411,48,142.517038
-59.471184,110,142.535799
-23.945833,43,142.543006
-85.626685,76,142.555669
-71.835665,87,142.570357
-48.246399,62,142.581075
-27.053315,38,142.587708
-36.531527,37,142.59506
-69.065341,73,142.608829
-53.175125,76,142.624458
-34.794079,54,142.634632
-79.572396,76,142.648149
-42.683294,73,142.660438
-64.826705,109,142.679542
-40.007098,52,142.688406
-31.578549,34,142.694234
-66.161384,94,142.710055
-110.244565,131,142.73309
-77.80085,96,142.749119
-36.221883,81,142.762478
-45.188258,59,142.777536
-52.683516,74,142.791545
-63.484064,55,142.802497
-43.175793,76,142.827788
-36.040038,62,142.838978
-27.991483,57,142.848972
-23.823112,51,142.857921
-27.21447,37,142.864231
-46.648163,51,142.872885
-78.985072,100,142.89
-36.769204,51,142.898807
-80.050347,105,142.916593
-114.652084,89,142.932436
-63.265495,121,142.953374
-72.144269,91,143.235768
-51.969784,57,143.2453
-52.36846,90,143.261548
-46.160951,58,143.271675
-83.380883,105,143.289176
-36.612395,47,143.297161
-46.222605,101,143.313682
-39.810111,89,143.328357
-35.401158,54,143.337404
-61.626564,78,143.350627
-73.200664,91,143.367511
-77.503419,70,143.379597
-49.259886,69,143.391754
-71.639418,60,143.402443
-42.764581,85,143.417486
-64.382695,100,143.434113
-54.435707,85,143.448192
-34.9088,37,143.454526
-105.39166,112,143.474613
-24.474166,27,143.479218
-54.938551,96,143.495483
-34.419537,43,143.502822
-93.762005,136,143.525458
-26.504651,56,143.534671
-69.46314,90,143.549779
-91.28191,127,143.572717
-61.708602,96,143.59074
-43.467939,43,143.5985
-52.422202,65,143.609998
-47.889915,48,143.618133
-111.109884,100,143.634896
-53.462474,59,143.644795
-41.373111,58,143.654787
-47.928618,46,143.662619
-41.850941,60,143.673805
-69.670148,61,143.684387
-53.52377,61,143.694451
-35.141514,43,143.701624
-46.556429,79,143.714935
-82.243747,102,143.732452
-69.261871,57,143.742312
-55.612416,51,143.751068
-37.81305,68,143.762687
-57.719328,65,143.774796
-48.462591,60,143.785257
-26.790306,41,143.792275
-32.343219,30,143.797503
-113.186028,117,143.817158
-59.387442,72,143.829146
-77.88983,132,143.851291
-59.529884,59,143.861106
-47.448115,79,143.874223
-77.319529,110,143.893784
-60.812704,90,143.909332
-23.249767,31,143.914754
-78.129682,101,143.931803
-30.553577,32,144.205245
-20.530618,33,144.210962
-147.376723,116,144.230949
-51.225916,56,144.240191
-90.021086,138,144.262491
-37.329277,96,144.278805
-41.749997,66,144.289941
-54.124758,72,144.30285
-63.62339,70,144.315802
-25.20945,39,144.322627
-95.437054,120,144.343187
-35.468861,43,144.350808
-54.268346,73,144.363965
-44.584006,67,144.375742
-101.43848,88,144.391529
-44.331506,48,144.399785
-38.599308,58,144.410869
-37.600885,63,144.421587
-41.373315,58,144.431524
-63.057419,105,144.448858
-61.35389,108,144.466401
-98.43865,114,144.485022
-59.111206,70,144.496709
-55.074079,66,144.507823
-51.748153,58,144.518521
-42.549192,68,144.529519
-56.251749,41,144.536524
-34.440154,32,144.54187
-72.761827,117,144.562138
-34.916799,46,144.570446
-25.345771,33,144.578861
-51.389027,46,144.588022
-25.85732,44,144.595732
-98.308501,123,144.618731
-63.882651,61,144.629314
-85.874693,110,144.648183
-68.01694,145,144.672697
-60.611219,81,144.68645
-57.448636,47,144.694383
-28.718056,41,144.701403
-28.478394,42,144.708353
-84.09703,72,144.721425
-37.433822,52,144.730702
-29.421517,85,144.745296
-64.204316,87,144.759549
-35.718204,33,144.764999
-43.993302,109,144.782648
-68.818181,85,144.796467
-118.206932,126,144.817202
-107.743184,109,144.836326
-23.809431,27,144.841166
-58.450056,47,144.849627
-53.442916,82,144.86334
-39.115949,46,144.871097
-48.767904,62,144.881486
-48.907006,56,144.890801
-27.367462,51,144.899228
-60.879933,79,145.187071
-29.942651,36,145.193202
-47.080448,96,145.209797
-53.504979,87,145.224413
-44.064747,61,145.23465
-44.222445,79,145.248779
-93.700221,80,145.262421
-31.477645,70,145.27415
-26.759962,31,145.279272
-25.928154,28,145.283852
-81.661347,77,145.296367
-52.400951,98,145.312727
-37.044227,34,145.318423
-98.056419,115,145.337436
-70.606842,120,145.358317
-44.60681,61,145.368995
-84.212363,88,145.383623
-80.44087,87,145.398127
-58.977096,70,145.409905
-83.671601,101,145.426578
-30.121723,41,145.433391
-86.969437,76,145.446095
-130.315693,157,145.47326
-114.927812,110,145.491628
-46.081553,56,145.501202
-66.305272,75,145.513787
-83.860705,115,145.53281
-92.970351,77,145.545721
-28.61467,46,145.553557
-52.874917,83,145.568335
-54.614259,82,145.583919
-166.202529,128,145.606216
-52.095008,91,145.621487
-92.121654,110,145.640151
-24.610458,38,145.646755
-46.180374,69,145.658409
-51.085028,55,145.667602
-68.916164,94,145.684755
-57.619734,72,145.696833
-70.772064,76,145.70922
-40.225078,83,145.722762
-30.306621,52,145.731202
-56.490498,64,145.74172
-44.785764,91,145.757007
-70.358786,74,145.76936
-49.815538,60,145.780011
-38.840629,65,145.791118
-47.991273,46,145.799025
-37.02696,42,145.806147
-82.300941,79,145.819492
-121.92235,90,145.834432
-93.092801,90,145.849393
-74.218758,60,145.85939
-60.580238,49,145.867507
-91.631297,104,146.194024
-56.588658,86,146.209434
-53.401718,56,146.219407
-103.567386,132,146.241741
-41.160552,59,146.251775
-34.249872,46,146.259434
-64.293605,59,146.269162
-46.052765,63,146.279495
-103.479246,127,146.300424
-46.546065,74,146.313855
-61.259643,85,146.328298
-33.731749,32,146.333764
-26.125535,36,146.339717
-49.800066,47,146.347603
-141.764626,90,146.362803
-29.25054,45,146.370466
-84.063053,106,146.38813
-41.572018,47,146.396015
-27.190544,34,146.401711
-47.353428,73,146.413829
-79.474951,99,146.43164
-42.036744,54,146.440544
-102.076019,97,146.456908
-98.330365,91,146.472105
-91.270162,60,146.482158
-61.292101,63,146.492385
-81.752483,90,146.506924
-35.056722,49,146.51495
-94.45002,97,146.531993
-42.61658,79,146.5452
-61.124889,82,146.559458
-32.855398,47,146.56784
-104.968688,109,146.586877
-35.588914,69,146.598768
-144.918363,142,146.622522
-111.579494,98,146.640301
-43.57812,79,146.653993
-83.962029,112,146.67289
-64.749278,99,146.689403
-52.253068,75,146.702096
-44.172604,68,146.713462
-33.22982,47,146.721324
-65.180179,109,146.740557
-78.580877,77,146.753535
-29.247036,80,146.766926
-34.641909,47,146.774749
-82.235223,92,146.790046
-49.341102,46,146.797937
-68.855167,49,146.806378
-49.904641,65,146.817561
-37.936157,53,146.826511
-33.006961,57,146.837107
-45.559616,37,146.843965
-76.498595,101,146.861037
-53.103667,73,146.873348
-25.763531,25,146.877631
-68.682162,64,147.171286
-56.380011,68,147.18304
-90.349828,89,147.198188
-30.284735,45,147.205786
-62.178186,49,147.214034
-29.313749,50,147.222348
-157.42229,141,147.245334
-58.691088,103,147.263691
-82.070138,88,147.278558
-33.839225,65,147.289604
-35.297133,39,147.296225
-50.29561,72,147.308137
-56.077766,49,147.316326
-49.502838,68,147.327722
-113.07416,138,147.350846
-51.071532,70,147.362564
-47.749816,70,147.375138
-109.188497,139,147.398336
-46.419914,63,147.40889
-73.748043,79,147.422108
-76.783287,58,147.431841
-49.161671,71,147.443636
-24.844001,40,147.450415
-29.292062,68,147.461844
-48.197425,70,147.474433
-44.700942,72,147.486643
-76.351276,120,147.510623
-27.407154,36,147.516679
-33.325608,68,147.527887
-24.773781,33,147.533462
-93.714767,103,147.550828
-54.550709,58,147.560882
-45.490384,57,147.57076
-39.420141,44,147.579267
-37.404207,51,147.589663
-39.927438,66,147.601595
-33.269325,58,147.61143
-44.363793,89,147.626509
-41.855709,64,147.637648
-37.533045,65,147.648922
-34.036567,33,147.65452
-78.671733,94,147.670021
-55.303314,78,147.683911
-57.333824,57,147.693779
-97.17256,144,147.717793
-65.330522,93,147.733231
-71.298981,60,147.743255
-78.244568,81,147.7568
-33.058785,39,147.763489
-29.926007,82,147.777195
-173.628089,116,147.79766
-34.823271,56,147.807137
-66.088835,76,147.819651
-155.842884,123,147.839913
-46.489927,63,147.85042
-23.15394,37,147.856601
-54.43553,85,148.140304
-83.634247,122,148.161001
-53.976387,79,148.173958
-41.773914,38,148.180271
-51.122254,123,148.201524
-34.386815,48,148.210598
-58.97614,70,148.223115
-57.263215,85,148.237895
-106.140509,99,148.255095
-46.747029,79,148.268714
-62.236868,98,148.285101
-72.897749,82,148.298479
-75.883975,70,148.309931
-63.162938,97,148.327051
-27.190977,36,148.333397
-26.412183,53,148.342276
-130.906893,117,148.361602
-56.016932,61,148.372113
-59.010365,84,148.386224
-76.224875,119,148.405522
-92.395356,81,148.41868
-66.93152,67,148.430993
-24.009314,44,148.438531
-46.932903,75,148.451273
-41.550321,87,148.465758
-64.658721,77,148.478413
-54.740287,55,148.487664
-56.262988,68,148.499102
-39.891485,41,148.506071
-149.661347,106,148.523706
-77.446622,98,148.540787
-32.83612,70,148.552751
-53.528556,43,148.560087
-49.324261,76,148.573693
-77.392917,61,148.585058
-45.343979,47,148.593186
-106.476272,82,148.607058
-75.771166,79,148.620481
-50.796183,91,148.63659
-49.357772,90,148.652408
-105.162832,120,148.672324
-40.253775,57,148.681983
-53.849135,100,148.698615
-73.340715,103,148.715265
-52.453965,54,148.723993
-32.566835,44,148.731213
-54.814387,93,148.747619
-99.817288,104,148.764579
-61.927925,88,148.779324
-25.955522,44,148.78642
-89.634148,102,148.802791
-57.034452,83,148.816035
-37.725328,68,148.826962
-55.729549,62,149.101456
-31.416742,54,149.110634
-44.832436,60,149.121022
-97.224034,87,149.135332
-73.957984,75,149.147743
-77.431777,79,149.161551
-60.204324,57,149.17173
-112.078216,99,149.18835
-35.422768,38,149.194729
-75.961163,72,149.206886
-50.500222,80,149.220177
-67.110517,103,149.237502
-30.03631,59,149.247563
-71.074635,97,149.264502
-24.218173,37,149.270716
-33.821026,61,149.280918
-58.232179,53,149.289694
-50.241358,82,149.303181
-41.617897,53,149.311911
-54.121551,97,149.328527
-29.99911,61,149.33889
-33.186714,37,149.345074
-45.027323,60,149.355065
-46.178331,33,149.36058
-34.931135,35,149.366545
-51.783034,83,149.38191
-69.090096,85,149.396191
-138.202471,126,149.41699
-36.537955,47,149.424785
-107.457067,111,149.443096
-42.639518,45,149.450478
-53.040942,57,149.45979
-49.076838,63,149.470036
-28.412925,33,149.47637
-23.138498,35,149.482434
-48.999333,79,149.495394
-34.963178,53,149.50421
-28.91612,48,149.512115
-54.326543,75,149.524483
-35.720121,40,149.531041
-63.3647,50,149.539244
-89.951809,103,149.556857
-78.157616,105,149.575297
-70.412659,58,149.587343
-87.391782,74,149.60073
-46.402553,82,149.615014
-66.565469,89,149.63045
-46.483487,46,149.638189
-43.031679,41,149.645385
-56.150168,84,149.659713
-100.479553,94,149.675695
-61.725952,83,149.690898
-101.931918,123,149.713383
-76.217018,75,149.726071
-39.984359,60,149.736203
-48.637888,56,149.745725
-30.232298,62,149.755955
-28.217749,27,149.760488
-41.844097,57,149.769876
-121.094335,105,149.787146
-32.208399,29,150.064265
-43.771804,46,150.072093
-47.172304,51,150.080647
-41.83612,56,150.089982
-55.330448,65,150.10068
-59.152982,75,150.11389
-89.527269,82,150.128166
-39.868569,49,150.136614
-44.738045,76,150.149324
-55.26061,81,150.162746
-67.108785,73,150.174954
-35.603362,43,150.182144
-103.014486,87,150.1967
-42.58685,68,150.208426
-44.972424,55,150.217748
-39.129388,71,150.23105
-58.76879,58,150.240768
-64.050286,67,150.251713
-73.349567,86,150.265811
-28.206141,45,150.273185
-51.713749,77,150.286491
-101.301832,121,150.307118
-32.475292,40,150.314155
-60.846087,66,150.326437
-89.265398,95,150.343147
-46.089099,56,150.352957
-100.35782,112,150.371972
-145.89745,121,150.392483
-48.14681,59,150.40281
-32.155683,57,150.412887
-50.171741,103,150.431688
-56.147382,46,150.44002
-35.200975,52,150.449396
-42.533111,66,150.460727
-20.21666,29,150.465856
-39.420308,63,150.476586
-109.423527,91,150.492355
-158.274673,133,150.515777
-63.863859,93,150.531863
-34.339272,78,150.547306
-53.184545,63,150.558821
-30.040796,29,150.564435
-82.184208,104,150.584941
-33.073167,62,150.59635
-32.139345,36,150.603134
-60.125429,62,150.613957
-36.137008,77,150.627372
-78.474173,96,150.645483
-30.782065,56,150.655613
-101.287356,112,150.674632
-102.780666,115,150.694513
-36.761706,68,150.706203
-44.04853,76,150.718976
-62.655232,77,150.732162
-161.608467,125,150.754359
-41.690849,42,150.761822
-64.484486,59,150.772244
-105.260579,128,151.092065
-70.669127,97,151.109306
-31.917019,39,151.116762
-47.895109,45,151.124828
-21.229094,22,151.128851
-55.443248,82,151.143382
-105.197261,72,151.155857
-64.09239,86,151.171714
-53.604051,75,151.185622
-77.294051,78,151.199429
-70.331143,70,151.211723
-67.599491,102,151.229469
-46.409788,87,151.244265
-41.79296,72,151.256242
-90.084375,95,151.272113
-50.041936,58,151.282716
-37.367409,48,151.291404
-104.904746,115,151.31315
-49.135961,53,151.322209
-48.821849,59,151.332083
-32.40526,36,151.338396
-115.536427,109,151.356802
-29.422036,53,151.36567
-99.396896,88,151.38132
-49.633635,70,151.393484
-40.970931,44,151.401249
-79.958053,124,151.423027
-65.397172,88,151.437982
-40.579797,51,151.447012
-45.13534,50,151.456001
-82.379351,104,151.474
-30.688195,30,151.47918
-51.52661,44,151.487601
-38.104337,90,151.503379
-69.865506,78,151.516835
-52.029144,56,151.526564
-38.048274,74,151.539502
-85.292569,70,151.552465
-53.412583,52,151.563722
-101.210577,71,151.578067
-28.975325,33,151.586451
-83.634276,61,151.59991
-43.138739,46,151.608241
-46.015332,81,151.622928
-57.238476,70,151.637883
-80.082518,122,151.661825
-66.551474,94,151.678205
-63.279868,52,151.687306
-53.965929,72,151.701133
-24.468556,39,151.711797
-37.630744,62,151.723271
-41.193187,90,151.741636
-33.58585,63,151.75397
-82.018067,89,151.772459
-99.7256,109,151.792166
-46.483932,52,151.80149
-73.651742,89,151.823116
-30.329997,39,152.171247
-69.88687,98,152.188781
-59.69511,66,152.2004
-50.914604,72,152.212511
-35.153038,50,152.22366
-107.752705,116,152.249797
-39.614202,45,152.257575
-52.830695,79,152.271404
-52.94964,92,152.287157
-69.385131,100,152.304179
-94.551064,84,152.318401
-129.62701,125,152.347438
-65.785143,62,152.357976
-41.213028,72,152.370118
-48.591723,80,152.383858
-28.641297,40,152.390589
-47.55863,63,152.401195
-29.266343,60,152.418943
-22.407335,32,152.424504
-44.856075,50,152.433504
-33.377834,72,152.447762
-83.19616,89,152.463485
-63.025687,75,152.477922
-80.412896,101,152.495636
-31.959659,56,152.505386
-31.718898,36,152.511519
-37.834543,53,152.520752
-54.057576,66,152.532817
-51.696737,59,152.543442
-90.474473,114,152.565281
-68.728182,144,152.58946
-47.410842,126,152.611063
-22.945517,41,152.61844
-120.790452,112,152.637367
-62.294758,59,152.648328
-83.204163,129,152.67029
-18.547504,49,152.678502
-40.517299,45,152.686374
-39.156383,44,152.694019
-55.677272,69,152.705757
-74.460441,119,152.725794
-53.84209,69,152.737525
-46.531351,107,152.756507
-37.439882,44,152.764541
-47.197373,47,152.772471
-41.303449,42,152.779495
-55.775,87,152.793964
-52.7619,60,152.804039
-32.493127,47,152.811833
-92.90785,104,152.829007
-49.355417,66,152.839872
-20.293857,26,152.844194
-105.827708,115,152.864257
-59.679642,111,152.883044
-115.712671,121,152.903095
-25.559931,27,153.176431
-43.046947,74,153.18932
-58.684037,95,153.205246
-44.787311,44,153.212532
-67.660305,94,153.227876
-115.58401,101,153.245052
-33.716672,57,153.25462
-133.422766,148,153.27884
-36.488163,68,153.291093
-60.075992,62,153.301713
-31.875011,41,153.308743
-56.706592,91,153.323972
-91.530947,138,153.347286
-29.74223,41,153.35408
-29.603211,50,153.362233
-25.337144,29,153.367023
-95.569932,116,153.386813
-50.758162,83,153.400813
-53.867371,56,153.410072
-40.468982,47,153.417768
-41.31327,60,153.427567
-98.480299,77,153.439964
-65.156972,97,153.455731
-62.713087,96,153.471568
-85.444669,99,153.487895
-96.638712,82,153.502688
-39.4832,89,153.517512
-83.824781,173,153.546097
-54.77492,55,153.555286
-52.946141,84,153.569023
-40.463341,67,153.580042
-55.230334,104,153.599232
-82.032799,117,153.61933
-76.599959,96,153.635359
-81.153822,131,153.656778
-83.475652,110,153.674935
-113.876079,113,153.693214
-36.509837,81,153.707275
-32.266166,79,153.720809
-212.118229,136,153.743148
-63.018816,100,153.760196
-22.354123,32,153.76552
-25.194653,44,153.778275
-59.993063,115,153.798538
-51.854707,39,153.805354
-122.355916,113,153.827729
-41.661168,78,153.841918
-30.26005,41,153.849204
-37.382115,42,153.856586
-52.064252,63,153.867616
-79.904528,82,154.178988
-65.595005,102,154.196451
-35.757962,54,154.205483
-122.729251,83,154.21961
-49.799595,53,154.228537
-110.437134,133,154.251786
-38.678329,38,154.258157
-50.033704,76,154.270825
-78.655827,93,154.286215
-79.899435,100,154.302894
-99.947171,113,154.321546
-128.907961,116,154.34185
-70.277922,109,154.360704
-38.782587,56,154.370141
-77.070202,115,154.389191
-63.675868,76,154.401855
-43.296082,80,154.415144
-36.450407,51,154.423709
-94.380451,106,154.442035
-84.491224,110,154.460605
-40.778044,53,154.469567
-32.233878,75,154.482061
-109.397592,105,154.499153
-46.968131,65,154.50983
-131.998416,123,154.52992
-39.230688,43,154.537097
-35.053068,35,154.543048
-29.317993,38,154.550339
-48.656562,78,154.564175
-40.310867,44,154.571777
-48.331936,65,154.583621
-94.837957,113,154.603859
-64.34177,112,154.622782
-58.82121,79,154.635957
-43.174723,54,154.644789
-30.544954,75,154.658196
-66.139106,95,154.67468
-23.053195,27,154.679369
-51.415442,78,154.692085
-29.617608,60,154.701843
-38.060872,49,154.709881
-65.028672,89,154.724701
-69.531497,110,154.743219
-35.442429,43,154.750579
-122.037782,101,154.768494
-31.169257,75,154.78101
-77.786662,124,154.801739
-70.265173,71,154.813544
-65.369248,72,154.825594
-61.809283,125,154.846387
-42.137942,61,154.856424
-61.122996,115,155.165732
-67.707889,100,155.182558
-102.083906,108,155.201921
-61.6496,59,155.211997
-27.861456,50,155.220697
-78.5392,90,155.23602
-49.701557,53,155.244853
-32.038317,36,155.250962
-32.32111,57,155.26046
-41.460242,54,155.269626
-45.056737,67,155.280978
-75.207362,89,155.29589
-171.209214,169,155.325068
-62.165233,74,155.337281
-103.042256,86,155.351293
-50.673034,53,155.359958
-47.158566,92,155.374741
-83.567855,90,155.38973
-45.005461,71,155.401543
-32.334745,32,155.407993
-37.619006,55,155.417761
-102.146627,114,155.436816
-42.384341,76,155.449669
-76.984328,68,155.460989
-26.535577,29,155.465909
-80.57522,82,155.479692
-43.957434,76,155.49244
-53.236809,77,155.505232
-79.451443,89,155.521168
-34.864572,65,155.5324
-37.872571,79,155.545577
-60.853263,57,155.555179
-42.734049,78,155.568641
-105.537423,116,155.589698
-31.521243,55,155.59953
-43.881676,78,155.612495
-44.26695,51,155.622256
-159.086971,131,155.644888
-107.36849,130,155.667298
-71.533034,100,155.683932
-56.496711,52,155.692746
-119.717905,104,155.709905
-32.097064,33,155.715402
-102.884367,105,155.733954
-66.396719,70,155.745345
-30.305915,47,155.753242
-37.908996,49,155.761452
-31.141672,33,155.766949
-48.019661,44,155.774223
-107.945844,139,155.796969
-68.929135,61,155.807012
-152.462779,131,155.829606
-88.939693,135,156.132524
-37.754208,57,156.143153
-86.950023,93,156.159116
-49.818387,89,156.174144
-99.080466,80,156.187761
-49.355983,61,156.197966
-32.636151,42,156.205033
-89.331929,97,156.221062
-52.628649,62,156.231485
-35.103285,73,156.24362
-82.53714,68,156.25621
-72.072547,96,156.272612
-93.422472,86,156.286989
-66.452573,97,156.302997
-66.890496,70,156.314927
-48.135115,101,156.332162
-69.974889,80,156.345753
-34.662977,28,156.35042
-66.552714,92,156.367125
-34.87204,44,156.374497
-38.86158,38,156.380807
-35.470768,46,156.388438
-66.346867,60,156.398478
-28.277901,45,156.406182
-58.076404,65,156.417188
-34.993096,58,156.426771
-50.377031,75,156.439033
-100.687313,127,156.46055
-73.634403,88,156.475667
-27.814277,50,156.484253
-61.043312,56,156.493645
-76.099603,115,156.512436
-50.68114,92,156.528016
-114.249725,112,156.547103
-23.180026,39,156.553669
-100.114301,99,156.572334
-72.523691,87,156.589014
-41.585021,75,156.602063
-52.0724,68,156.613481
-46.440544,46,156.62126
-77.356268,89,156.636281
-54.863437,68,156.647745
-46.474709,76,156.6605
-111.146568,122,156.682334
-59.158304,113,156.701057
-37.882713,77,156.713793
-24.265315,48,156.721848
-32.706663,39,156.728314
-44.887305,57,156.737629
-116.79445,122,156.757295
-36.073611,43,156.764323
-51.105137,60,156.774113
-100.539321,103,156.792352
-50.216294,60,156.802667
-35.623733,72,156.814945
-58.348194,57,156.824464
-107.632747,91,157.111365
-29.683074,53,157.120656
-32.514875,50,157.129054
-49.100324,60,157.139027
-79.350519,105,157.156772
-94.632444,86,157.171552
-45.706852,71,157.183875
-47.122519,69,157.195664
-27.703158,44,157.20463
-60.431438,72,157.217009
-62.852975,78,157.230427
-26.43118,38,157.237028
-55.721982,57,157.246799
-59.190317,59,157.25672
-25.038364,41,157.263517
-57.362367,70,157.275162
-37.32205,56,157.284698
-60.347891,60,157.29464
-44.929161,52,157.30422
-84.398402,106,157.322466
-32.770317,51,157.331014
-58.276985,68,157.342345
-27.386671,32,157.34767
-97.818729,97,157.363793
-26.973946,52,157.372455
-27.09665,31,157.377867
-97.993893,63,157.388601
-34.822703,65,157.399638
-68.857824,54,157.409632
-20.33686,40,157.41662
-81.512965,109,157.434997
-35.151867,45,157.442499
-69.636925,106,157.46019
-78.071698,90,157.475304
-48.542571,95,157.491351
-105.108992,133,157.513957
-37.525486,41,157.521027
-31.465385,40,157.52792
-50.599845,48,157.536112
-123.631614,156,157.562183
-61.242802,73,157.57465
-65.030323,77,157.588097
-50.115736,85,157.602666
-40.050772,76,157.615768
-44.958701,56,157.62622
-79.529763,97,157.643126
-58.709669,108,157.661599
-28.091852,70,157.673316
-44.352667,65,157.68424
-42.595353,47,157.69208
-57.629463,52,157.701219
-70.922874,95,157.7173
-50.735496,70,157.729967
-69.872471,65,157.741338
-41.368667,95,157.757241
-81.648425,108,157.775003
-31.081352,58,157.784686
-53.707796,80,158.071469
-75.517746,58,158.081651
-33.131206,54,158.090822
-146.551351,154,158.116826
-38.149321,69,158.128345
-58.303976,73,158.140679
-125.816176,101,158.174885
-38.713697,46,158.188768
-100.063599,108,158.207393
-24.836676,27,158.212087
-72.218049,71,158.223937
-45.697732,58,158.233822
-95.001324,58,158.243514
-82.946739,78,158.257234
-61.750384,63,158.268109
-52.79423,98,158.285221
-70.421942,93,158.301362
-124.896261,126,158.322983
-30.137907,58,158.333078
-79.435662,84,158.347614
-100.163205,105,158.365961
-74.609587,71,158.377864
-36.521802,63,158.388621
-50.844784,77,158.40152
-89.154962,80,158.414916
-39.766996,48,158.422915
-79.711079,95,158.438677
-30.03797,37,158.444897
-72.917026,102,158.461968
-43.109161,49,158.47179
-49.410682,91,158.487418
-78.158561,121,158.507749
-58.199558,95,158.523397
-67.989416,96,158.539451
-55.69319,88,158.55454
-113.496304,119,158.576152
-83.039849,108,158.596304
-45.259522,81,158.610188
-46.090694,99,158.627222
-40.21489,59,158.637561
-32.643635,55,158.646908
-44.069491,52,158.65563
-28.865463,68,158.666917
-46.833086,59,158.677353
-113.769743,111,158.696626
-93.671706,98,158.712621
-70.014115,75,158.725445
-22.770802,34,158.7312
-37.275981,61,158.741436
-55.426259,51,158.750175
-97.850609,90,158.765102
-33.27747,35,158.770998
-133.450194,118,158.791768
-84.491588,120,159.078029
-52.736145,58,159.088051
-162.844189,109,159.107508
-44.660822,46,159.115391
-39.507783,63,159.126115
-74.408813,81,159.139753
-34.002037,47,159.147777
-55.573281,120,159.167721
-47.72908,57,159.177205
-68.382091,102,159.194472
-45.355024,53,159.204155
-30.405643,80,159.217733
-61.197899,62,159.228058
-26.7353,48,159.236235
-74.287307,89,159.25124
-43.854058,51,159.259846
-23.050551,31,159.265304
-58.957988,82,159.278729
-80.687307,111,159.296962
-46.400733,62,159.307186
-40.410175,42,159.315086
-112.294039,101,159.332481
-39.948794,40,159.339183
-47.906369,53,159.348025
-73.162155,47,159.355741
-108.344301,76,159.368313
-36.363705,43,159.375495
-38.359048,73,159.387567
-43.248175,74,159.399993
-52.84762,89,159.415996
-73.324753,92,159.43214
-66.81692,118,159.451763
-52.328548,78,159.464973
-35.372304,57,159.474921
-43.524399,52,159.483841
-39.54566,40,159.490538
-26.594027,66,159.501309
-64.705946,80,159.514566
-71.024556,100,159.5325
-54.385083,53,159.541564
-51.189156,66,159.553042
-27.542682,47,159.561177
-38.60455,67,159.573119
-46.693428,63,159.585448
-22.992335,31,159.590937
-36.647361,39,159.598233
-41.443318,41,159.605254
-67.652424,111,159.623774
-25.265689,46,159.632629
-64.567823,76,159.645835
-52.765089,51,159.654758
-35.469758,87,159.669407
-57.227122,70,159.681036
-98.278927,104,159.697849
-75.020875,94,159.713108
-52.945036,39,159.719453
-64.368221,76,159.732783
-93.515573,98,159.749768
-31.455375,95,160.030994
-38.298161,47,160.039335
-41.851066,47,160.048523
-50.762258,75,160.061577
-41.957371,93,160.077299
-114.659054,137,160.100381
-148.207459,98,160.116796
-41.898364,53,160.125612
-106.396536,125,160.146748
-53.341547,68,160.159301
-47.261529,53,160.168949
-95.858839,118,160.189635
-35.444889,68,160.2013
-24.523687,29,160.206187
-44.511201,71,160.218176
-41.380681,63,160.229025
-38.163371,62,160.239366
-63.248193,104,160.257368
-63.594479,67,160.270149
-43.465218,43,160.278003
-56.186419,75,160.29125
-82.555009,114,160.310001
-151.818489,113,160.328643
-37.735351,52,160.337283
-52.535661,70,160.349192
-51.203614,89,160.364926
-37.575644,66,160.376268
-71.160305,61,160.3865
-111.591296,111,160.404575
-60.036622,63,160.415053
-38.235822,67,160.426378
-86.22928,114,160.445622
-64.021888,97,160.461924
-69.263151,61,160.472929
-25.905157,38,160.479541
-53.530772,95,160.495021
-44.717429,56,160.504096
-70.798423,98,160.519996
-90.080441,97,160.535833
-73.059549,73,160.547984
-25.364925,54,160.557521
-75.847824,105,160.576585
-87.789436,90,160.595042
-65.782903,61,160.606767
-94.039402,100,160.623832
-29.436443,26,160.628209
-75.179941,77,160.641079
-33.716109,44,160.649097
-44.244479,58,160.65912
-90.157767,105,160.677083
-45.707918,49,160.686351
-31.12092,56,160.695712
-33.114006,33,160.701498
-64.99015,94,160.717246
-103.553594,108,161.004929
-22.27943,34,161.011084
-56.177328,91,161.026506
-45.50814,56,161.035945
-36.707702,76,161.048683
-92.593242,72,161.06084
-52.222717,55,161.070094
-52.180377,49,161.078267
-66.234372,75,161.090918
-97.235218,65,161.101558
-70.848384,108,161.121065
-127.492045,134,161.142912
-37.518077,41,161.149667
-101.641837,94,161.165085
-33.112795,38,161.171501
-74.074532,88,161.186146
-83.537688,81,161.199568
-72.413319,87,161.214887
-55.212239,113,161.23407
-98.730377,114,161.252949
-85.307992,103,161.270186
-39.174459,72,161.282273
-78.730098,85,161.2965
-102.131134,109,161.31559
-52.591995,56,161.325251
-63.023208,90,161.340594
-65.84444,53,161.349531
-35.346866,50,161.357963
-46.695336,60,161.367987
-84.543296,122,161.388085
-34.279901,28,161.392762
-38.881016,45,161.400299
-104.729319,103,161.41721
-37.516301,53,161.427033
-45.075965,52,161.436083
-34.991679,35,161.442081
-85.294412,98,161.458472
-55.870137,81,161.472153
-51.157536,49,161.480424
-40.19047,81,161.494053
-40.291651,51,161.50266
-44.539812,77,161.515589
-34.704501,55,161.525564
-71.65648,99,161.542311
-38.089996,46,161.550561
-70.153304,101,161.56799
-30.955146,68,161.580539
-68.759824,71,161.593603
-49.062634,76,161.607057
-24.642444,47,161.615245
-39.561982,45,161.62291
-65.106652,66,161.635094
-27.203238,47,161.64331
-40.66209,47,161.651597
-44.606474,48,161.659744
-30.177065,60,161.670077
-61.039457,88,161.685238
-46.044172,79,161.69883
-29.917692,54,161.982755
-89.61529,90,161.997909
-65.416359,105,162.015357
-37.100603,66,162.026307
-55.026714,80,162.039534
-106.163372,151,162.066969
-69.719899,96,162.083254
-64.426388,76,162.096224
-43.972539,44,162.103636
-66.783499,79,162.116918
-42.669555,64,162.12739
-41.779209,45,162.134767
-45.872958,66,162.145496
-43.984016,72,162.158433
-59.42769,97,162.174858
-44.677335,67,162.186136
-140.628954,132,162.208203
-71.132582,80,162.221461
-149.125359,101,162.238355
-90.165789,110,162.257178
-83.011246,70,162.270012
-64.25283,98,162.28642
-52.349847,50,162.294538
-37.668319,97,162.31074
-38.182692,35,162.316621
-55.150361,85,162.330623
-43.690346,80,162.343693
-31.099836,62,162.353804
-42.748833,55,162.362702
-36.370799,49,162.371499
-42.167006,64,162.38237
-34.034384,58,162.391828
-58.234155,114,162.410856
-43.350435,64,162.421466
-27.913528,73,162.433457
-67.115415,84,162.447161
-39.205739,69,162.458417
-60.427471,64,162.468775
-107.643165,134,162.491854
-32.937646,39,162.498442
-31.960227,56,162.507794
-107.870065,117,162.527217
-28.583559,46,162.534928
-26.792735,70,162.546734
-112.838206,128,162.568366
-101.315423,168,162.600001
-60.902606,55,162.609483
-65.327601,77,162.622706
-21.550809,28,162.627477
-112.086514,103,162.644921
-26.038122,59,162.654974
-59.366324,85,162.947285
-57.079746,58,162.957551
-25.933847,54,162.966822
-24.157862,28,162.971602
-61.141015,89,162.986828
-39.922236,45,162.994586
-33.763462,68,163.007539
-64.050408,68,163.019327
-90.149061,124,163.040007
-29.313505,42,163.047012
-32.588475,34,163.052634
-79.650724,85,163.066681
-28.777322,53,163.075374
-41.579195,58,163.085148
-29.812072,54,163.094453
-75.278202,74,163.107642
-50.570297,76,163.120349
-81.525742,99,163.136654
-57.497224,76,163.166595
-44.684892,43,163.178643
-72.799765,88,163.193368
-77.426791,90,163.209977
-61.066991,89,163.225272
-73.460798,86,163.240537
-34.066991,48,163.248749
-71.355667,76,163.261625
-62.347944,98,163.278253
-76.682406,79,163.291354
-37.60406,66,163.302247
-35.286058,40,163.308821
-38.289949,62,163.32032
-34.470118,66,163.331653
-91.311764,86,163.345913
-32.288511,81,163.359704
-61.289296,53,163.368555
-120.630808,96,163.384492
-54.679893,105,163.401813
-130.48133,87,163.4161
-30.280688,40,163.423614
-43.34366,31,163.429028
-52.537119,59,163.439123
-87.09593,87,163.453495
-87.759411,108,163.471345
-96.723885,130,163.492924
-42.174098,62,163.503198
-33.348507,52,163.511761
-83.044333,101,163.529336
-94.089558,109,163.54832
-42.615446,94,163.564943
-57.849886,65,163.57618
-37.59851,47,163.585333
-50.872028,56,163.594791
-37.470507,60,163.605744
-40.278213,58,163.615536
-62.101364,86,163.630732
-57.955635,61,163.641319
-40.487226,53,163.650602
-74.030635,153,163.956329
-27.330404,40,163.963501
-61.475976,59,163.973886
-47.102259,69,163.985576
-40.650802,75,163.997928
-38.742422,37,164.004126
-74.907841,92,164.019698
-82.628461,105,164.036964
-42.873148,38,164.043289
-85.795393,132,164.067463
-23.45887,34,164.073404
-99.911307,89,164.088611
-50.098463,69,164.100165
-97.004058,77,164.112946
-67.997133,84,164.12711
-33.215695,62,164.137489
-62.177599,65,164.148364
-60.865376,91,164.164258
-65.82141,92,164.179794
-39.177132,82,164.19338
-79.146939,100,164.210236
-31.623431,40,164.217038
-73.572491,119,164.237058
-81.572175,94,164.252703
-122.400033,124,164.274683
-52.327382,93,164.290368
-71.373462,95,164.305942
-96.743719,76,164.31844
-64.027415,104,164.33568
-50.350862,68,164.346942
-66.252441,95,164.362553
-44.504522,54,164.372324
-60.403091,59,164.38273
-53.220348,79,164.395797
-34.576255,104,164.413052
-64.396463,80,164.426171
-44.671218,59,164.435898
-28.542779,67,164.446889
-44.364128,47,164.454638
-80.170022,85,164.468709
-29.093872,31,164.473851
-76.501606,125,164.495696
-43.316032,99,164.512313
-36.510491,49,164.520504
-97.049082,113,164.539179
-51.531128,78,164.552399
-42.938772,91,164.567408
-69.57819,127,164.59036
-90.058783,86,164.605891
-30.585808,39,164.612362
-69.74071,88,164.626718
-24.97632,27,164.631491
-68.582833,95,164.910571
-48.617928,63,164.921648
-39.441672,69,164.933246
-38.393444,58,164.942931
-59.916417,72,164.954866
-27.120039,58,164.96466
-63.174939,71,164.976587
-109.721834,124,164.997182
-108.229161,106,165.016407
-68.740004,82,165.030312
-48.737133,56,165.040376
-38.887556,70,165.05246
-45.755814,53,165.06154
-58.955986,50,165.070157
-78.498767,74,165.082899
-23.746799,26,165.087352
-90.542128,67,165.098814
-53.01912,51,165.108145
-27.338912,30,165.113647
-36.954136,39,165.120334
-42.547756,56,165.129954
-38.094489,45,165.13761
-141.568281,130,165.159269
-34.736232,69,165.17091
-27.872977,37,165.177247
-80.588233,112,165.195811
-66.147962,97,165.212632
-38.358083,83,165.226645
-51.657412,54,165.235862
-48.969859,79,165.249266
-74.142152,58,165.259114
-83.509419,102,165.276258
-45.915627,68,165.287744
-32.59517,32,165.293174
-36.583442,55,165.302398
-67.356656,79,165.315291
-43.421978,70,165.328171
-49.491867,64,165.338997
-90.138025,99,165.355459
-101.209358,91,165.370478
-22.233511,37,165.376661
-55.122115,94,165.392161
-61.799754,67,165.403153
-98.453157,113,165.422549
-106.177333,108,165.440647
-36.127194,72,165.453061
-116.375584,141,165.477624
-43.746413,75,165.49058
-22.201241,39,165.49738
-43.836849,91,165.512794
-38.253905,57,165.522413
-33.506856,57,165.533004
-38.379174,67,165.54496
-30.798737,40,165.552576
-34.149092,52,165.562043
-69.825489,108,165.58161
-43.493113,87,165.597465
-27.511269,38,165.60393
-60.480637,92,165.889107
-60.48739,79,165.902712
-65.21737,87,165.917322
-28.414962,38,165.923743
-116.714928,114,165.942422
-44.538967,43,165.950675
-39.378592,41,165.957723
-73.126247,96,165.974391
-41.508772,56,165.984023
-68.582427,104,166.001503
-62.000252,66,166.012658
-55.992716,62,166.023296
-43.10189,41,166.030287
-79.082793,101,166.047338
-54.787525,42,166.055326
-61.465575,73,166.068041
-51.004773,57,166.077724
-69.925376,110,166.096724
-22.114234,47,166.104838
-52.279433,63,166.115268
-109.174425,98,166.131419
-44.988162,56,166.140957
-61.772051,79,166.154388
-39.079316,60,166.165951
-32.301837,40,166.17293
-68.803111,91,166.188523
-68.860043,88,166.203738
-45.265567,41,166.210723
-63.654601,131,166.232822
-78.145706,116,166.251838
-66.916784,85,166.266941
-60.528797,59,166.277067
-45.46492,71,166.28883
-70.034526,88,166.303289
-70.066693,98,166.319435
-64.090998,71,166.331427
-64.627292,69,166.342904
-39.195226,89,166.357531
-66.328485,64,166.368466
-55.460261,89,166.384439
-98.857005,117,166.403865
-85.223402,99,166.420334
-117.845615,83,166.434165
-27.247832,30,166.439122
-43.648687,57,166.448744
-25.288154,47,166.45676
-60.384966,78,166.469863
-80.257165,115,166.49014
-31.075253,42,166.49741
-31.263944,34,166.503072
-42.821465,57,166.512401
-67.263221,90,166.527086
-64.041534,94,166.543071
-85.614804,80,166.55661
-40.611119,57,166.566576
-37.598099,69,166.856504
-81.286747,81,166.870104
-46.395511,63,166.880495
-51.204034,73,166.892461
-94.190302,134,166.9167
-34.895609,54,166.925852
-102.139239,87,166.940552
-37.725149,41,166.947435
-32.944038,29,166.952297
-67.225704,65,166.963012
-89.329633,142,166.986754
-54.391661,67,166.997766
-31.902686,35,167.003593
-79.942462,58,167.014276
-60.224714,66,167.025875
-41.535073,66,167.037142
-28.415616,46,167.044788
-66.027831,80,167.058372
-58.917601,79,167.071719
-41.970576,65,167.082837
-56.402856,48,167.091055
-50.829128,69,167.102567
-70.182382,66,167.114573
-25.557366,28,167.119373
-43.690675,36,167.125653
-50.411781,75,167.13855
-75.556272,116,167.157925
-39.441973,70,167.169999
-63.070764,91,167.185406
-37.130358,72,167.197444
-43.458713,90,167.212464
-57.254879,90,167.228306
-32.116839,76,167.241124
-57.395723,100,167.258128
-45.37017,62,167.268694
-45.463821,66,167.279997
-34.121884,47,167.287903
-56.962929,118,167.30766
-64.850606,130,167.330589
-71.04187,89,167.345724
-76.367483,71,167.357483
-49.293787,57,167.367077
-50.766425,91,167.382339
-52.028948,67,167.393548
-100.23736,103,167.410795
-39.460594,104,167.428024
-72.620745,89,167.4441
-37.294006,29,167.449089
-57.468585,74,167.461186
-101.207643,105,167.478223
-29.887089,51,167.486584
-61.103493,101,167.503146
-34.262431,45,167.510731
-43.529517,98,167.527014
-52.812802,73,167.53991
-42.487643,61,167.826143
-65.910956,85,167.840585
-39.673172,56,167.849833
-100.626968,91,167.86667
-59.038358,76,167.879338
-95.526305,114,167.898078
-46.976406,60,167.907895
-91.6488,114,167.926944
-102.307448,136,167.949564
-68.582636,58,167.960015
-29.787446,102,167.97726
-24.684672,39,167.983856
-42.93664,56,167.993065
-75.793357,90,168.007907
-42.155369,69,168.019359
-45.004255,60,168.029319
-34.25312,52,168.037831
-33.616138,57,168.047094
-23.413495,26,168.051423
-86.595518,93,168.067476
-54.499192,80,168.08134
-109.275082,142,168.104912
-126.003465,106,168.122406
-67.797902,133,168.145243
-84.424132,84,168.159237
-66.025136,69,168.171513
-58.628047,80,168.185195
-107.57101,134,168.207338
-79.195756,93,168.222773
-66.760069,81,168.236389
-32.693529,85,168.250668
-38.185993,65,168.261553
-48.367636,67,168.27281
-37.240175,44,168.281284
-56.664808,93,168.297174
-54.81947,66,168.308222
-59.3055,106,168.325751
-56.567472,75,168.338117
-99.128623,74,168.350515
-77.933646,104,168.367802
-37.41731,45,168.375363
-76.01947,129,168.398276
-53.521368,98,168.414746
-62.5809,93,168.43043
-73.093713,76,168.443268
-95.847068,130,168.464819
-66.314892,80,168.478173
-78.476596,97,168.495641
-42.577938,64,168.506517
-41.057656,41,168.513345
-74.724165,111,168.813916
-55.887467,84,168.828309
-33.927255,57,168.838041
-80.230536,134,168.860687
-48.116998,61,168.871015
-29.635314,52,168.879875
-60.999817,73,168.892188
-38.561752,95,168.908357
-56.024557,89,168.924523
-29.412067,48,168.932643
-25.116144,46,168.940281
-60.26189,112,168.958958
-36.176332,46,168.967418
-39.685878,46,168.975242
-39.822564,61,168.985367
-56.528441,57,168.994877
-34.342025,38,169.00142
-122.882014,96,169.018072
-31.056872,55,169.028081
-24.248641,47,169.036129
-45.168153,49,169.04421
-79.014079,93,169.059279
-56.347345,75,169.071953
-60.855833,59,169.081855
-38.825875,40,169.088383
-38.671494,95,169.103999
-67.331259,93,169.119714
-98.428135,134,169.142881
-47.140005,51,169.151561
-43.836396,50,169.159993
-70.87742,102,169.177138
-81.008367,68,169.188547
-32.806803,34,169.194322
-109.624001,117,169.21364
-119.734235,132,169.236358
-56.585841,79,169.249724
-123.34257,110,169.268187
-45.545512,44,169.275527
-53.13858,97,169.291618
-39.50279,47,169.299643
-79.753561,105,169.317152
-47.379269,44,169.324625
-51.752768,72,169.337495
-94.761193,114,169.357015
-24.778389,36,169.363133
-75.040339,111,169.38169
-54.952342,90,169.396738
-52.765537,86,169.41104
-26.75413,40,169.417774
-36.635806,62,169.428209
-30.002229,37,169.434447
-60.970846,57,169.44497
-71.25443,104,169.462466
-34.357768,63,169.473025
-28.106837,28,169.477759
-44.932395,69,169.489251
-76.097072,79,169.800944
-74.601968,75,169.814055
-67.42067,81,169.827764
-57.992181,106,169.845413
-42.142966,48,169.853638
-35.566789,50,169.863068
-53.866371,43,169.87076
-86.338108,85,169.885356
-80.10016,64,169.896108
-60.547991,39,169.902736
-33.860719,60,169.912877
-82.090113,99,169.929409
-61.120436,111,169.947942
-49.604152,67,169.95895
-42.805681,53,169.968777
-47.185941,93,169.984553
-45.497698,71,169.996368
-59.979046,49,170.004456
-49.61021,69,170.015922
-108.57426,84,170.029929
-52.246981,53,170.038834
-131.704261,82,170.052809
-49.481174,68,170.064034
-61.510466,43,170.072
-79.207732,69,170.083737
-65.78957,113,170.102206
-45.114566,70,170.113971
-42.5832,67,170.125298
-74.38919,97,170.141281
-33.869693,66,170.152099
-31.707169,49,170.160008
-51.732036,74,170.172558
-52.050886,96,170.189748
-25.590386,39,170.196572
-89.754488,110,170.214576
-31.830236,61,170.224534
-73.250896,81,170.237953
-43.363554,71,170.249693
-35.952063,44,170.256922
-37.059353,68,170.268093
-60.710146,89,170.283597
-76.271219,91,170.299098
-26.922568,33,170.304535
-47.348901,45,170.311952
-67.777665,96,170.328065
-55.947426,61,170.338285
-49.125497,93,170.354051
-85.712991,135,170.377565
-37.573105,34,170.383673
-54.267782,40,170.391449
-44.717226,54,170.400758
-63.125644,81,170.414081
-88.794672,80,170.42719
-63.101785,99,170.44375
-83.175094,124,170.464151
-26.745502,31,170.469271
-29.480217,48,170.4772
-56.001389,53,170.786835
-39.290939,37,170.793209
-57.856797,97,170.810762
-119.820238,130,170.834002
-39.476708,35,170.840127
-54.11234,95,170.856679
-30.737309,39,170.863572
-39.912329,38,170.869987
-52.620727,65,170.881003
-29.655988,42,170.888213
-38.160143,30,170.893383
-33.681793,42,170.900468
-28.152657,65,170.911414
-60.576837,83,170.926504
-100.301011,92,170.941754
-25.897859,38,170.947989
-54.198167,61,170.958029
-57.644047,112,170.976655
-46.366438,77,170.989457
-62.041994,62,170.999608
-65.881685,89,171.014131
-44.570589,50,171.023736
-43.229912,90,171.03943
-42.249882,75,171.052137
-61.386544,50,171.060616
-130.03989,121,171.08086
-66.502732,102,171.097917
-42.823827,68,171.109173
-69.094608,64,171.119826
-27.602149,68,171.132063
-20.565125,25,171.136431
-35.463651,61,171.14677
-44.550958,61,171.157063
-90.613652,84,171.171218
-41.641685,52,171.17989
-58.668234,69,171.191537
-45.858853,77,171.204549
-46.722167,67,171.215862
-75.146151,81,171.230182
-39.797011,55,171.239625
-32.668581,88,171.254466
-97.03341,98,171.271176
-33.327393,32,171.276607
-76.616076,83,171.290585
-74.070805,82,171.304068
-90.535382,80,171.317345
-74.297967,91,171.332339
-24.488287,27,171.337695
-130.483792,140,171.361377
-65.486828,74,171.3738
-32.95452,34,171.379603
-56.549553,69,171.3911
-47.168582,45,171.398738
-93.266414,84,171.415824
-62.522711,73,171.428183
-36.503441,51,171.436817
-67.40734,63,171.448299
-65.019094,72,171.460148
-23.986475,38,171.466687
-36.22842,72,171.478642
-45.86814,55,171.79575
-33.441449,57,171.806034
-45.981261,82,171.820767
-53.766841,51,171.829717
-41.942263,78,171.842915
-29.087205,53,171.851996
-35.547587,75,171.865741
-38.363727,71,171.878171
-45.060247,62,171.888793
-90.674292,105,171.906558
-32.374042,31,171.91179
-30.875127,34,171.917546
-28.322711,56,171.926914
-37.173098,66,171.937857
-66.189258,120,171.957631
-61.707176,127,171.98028
-36.673857,60,171.990297
-31.9766,58,171.999908
-83.315441,86,172.014274
-110.361954,82,172.028145
-133.034677,113,172.047087
-53.631621,81,172.060586
-24.171484,26,172.064975
-36.379337,73,172.07772
-41.342991,37,172.083958
-50.542539,55,172.093503
-42.38655,65,172.104584
-38.87572,67,172.115778
-46.681562,64,172.126423
-35.268523,54,172.135734
-33.03407,89,172.150567
-115.521224,153,172.175902
-40.5254,32,172.182241
-52.270681,91,172.197895
-88.082124,87,172.212445
-48.601673,99,172.229542
-48.498171,57,172.239287
-43.69586,68,172.250827
-22.765393,44,172.258232
-27.000856,35,172.264099
-37.161072,48,172.272119
-64.594215,72,172.284125
-41.751555,86,172.299898
-32.007102,46,172.307728
-73.806775,78,172.320687
-63.245159,53,172.329567
-61.354408,102,172.346953
-31.371119,47,172.354889
-74.614812,71,172.366768
-158.003637,167,172.395327
-47.506157,76,172.408332
-65.171758,81,172.421745
-59.404733,68,172.433128
-106.075325,77,172.446045
-103.963614,117,172.465518
-44.64792,48,172.473679
-72.988511,71,172.485727
-40.636302,67,172.782832
-83.714029,121,172.803497
-50.802105,46,172.811317
-63.32354,51,172.821132
-39.347934,44,172.828637
-109.548927,89,172.843504
-101.518821,116,172.862996
-35.652866,52,172.871915
-138.978768,133,172.89471
-47.546996,105,172.912656
-34.252494,60,172.923867
-23.8876,48,172.933002
-94.610787,150,172.957774
-61.845063,106,172.975791
-64.276703,68,172.986993
-37.258931,47,172.994666
-49.802611,71,173.006268
-135.590153,122,173.02734
-50.287013,81,173.041234
-63.747804,56,173.050937
-40.878009,73,173.063309
-24.253639,38,173.06971
-91.881305,100,173.086302
-120.044987,107,173.103898
-65.634362,78,173.116822
-41.749059,88,173.131948
-77.22568,103,173.149327
-93.205217,112,173.167546
-51.025992,52,173.176109
-103.595179,133,173.198086
-33.219744,50,173.2064
-45.221518,91,173.221397
-30.734804,33,173.226923
-23.989144,21,173.230435
-20.389276,30,173.235412
-85.179941,90,173.251883
-66.160985,119,173.271469
-21.968126,41,173.278324
-33.36243,49,173.286377
-56.613289,66,173.297235
-81.569419,106,173.314589
-168.906343,125,173.335202
-82.060178,132,173.358402
-40.429114,42,173.365603
-22.284722,35,173.371522
-53.642081,70,173.383806
-77.892718,118,173.40759
-70.728782,118,173.427539
-48.827528,45,173.435122
-59.600467,64,173.445871
-37.481947,55,173.45598
-94.993528,94,173.751799
-57.020578,72,173.764958
-38.362904,68,173.776677
-35.892584,38,173.783326
-47.796792,44,173.79087
-29.347305,51,173.799679
-95.617028,91,173.814908
-85.389085,111,173.83337
-100.759008,106,173.851283
-47.116358,63,173.861913
-116.521237,77,173.875936
-53.309716,75,173.888862
-83.713601,74,173.901455
-56.942887,76,173.91389
-116.542596,119,173.933258
-57.177297,109,173.951048
-41.130303,70,173.962496
-45.312645,76,173.976194
-103.521361,103,173.994066
-47.695913,84,174.008687
-58.513321,76,174.021477
-68.389625,68,174.033089
-74.618919,124,174.054156
-35.966159,29,174.059245
-69.635109,121,174.079564
-49.971396,69,174.092259
-33.677297,54,174.101464
-115.645612,136,174.124266
-66.479331,64,174.134984
-56.678625,45,174.142549
-106.829057,116,174.162765
-116.394407,86,174.177391
-102.710489,131,174.200668
-38.736784,61,174.210885
-34.611586,74,174.223272
-33.550464,46,174.230951
-130.362834,90,174.246002
-108.058641,115,174.265177
-30.03896,53,174.274048
-41.44294,72,174.2861
-46.27792,79,174.30024
-70.229258,82,174.314179
-68.146627,78,174.327221
-76.107962,100,174.343758
-47.172006,81,174.35728
-32.888258,44,174.3647
-41.726834,50,174.372917
-41.287088,63,174.383327
-66.918133,85,174.398237
-43.633241,64,174.409255
-30.71825,48,174.417419
-62.210542,56,174.426766
-128.727208,99,174.443126
-74.212536,81,174.736289
-104.064886,110,174.754575
-33.909223,44,174.761872
-47.02584,82,174.775599
-60.80087,100,174.792353
-45.450143,78,174.805316
-47.638823,90,174.82137
-73.942882,115,174.84106
-94.308215,95,174.857199
-65.979035,96,174.873353
-52.367348,121,174.893483
-65.046378,87,174.908137
-47.089734,47,174.916146
-53.524297,66,174.927947
-34.583593,62,174.938635
-98.926198,152,174.964003
-35.311901,32,174.969375
-37.254912,60,174.979273
-41.97458,52,174.987871
-72.27845,83,175.001582
-25.348387,52,175.010132
-38.972565,54,175.018981
-140.81547,94,175.035261
-54.288196,64,175.045871
-44.56068,114,175.064592
-133.365102,151,175.089519
-57.915508,56,175.098927
-60.180819,78,175.111994
-26.430007,31,175.117387
-45.307424,89,175.132389
-33.580845,41,175.1402
-137.782539,128,175.162355
-27.231297,40,175.169154
-43.075808,50,175.177397
-42.313875,57,175.18705
-56.607189,88,175.201663
-46.380706,79,175.215105
-23.804544,36,175.221276
-41.82896,81,175.234896
-61.312535,93,175.251525
-57.662964,69,175.263256
-31.656733,51,175.271929
-54.908032,79,175.285266
-44.635254,83,175.299213
-102.475139,133,175.321091
-49.538267,54,175.330004
-53.579633,102,175.347686
-64.332466,47,175.355753
-95.495075,117,175.375355
-26.212022,23,175.37927
-105.276445,113,175.398012
-33.370256,41,175.404792
-95.914666,121,175.703452
-45.385062,95,175.719558
-62.531557,71,175.731453
-96.278974,105,175.748977
-98.643524,106,175.76663
-58.339195,78,175.781485
-24.510159,25,175.785889
-43.244944,47,175.793921
-52.697004,99,175.810624
-43.801912,81,175.824036
-100.154221,162,175.850536
-30.680479,63,175.860919
-48.247726,83,175.875884
-70.344506,58,175.886056
-101.218677,110,175.904755
-78.658938,114,175.923461
-65.991701,99,175.939818
-60.461619,59,175.949561
-58.291931,50,175.957793
-43.731696,54,175.96681
-54.868352,109,175.985771
-122.490422,121,176.006643
-38.425723,68,176.018418
-52.358563,60,176.028858
-38.750882,54,176.038439
-32.28372,66,176.049619
-28.212653,52,176.05854
-84.841071,57,176.068167
-35.196663,37,176.07436
-75.178247,58,176.084124
-56.240462,84,176.100433
-43.120396,65,176.111515
-57.426415,45,176.119305
-48.168602,66,176.130285
-63.235121,97,176.14631
-44.921589,87,176.161703
-66.455716,113,176.181087
-64.148755,81,176.195857
-32.606402,62,176.207373
-31.420854,26,176.212
-73.985488,77,176.225405
-29.069557,30,176.23084
-37.999511,35,176.237109
-24.20833,25,176.241512
-50.985098,72,176.254322
-56.198147,47,176.262487
-90.464542,89,176.27776
-41.29929,69,176.289649
-45.929692,46,176.29842
-47.263201,86,176.313719
-95.749046,95,176.329876
-52.393118,55,176.339274
-34.78583,36,176.345315
-76.35818,50,176.353771
-86.650426,99,176.370439
-56.676143,87,176.384944
-59.753699,79,176.398103
-126.701992,112,176.69979
-70.957364,66,176.710737
-96.704149,87,176.725486
-84.237272,125,176.748212
-49.618789,89,176.763063
-70.91703,63,176.773848
-56.765235,100,176.7907
-58.585727,77,176.803924
-45.912775,65,176.815139
-73.084193,55,176.824506
-48.090296,53,176.834782
-47.399445,71,176.848073
-115.137883,116,176.867975
-49.375171,75,176.880238
-57.496399,119,176.899457
-32.806884,40,176.905947
-122.862957,104,176.923268
-61.372161,52,176.932039
-49.194337,94,176.949267
-50.615869,84,176.963245
-53.258766,65,176.974059
-27.38327,25,176.978249
-70.500513,62,176.988548
-49.064859,51,176.997131
-34.440571,47,177.004907
-95.939749,91,177.019928
-102.370389,98,177.036256
-39.147882,72,177.04926
-69.148752,93,177.065209
-38.041951,60,177.07532
-51.518668,97,177.091578
-38.795763,64,177.102706
-117.584808,116,177.12195
-38.883504,57,177.131693
-60.812825,116,177.151992
-30.117363,37,177.158621
-56.697572,73,177.170956
-25.160211,53,177.179779
-78.759695,103,177.196849
-105.397899,76,177.209602
-104.113019,91,177.224657
-41.890517,70,177.236186
-158.521259,140,177.260353
-44.345358,77,177.273332
-55.683066,74,177.285529
-90.782375,96,177.301394
-22.962516,37,177.307537
-82.072754,89,177.322246
-77.719343,80,177.335583
-68.529135,64,177.346461
-50.089827,44,177.35393
-71.211251,98,177.371518
-61.978074,91,177.667697
-53.991938,94,177.685179
-29.83246,40,177.691967
-62.106116,71,177.703862
-88.638991,116,177.723148
-27.651324,28,177.727777
-61.713004,91,177.743322
-42.732779,81,177.757084
-39.626712,40,177.763914
-116.74712,135,177.78756
-26.407285,38,177.794051
-34.266308,76,177.806972
-32.577877,58,177.816683
-84.819744,106,177.834343
-48.869752,57,177.844063
-79.621312,85,177.858358
-60.252424,67,177.869597
-38.940486,52,177.878291
-71.859005,110,177.897733
-23.472,31,177.903023
-41.303638,76,177.915833
-86.080633,95,177.93167
-74.099233,96,177.947886
-34.286356,58,177.957546
-51.526902,54,177.966565
-42.418119,43,177.973682
-63.992232,91,177.988978
-33.909374,55,177.999083
-35.846421,85,178.013517
-26.463111,62,178.023778
-29.428298,44,178.031162
-43.95751,102,178.047974
-89.151038,92,178.063224
-108.199505,113,178.081915
-101.583372,175,178.111718
-50.125425,84,178.125807
-50.909756,82,178.139249
-31.12462,28,178.143934
-78.384421,123,178.164122
-28.539994,37,178.170389
-47.860349,74,178.183145
-36.977644,50,178.191483
-38.042465,60,178.201264
-62.189013,81,178.216152
-27.525573,53,178.225143
-65.89645,65,178.236046
-24.098782,31,178.241261
-173.477109,123,178.26156
-79.467268,68,178.272994
-69.564038,58,178.2826
-68.09785,95,178.298414
-62.358941,67,178.31048
-37.219586,90,178.325385
-45.611468,58,178.335223
-89.745646,90,178.350181
-51.246167,65,178.655902
-60.345126,101,178.673208
-82.791344,125,178.694323
-50.309078,54,178.703546
-45.760825,75,178.716433
-82.312328,83,178.731218
-70.355818,108,178.749972
-126.251373,144,178.773977
-52.027189,92,178.789346
-63.81247,51,178.79802
-84.916792,100,178.814763
-108.15403,78,178.828051
-76.91288,133,178.851429
-116.31513,80,178.864899
-45.542776,48,178.873084
-147.293921,145,178.89753
-48.111542,72,178.909495
-52.821363,59,178.919506
-25.696961,24,178.923603
-49.836536,112,178.943379
-83.34444,103,178.96112
-61.899549,79,178.974318
-72.351225,106,178.992158
-90.854247,132,179.014645
-56.388723,67,179.025833
-29.388235,36,179.031829
-89.636205,119,179.052296
-139.761632,169,179.104263
-87.903327,71,179.116398
-38.366145,36,179.122649
-33.097631,34,179.128495
-25.00248,28,179.13326
-52.913218,43,179.140403
-63.84662,85,179.155539
-66.765745,63,179.167059
-27.932235,56,179.176678
-31.359289,67,179.187868
-65.062504,107,179.20521
-37.435176,49,179.213393
-82.755458,84,179.227502
-80.826873,123,179.247956
-91.094631,114,179.267695
-109.915367,144,179.291592
-62.521835,106,179.30935
-94.165579,123,179.329975
-35.482164,91,179.345133
-52.307299,70,179.356653
-36.0329,63,179.652696
-134.231227,140,179.676294
-97.933996,123,179.698654
-37.801914,72,179.710494
-64.500579,72,179.722415
-61.406018,98,179.739119
-35.884846,61,179.749599
-53.899142,46,179.757345
-82.157631,71,179.769203
-35.717004,58,179.778861
-39.938708,38,179.78518
-60.029066,63,179.797071
-38.118653,99,179.813845
-38.141937,65,179.824726
-24.101767,41,179.831773
-63.921966,43,179.838995
-50.883903,70,179.850604
-24.259879,32,179.855994
-55.217604,67,179.867105
-115.999392,101,179.883767
-44.541164,60,179.894484
-44.607724,42,179.901717
-42.162002,42,179.908789
-46.202781,50,179.917284
-61.64634,58,179.926996
-29.385666,28,179.931662
-80.113643,121,179.951566
-35.310644,51,179.960175
-43.676192,40,179.966873
-88.028644,112,179.985425
-46.286309,110,180.004667
-92.742184,129,180.026463
-34.073515,46,180.034206
-68.37734,96,180.050145
-62.838821,81,180.063622
-46.300387,69,180.074957
-34.535825,41,180.081756
-47.79974,56,180.090865
-34.62862,40,180.097583
-52.292057,80,180.111783
-65.111558,119,180.131644
-106.075584,133,180.15332
-95.822794,94,180.169096
-52.283026,53,180.178115
-95.208994,81,180.191664
-55.855278,63,180.202378
-43.846468,117,180.222965
-79.828953,102,180.240198
-43.424836,73,180.252251
-139.648982,121,180.272
-74.397628,90,180.286966
-68.333272,72,180.298931
-29.536144,37,180.304988
-26.664576,40,180.31151
-35.865479,40,180.319076
-47.680795,99,180.336224
-28.366384,60,180.624123
-71.662572,104,180.643751
-28.889218,34,180.649858
-38.761411,86,180.664317
-83.355715,94,180.679895
-34.591126,39,180.686562
-27.106111,40,180.693496
-58.751311,86,180.708477
-57.994574,79,180.721987
-34.51399,55,180.732419
-44.49247,84,180.747144
-50.352353,51,180.755865
-74.644083,99,180.772457
-26.526608,35,180.778345
-43.068593,65,180.789262
-33.550771,43,180.796712
-44.013025,61,180.807253
-73.427609,102,180.824325
-20.013469,21,180.827921
-36.978933,45,180.836451
-71.780905,77,180.849857
-27.521699,64,180.860503
-26.953141,43,180.867803
-59.280883,54,180.876888
-35.828152,52,180.885667
-127.868975,138,180.908331
-56.063282,49,180.916488
-73.24791,83,180.93018
-28.94979,39,180.936714
-63.690589,59,180.947337
-91.558101,103,180.964992
-40.140587,59,180.975045
-88.509487,140,180.998468
-33.876934,66,181.009835
-55.414281,65,181.020672
-36.072213,54,181.029633
-26.418794,34,181.035311
-89.111316,67,181.046532
-37.468429,54,181.056551
-42.548859,50,181.065
-114.819992,132,181.086588
-93.926467,76,181.09917
-55.233003,66,181.110136
-28.610192,62,181.120521
-37.579893,44,181.12794
-40.002368,59,181.138108
-23.9559,43,181.145446
-29.576604,50,181.155075
-54.099734,62,181.166597
-52.768259,86,181.181467
-73.050353,100,181.198512
-109.291389,100,181.215602
-31.940464,22,181.219434
-45.007652,92,181.234949
-33.793685,63,181.245556
-51.369387,71,181.257221
-43.380693,62,181.268842
-21.072329,42,181.27603
-115.674255,116,181.295748
-52.272232,83,181.309603
-77.805182,85,181.622666
-64.162563,67,181.634571
-75.047124,56,181.644285
-38.24533,45,181.652465
-101.170741,115,181.672108
-118.760453,132,181.696088
-71.521642,58,181.705884
-50.383874,80,181.719353
-27.23547,33,181.72499
-50.065363,67,181.736132
-144.248455,139,181.759117
-71.425924,123,181.779733
-40.389831,48,181.788702
-92.652754,132,181.811421
-53.154327,60,181.821961
-110.562835,122,181.843139
-24.820384,22,181.847577
-47.462904,47,181.85553
-74.768752,86,181.869938
-46.142807,74,181.882322
-54.200737,76,181.896363
-78.236005,60,181.906989
-75.605848,106,181.925154
-30.492908,42,181.932419
-40.079628,41,181.939283
-75.897773,109,181.957206
-173.413471,167,181.984705
-76.82396,91,182.000781
-49.052317,99,182.017753
-62.13376,93,182.033018
-38.644952,52,182.041576
-41.209954,64,182.052132
-41.944496,40,182.058833
-71.126991,92,182.074011
-35.679333,78,182.086925
-37.678714,78,182.099768
-70.61961,97,182.117223
-49.007978,57,182.127113
-48.34588,64,182.137839
-54.349315,79,182.150856
-38.571743,41,182.157634
-29.822415,38,182.163957
-33.163491,48,182.17191
-54.882139,88,182.186778
-58.991486,55,182.196192
-36.211475,39,182.20252
-41.853328,81,182.217285
-39.241652,79,182.230764
-50.309122,106,182.248298
-35.737164,73,182.260583
-46.911041,59,182.270527
-66.994986,91,182.285734
-50.810721,79,182.299025
-94.522239,88,182.31454
-117.83317,122,182.612138
-34.139832,40,182.619505
-72.553755,81,182.634516
-40.423224,57,182.644776
-41.529171,58,182.655264
-43.174502,69,182.66723
-61.521241,115,182.686731
-30.716043,32,182.692217
-45.94711,77,182.705461
-44.041969,57,182.715059
-86.093052,96,182.731132
-64.013673,73,182.744612
-123.272297,108,182.762984
-33.926394,104,182.780355
-77.296506,60,182.790377
-48.358742,70,182.80205
-37.368777,41,182.80888
-55.472473,69,182.820318
-61.665372,53,182.829072
-43.523509,53,182.837771
-78.71432,114,182.857757
-66.791465,69,182.869753
-114.886958,119,182.894378
-90.590977,90,182.910293
-73.420215,88,182.927832
-85.115116,129,182.952414
-79.992624,94,182.97336
-47.866977,59,182.98424
-55.491867,67,182.995808
-145.082915,83,183.012855
-64.715952,75,183.030329
-51.685984,80,183.044053
-57.976868,83,183.062039
-54.009406,56,183.072061
-117.977232,116,183.092569
-116.982255,108,183.11136
-42.823736,87,183.129854
-25.932629,35,183.136015
-31.576233,33,183.141731
-31.558166,32,183.147371
-99.238269,148,183.179047
-105.641932,115,183.198765
-44.580161,80,183.212477
-56.909636,57,183.222118
-137.337451,132,183.249757
-55.437839,75,183.262424
-46.286123,82,183.277984
-58.989153,73,183.290673
-56.746223,61,183.30584
-19.519562,23,183.311359
-99.200734,94,183.327744
-51.466036,87,183.342718
-26.62881,38,183.349559
-42.785397,81,183.709941
-46.540169,55,183.720926
-64.349053,123,183.742658
-34.687132,58,183.753012
-71.462366,68,183.764343
-69.006551,88,183.778608
-109.527053,153,183.804757
-46.745905,72,183.817178
-59.570537,67,183.828288
-31.566803,28,183.832939
-50.937001,94,183.848459
-35.027778,52,183.857314
-67.817139,116,183.876527
-48.502195,94,183.891936
-43.091704,74,183.90551
-84.396471,85,183.919775
-64.513504,76,183.932278
-24.546162,49,183.940406
-58.506555,61,183.950315
-60.339202,89,183.964823
-34.155208,43,183.971876
-94.135402,148,183.995918
-60.657395,95,184.013376
-25.886282,44,184.02094
-51.224559,73,184.032972
-46.955297,47,184.040749
-49.759377,94,184.056215
-160.791448,136,184.078789
-109.147611,90,184.093816
-77.632349,121,184.115124
-36.66766,58,184.125484
-36.384942,85,184.139959
-40.460305,44,184.147532
-55.03924,104,184.164943
-53.374121,99,184.181506
-83.491623,86,184.195677
-92.521732,67,184.206598
-57.961872,70,184.21903
-64.191893,65,184.231038
-64.697379,96,184.247044
-72.516151,68,184.258304
-38.298974,50,184.266639
-58.822557,76,184.279058
-37.21203,44,184.28648
-84.446991,84,184.30044
-115.50814,127,184.322111
-67.232162,93,184.338154
-84.708576,96,184.354155
-63.24945,95,184.369812
-43.316479,38,184.376193
-50.525644,66,184.387073
-97.405459,122,184.688448
-57.533817,52,184.697269
-75.493527,84,184.711434
-66.913452,74,184.723917
-37.88996,48,184.732047
-23.925331,24,184.736109
-49.554425,51,184.745452
-56.184716,87,184.778345
-68.203164,96,184.799108
-50.313994,54,184.808056
-25.504097,77,184.820944
-26.270054,38,184.827379
-41.222005,70,184.838938
-49.877667,76,184.85258
-125.193441,112,184.871445
-96.858369,106,184.889393
-68.843704,110,184.907786
-45.172669,53,184.916631
-65.877781,73,184.928565
-36.171958,64,184.939151
-28.795463,52,184.947839
-105.715683,110,184.967464
-25.301938,27,184.972012
-56.708341,92,184.987736
-69.952794,66,184.998982
-41.731934,56,185.008564
-67.276049,85,185.030036
-58.644987,51,185.038868
-81.724733,108,185.057405
-31.33944,65,185.07123
-69.636974,97,185.088248
-46.329664,86,185.1033
-101.081539,76,185.116468
-50.899947,97,185.132997
-47.19865,89,185.164828
-61.459715,98,185.182405
-33.79786,40,185.189304
-31.922871,79,185.203822
-48.264791,73,185.216593
-50.238067,61,185.226991
-65.899969,89,185.242666
-69.780941,59,185.252983
-29.835628,41,185.260005
-71.942838,52,185.269008
-59.000428,76,185.283095
-54.211847,59,185.292941
-53.825679,63,185.303413
-115.60669,186,185.334169
-78.685145,97,185.349986
-67.006884,86,185.364554
-35.409075,32,185.37003
-64.750107,114,185.390478
-63.147474,65,185.41383
-34.603543,61,185.427479
-47.519861,78,185.717238
-90.530576,88,185.732435
-27.833712,31,185.73781
-92.707169,115,185.757046
-48.145834,82,185.771102
-22.480139,41,185.778336
-29.832962,36,185.784482
-145.992761,122,185.805631
-64.302507,47,185.813921
-107.823151,108,185.832193
-74.529157,62,185.842621
-87.212479,76,185.85524
-71.641278,108,185.872903
-45.821826,74,185.885242
-42.278866,53,185.894178
-42.574471,69,185.906703
-62.469165,55,185.916395
-67.870179,96,185.932103
-68.343542,58,185.941571
-35.756491,46,185.94914
-25.370044,40,185.955708
-60.604192,107,185.9738
-90.83387,150,185.998754
-31.65201,55,186.00883
-37.938308,51,186.017631
-68.700965,78,186.031024
-46.825159,56,186.040379
-29.905499,55,186.049735
-31.082741,31,186.054984
-93.798673,63,186.065576
-36.452525,80,186.07898
-52.275531,99,186.095298
-117.233435,96,186.1114
-74.180485,67,186.123538
-129.647923,93,186.13918
-84.021216,99,186.155778
-43.550565,69,186.16722
-34.472803,53,186.176145
-60.556815,56,186.185667
-26.456574,41,186.192566
-41.674916,75,186.205175
-35.991722,49,186.21341
-85.98259,97,186.230639
-60.960739,56,186.240239
-122.108201,160,186.267238
-31.850933,43,186.274498
-72.675519,69,186.286112
-53.67523,113,186.305065
-75.690842,123,186.327142
-62.966487,65,186.338728
-46.34916,56,186.348723
-147.595549,189,186.381148
-42.518278,57,186.39102
-50.750404,63,186.401704
-140.400228,109,186.719831
-91.624663,87,186.735219
-88.471464,97,186.753927
-60.995066,54,186.764109
-127.046874,116,186.784491
-64.85639,71,186.79732
-37.547011,79,186.810756
-72.946227,122,186.832319
-27.073765,36,186.838734
-57.472283,61,186.849431
-24.230561,28,186.855213
-73.342484,85,186.869775
-24.586637,38,186.87623
-32.118899,45,186.883686
-81.778594,99,186.900147
-97.216603,121,186.920302
-35.717011,31,186.925534
-64.613924,99,186.941838
-75.843105,99,186.958013
-38.07915,84,186.973356
-54.200125,66,186.984833
-48.723837,50,186.993358
-108.195976,80,187.006968
-30.008404,68,187.018645
-25.777947,30,187.023712
-65.914291,62,187.034663
-124.8348,120,187.054863
-68.005684,79,187.069351
-86.393223,103,187.087344
-92.066858,115,187.107795
-92.694578,136,187.131004
-107.58841,137,187.153723
-59.750806,52,187.162355
-43.574656,49,187.171789
-35.362089,55,187.181387
-56.976607,61,187.191685
-52.789692,75,187.204309
-27.296664,88,187.21895
-111.350684,146,187.243072
-67.124289,59,187.252924
-39.984526,51,187.261431
-33.535589,41,187.268515
-88.103651,76,187.282253
-57.235738,106,187.300268
-56.648658,111,187.31872
-57.17258,73,187.330831
-46.209724,93,187.346619
-53.381717,78,187.359814
-23.766388,28,187.364572
-39.34514,34,187.370259
-76.778765,124,187.39205
-43.421313,88,187.407331
-129.655649,121,187.720079
-37.918252,43,187.72728
-91.095804,136,187.749482
-25.493974,42,187.756503
-70.511699,131,187.778204
-95.103164,108,187.79646
-30.008449,40,187.80422
-40.964435,47,187.8126
-98.419754,77,187.825509
-47.441469,55,187.834617
-71.339391,112,187.852898
-57.534509,59,187.862626
-30.532347,59,187.872376
-28.477258,36,187.878308
-57.103747,73,187.890321
-33.768435,73,187.902418
-72.474565,93,187.918843
-84.806987,120,187.938629
-49.85503,71,187.95045
-37.733313,95,187.966104
-79.30973,83,187.979839
-38.180096,48,187.987719
-46.038882,80,188.000921
-52.840204,73,188.01298
-46.696287,79,188.027603
-35.737462,55,188.037128
-169.066392,143,188.060519
-70.096898,82,188.074161
-29.00631,54,188.083363
-33.714879,68,188.09493
-84.985192,109,188.113203
-79.601802,104,188.131238
-53.645635,54,188.140442
-59.701644,81,188.153802
-61.145938,91,188.168594
-71.918264,95,188.183977
-36.611729,47,188.191643
-75.021382,111,188.210196
-131.911243,139,188.234305
-35.704049,47,188.242319
-48.118718,97,188.258716
-44.91338,43,188.265961
-80.569923,83,188.27966
-52.286855,66,188.290951
-89.423673,89,188.306104
-95.38526,76,188.318927
-55.338137,71,188.331858
-28.828697,43,188.339311
-36.845368,63,188.349889
-39.963189,97,188.365644
-81.81364,97,188.381388
-49.72529,66,188.392075
-41.730682,48,188.698239
-63.548205,114,188.718015
-41.131836,74,188.730486
-41.865331,56,188.739713
-39.437322,75,188.751989
-113.153873,116,188.77295
-58.085216,67,188.784394
-84.591444,113,188.803254
-58.406413,75,188.815886
-46.229578,47,188.823715
-33.137735,34,188.829619
-43.559592,81,188.842923
-46.807747,46,188.850498
-32.307981,36,188.856457
-69.175387,57,188.867109
-60.569497,77,188.88107
-69.141307,94,188.897269
-77.12538,114,188.916626
-29.627555,41,188.923762
-22.380099,19,188.927112
-70.85452,89,188.941951
-67.495,93,188.95728
-35.617881,49,188.966116
-61.993874,79,188.979706
-47.197445,83,188.993534
-110.919216,113,189.012835
-46.954081,82,189.026913
-69.891457,115,189.04608
-78.922462,97,189.062583
-95.393114,93,189.078987
-61.593075,62,189.089563
-31.575895,39,189.096189
-36.219674,54,189.105152
-75.907463,56,189.11459
-48.221694,79,189.127903
-126.579851,118,189.14746
-23.552679,22,189.151118
-41.759954,68,189.162291
-17.154546,24,189.166563
-81.221175,72,189.179524
-92.720505,99,189.196415
-32.654447,48,189.204471
-68.144524,72,189.216421
-36.337768,43,189.223541
-77.856294,95,189.239286
-32.247203,39,189.245735
-73.835004,73,189.257668
-48.63141,51,189.265993
-44.641932,58,189.275362
-21.978994,37,189.282225
-62.467525,61,189.292724
-71.913238,111,189.310835
-68.991328,76,189.323118
-67.047974,95,189.338373
-75.890733,81,189.351595
-98.612704,139,189.374254
-50.943634,53,189.382918
-91.235978,101,189.678511
-71.097714,115,189.698161
-108.454504,146,189.72428
-74.134959,63,189.73514
-77.477681,104,189.752881
-56.877213,85,189.767223
-97.781329,112,189.785863
-74.960404,85,189.800132
-39.836612,80,189.814656
-83.01036,72,189.826779
-84.696765,114,189.845472
-65.407609,83,189.858989
-46.689838,77,189.872047
-82.955971,106,189.889786
-45.448608,51,189.898332
-34.553141,74,189.910678
-88.788135,61,189.921972
-81.52525,85,189.936402
-39.053634,60,189.946446
-48.364525,66,189.9574
-46.1625,87,189.971778
-105.497641,110,189.989828
-56.878195,41,189.996695
-38.087713,53,190.005599
-42.630199,72,190.017601
-42.586643,61,190.028912
-56.713581,63,190.039688
-120.2414,152,190.065309
-58.908886,57,190.07496
-35.303447,43,190.082292
-77.427114,102,190.099104
-78.293106,101,190.115942
-40.166529,40,190.122724
-88.290884,107,190.141817
-46.238477,83,190.155555
-42.144858,41,190.162363
-47.409396,68,190.173772
-48.489485,61,190.183891
-33.452151,36,190.189805
-24.530368,37,190.195998
-104.990212,123,190.215997
-54.289894,95,190.232436
-36.755626,43,190.239689
-50.263529,82,190.253351
-55.338243,68,190.264753
-78.778617,98,190.281228
-80.534828,94,190.296963
-33.786927,45,190.30446
-45.304679,42,190.311406
-63.565837,79,190.324473
-39.266694,99,190.341655
-38.541458,71,190.353837
-59.206036,50,190.641422
-38.454679,73,190.655192
-71.350529,101,190.672682
-34.726962,92,190.688508
-52.394807,68,190.699995
-68.969822,67,190.711299
-35.582443,96,190.72739
-60.934401,58,190.737213
-28.956228,52,190.746035
-62.090568,82,190.760527
-47.040652,73,190.773176
-57.984194,102,190.790444
-49.756558,45,190.798146
-60.994853,115,190.81773
-25.936365,63,190.828327
-81.664987,138,190.851586
-58.020879,84,190.866715
-35.044448,82,190.881017
-54.150607,87,190.896023
-40.308015,96,190.912087
-89.04115,128,190.933773
-79.966615,105,190.95127
-51.857392,69,190.96274
-35.541078,34,190.968447
-111.474037,157,190.995752
-92.828434,103,191.013078
-67.776116,95,191.028953
-50.192032,93,191.044478
-42.070556,39,191.051094
-70.186352,83,191.064788
-77.164609,118,191.086275
-32.032696,59,191.096838
-38.771981,37,191.103349
-45.572501,62,191.114092
-35.340708,41,191.120907
-31.525419,44,191.128183
-41.911986,59,191.137924
-36.578934,49,191.145971
-68.470759,87,191.160884
-73.33219,80,191.174619
-39.843079,95,191.191621
-42.610781,53,191.200717
-29.751774,58,191.210282
-55.072427,73,191.222678
-50.400028,44,191.230243
-27.038188,30,191.235235
-47.26383,51,191.243844
-70.75284,109,191.26185
-57.583103,50,191.270206
-68.349397,114,191.289864
-59.360865,78,191.303472
-35.717565,86,191.318068
-94.331211,105,191.335414
-64.196083,109,191.634282
-57.273187,67,191.645579
-92.495935,105,191.664538
-28.410463,40,191.671695
-39.163639,77,191.686199
-57.401493,75,191.69957
-26.950808,43,191.706911
-75.648169,77,191.721519
-47.402545,58,191.73173
-68.552738,69,191.743374
-39.039412,44,191.750991
-34.282213,83,191.765062
-113.215041,140,191.788799
-99.838903,113,191.80772
-47.196037,96,191.825313
-40.315591,47,191.833463
-40.342418,46,191.841322
-63.282861,84,191.855565
-43.308492,40,191.862379
-38.109081,91,191.877541
-66.831386,78,191.891059
-86.981892,135,191.91441
-38.748645,57,191.925141
-72.240765,102,191.942689
-90.86339,117,191.962322
-157.476503,122,191.983823
-25.513665,43,191.991131
-39.15631,62,192.001393
-42.595531,47,192.009171
-26.163818,35,192.015297
-38.980056,63,192.026531
-86.878687,95,192.042989
-52.36157,40,192.049932
-48.811947,72,192.062102
-69.340578,58,192.071888
-47.233532,79,192.085032
-37.389568,49,192.093134
-80.424572,102,192.109744
-121.047114,165,192.137834
-84.058303,73,192.150238
-78.737942,95,192.165825
-140.212724,135,192.18807
-58.536513,71,192.200103
-37.205271,52,192.208735
-37.549401,35,192.214572
-71.165102,92,192.230137
-33.051024,32,192.235482
-26.164452,67,192.247685
-47.074069,55,192.256955
-96.794851,109,192.274948
-75.350414,76,192.287804
-83.109833,137,192.310279
-68.829108,117,192.607847
-23.297975,50,192.617252
-86.776848,99,192.634314
-45.113513,57,192.643854
-63.494211,104,192.66234
-34.93788,42,192.669845
-55.915194,98,192.687232
-98.410657,101,192.704407
-97.038287,144,192.727882
-50.696572,77,192.740705
-26.546407,50,192.749042
-62.833014,85,192.762884
-37.574192,44,192.771023
-69.020686,76,192.7842
-102.465864,92,192.799633
-52.555993,82,192.813657
-58.496485,83,192.827719
-41.533553,57,192.837135
-35.736175,44,192.844377
-47.543909,103,192.861079
-86.160496,123,192.882682
-47.621997,80,192.896317
-54.626129,62,192.906391
-40.392899,32,192.911677
-36.385389,60,192.921557
-124.051262,99,192.937548
-78.799387,58,192.94705
-39.739604,37,192.953267
-33.487627,88,192.9678
-59.304896,90,192.983664
-94.178882,104,193.001338
-79.505389,76,193.013756
-123.685193,149,193.038481
-104.571238,103,193.056118
-38.320717,64,193.066962
-99.569943,107,193.086241
-33.472923,42,193.093724
-31.801926,60,193.104293
-70.083494,80,193.11805
-45.4809,42,193.125205
-47.92403,76,193.137725
-31.586806,82,193.15147
-135.934059,129,193.17271
-37.799356,84,193.186426
-29.299584,62,193.198028
-52.788139,57,193.207464
-76.412701,129,193.228729
-62.656874,86,193.243027
-43.462375,70,193.255084
-43.414762,37,193.261405
-36.638861,64,193.272178
-51.154336,96,193.288183
-35.222647,50,193.56299
-84.032458,140,193.588345
-83.832287,81,193.602786
-43.79322,46,193.610764
-63.875985,113,193.631438
-57.483624,66,193.642612
-60.747456,88,193.657336
-32.540124,43,193.664703
-118.402715,127,193.686081
-62.328438,71,193.698026
-37.924583,64,193.708775
-27.524602,41,193.71561
-45.967781,42,193.722651
-53.523034,65,193.734819
-122.343697,146,193.759371
-22.783275,41,193.766316
-66.630923,87,193.780895
-151.613805,140,193.80421
-34.31654,92,193.819419
-99.097173,145,193.844479
-28.442508,66,193.855487
-60.228013,95,193.871378
-54.395213,74,193.88381
-177.60974,155,193.9097
-51.656545,85,193.923759
-75.886787,127,193.945637
-124.830399,94,193.961174
-60.523244,84,193.975142
-98.422397,124,193.996088
-61.793918,108,194.014182
-31.175721,44,194.021628
-118.884416,120,194.041706
-74.57134,101,194.059515
-50.554418,54,194.068561
-59.426405,87,194.082825
-33.791342,68,194.093968
-38.287595,73,194.106249
-40.369152,53,194.115093
-132.670175,134,194.136994
-129.467253,108,194.156144
-45.133785,73,194.168458
-92.33991,98,194.185047
-59.60079,70,194.196915
-106.185918,118,194.216639
-35.49188,48,194.224757
-64.03795,81,194.238629
-113.745901,110,194.529143
-41.891077,70,194.541295
-76.110387,112,194.560402
-38.28374,45,194.568294
-37.102627,46,194.577569
-36.493961,37,194.585457
-45.203972,86,194.601096
-56.908291,62,194.611761
-41.160804,52,194.620948
-58.10331,96,194.637181
-41.780902,105,194.654845
-48.908225,109,194.673006
-33.166387,37,194.680326
-44.565351,71,194.692892
-56.378071,63,194.703492
-121.533194,122,194.72354
-36.461962,66,194.734533
-105.807979,98,194.750515
-63.064877,63,194.760931
-59.69544,56,194.770163
-41.536764,39,194.776584
-45.516823,48,194.785308
-47.457062,68,194.796821
-55.705098,80,194.810328
-55.064679,63,194.820947
-25.553865,33,194.826525
-48.545382,86,194.840966
-36.1851,41,194.847935
-107.193621,79,194.860948
-72.092506,73,194.873254
-120.348614,149,194.899195
-46.539904,57,194.908834
-78.932059,102,194.925433
-50.920984,55,194.93447
-41.703294,40,194.940916
-51.46589,116,194.95999
-82.936911,72,194.971788
-55.018285,54,194.980573
-64.148165,87,194.995394
-36.848723,36,195.001667
-57.449299,68,195.012914
-51.270766,60,195.023096
-142.825921,115,195.042434
-35.757626,45,195.050072
-27.26694,33,195.055582
-48.655307,75,195.06816
-33.46904,34,195.073888
-28.67049,27,195.078449
-94.195635,84,195.092365
-34.159844,35,195.099069
-53.383787,50,195.107578
-26.456257,30,195.112712
-89.683868,106,195.130396
-34.731701,68,195.141646
-96.355625,126,195.162344
-56.961997,38,195.168707
-23.43801,34,195.174284
-41.113049,64,195.184813
-82.468024,108,195.203715
-76.806215,104,195.498901
-101.671181,156,195.526566
-45.78162,52,195.535744
-28.678999,76,195.549257
-62.985682,92,195.565215
-26.969902,39,195.571874
-31.062258,53,195.582223
-102.627528,109,195.601204
-74.14809,99,195.618521
-58.589652,62,195.630303
-98.2666,117,195.650758
-25.68528,31,195.656155
-48.468914,103,195.673341
-30.071976,83,195.68719
-51.836362,78,195.700161
-38.966467,61,195.71033
-28.880006,31,195.715639
-37.904669,58,195.728727
-111.922973,145,195.753989
-46.447879,53,195.762668
-54.282654,95,195.77795
-43.882539,38,195.784048
-67.040176,98,195.800197
-32.668697,65,195.811058
-151.609425,108,195.829059
-43.373126,47,195.837604
-67.690082,76,195.850584
-82.972366,99,195.866495
-41.887916,62,195.876574
-48.084446,105,195.893528
-77.561934,140,195.916747
-77.82723,119,195.936152
-35.206985,42,195.944038
-48.313061,38,195.950763
-30.822262,30,195.956075
-22.270338,30,195.961265
-43.76946,49,195.969635
-100.344958,66,195.980885
-68.545967,96,195.996945
-41.674684,53,196.005727
-74.020371,76,196.018015
-79.107879,79,196.03081
-55.167426,98,196.047374
-40.946295,41,196.054607
-44.665298,60,196.06471
-109.427693,114,196.083608
-47.036673,83,196.097495
-42.65842,109,196.115759
-58.761887,66,196.126758
-33.937299,77,196.139541
-30.329605,83,196.154214
-22.219709,55,196.163855
-27.67764,42,196.170982
-59.706151,119,196.191167
-97.174809,120,196.491839
-40.440012,66,196.503074
-32.057493,72,196.515118
-68.122045,77,196.528306
-147.575153,97,196.544646
-61.110447,49,196.553251
-53.238675,70,196.565073
-28.9816,55,196.574326
-55.115631,96,196.594981
-80.331622,71,196.607557
-74.974353,106,196.626205
-90.572278,140,196.650349
-32.890363,88,196.665593
-109.162413,143,196.690552
-72.013064,46,196.698624
-115.797573,98,196.715006
-29.114835,59,196.724795
-55.675873,65,196.735416
-30.346448,51,196.743909
-91.170105,102,196.760294
-75.882632,55,196.769303
-41.84832,87,196.783506
-62.568866,71,196.796679
-27.782619,54,196.805719
-60.047496,90,196.820593
-76.813035,60,196.831799
-99.748987,102,196.84928
-103.904197,92,196.864724
-75.09759,65,196.875456
-47.625415,80,196.888776
-30.997436,46,196.897321
-51.585313,53,196.906569
-41.148887,77,196.919388
-61.018073,69,196.930593
-43.536164,104,196.947611
-48.174327,79,196.960883
-49.169981,53,196.969774
-45.787829,51,196.978228
-47.436577,50,196.986597
-112.982459,97,197.004534
-88.701945,118,197.024896
-49.043507,59,197.035041
-44.197663,82,197.04923
-96.358194,88,197.064411
-43.38269,87,197.078886
-109.031414,92,197.094698
-69.650035,95,197.112644
-75.239103,160,197.160112
-92.541082,123,197.180934
-33.773635,44,197.188398
-56.624558,92,197.46585
-37.255427,69,197.477912
-122.571081,109,197.495836
-40.14162,60,197.506495
-38.705286,72,197.518561
-158.465763,150,197.545418
-25.849355,50,197.555061
-85.959909,97,197.572947
-20.823475,25,197.577395
-28.909565,37,197.585085
-65.617589,63,197.5964
-101.664512,87,197.611256
-51.338809,44,197.619059
-83.949394,118,197.640243
-45.311076,97,197.656677
-35.086266,42,197.663827
-31.706548,38,197.670378
-31.787623,32,197.675799
-104.990169,97,197.692049
-57.460857,70,197.703944
-33.621248,61,197.714239
-25.60239,36,197.720171
-74.32327,72,197.732029
-28.115395,42,197.739785
-53.618505,50,197.748459
-68.518837,71,197.76052
-86.67918,79,197.77357
-28.443198,50,197.781825
-49.913827,83,197.795503
-47.995903,77,197.808223
-114.037624,132,197.830172
-118.200178,131,197.85294
-36.833444,54,197.86198
-103.809263,127,197.883744
-47.314422,40,197.890471
-68.053869,89,197.905229
-24.271503,39,197.911718
-49.46353,82,197.925401
-31.553212,46,197.93322
-35.899828,67,197.944589
-59.582129,111,197.964257
-64.193287,62,197.974465
-55.218963,75,197.986963
-80.194521,97,198.002989
-56.564289,54,198.01223
-36.016418,57,198.021856
-55.697711,57,198.031502
-95.536709,117,198.050956
-64.539638,52,198.060601
-55.290786,63,198.071568
-95.61671,67,198.082868
-42.459361,34,198.088588
-85.40211,98,198.104891
-34.568481,53,198.113864
-55.197274,61,198.124114
-45.833316,53,198.133018
-55.152189,71,198.144812
-89.540354,140,198.43603
-87.548581,143,198.460493
-63.541444,83,198.475441
-81.229846,87,198.490465
-65.856009,115,198.510067
-26.288426,33,198.515873
-84.611888,85,198.530257
-138.559392,117,198.550362
-38.651166,59,198.560497
-81.212488,122,198.583321
-56.250213,78,198.597974
-70.694652,75,198.610902
-36.474581,67,198.622469
-24.274954,32,198.627885
-49.469993,82,198.642219
-44.664819,70,198.654225
-120.630345,146,198.678857
-76.402756,113,198.699569
-90.107938,93,198.715564
-50.247679,73,198.728071
-125.337552,108,198.74638
-24.947952,48,198.754369
-38.553763,65,198.765374
-92.203693,80,198.778746
-49.524518,72,198.790695
-37.788231,47,198.799665
-92.707345,134,198.821855
-87.227022,90,198.837005
-40.420191,50,198.845407
-63.158945,62,198.855719
-98.941546,130,198.87713
-54.355721,92,198.892787
-70.852536,76,198.90644
-43.462977,82,198.920088
-31.490467,77,198.932785
-61.598428,85,198.946711
-48.073416,48,198.954631
-88.263269,93,198.970193
-44.367737,49,198.978372
-62.739953,60,198.988269
-99.005337,111,199.008024
-43.976641,47,199.016473
-69.513547,73,199.028883
-29.711834,37,199.035065
-50.74318,57,199.044313
-38.164664,64,199.054784
-73.954162,71,199.066492
-102.120517,118,199.085829
-23.643849,62,199.096072
-48.978142,75,199.109173
-89.220448,124,199.130497
-85.802344,91,199.413849
-70.982884,80,199.428191
-62.050948,101,199.445521
-92.938963,93,199.461596
-99.392987,126,199.482921
-72.023795,57,199.49266
-109.768101,101,199.509794
-53.649571,56,199.519233
-65.14255,91,199.53543
-41.464611,49,199.544004
-74.849964,79,199.557755
-52.343091,69,199.569874
-38.197167,71,199.583629
-77.871565,70,199.595566
-80.492819,86,199.610147
-73.19301,87,199.625161
-87.029515,72,199.638251
-175.468977,132,199.660869
-38.328482,72,199.673148
-34.714322,50,199.681529
-41.167265,89,199.696213
-134.315786,164,199.723412
-32.658605,42,199.730437
-87.060632,126,199.752564
-51.794765,78,199.765605
-77.786489,88,199.780356
-68.069228,131,199.802429
-28.848641,46,199.810252
-81.382776,101,199.82719
-95.297351,99,199.843998
-99.269922,74,199.857802
-44.486713,78,199.870951
-134.684254,139,199.894294
-77.912391,100,199.911262
-88.451073,141,199.934471
-66.173428,84,199.948505
-75.727596,104,199.96705
-40.540819,69,199.97836
-101.962359,105,199.995641
-89.919955,119,200.015558
-54.580621,86,200.029863
-39.048478,58,200.039531
-31.165447,54,200.04845
-32.941757,60,200.059044
-49.174041,73,200.071787
-56.892026,77,200.084764
-86.794862,139,200.378204
-85.324902,92,200.394562
-50.394922,64,200.405296
-73.807707,67,200.416261
-81.024594,97,200.432238
-37.008794,61,200.442779
-42.328069,45,200.450393
-69.923519,118,200.469721
-49.364365,76,200.483096
-32.89988,52,200.492013
-79.28919,99,200.508872
-34.409517,33,200.514658
-89.784081,124,200.534975
-77.263309,99,200.551742
-46.467292,73,200.564711
-51.575318,47,200.573432
-39.050451,83,200.58972
-41.809504,90,200.605576
-67.306651,99,200.622475
-118.266408,124,200.643964
-134.332851,131,200.667029
-57.977704,75,200.67965
-134.401864,100,200.697226
-113.961834,108,200.715527
-97.725821,122,200.735612
-57.942931,82,200.748975
-24.387125,44,200.756552
-34.214295,66,200.767568
-30.07607,31,200.772588
-30.397427,60,200.78232
-25.848861,27,200.786725
-69.78828,109,200.805744
-46.826189,81,200.819496
-61.573984,61,200.82969
-44.5325,79,200.842866
-40.537648,67,200.853995
-76.420498,128,200.875568
-71.880967,72,200.887792
-49.39816,58,200.897797
-106.47084,109,200.917809
-72.808201,105,200.935635
-30.542012,47,200.943713
-63.096919,98,200.960568
-55.398163,132,200.982788
-29.986816,35,200.988738
-44.912829,80,201.002344
-53.542081,98,201.020097
-96.34538,87,201.034793
-107.083643,153,201.060589
-58.86614,89,201.343631
-67.523246,88,201.358914
-49.267111,94,201.374872
-72.881558,58,201.384827
-42.833236,97,201.401023
-41.216102,54,201.410026
-121.780397,122,201.431479
-23.682438,27,201.436228
-44.895552,72,201.448397
-63.596178,54,201.457467
-53.101606,89,201.472379
-39.537549,44,201.479729
-39.690682,41,201.486898
-52.286643,79,201.500131
-55.145226,80,201.513482
-43.612874,51,201.521938
-43.803806,82,201.53633
-116.758586,129,201.559044
-48.10174,33,201.565222
-70.231703,94,201.581323
-97.112499,70,201.594943
-56.15144,44,201.6029
-90.20686,137,201.625995
-59.16956,96,201.643501
-79.59971,108,201.662168
-45.302935,92,201.677748
-156.400666,153,201.70328
-86.06263,98,201.719885
-56.004427,75,201.732603
-131.320697,104,201.751122
-33.702828,68,201.76264
-43.370316,61,201.773007
-74.974161,114,201.791927
-70.909979,54,201.80092
-121.09784,84,201.815017
-35.771926,95,201.831214
-42.279779,52,201.840127
-129.237391,127,201.863123
-46.812838,42,201.870277
-39.966888,47,201.878147
-58.139825,81,201.891565
-68.826689,64,201.902106
-74.638401,94,201.917995
-128.736901,136,201.940988
-39.422691,45,201.948528
-94.095918,136,201.972465
-77.724874,126,201.993382
-48.600391,80,202.006579
-61.32266,109,202.025001
-32.760589,50,202.033577
-56.290625,118,202.330056
-36.093621,57,202.339615
-82.542685,103,202.358011
-31.28043,47,202.366373
-96.860216,125,202.389484
-39.157304,45,202.397536
-67.947525,67,202.40906
-22.567611,43,202.416519
-140.639432,158,202.443048
-103.871214,114,202.462525
-34.074219,48,202.471036
-36.215029,58,202.481539
-86.165047,157,202.508371
-52.229197,83,202.522994
-64.421464,61,202.533307
-54.487196,115,202.553087
-44.307354,68,202.565273
-125.398451,83,202.580413
-30.110981,48,202.590197
-27.080404,61,202.602019
-50.017838,52,202.610753
-38.059131,53,202.619902
-106.512766,118,202.640243
-41.464724,64,202.651204
-111.835806,147,202.675636
-63.286983,75,202.688333
-29.634235,25,202.693366
-54.212258,51,202.702693
-45.748104,56,202.712185
-40.208172,56,202.721463
-70.858181,106,202.738783
-56.343073,76,202.751323
-42.903655,56,202.760548
-63.162093,77,202.773416
-37.921911,92,202.788652
-77.81116,89,202.80472
-78.965518,123,202.825852
-26.222819,41,202.832842
-45.325351,124,202.85356
-44.896585,62,202.864024
-78.99224,75,202.876544
-79.693071,85,202.890703
-28.227356,53,202.900453
-51.02193,94,202.916572
-46.404214,99,202.932923
-71.2919,103,202.950026
-70.182965,106,202.967837
-88.601125,94,202.983624
-95.766844,104,203.00097
-54.400973,44,203.009581
-59.312214,93,203.304764
-49.884417,55,203.314418
-26.368166,28,203.320058
-64.584973,104,203.337987
-67.548883,88,203.352801
-67.222442,80,203.366165
-38.59623,37,203.372264
-48.068507,57,203.381884
-90.935378,140,203.405001
-51.584433,70,203.416602
-29.867755,49,203.424668
-85.829545,98,203.442159
-34.344651,35,203.448322
-69.528167,101,203.465492
-103.048538,134,203.488063
-39.32604,57,203.497739
-48.72025,44,203.505189
-74.103878,75,203.517722
-29.804621,52,203.526516
-88.473559,117,203.54777
-67.338865,68,203.559797
-55.219217,45,203.567577
-98.969634,125,203.589937
-41.154526,40,203.59707
-113.293374,154,203.622829
-30.664148,77,203.635797
-76.570353,77,203.650014
-73.892949,100,203.666601
-26.198413,43,203.67377
-114.486772,100,203.690351
-115.362606,99,203.706988
-74.586591,106,203.724613
-107.308803,121,203.745878
-36.943456,57,203.755888
-30.148387,60,203.766135
-36.62753,55,203.775249
-26.22408,31,203.780406
-110.013239,117,203.799672
-49.200203,67,203.810886
-74.601577,94,203.826518
-87.713888,133,203.849339
-81.899806,110,203.867934
-51.835465,96,203.884106
-62.815412,55,203.893437
-34.090416,59,203.903322
-119.913621,101,203.920193
-51.771311,59,203.930091
-88.523937,122,203.950404
-64.341476,66,203.962637
-34.756603,58,203.972318
-27.695202,41,203.979199
-52.564507,60,203.989034
-50.175371,93,204.277829
-42.668271,40,204.285146
-91.8962,94,204.301282
-23.760478,64,204.312266
-87.669591,102,204.330105
-43.232731,76,204.343004
-35.587137,41,204.349776
-63.007894,120,204.369782
-54.800352,71,204.382998
-39.509409,67,204.394247
-68.437448,92,204.409901
-27.28458,61,204.42027
-32.291002,51,204.428949
-74.11053,119,204.448441
-77.802713,152,204.473357
-46.047875,59,204.484102
-86.134269,76,204.497372
-52.279867,46,204.505249
-68.902161,93,204.520741
-53.96669,90,204.535817
-45.934368,67,204.547324
-50.297217,59,204.557482
-53.419863,47,204.565902
-32.234223,43,204.573233
-124.99058,131,204.59865
-75.561883,85,204.613656
-49.166166,59,204.623773
-58.894649,72,204.636179
-39.035519,46,204.643968
-22.791575,68,204.655682
-125.257034,119,204.67589
-113.615667,153,204.702553
-50.9999,63,204.713425
-37.255876,43,204.720632
-60.46862,93,204.736395
-52.253147,43,204.743806
-44.0198,91,204.759235
-75.809616,104,204.776525
-71.632709,60,204.78651
-93.903324,139,204.810549
-59.397871,73,204.82299
-58.5125,60,204.833048
-40.177876,73,204.845033
-152.987552,146,204.869328
-46.129979,62,204.879877
-45.543329,59,204.889886
-93.972047,68,204.902516
-107.543415,106,204.920511
-33.446262,42,204.92757
-83.795637,75,204.939908
-103.054651,82,204.953334
-38.023593,72,204.965273
-75.924293,117,205.253787
-27.644522,38,205.260203
-49.902611,69,205.271749
-40.584272,84,205.285764
-68.034167,85,205.300007
-88.291196,99,205.317378
-52.529116,57,205.327292
-44.295237,48,205.335677
-32.654515,48,205.343716
-64.541453,92,205.358771
-31.580512,59,205.368339
-48.543324,63,205.37862
-33.895727,49,205.386654
-81.964049,109,205.404656
-42.065439,46,205.412407
-113.015778,132,205.436482
-55.794485,79,205.44986
-43.494322,52,205.458701
-138.678936,131,205.480665
-70.537971,69,205.492111
-56.883591,76,205.505135
-57.0292,93,205.521032
-35.079013,62,205.532307
-61.293017,118,205.552579
-105.977671,113,205.572402
-40.964517,77,205.586586
-66.166011,80,205.60077
-81.313615,99,205.61771
-107.8642,93,205.634708
-72.521859,62,205.645602
-42.98333,47,205.654023
-30.085276,46,205.661797
-84.569453,94,205.677459
-43.888299,62,205.68777
-41.518128,61,205.697924
-57.733809,92,205.713471
-118.165214,122,205.734077
-64.164001,118,205.755027
-62.177419,103,205.77256
-44.466327,95,205.788762
-28.175491,61,205.799112
-24.553052,27,205.803667
-55.771913,72,205.815886
-50.508911,99,205.832348
-25.580372,52,205.840933
-73.054842,76,205.85482
-72.496499,80,205.868308
-52.023491,55,205.877439
-54.014234,59,205.887546
-77.405851,70,205.899441
-27.615114,37,205.90579
-50.204564,116,205.925499
-28.890482,48,205.933744
-46.503853,56,206.212172
-43.647032,41,206.219246
-73.757904,93,206.234916
-55.873427,95,206.250662
-147.352538,132,206.273375
-34.903713,58,206.283705
-63.082194,60,206.293899
-40.380631,70,206.305722
-67.851809,79,206.318962
-45.516616,53,206.327773
-56.120303,79,206.340977
-41.520266,74,206.353787
-64.472496,77,206.366807
-50.590074,62,206.378231
-45.437196,68,206.389925
-34.239582,36,206.3963
-40.37313,46,206.404003
-27.651744,54,206.412942
-45.604159,83,206.426666
-66.002215,96,206.443108
-36.619355,49,206.45128
-56.940519,96,206.467113
-54.151246,98,206.484215
-125.912811,145,206.509052
-67.547355,81,206.523026
-72.058248,76,206.53615
-41.913905,39,206.543041
-82.673291,90,206.559015
-82.694756,79,206.573008
-34.208453,49,206.581592
-33.639477,63,206.593975
-54.447609,54,206.603787
-45.85493,72,206.616106
-36.507485,44,206.623562
-38.753231,56,206.633312
-100.603655,104,206.650586
-38.463726,42,206.657654
-53.847345,72,206.670051
-54.781254,103,206.687515
-63.119966,94,206.704576
-30.521172,45,206.712108
-110.096173,110,206.731371
-34.951972,46,206.739589
-93.438237,101,206.75668
-80.64925,128,206.777721
-47.059816,62,206.787933
-47.853643,68,206.800185
-32.318469,35,206.806332
-49.635634,95,206.822253
-59.420393,69,206.833975
-30.621575,50,206.842673
-65.916716,130,206.865098
-76.53626,106,206.882685
-177.833859,179,207.18202
-109.970155,97,207.198858
-70.924814,49,207.207238
-51.454333,50,207.215975
-28.045272,60,207.227379
-80.048883,102,207.244648
-43.257111,36,207.250723
-43.06124,50,207.259044
-38.619544,45,207.266712
-78.995088,89,207.281626
-25.457506,46,207.28934
-37.4603,45,207.297179
-66.831186,105,207.314338
-65.45036,65,207.324803
-39.199519,92,207.340911
-105.267776,111,207.359533
-39.429581,85,207.373668
-132.435795,128,207.395481
-62.412777,79,207.408729
-38.934257,63,207.419193
-84.610608,108,207.438009
-26.509056,62,207.448588
-26.39204,38,207.45498
-59.087924,90,207.469594
-36.218647,78,207.482533
-115.422851,132,207.504746
-75.242789,98,207.520906
-52.307181,111,207.539856
-60.574069,101,207.557562
-95.129444,86,207.573053
-29.021572,61,207.584653
-56.767248,72,207.597119
-47.197163,51,207.605715
-69.107811,93,207.62162
-38.969162,39,207.628612
-37.441365,68,207.640313
-41.116505,48,207.649913
-68.598487,87,207.665752
-68.592972,72,207.678542
-100.920267,72,207.691354
-79.89543,64,207.702663
-24.384613,59,207.712751
-68.128032,117,207.733312
-78.912673,105,207.75244
-31.371809,49,207.761478
-21.227071,32,207.767357
-38.2992,47,207.775508
-72.957245,87,207.790372
-38.594035,98,207.807138
-66.069354,81,207.820999
-149.155159,98,207.837568
-47.410732,59,207.847811
-43.150189,79,207.86256
-80.955098,100,207.879736
-87.151373,97,208.207318
-116.593445,136,208.230533
-47.451292,53,208.23959
-32.36085,71,208.251784
-74.387995,91,208.267012
-91.621675,105,208.285809
-41.393379,63,208.296642
-108.193052,168,208.324335
-111.095589,100,208.341613
-36.576196,37,208.34794
-47.045696,51,208.356303
-42.436018,64,208.366674
-50.925375,82,208.381123
-64.883305,52,208.389998
-71.389657,85,208.40447
-51.16948,80,208.418441
-87.469019,81,208.432284
-81.035121,111,208.451137
-60.808848,78,208.4641
-106.133473,95,208.480058
-70.101272,92,208.497114
-92.858491,103,208.514772
-28.770115,63,208.525523
-38.798338,42,208.532643
-57.269345,102,208.55043
-26.652224,40,208.557407
-60.035687,63,208.56855
-37.07413,64,208.579579
-54.975242,124,208.603261
-60.085162,101,208.620678
-104.413755,89,208.636006
-37.918669,54,208.645104
-49.892747,71,208.657661
-31.752241,33,208.663496
-45.206573,86,208.677965
-36.250618,60,208.687975
-106.391642,134,208.711556
-43.464047,59,208.721735
-66.641914,75,208.734438
-116.573119,147,208.759352
-68.541654,95,208.775887
-41.08796,83,208.790263
-92.931894,93,208.807364
-43.010985,89,208.822636
-54.185772,91,208.837856
-88.691992,124,208.858815
-73.555399,58,208.868783
-47.856641,81,208.882197
-52.331338,99,208.898399
-49.126442,81,209.179776
-65.036913,85,209.194304
-39.073558,79,209.207635
-78.01449,82,209.221451
-35.428285,57,209.231187
-60.531255,60,209.242744
-76.758915,110,209.261333
-103.269195,85,209.275485
-27.805078,47,209.283306
-55.801178,50,209.291455
-56.603903,65,209.3023
-61.792809,63,209.312743
-121.671339,88,209.327307
-73.776629,70,209.339695
-122.604559,93,209.355666
-40.066177,76,209.368506
-60.732808,60,209.378449
-45.842109,96,209.394431
-32.55568,73,209.406538
-32.916022,68,209.417819
-70.425817,103,209.434838
-34.964152,58,209.445145
-91.617209,129,209.486363
-72.915957,72,209.498292
-37.258038,50,209.506793
-24.986088,33,209.512364
-40.753686,62,209.522635
-70.217022,66,209.533472
-51.625557,64,209.543971
-67.374232,64,209.556979
-70.291021,67,209.568679
-46.260103,58,209.581279
-28.140384,59,209.592298
-93.968103,168,209.621502
-115.388816,77,209.634736
-113.166142,145,209.659944
-36.955947,90,209.675095
-56.630163,127,209.696898
-51.428714,60,209.706826
-35.888058,64,209.717387
-77.793091,95,209.732888
-51.154651,52,209.741546
-73.785752,93,209.756725
-100.260816,93,209.773315
-58.913432,51,209.78222
-68.190879,90,209.796866
-56.068312,62,209.806993
-40.688737,66,209.817775
-77.870887,98,209.834083
-75.609963,97,209.850404
-104.092444,143,209.876696
-54.718842,66,209.887996
-63.47929,71,210.172938
-44.831061,90,210.1898
-68.744623,83,210.204296
-101.137359,75,210.216983
-78.000731,119,210.23678
-78.038943,81,210.250246
-99.08607,83,210.264024
-30.417392,60,210.273927
-34.119925,75,210.287507
-48.831931,72,210.300129
-133.753553,111,210.318896
-63.030967,102,210.336028
-70.965703,94,210.351771
-63.310243,61,210.36188
-91.856087,108,210.379752
-30.986096,40,210.386374
-29.836252,37,210.393315
-88.83048,84,210.40786
-80.497607,81,210.42166
-67.099275,67,210.433432
-25.817906,23,210.437383
-129.753107,129,210.458454
-63.961488,38,210.464795
-56.501398,38,210.47111
-47.534744,75,210.483417
-28.576361,69,210.494684
-58.286659,51,210.504522
-67.090784,105,210.522532
-36.673663,38,210.528993
-35.134514,52,210.537865
-84.523655,99,210.554646
-45.598821,57,210.564582
-40.250117,85,210.579274
-80.739915,90,210.59539
-104.709516,141,210.621351
-27.555653,63,210.632525
-51.853581,71,210.644235
-82.399916,82,210.658398
-49.551748,85,210.673082
-95.566883,154,210.698313
-58.918003,87,210.714074
-36.856631,40,210.721222
-28.016069,31,210.726555
-68.022747,75,210.739162
-28.638221,63,210.749575
-45.263432,61,210.759882
-56.523289,71,210.772633
-131.513028,138,210.796338
-30.824762,39,210.803201
-29.394502,61,210.814763
-140.602109,138,210.839766
-158.014922,136,210.864109
-23.676214,43,211.156553
-52.122796,85,211.171584
-58.486457,100,211.188665
-72.587949,130,211.210674
-26.268795,45,211.218206
-73.344715,103,211.236594
-33.524486,66,211.24839
-56.214209,83,211.262327
-113.249944,133,211.284735
-86.507626,98,211.301415
-60.991646,63,211.312396
-60.236154,80,211.325711
-42.241684,68,211.337046
-44.634511,49,211.346138
-92.30265,100,211.363374
-28.164522,32,211.369083
-47.572479,94,211.384907
-45.569274,100,211.402052
-66.287252,92,211.417296
-47.351492,71,211.428934
-148.103032,187,211.460648
-103.466103,128,211.482035
-43.639212,68,211.493371
-29.58178,37,211.49968
-138.650128,151,211.524907
-87.74124,91,211.540029
-29.970935,76,211.553925
-47.724008,74,211.567569
-76.070271,81,211.581804
-96.15463,69,211.594228
-84.402815,80,211.608445
-56.232044,60,211.618967
-39.772906,49,211.627284
-31.159549,56,211.636778
-81.656544,110,211.655638
-79.784084,82,211.670714
-55.523396,64,211.681529
-79.259404,104,211.698944
-40.041476,40,211.705665
-37.176395,56,211.71512
-40.28284,57,211.725032
-60.360171,94,211.740848
-39.027442,47,211.748749
-91.454202,82,211.762199
-37.033385,53,211.772179
-30.366321,37,211.778531
-46.664746,73,211.790682
-114.517383,99,211.807016
-52.708521,91,211.822031
-39.51679,70,211.833709
-54.356954,41,211.840613
-37.101523,48,211.848678
-120.235571,100,212.142747
-43.692534,93,212.15875
-25.655353,32,212.164403
-84.960274,63,212.175165
-41.730702,51,212.184198
-90.207602,101,212.20259
-46.144688,80,212.216204
-36.008203,44,212.223623
-159.797406,126,212.244565
-66.917278,101,212.261528
-38.955613,81,212.275193
-39.115097,47,212.283327
-32.999517,41,212.290184
-117.039947,85,212.305562
-99.221266,126,212.326999
-61.202818,56,212.336342
-44.427048,42,212.343264
-66.98796,83,212.356739
-43.839268,122,212.376576
-51.455384,66,212.387335
-58.073308,58,212.396641
-33.888961,49,212.406135
-27.295119,54,212.415446
-71.290077,74,212.42773
-45.639193,53,212.436613
-40.683266,63,212.447424
-49.948313,89,212.462423
-57.86457,77,212.475305
-46.546993,61,212.485477
-73.497155,89,212.500287
-110.816793,109,212.51961
-26.759708,45,212.527122
-53.533759,108,212.544888
-46.319734,77,212.558207
-43.366202,61,212.568416
-32.469461,51,212.577457
-35.043174,50,212.587657
-86.800891,113,212.606562
-24.249961,52,212.617079
-84.877709,101,212.63481
-23.78955,33,212.640597
-121.03961,146,212.665711
-133.899234,90,212.68072
-75.998686,94,212.696323
-81.527762,142,212.721782
-79.95327,61,212.732585
-61.490017,77,212.745611
-36.31368,50,212.758897
-113.800691,83,212.773843
-46.910873,63,212.784362
-55.532965,76,212.796913
-95.133341,66,212.807755
-51.654884,88,212.823373
-50.384535,98,213.123453
-46.36071,60,213.134198
-91.158456,151,213.161487
-40.197574,79,213.174969
-72.078967,99,213.191968
-121.193624,109,213.210755
-31.138989,71,213.222981
-92.182426,101,213.241319
-63.968197,94,213.257861
-61.883256,106,213.276065
-32.343474,42,213.28333
-33.806879,65,213.294313
-38.802762,79,213.3075
-32.949513,42,213.314474
-45.263487,66,213.325435
-78.441733,79,213.338587
-42.552059,68,213.351025
-162.474057,114,213.37037
-54.79236,58,213.380019
-37.960274,71,213.391678
-60.337877,120,213.411935
-84.725851,78,213.424986
-57.499464,110,213.443063
-31.479492,37,213.449266
-45.260278,84,213.464474
-54.601064,68,213.475723
-33.672586,89,213.490406
-44.872907,64,213.500953
-41.059399,69,213.512347
-54.119932,85,213.526576
-45.716615,93,213.541933
-28.41369,46,213.550038
-42.896707,73,213.563422
-19.633236,21,213.567474
-40.163355,58,213.577507
-70.25201,76,213.591665
-85.564264,122,213.612513
-57.711001,102,213.62981
-80.817923,119,213.649707
-90.076354,119,213.670734
-97.06324,98,213.687263
-35.078975,67,213.698409
-65.990637,54,213.707239
-104.382099,104,213.724605
-72.977706,66,213.73569
-97.659249,133,213.757706
-76.091094,106,213.77651
-48.233736,41,213.783504
-36.110067,39,213.790005
-79.669915,88,213.804514
-36.529477,56,213.813847
-70.15734,82,214.097811
-62.618899,67,214.109299
-39.404674,47,214.117336
-92.347729,127,214.138952
-125.437594,151,214.164412
-73.846125,83,214.178356
-38.052625,88,214.194709
-31.637851,43,214.202406
-42.843215,51,214.210885
-39.572605,47,214.218796
-101.734035,118,214.238276
-36.048088,58,214.247968
-71.174345,76,214.260486
-67.646006,90,214.275056
-83.809385,95,214.290726
-43.18326,66,214.302792
-61.813245,115,214.321845
-53.099129,83,214.335247
-25.61564,56,214.344376
-141.357329,152,214.370481
-36.942051,39,214.377316
-52.069937,92,214.392503
-45.638674,68,214.405278
-92.188216,78,214.418811
-27.837124,37,214.425249
-115.56458,96,214.441361
-54.737214,59,214.45159
-36.318298,67,214.463584
-56.014085,62,214.474127
-36.483781,36,214.480287
-37.882752,52,214.489082
-87.846568,104,214.507498
-125.596526,161,214.534782
-47.447129,68,214.546084
-59.231946,87,214.560484
-82.981515,112,214.578963
-75.928342,73,214.592253
-45.098427,76,214.60552
-69.454757,123,214.628088
-34.577978,44,214.63604
-85.837257,103,214.654133
-23.646886,49,214.662427
-45.847357,83,214.67641
-90.506481,115,214.695316
-63.751717,46,214.703081
-51.933069,53,214.712259
-29.161513,34,214.718839
-44.890666,65,214.730016
-105.440759,102,214.747131
-73.065519,90,214.762159
-140.747962,107,214.780536
-55.788184,83,215.05961
-30.662818,34,215.0658
-93.688095,112,215.084879
-32.151064,46,215.092764
-47.578547,38,215.099203
-57.32845,50,215.107617
-51.467017,58,215.117392
-29.661886,51,215.12601
-41.79206,93,215.142829
-137.768837,155,215.168854
-49.438974,50,215.177375
-92.421422,109,215.195817
-81.511649,96,215.211799
-57.062255,76,215.22447
-54.025412,51,215.232962
-44.781866,72,215.245744
-130.876443,119,215.266531
-61.645734,70,215.278194
-74.986985,88,215.292765
-47.677204,47,215.300816
-50.56816,42,215.307964
-46.873664,35,215.313799
-57.537998,53,215.322602
-42.210299,53,215.33168
-29.674008,36,215.337786
-60.411205,75,215.351096
-46.410753,50,215.359735
-25.857523,53,215.368699
-115.936151,127,215.389732
-120.386296,154,215.414858
-74.123572,102,215.431566
-52.325534,67,215.442542
-78.010825,108,215.46169
-40.759717,87,215.476348
-126.526982,115,215.496103
-69.120284,65,215.507002
-34.271045,60,215.517152
-55.268126,72,215.529333
-69.13896,79,215.542698
-41.608943,110,215.563247
-44.464778,65,215.574895
-89.249244,63,215.587921
-48.298945,48,215.596787
-46.66396,97,215.613406
-141.12333,116,215.633386
-64.90935,60,215.643352
-63.463303,59,215.653685
-53.086084,76,215.667447
-53.27821,71,215.679443
-46.1957,43,215.687046
-41.6537,41,215.693971
-60.218784,81,215.707406
-51.353927,108,215.725366
-56.872988,95,215.740897
-53.188772,53,215.749734
-41.985778,46,215.757269
-36.505047,92,216.042411
-27.573785,35,216.04842
-55.433422,79,216.061578
-149.540337,217,216.099445
-82.360066,93,216.114789
-52.33953,93,216.130436
-24.415097,38,216.137051
-65.24417,120,216.157721
-32.689033,41,216.164615
-86.198938,108,216.182479
-61.78942,51,216.190912
-27.908354,56,216.201628
-34.036168,53,216.210566
-62.648316,75,216.223085
-46.35681,44,216.230495
-67.056942,77,216.243323
-50.641441,97,216.2595
-34.767381,43,216.266574
-158.778166,130,216.287949
-45.062339,105,216.306427
-39.072714,87,216.321216
-51.152177,46,216.328973
-35.966891,44,216.336491
-125.443799,115,216.355594
-66.608926,63,216.366169
-86.027797,116,216.385465
-62.121814,106,216.403926
-79.593128,69,216.41594
-27.372431,35,216.421744
-93.151588,111,216.440021
-82.719879,129,216.461349
-90.922197,153,216.486941
-30.335427,43,216.494118
-103.107828,120,216.515132
-64.737631,55,216.524817
-65.955331,82,216.538661
-38.902531,48,216.54685
-75.610838,100,216.563998
-26.251069,38,216.570425
-61.538945,73,216.583122
-51.979195,97,216.600677
-153.877061,152,216.628051
-29.555797,46,216.636523
-62.599249,83,216.650908
-84.13386,85,216.665784
-48.408402,68,216.677414
-81.813656,77,216.690257
-80.549976,160,216.716764
-66.04856,110,217.007441
-50.101046,66,217.018961
-35.606268,77,217.03196
-172.520039,169,217.061957
-54.014486,116,217.081493
-44.514638,50,217.089911
-77.251919,134,217.112836
-65.75167,74,217.125446
-71.569599,72,217.137559
-91.018559,132,217.160998
-38.700947,55,217.170503
-30.32257,37,217.176741
-126.228744,131,217.198968
-38.248342,72,217.211119
-61.215045,70,217.22284
-101.946617,120,217.242997
-28.41544,43,217.251086
-63.032385,104,217.269027
-89.26129,106,217.28669
-53.8938,68,217.297987
-35.127448,34,217.303726
-112.164021,127,217.324851
-57.528281,55,217.334097
-78.645359,86,217.348262
-28.105692,54,217.358224
-100.915187,83,217.372615
-91.710851,129,217.394156
-52.729338,41,217.401228
-179.428672,120,217.421358
-126.449509,113,217.440107
-75.437119,87,217.454438
-44.354253,76,217.468231
-39.354111,92,217.483835
-67.2455,112,217.502752
-84.81621,87,217.51845
-58.128408,76,217.531823
-36.484561,71,217.544081
-89.823697,111,217.564185
-29.350314,74,217.577375
-50.99191,122,217.59963
-73.003038,105,217.617847
-81.268712,114,217.637268
-56.479698,96,217.653999
-85.239501,85,217.668538
-36.305364,63,217.680457
-65.421289,83,217.694277
-64.80609,68,217.986978
-44.871767,64,217.998437
-51.026405,68,218.009856
-105.583971,88,218.024559
-31.537428,73,218.036929
-39.235175,84,218.050783
-64.345407,83,218.065856
-36.074501,55,218.075246
-50.709687,53,218.084242
-39.255777,49,218.093585
-29.689751,29,218.098743
-37.251813,51,218.107579
-35.432079,64,218.118548
-87.336564,66,218.129794
-79.522928,72,218.141798
-40.067129,91,218.15708
-53.469934,111,218.175578
-101.006127,107,218.193307
-76.322994,104,218.211882
-28.707986,31,218.217136
-49.220967,49,218.22516
-41.24537,72,218.237319
-79.236104,64,218.248157
-53.331717,56,218.257625
-33.207758,31,218.262906
-59.117918,99,218.279522
-38.591141,43,218.286573
-92.516643,117,218.306495
-63.438819,76,218.319685
-35.995876,78,218.333076
-89.275869,123,218.354181
-69.880558,99,218.370603
-30.477231,57,218.380114
-71.527669,51,218.388424
-49.362669,58,218.398085
-71.345765,104,218.416917
-109.3705,140,218.440868
-75.953311,71,218.453233
-50.69717,79,218.467248
-79.985174,59,218.477159
-44.681473,40,218.48402
-73.985209,120,218.504213
-59.033208,58,218.515034
-113.287831,129,218.537192
-44.119696,86,218.55184
-81.664968,107,218.571213
-90.304582,118,218.59283
-33.761413,53,218.602657
-90.341547,92,218.618438
-84.015415,127,218.641484
-28.509243,30,218.646821
-45.145406,76,218.659572
-35.452884,54,218.669359
-30.029621,70,218.681242
-66.256391,103,218.979734
-47.658635,51,218.988735
-73.290508,106,219.006912
-52.853562,70,219.018763
-44.991124,51,219.027396
-40.172415,64,219.038127
-72.91663,80,219.052643
-60.548939,51,219.061477
-54.907358,88,219.076487
-24.971399,40,219.083225
-73.574011,110,219.101767
-55.533189,41,219.108781
-88.92613,100,219.12535
-46.460885,75,219.13765
-44.44664,56,219.147783
-73.292107,72,219.159847
-109.842648,111,219.178695
-117.962401,138,219.201303
-56.487316,75,219.213696
-79.302498,136,219.236618
-82.601032,65,219.247635
-65.098055,64,219.259376
-40.841667,92,219.275106
-29.023089,58,219.285005
-39.436413,57,219.294663
-48.818627,78,219.307579
-53.901164,91,219.322882
-41.968067,74,219.3353
-106.484458,153,219.361949
-108.430055,136,219.385201
-77.622423,112,219.404047
-79.726598,133,219.426161
-27.937679,71,219.437839
-35.816791,52,219.446355
-53.496273,88,219.460622
-54.337932,65,219.472629
-28.578516,41,219.483763
-74.687436,89,219.49876
-73.749643,97,219.51502
-50.224496,101,219.532155
-50.650038,65,219.544767
-84.440334,92,219.565512
-39.800787,50,219.576391
-47.185953,67,219.592861
-36.738348,28,219.598986
-46.004844,66,219.611506
-85.895652,91,219.628908
-36.963916,54,219.639491
-28.041169,100,219.656921
-62.759644,103,219.677229
-35.855362,64,219.692421
-83.475058,72,220.045168
-69.333508,93,220.061726
-63.457397,65,220.073106
-37.785763,69,220.084887
-26.520475,37,220.095716
-28.824632,48,220.106167
-151.91222,135,220.130575
-38.032862,73,220.142962
-42.482075,103,220.160414
-33.319386,47,220.168572
-101.857836,134,220.191169
-41.941518,72,220.210032
-59.887614,58,220.222643
-63.263444,48,220.231038
-64.749244,103,220.248558
-30.202966,58,220.258434
-139.504746,161,220.293599
-40.874212,48,220.303519
-55.366548,70,220.316449
-56.308253,63,220.327313
-51.447169,99,220.346804
-25.604385,34,220.352849
-24.729385,35,220.358962
-142.804783,109,220.377412
-29.151224,39,220.384704
-65.95026,65,220.396441
-116.186771,116,220.417407
-55.716552,61,220.427953
-40.798177,35,220.433957
-86.678131,84,220.44766
-61.72317,62,220.457874
-48.364498,74,220.470123
-50.381636,80,220.483354
-90.585114,111,220.502062
-31.677593,47,220.51006
-76.26734,75,220.524007
-130.832304,104,220.54222
-68.395179,80,220.556571
-102.975004,103,220.574488
-63.325724,58,220.586469
-37.013881,57,220.596426
-85.308741,108,220.615029
-43.911925,82,220.630612
-86.329228,106,220.648639
-38.905668,59,220.658589
-39.16272,51,220.66773
-74.466177,113,220.687205
-64.385559,88,220.701729
-34.326457,49,220.709797
-127.534323,119,220.731009
-78.118639,71,220.743094
-62.815074,71,220.754929
-35.977818,61,220.764933
-43.991638,78,221.04447
-141.947422,121,221.065314
-29.728044,56,221.074563
-46.912443,75,221.087143
-34.042025,77,221.100491
-44.660298,56,221.110326
-50.467676,82,221.124801
-46.969574,62,221.1355
-51.519347,73,221.148681
-129.915247,195,221.182137
-76.616437,111,221.200846
-69.616687,146,221.225075
-115.114765,111,221.243736
-151.730005,113,221.263737
-54.978939,77,221.276764
-46.541489,61,221.2869
-53.030653,92,221.302054
-20.961143,26,221.306456
-90.351578,148,221.331039
-50.255363,57,221.340689
-49.765584,48,221.348825
-26.433386,63,221.360241
-69.170861,68,221.372012
-52.391142,72,221.384142
-50.880309,73,221.396466
-48.50994,58,221.406075
-59.804579,78,221.419232
-73.804174,98,221.435729
-53.840308,64,221.446557
-61.94368,109,221.465653
-28.718308,47,221.473623
-42.057753,55,221.482962
-32.94583,36,221.489033
-62.558701,56,221.498486
-35.931076,58,221.508229
-39.024207,57,221.517802
-25.70249,50,221.526217
-48.105672,62,221.536748
-68.530171,92,221.552619
-128.164222,108,221.572118
-43.032454,49,221.581639
-27.076232,56,221.591644
-92.331129,109,221.610198
-53.50812,74,221.622805
-95.218538,93,221.639895
-65.040439,71,221.658
-162.793233,139,221.682957
-53.888633,75,221.697827
-73.064142,86,221.71365
-49.060088,79,221.726906
-37.636246,56,221.736655
-43.613146,59,221.746789
-63.903444,89,222.05608
-51.997739,62,222.066408
-77.342631,79,222.079342
-52.774284,115,222.099861
-86.121379,114,222.1197
-43.754082,77,222.132709
-30.000913,68,222.144002
-35.312348,66,222.154769
-44.763723,85,222.169019
-38.873397,99,222.185708
-41.437548,52,222.194239
-69.760721,63,222.217677
-97.225276,130,222.252631
-74.233557,90,222.268133
-74.266846,116,222.287845
-153.28631,164,222.317151
-83.051023,94,222.332793
-38.393221,43,222.340168
-88.409825,109,222.358433
-28.66674,48,222.366878
-58.760522,96,222.382857
-50.915133,48,222.390839
-62.429534,83,222.404495
-43.179473,67,222.416674
-30.339729,48,222.424756
-96.837775,143,222.44862
-69.97213,89,222.463766
-80.476282,70,222.475301
-89.264967,89,222.489896
-70.972073,86,222.504353
-53.88506,80,222.518811
-61.4563,86,222.533888
-67.884345,89,222.549001
-68.269779,92,222.564901
-42.830094,59,222.575106
-47.532778,57,222.585939
-38.891788,67,222.597617
-56.92766,92,222.613586
-60.486418,80,222.628306
-70.59993,94,222.644297
-92.022877,93,222.660279
-56.171426,70,222.672415
-23.98298,25,222.676653
-35.163956,51,222.685616
-42.147173,74,222.698133
-80.272493,116,222.718269
-42.214267,82,222.733411
-47.425761,70,222.745325
-33.700663,35,222.751386
-60.540911,114,222.770207
-47.611901,68,223.04788
-87.197698,104,223.065854
-59.609668,68,223.077147
-50.7645,102,223.093777
-150.039938,120,223.114501
-88.665016,51,223.123221
-91.874561,121,223.143085
-61.716086,81,223.15793
-85.314887,118,223.177995
-30.460598,66,223.188958
-31.657853,51,223.197296
-58.705449,73,223.209197
-64.173336,111,223.227915
-29.910225,56,223.237434
-54.765445,54,223.24653
-38.103674,87,223.26231
-73.542238,106,223.279707
-42.835399,102,223.296319
-48.160912,86,223.310255
-22.702661,19,223.313626
-32.648888,49,223.32189
-44.725889,97,223.337994
-45.794031,88,223.353003
-27.798274,49,223.362641
-67.832835,120,223.383194
-48.531698,79,223.396603
-37.044622,43,223.404101
-40.088356,74,223.416745
-67.077399,93,223.4326
-98.275454,94,223.448514
-37.062183,51,223.457225
-29.022739,57,223.467838
-120.539348,140,223.491644
-58.520965,75,223.50432
-32.419173,25,223.508571
-90.455488,97,223.524625
-99.071,122,223.544753
-32.969584,57,223.554397
-38.59103,47,223.56228
-49.560087,62,223.574518
-102.060846,101,223.592834
-41.662519,87,223.607604
-35.463055,55,223.617191
-63.7769,110,223.635378
-25.255144,29,223.640231
-39.426049,51,223.64886
-39.415,40,223.655615
-26.440506,27,223.66024
-36.394481,55,223.670104
-66.63072,110,223.690467
-30.713374,65,223.701712
-59.122076,89,223.7173
-42.432693,73,223.729933
-58.979569,116,224.024197
-23.788112,44,224.031915
-46.74694,54,224.040929
-103.240219,95,224.056642
-58.725114,70,224.068314
-54.144681,52,224.077025
-82.889561,53,224.085778
-102.182989,85,224.101565
-80.135771,117,224.121275
-27.710683,41,224.12828
-82.542943,99,224.144699
-33.261495,49,224.152951
-40.320406,50,224.161343
-37.91262,78,224.174396
-57.027078,77,224.187117
-32.210921,74,224.200301
-59.937454,71,224.21233
-33.128432,41,224.219395
-74.849857,68,224.230832
-66.601533,92,224.246036
-34.339428,54,224.255108
-77.79198,78,224.268153
-115.027673,80,224.281391
-43.519816,53,224.290229
-75.149288,69,224.302449
-65.06303,102,224.320062
-135.410403,128,224.341957
-42.547561,72,224.354267
-70.230115,100,224.371415
-69.962303,101,224.388548
-48.316328,41,224.395518
-101.08195,133,224.418837
-74.040025,106,224.436631
-54.127775,87,224.451088
-125.874495,126,224.472297
-65.757976,87,224.487126
-113.955608,109,224.505688
-33.624001,75,224.520047
-36.54749,63,224.531728
-97.969913,85,224.546557
-45.763266,74,224.559249
-36.912881,61,224.569728
-31.172233,77,224.584455
-63.421787,97,224.601157
-27.632797,39,224.607773
-67.94476,122,224.630535
-78.111148,67,224.642016
-57.022515,77,224.658258
-75.932865,130,224.681196
-50.395615,74,224.693871
-44.511437,103,224.711535
-60.249958,99,224.995774
-42.984217,88,225.01081
-96.53783,120,225.031032
-52.184061,80,225.044689
-78.254046,125,225.067446
-102.987188,121,225.087902
-102.489411,128,225.109245
-50.110158,61,225.119669
-58.644017,96,225.135753
-69.681683,57,225.145289
-108.823666,124,225.167148
-103.863303,120,225.187333
-124.440652,127,225.20873
-32.39869,40,225.215476
-50.172797,79,225.22871
-71.822317,67,225.240194
-115.313485,115,225.259388
-39.026984,94,225.276301
-127.009282,94,225.292392
-71.169339,111,225.311048
-45.884573,65,225.321853
-53.654959,89,225.33689
-74.345329,95,225.352816
-59.517022,46,225.360403
-72.754889,56,225.370373
-29.909871,60,225.380723
-97.485864,91,225.395619
-107.1146,67,225.407047
-56.354338,60,225.417237
-45.644814,74,225.429731
-36.381986,54,225.438795
-97.760759,118,225.458445
-74.698202,159,225.485892
-48.882667,48,225.493856
-51.86003,106,225.511618
-49.424139,87,225.525997
-127.897537,125,225.547251
-44.125483,121,225.568151
-45.368939,68,225.581194
-38.33017,49,225.592226
-65.347159,78,225.606876
-47.383917,65,225.618234
-72.203208,107,225.636467
-38.180275,83,225.650481
-98.864239,102,225.668096
-69.021129,72,225.680767
-37.691409,38,225.688181
-87.426753,143,225.978229
-56.840666,97,225.994666
-73.453164,89,226.010788
-52.08795,81,226.024807
-65.634254,112,226.043748
-46.096236,67,226.055238
-65.036109,89,226.070237
-53.18432,51,226.07868
-135.218824,116,226.098408
-108.234676,106,226.11711
-139.848209,131,226.139215
-45.587929,53,226.148227
-75.036769,134,226.170814
-82.903429,136,226.193376
-39.367834,43,226.200496
-30.773929,43,226.207709
-86.149991,105,226.226152
-94.873523,94,226.242361
-96.487955,120,226.262703
-44.67797,72,226.274716
-54.015715,74,226.287106
-39.938985,44,226.29444
-57.991077,57,226.304166
-117.888632,103,226.322256
-61.553231,58,226.332438
-68.829359,103,226.349862
-129.327555,115,226.369036
-113.981297,140,226.392561
-82.280486,93,226.40824
-71.39789,89,226.423223
-127.762891,103,226.441357
-59.060818,50,226.449871
-36.998445,72,226.461846
-60.211784,97,226.477943
-27.102743,25,226.482248
-88.724805,72,226.494459
-53.392137,63,226.505007
-55.715699,50,226.513363
-89.535275,112,226.532705
-138.036603,142,226.557914
-73.124621,89,226.573244
-41.301424,39,226.581029
-43.396553,81,226.595148
-70.154569,62,226.606017
-53.0454,80,226.619528
-87.771852,122,226.640776
-45.74386,88,226.656161
-41.030436,73,226.958236
-64.499306,95,226.974714
-87.94005,124,226.996047
-38.961605,74,227.008556
-45.756375,104,227.025937
-57.848766,67,227.037204
-35.207009,60,227.047276
-62.818558,122,227.06888
-23.445486,33,227.074595
-46.871065,45,227.082259
-58.426612,91,227.097944
-32.757705,36,227.103935
-73.897915,120,227.123818
-71.851849,70,227.13562
-70.867142,73,227.14775
-39.914267,37,227.15397
-45.018805,48,227.161929
-45.279655,84,227.177117
-36.641613,87,227.191712
-84.434797,142,227.215304
-90.210644,81,227.228865
-108.210953,116,227.247982
-65.411652,128,227.269255
-86.780733,97,227.286847
-34.419827,81,227.300471
-66.002723,67,227.311868
-58.665888,39,227.318504
-61.253147,74,227.330883
-87.575128,126,227.351705
-75.990888,65,227.362366
-81.515507,119,227.382841
-37.465511,50,227.391186
-96.29466,63,227.401745
-75.355407,86,227.416224
-59.911379,68,227.42755
-21.38541,27,227.432047
-116.623992,148,227.456585
-110.162184,140,227.480928
-114.737362,144,227.505108
-77.935781,155,227.531335
-36.143908,63,227.541844
-40.414232,66,227.553042
-119.458874,123,227.573703
-66.980873,100,227.592212
-47.447371,55,227.603094
-101.772824,103,227.620579
-39.260573,82,227.634175
-59.102095,110,227.926724
-71.61011,120,227.946768
-83.304749,112,227.965927
-62.359031,94,227.982152
-54.504914,83,227.995981
-52.849544,83,228.01102
-68.960524,64,228.022427
-26.970664,31,228.027831
-89.072241,125,228.049057
-50.675777,62,228.059627
-139.32349,152,228.085241
-109.586772,98,228.101918
-68.598315,76,228.115581
-49.462883,110,228.134675
-24.727884,25,228.138973
-37.524599,68,228.150566
-51.309739,44,228.158095
-93.534981,116,228.177612
-21.085813,23,228.181475
-32.637096,59,228.191377
-57.059487,98,228.207688
-42.239624,92,228.223961
-120.408266,120,228.244342
-41.23849,59,228.254218
-111.825348,159,228.280531
-41.059043,45,228.288205
-29.141016,40,228.295049
-81.667159,133,228.317456
-26.419182,44,228.325753
-44.244426,82,228.339831
-56.57599,44,228.347454
-41.431408,102,228.364734
-123.36231,136,228.387752
-53.716711,73,228.400091
-102.838174,125,228.421161
-42.704275,81,228.435697
-95.325169,127,228.457121
-55.574763,102,228.474312
-146.049797,142,228.498013
-82.727846,106,228.515575
-33.987735,62,228.525768
-69.679688,98,228.543094
-81.018104,114,228.564217
-49.469893,89,228.58094
-38.580736,58,228.591059
-51.788367,106,228.609079
-43.51613,82,228.889972
-96.636339,81,228.904114
-47.038631,74,228.916517
-74.320065,74,228.928679
-94.364663,121,228.948913
-94.486316,134,228.975419
-33.531599,55,228.985302
-33.662544,59,228.99549
-67.265871,70,229.007827
-76.62257,99,229.025546
-50.054129,87,229.040984
-40.498131,73,229.053429
-55.084794,84,229.069378
-24.308493,39,229.076274
-36.966461,51,229.08525
-94.482841,103,229.102904
-86.058306,136,229.126525
-34.394227,69,229.138031
-30.543405,73,229.150263
-51.234801,60,229.160141
-108.834536,100,229.177939
-55.572489,86,229.192328
-52.550185,97,229.208285
-38.809236,58,229.217825
-53.21761,53,229.226797
-44.751598,96,229.24258
-49.774502,53,229.251402
-72.191064,70,229.263026
-34.95059,82,229.278071
-29.330541,35,229.284087
-42.106998,66,229.295175
-102.376615,146,229.319207
-37.298732,57,229.328794
-26.803608,29,229.333634
-97.783544,118,229.352993
-45.340521,66,229.363974
-51.684109,97,229.380973
-82.29191,127,229.402705
-44.653881,76,229.415638
-71.827995,70,229.427693
-52.860872,52,229.436556
-26.177529,56,229.445928
-48.246697,97,229.462146
-33.233102,44,229.46955
-29.22008,26,229.473953
-55.280805,79,229.488034
-128.994946,128,229.509938
-39.938811,70,229.521869
-32.450464,64,229.532649
-31.705674,45,229.540092
-36.770508,86,229.554681
-51.00114,74,229.567252
-75.743693,93,229.583585
-33.039121,39,229.591809
-48.967653,59,229.871059
-34.841293,46,229.878889
-94.921155,102,229.896295
-91.67258,140,229.921018
-98.215008,114,229.940242
-67.425469,73,229.952516
-45.495009,83,229.966742
-42.569628,88,229.981633
-48.081282,78,229.994609
-40.898444,69,230.006151
-107.695761,133,230.029812
-41.893017,45,230.037394
-43.348153,32,230.042776
-63.651254,63,230.053473
-76.086438,61,230.063643
-41.385778,42,230.070731
-40.311087,64,230.081522
-241.839442,194,230.11523
-68.482642,119,230.135678
-51.122142,63,230.146571
-61.928921,54,230.155646
-55.711479,77,230.168408
-46.488602,80,230.181547
-50.687797,75,230.193813
-44.517026,84,230.20808
-26.726469,38,230.214585
-48.066408,75,230.228318
-27.734225,40,230.235319
-20.714535,30,230.240358
-36.460113,64,230.251117
-53.763575,48,230.259194
-41.491448,65,230.270064
-166.774785,172,230.298758
-53.871888,78,230.311908
-73.399727,70,230.323622
-27.647175,48,230.332944
-67.771474,84,230.347127
-118.249422,121,230.367264
-56.611405,56,230.376459
-76.683695,120,230.3967
-49.841063,70,230.408347
-48.318839,107,230.426323
-44.839529,69,230.438986
-71.093996,120,230.459264
-55.036376,83,230.473204
-66.846837,98,230.489496
-71.545597,81,230.503091
-43.722031,61,230.513253
-54.428929,43,230.520484
-42.887234,55,230.529688
-33.902821,38,230.536874
-29.044413,33,230.542618
-39.322809,46,230.550827
-83.481178,155,230.850188
-85.851835,104,230.869159
-32.331944,46,230.877238
-152.702327,131,230.899401
-53.151219,53,230.908271
-49.670307,60,230.918239
-40.848963,54,230.927189
-37.673455,47,230.934925
-89.016077,105,230.952673
-34.479119,49,230.961905
-38.91446,38,230.968605
-41.595028,79,230.982058
-36.023736,47,230.990004
-33.852088,40,230.996755
-29.823875,66,231.007893
-64.351288,71,231.019841
-99.709883,86,231.034302
-31.622616,35,231.040161
-70.944918,104,231.057974
-54.215609,105,231.076842
-65.577968,84,231.091082
-92.499984,114,231.110184
-82.909582,106,231.127925
-67.869951,99,231.144233
-106.598997,103,231.161153
-37.433194,62,231.17242
-63.60837,70,231.184334
-57.517726,62,231.194635
-27.795693,32,231.200059
-30.637048,52,231.208722
-59.659381,83,231.223321
-55.546965,63,231.233978
-111.305356,123,231.254687
-94.924724,78,231.26779
-59.724434,95,231.285042
-42.028688,43,231.292471
-97.514805,99,231.308805
-41.965315,48,231.316874
-109.208479,111,231.335435
-64.252512,118,231.35489
-53.746567,91,231.37009
-46.10847,54,231.380147
-102.095852,111,231.399316
-59.882105,84,231.413421
-34.038088,57,231.423073
-41.688152,64,231.434037
-40.894852,71,231.445988
-38.203334,45,231.453448
-44.620503,63,231.463829
-146.272249,157,231.490796
-141.420294,108,231.508815
-37.736008,56,231.518297
-41.675089,51,231.526963
-52.636472,102,231.821479
-28.879657,25,231.82589
-50.899465,85,231.840243
-33.112229,46,231.84834
-73.82616,57,231.858212
-33.097266,25,231.862687
-68.360154,109,231.881095
-23.286406,48,231.889031
-83.203766,94,231.905723
-38.931723,57,231.916183
-37.998193,70,231.927912
-46.076508,45,231.935429
-108.787493,85,231.949428
-53.729133,90,231.964345
-37.391432,68,231.975885
-62.238324,95,231.991584
-55.548347,64,232.00217
-44.92782,77,232.016058
-73.607088,92,232.031763
-64.518679,77,232.044864
-47.073658,75,232.057623
-82.602989,110,232.076062
-87.787609,92,232.091584
-55.041761,74,232.103863
-88.874078,111,232.123475
-56.879463,65,232.134494
-29.294261,39,232.141003
-54.045514,96,232.157212
-36.914048,101,232.174386
-84.658107,118,232.194306
-44.706394,42,232.201349
-49.899122,56,232.210798
-101.584668,126,232.233201
-44.738889,76,232.246048
-41.908717,72,232.258239
-21.305622,35,232.264068
-41.43914,66,232.275025
-94.725026,107,232.292895
-53.361052,84,232.306759
-54.334735,80,232.32004
-53.90443,74,232.333826
-127.256835,107,232.352271
-64.110047,108,232.370317
-44.887717,49,232.378578
-67.421623,70,232.390767
-48.266768,86,232.405287
-84.411547,65,232.416237
-56.454227,99,232.43339
-37.561961,38,232.440059
-52.046826,74,232.452702
-27.193017,68,232.464169
-52.301899,65,232.474963
-111.030799,145,232.498885
-38.678664,62,232.790118
-32.53888,68,232.802025
-61.632506,78,232.81534
-35.938533,38,232.821825
-36.453847,102,232.838989
-43.452545,105,232.857353
-40.941681,68,232.869224
-93.163045,105,232.886848
-95.985244,149,232.911623
-91.120035,88,232.9264
-37.845935,82,232.940285
-101.572515,133,232.96345
-39.108059,57,232.973075
-62.410324,99,232.989618
-67.301978,76,233.001988
-100.726656,91,233.016812
-39.693511,73,233.028565
-107.073485,121,233.048329
-50.620805,90,233.063985
-94.822632,118,233.083913
-44.380563,59,233.093868
-75.99885,75,233.106366
-59.996393,95,233.122306
-49.54754,85,233.136481
-53.809319,89,233.151287
-88.753488,108,233.170013
-34.621803,47,233.178064
-126.297194,113,233.19764
-116.816446,115,233.217167
-44.666737,76,233.22986
-61.39816,66,233.240888
-71.917695,95,233.256737
-92.973572,103,233.274031
-79.849162,53,233.284053
-38.688917,63,233.294666
-37.375523,81,233.308405
-58.843695,71,233.320326
-68.73161,118,233.339884
-68.230749,113,233.358325
-84.29001,87,233.372481
-56.213881,57,233.382827
-32.184086,47,233.390979
-75.191226,97,233.407453
-83.665729,128,233.428786
-34.239454,52,233.437726
-74.866088,72,233.450001
-81.58734,142,233.473881
-49.684238,75,233.766443
-69.875402,55,233.775972
-60.083858,86,233.790643
-72.084193,85,233.8051
-76.940913,119,233.825805
-87.647314,89,233.840895
-67.620658,60,233.85108
-61.579169,109,233.869508
-89.293822,96,233.885486
-73.901889,79,233.898637
-59.09494,65,233.909434
-33.816876,48,233.918584
-72.537489,109,233.937134
-45.708734,80,233.95065
-40.989102,53,233.959546
-33.554133,76,233.972417
-63.085627,92,233.987781
-70.759037,94,234.003565
-93.224592,111,234.023036
-68.078706,97,234.039766
-62.540393,89,234.054347
-40.044419,46,234.061922
-31.857564,36,234.067823
-41.301023,65,234.078278
-46.873221,50,234.08663
-44.67182,56,234.096025
-48.649859,55,234.105327
-69.71314,75,234.117897
-39.028741,54,234.127851
-90.211129,116,234.147649
-73.323702,107,234.165428
-110.819695,137,234.188114
-43.406657,68,234.199625
-81.660378,78,234.212781
-70.243294,71,234.224719
-48.307618,80,234.239214
-192.310263,143,234.263388
-58.765955,62,234.273684
-74.78579,67,234.284671
-72.556537,68,234.295882
-70.28032,116,234.314953
-42.546449,45,234.322319
-63.777432,94,234.339005
-139.276349,133,234.362566
-33.905495,46,234.370516
-50.372363,68,234.38242
-122.104492,119,234.402917
-49.11891,50,234.411425
-64.621484,95,234.427304
-77.793541,108,234.446817
-31.067834,32,234.469884
-49.3376,64,234.774578
-91.028866,111,234.794037
-76.490668,96,234.810262
-32.085851,51,234.819189
-53.849178,85,234.833407
-115.931108,134,234.856195
-28.158443,73,234.869748
-31.745042,76,234.882879
-34.922437,56,234.892446
-45.872475,67,234.903663
-54.07263,54,234.912564
-54.169222,81,234.926188
-102.684695,117,234.945392
-81.383478,85,234.95928
-46.857039,84,234.974508
-107.022027,123,234.995186
-51.136533,57,235.0046
-106.938551,133,235.027217
-79.242111,71,235.03918
-59.205366,74,235.051641
-58.576174,79,235.064655
-120.992569,107,235.083522
-84.951855,152,235.109055
-30.885198,38,235.115688
-32.759883,105,235.132881
-69.691207,75,235.145087
-35.647401,62,235.155231
-26.358251,63,235.165536
-76.757454,82,235.179113
-44.985822,84,235.194292
-37.933599,44,235.201755
-29.100153,36,235.207837
-44.953633,45,235.215438
-49.195819,90,235.230426
-48.532984,63,235.241032
-41.054271,90,235.256116
-53.281341,77,235.26899
-59.695482,76,235.281493
-56.687335,112,235.301086
-33.471703,42,235.307985
-53.369422,99,235.324088
-76.288264,91,235.339276
-56.977135,57,235.348861
-61.919499,87,235.362984
-40.195112,77,235.375457
-44.144272,50,235.383737
-56.26903,86,235.399081
-52.964573,55,235.408368
-44.134503,82,235.422321
-51.338877,73,235.434644
-60.099882,66,235.445747
-50.464239,97,235.751548
-135.17273,132,235.774578
-51.37903,55,235.784229
-27.456797,42,235.79146
-69.275017,111,235.811425
-66.90901,102,235.82868
-80.750747,92,235.844378
-33.831979,79,235.857872
-39.155853,49,235.866093
-49.134627,61,235.876337
-44.300527,47,235.884155
-53.43545,113,235.902978
-133.301484,141,235.92793
-43.098653,74,235.940638
-49.889669,53,235.949657
-43.712965,58,235.959359
-28.854507,43,235.966512
-134.711434,128,235.98751
-36.112211,62,235.997921
-45.599777,53,236.006897
-114.725866,124,236.028769
-72.857129,98,236.045431
-90.603472,123,236.065932
-32.046334,31,236.071164
-49.307676,58,236.080778
-65.73186,104,236.098105
-71.124411,108,236.115967
-108.837009,137,236.139762
-47.635873,70,236.151592
-61.265458,109,236.169973
-28.010581,35,236.175869
-34.277806,62,236.186255
-70.593425,59,236.196091
-45.285116,43,236.203094
-38.539157,53,236.211862
-63.919997,102,236.228447
-147.778384,102,236.246459
-77.075399,120,236.266464
-56.789168,109,236.284814
-62.388935,73,236.29706
-36.227292,86,236.3112
-87.743697,109,236.329427
-60.420738,64,236.340916
-36.429815,47,236.349116
-57.942436,96,236.365163
-89.937637,104,236.382359
-43.276796,39,236.388769
-67.619868,105,236.405975
-47.712143,65,236.416893
-53.173438,69,236.428494
-71.60239,104,236.726561
-123.410593,96,236.742742
-117.118381,127,236.764465
-77.370954,93,236.781968
-32.262338,38,236.78834
-29.64487,71,236.800296
-55.702503,79,236.813953
-77.37346,85,236.82874
-120.113576,105,236.847011
-26.354852,35,236.853013
-69.695361,87,236.868263
-63.840762,85,236.884742
-60.883906,63,236.895093
-55.400302,86,236.909995
-50.162495,70,236.921781
-70.001127,82,236.935671
-52.695713,99,236.952689
-49.51737,73,236.965095
-75.910465,112,236.984864
-40.689455,74,236.997571
-102.135892,84,237.011671
-38.289581,42,237.018703
-44.523924,52,237.027404
-29.152345,36,237.033407
-33.745546,52,237.042161
-96.667969,118,237.061851
-63.044863,81,237.075302
-93.1702,96,237.092289
-60.876783,67,237.103976
-22.864776,40,237.110784
-85.469548,102,237.127734
-35.680109,51,237.136276
-30.101109,65,237.147218
-26.987847,33,237.152852
-73.376505,84,237.167106
-44.882962,86,237.181633
-53.632102,66,237.193308
-42.159055,43,237.20086
-55.282432,75,237.213565
-149.04665,125,237.234438
-44.196796,83,237.24832
-35.037328,50,237.256504
-47.103801,97,237.272366
-81.019615,86,237.286767
-41.048479,76,237.300415
-101.647204,129,237.322197
-83.986107,114,237.341214
-89.229662,107,237.359024
-79.741449,149,237.38383
-31.747427,57,237.39346
-89.935201,107,237.412361
-33.894564,68,237.701345
-72.452597,101,237.719763
-41.175473,105,237.737963
-28.150702,43,237.74522
-65.174812,96,237.761008
-57.961024,66,237.771911
-93.827077,87,237.78628
-62.329949,93,237.801602
-82.354291,86,237.815797
-67.801883,64,237.827104
-35.483375,55,237.836624
-23.095898,42,237.843588
-65.069838,100,237.860232
-34.865439,47,237.868064
-33.029852,41,237.874832
-30.089273,56,237.884514
-120.033752,115,237.903946
-62.178241,69,237.915573
-92.255767,95,237.932785
-71.35509,97,237.949842
-30.330867,36,237.956203
-39.672707,49,237.964728
-55.411181,56,237.974148
-106.406242,127,237.995485
-37.841503,62,238.006265
-45.780331,77,238.01945
-29.4843,49,238.027568
-35.814771,72,238.040434
-67.675999,85,238.055299
-77.222518,99,238.071844
-84.828629,94,238.087556
-116.185541,76,238.100385
-41.377965,115,238.119866
-34.20755,48,238.127857
-140.334005,108,238.14675
-29.787918,45,238.154564
-49.850696,62,238.165002
-147.590775,160,238.191565
-39.469171,49,238.199775
-55.605133,86,238.214215
-30.812074,68,238.22545
-65.752365,65,238.236147
-84.019365,86,238.251122
-41.115151,70,238.263473
-43.195687,64,238.274461
-44.686819,72,238.286633
-57.837595,80,238.300196
-62.572597,81,238.313858
-54.941577,72,238.325807
-32.79859,56,238.335194
-45.513764,83,238.349306
-48.281403,71,238.362204
-60.794782,88,238.376823
-70.811193,100,238.393248
-52.606463,96,238.690495
-80.116917,90,238.705692
-93.083732,113,238.724686
-113.013034,92,238.740365
-39.615722,60,238.750762
-29.677513,47,238.758733
-64.875909,113,238.778611
-73.988743,80,238.792293
-43.723258,51,238.801328
-54.649048,69,238.812903
-53.117794,91,238.828014
-78.041349,88,238.843272
-42.226207,79,238.85648
-50.416474,74,238.868687
-73.14709,103,238.886889
-62.326218,60,238.897243
-74.223776,119,238.916908
-31.893816,69,238.928384
-33.037149,38,238.934694
-38.602401,60,238.944577
-66.073072,91,238.960071
-29.747193,56,238.969738
-31.726035,38,238.976194
-85.379909,63,238.987475
-46.661584,77,239.000776
-78.860424,80,239.014558
-58.685618,68,239.025738
-76.497377,106,239.04352
-58.085255,78,239.05648
-50.911871,67,239.067704
-39.912262,75,239.080263
-31.356533,48,239.088381
-47.251029,66,239.100878
-47.282176,76,239.113869
-126.787871,115,239.13308
-36.873941,44,239.140426
-52.712555,49,239.148505
-63.018218,76,239.160962
-78.718018,89,239.175996
-31.159929,61,239.1863
-61.336292,92,239.20245
-92.668048,115,239.222121
-49.202557,53,239.231012
-51.983058,85,239.245374
-90.582468,122,239.265404
-107.573591,94,239.281
-55.222458,107,239.298836
-99.843748,108,239.318034
-77.744978,98,239.334244
-123.744844,142,239.358105
-128.225199,143,239.659323
-35.276903,58,239.669845
-57.707277,95,239.686408
-31.332735,39,239.693112
-50.432193,44,239.700815
-70.634876,114,239.721312
-42.760288,55,239.731602
-47.780965,78,239.74484
-89.42181,93,239.760703
-97.065753,83,239.77481
-33.109195,45,239.782628
-41.461803,90,239.79803
-45.169051,55,239.807322
-68.780156,109,239.825271
-33.960301,76,239.83982
-57.654602,59,239.850624
-107.092877,136,239.874035
-47.46822,51,239.882674
-94.904097,88,239.89784
-20.374019,25,239.90214
-57.473241,60,239.912191
-81.680814,83,239.925907
-77.857454,110,239.946173
-35.509288,70,239.9581
-45.390285,58,239.968046
-60.65926,87,239.983061
-57.419594,67,239.99477
-97.898309,128,240.01659
-68.253353,85,240.030785
-85.316388,93,240.047467
-36.720744,50,240.05601
-41.200035,61,240.066161
-56.339789,98,240.082322
-82.617981,137,240.105246
-89.401021,77,240.118142
-60.805639,59,240.127928
-65.577176,104,240.145937
-33.993685,52,240.154936
-95.193679,141,240.178644
-63.357389,79,240.191971
-103.093732,147,240.217008
-45.426247,49,240.225326
-47.71119,68,240.236951
-23.821517,42,240.24403
-160.590954,156,240.271466
-35.560467,73,240.284133
-76.348522,100,240.301284
-38.454621,66,240.312302
-60.158886,68,240.324099
-59.585676,95,240.340074
-58.950764,112,240.636712
-76.392824,132,240.66042
-73.487473,93,240.677638
-50.798959,50,240.686327
-47.422392,43,240.693729
-66.462644,84,240.708142
-40.681285,51,240.716744
-41.356823,57,240.726349
-83.865284,92,240.741886
-41.627546,50,240.750446
-76.792825,100,240.767222
-84.392387,107,240.786628
-87.896364,111,240.805302
-48.853843,92,240.820847
-60.707787,84,240.834923
-65.567692,70,240.846586
-33.529506,46,240.854256
-42.918429,44,240.861544
-43.625564,59,240.871662
-28.562338,46,240.880345
-43.480707,55,240.889488
-82.164675,90,240.904661
-154.899209,115,240.92345
-98.650252,103,240.940742
-81.689609,77,240.953776
-88.31208,111,240.972246
-44.606339,58,240.981967
-87.230522,101,241.000399
-25.679702,44,241.007764
-86.358154,110,241.026459
-65.635164,71,241.03865
-47.636053,48,241.04705
-100.312348,94,241.062782
-86.128443,120,241.08276
-32.575645,82,241.09717
-100.972846,102,241.11457
-105.186261,130,241.137018
-49.175824,69,241.149044
-57.565774,46,241.158109
-74.785663,119,241.178079
-42.58372,55,241.187375
-84.32304,105,241.20606
-97.93491,104,241.223764
-21.479478,31,241.228972
-105.438244,137,241.251671
-135.769847,117,241.271187
-32.277749,79,241.284816
-51.414717,65,241.296156
-73.435799,83,241.311457
-92.86685,99,241.328249
-71.25845,63,241.626891
-40.767787,51,241.636518
-82.331396,84,241.650835
-55.280813,79,241.664691
-55.574211,88,241.679657
-43.675382,40,241.686423
-44.695689,59,241.696526
-59.819466,63,241.707113
-41.714981,72,241.719141
-50.230523,76,241.732899
-56.539118,52,241.74197
-27.612926,37,241.748452
-51.716659,77,241.761498
-71.71153,76,241.774351
-70.597848,68,241.785798
-140.143925,128,241.807014
-61.763259,113,241.826239
-51.846308,83,241.841415
-43.115491,81,241.855396
-68.618376,81,241.869395
-72.46039,112,241.888294
-36.693232,73,241.900514
-58.15625,73,241.912702
-76.067599,73,241.924756
-35.089171,60,241.934958
-97.163354,102,241.953636
-77.73652,97,241.969687
-53.991845,68,241.981111
-58.842579,117,242.000611
-50.502184,90,242.015464
-49.481322,100,242.031949
-42.55828,80,242.046131
-132.188481,131,242.069113
-48.082494,66,242.080272
-43.554443,36,242.086591
-78.265516,129,242.108331
-71.01029,80,242.121585
-18.962536,27,242.126115
-49.611953,101,242.14319
-54.855653,65,242.155038
-46.731096,62,242.16585
-29.394693,50,242.174467
-42.546134,40,242.181282
-57.752019,93,242.196661
-31.919209,55,242.205877
-33.632194,40,242.212561
-44.252575,62,242.222868
-131.76752,154,242.248409
-74.583806,95,242.265476
-66.693009,94,242.281316
-63.58605,110,242.299966
-67.137631,79,242.313523
-76.962788,94,242.618344
-54.325756,103,242.636384
-61.6854,75,242.649464
-60.029564,84,242.663878
-37.4787,75,242.677684
-43.245307,64,242.689243
-68.876266,71,242.701602
-46.597537,86,242.71658
-46.102803,84,242.731176
-52.591149,62,242.741769
-61.347753,85,242.755805
-87.220799,69,242.767558
-44.798129,51,242.776269
-38.529569,66,242.788812
-56.574283,68,242.800591
-71.870882,60,242.810589
-40.981664,65,242.821393
-33.605349,29,242.826271
-69.007364,71,242.837867
-38.473998,35,242.843623
-27.690828,71,242.855183
-101.646735,104,242.872538
-57.949076,96,242.88947
-78.454655,124,242.910508
-50.23746,68,242.921989
-24.474653,50,242.930431
-43.092613,53,242.939243
-82.145614,109,242.957253
-66.221149,85,242.971518
-37.857423,67,242.982659
-72.233366,71,242.995448
-48.597858,53,243.004512
-50.361342,54,243.013594
-46.150585,77,243.026408
-42.56264,39,243.032905
-46.254986,97,243.048852
-32.543372,92,243.064039
-44.677072,53,243.072942
-47.686857,89,243.087758
-145.190202,152,243.11462
-37.667481,45,243.122384
-43.722532,91,243.137715
-57.07875,60,243.147715
-56.01292,104,243.164909
-79.915096,95,243.180753
-27.366036,50,243.189183
-77.014516,101,243.206753
-54.856414,77,243.219938
-27.81603,59,243.229743
-62.73657,108,243.247395
-108.894926,113,243.266109
-49.622199,71,243.277861
-49.837342,74,243.289945
-86.688267,104,243.588468
-64.005382,65,243.600746
-85.562812,101,243.617948
-41.548841,68,243.63042
-78.407543,92,243.646898
-38.942614,46,243.654957
-72.075841,119,243.675735
-28.352987,39,243.682559
-24.879595,63,243.69645
-130.593775,114,243.715802
-80.911644,72,243.727967
-38.216536,51,243.737423
-41.406105,43,243.744957
-126.835697,100,243.762156
-28.236744,34,243.767873
-60.957097,93,243.783292
-41.43197,46,243.790934
-116.759626,113,243.810075
-65.588937,96,243.826275
-39.836949,63,243.837078
-63.32761,83,243.852084
-67.840027,64,243.862917
-25.217919,31,243.868342
-95.618451,96,243.884681
-31.361676,43,243.891813
-40.679972,59,243.901702
-88.309988,98,243.917905
-77.479849,62,243.928212
-64.104198,59,243.937935
-63.381451,110,243.956952
-27.828465,33,243.962453
-39.410292,50,243.970674
-48.489105,85,243.984948
-43.388848,37,243.991174
-76.96986,102,244.008121
-35.073234,53,244.016949
-45.60349,96,244.032609
-48.898997,106,244.050092
-63.29914,115,244.070131
-103.981125,130,244.091612
-51.955518,122,244.111838
-41.183454,73,244.124195
-33.195128,66,244.135163
-96.732504,101,244.15195
-61.272068,51,244.161308
-84.097213,92,244.177083
-69.171942,59,244.187004
-39.98365,55,244.196108
-90.675113,103,244.213084
-36.80713,46,244.22081
-119.257848,98,244.236874
-47.642258,74,244.249141
-91.256148,97,244.265927
-60.103376,71,244.278041
-39.154353,67,244.555897
-66.124892,98,244.573469
-62.639965,108,244.594534
-47.129509,64,244.605807
-58.303268,75,244.61872
-76.252613,105,244.636247
-44.641021,63,244.647294
-54.246809,67,244.658785
-60.535351,75,244.671713
-73.443391,118,244.693521
-40.341905,97,244.709934
-59.494228,72,244.722258
-80.324185,100,244.73891
-44.513455,60,244.749215
-37.276869,55,244.758398
-53.051281,95,244.774913
-32.332763,69,244.786759
-90.908132,79,244.801507
-46.19102,80,244.815046
-43.600671,55,244.824449
-39.820042,73,244.836694
-38.644424,72,244.848901
-94.445138,96,244.86518
-55.402063,95,244.881102
-56.361399,77,244.894887
-31.504242,42,244.902181
-60.371735,87,244.917062
-72.044103,106,244.934829
-94.139862,73,244.947199
-29.857114,59,244.957041
-55.015887,65,244.967806
-37.571334,67,244.978824
-44.665642,53,244.987805
-29.915957,68,245.000373
-63.391022,73,245.013798
-33.61261,45,245.021581
-29.652691,38,245.028017
-36.790554,46,245.035915
-31.963115,57,245.04553
-40.532841,54,245.055246
-44.207725,89,245.070374
-31.428917,42,245.077387
-50.5789,75,245.090188
-36.557458,29,245.095252
-113.606862,109,245.116215
-64.104259,64,245.127101
-41.35636,67,245.138441
-113.673148,126,245.159262
-85.82213,102,245.176918
-63.020661,91,245.192673
-68.897984,159,245.220869
-31.280167,47,245.22927
-60.54345,106,245.247068
-89.045827,138,245.538115
-35.186368,40,245.544976
-36.789471,49,245.553586
-51.554768,92,245.569249
-88.291955,93,245.587132
-66.870835,119,245.607774
-34.39756,80,245.621372
-47.110188,61,245.63303
-83.807107,100,245.650286
-54.43695,66,245.661769
-41.55215,48,245.670243
-91.454855,93,245.686003
-69.090888,92,245.701364
-50.839543,60,245.711145
-45.394295,75,245.723315
-114.391494,131,245.746311
-39.877563,45,245.753994
-35.424231,66,245.764989
-69.973158,96,245.781159
-90.990818,114,245.80062
-62.883778,59,245.810686
-36.995334,40,245.817538
-42.817332,63,245.828134
-62.849851,126,245.850595
-71.2726,82,245.864719
-70.034496,75,245.87732
-39.693791,109,245.895281
-70.591258,90,245.910694
-46.02798,57,245.920176
-41.512609,67,245.931565
-99.281719,122,245.952736
-108.72284,123,245.973725
-37.682559,36,245.979845
-130.005488,134,246.002028
-132.525182,130,246.023698
-70.16112,69,246.03522
-57.479728,81,246.048529
-110.724789,124,246.070342
-32.790542,31,246.075623
-103.648672,119,246.09568
-89.82807,120,246.115811
-42.00509,55,246.124922
-32.462037,63,246.135383
-75.963769,98,246.151461
-94.587661,75,246.164728
-141.691613,117,246.184404
-65.142215,74,246.196942
-41.529792,61,246.20726
-39.097685,63,246.217862
-70.320341,91,246.500101
-67.813752,78,246.513519
-37.681524,78,246.526433
-35.353714,34,246.532132
-31.571751,60,246.542172
-65.121592,60,246.55279
-102.229552,183,246.585536
-56.737719,90,246.60153
-32.0785,53,246.610465
-43.410465,117,246.630449
-30.725806,47,246.638376
-40.422725,51,246.647173
-66.23721,82,246.661207
-38.833805,52,246.670004
-57.288035,76,246.682796
-34.118295,49,246.692694
-58.359116,109,246.712023
-30.786435,35,246.718283
-139.670628,186,246.749921
-62.536227,100,246.766833
-33.960177,68,246.777991
-55.037736,92,246.794431
-40.808652,39,246.801407
-49.824441,90,246.816523
-54.4714,70,246.82806
-93.393449,109,246.845792
-69.494673,78,246.859196
-38.407318,110,246.877964
-47.463404,49,246.886498
-60.873503,67,246.899392
-40.449349,75,246.912271
-48.543196,80,246.926193
-35.003055,77,246.939508
-48.099492,76,246.952624
-79.706157,98,246.969255
-55.929904,96,246.985664
-94.759937,87,247.001366
-38.236027,48,247.009972
-43.634878,42,247.017558
-57.867522,84,247.031581
-66.873468,92,247.046859
-40.100753,75,247.059199
-37.606396,53,247.068477
-95.150218,174,247.098046
-113.051671,116,247.119647
-54.06204,82,247.133542
-40.773661,72,247.145632
-77.748933,74,247.158101
-57.548439,109,247.176183
-114.664825,124,247.196938
-46.979571,62,247.503526
-32.579097,49,247.511813
-43.045923,46,247.519454
-25.729508,68,247.531877
-37.49893,70,247.544234
-100.100385,94,247.561268
-41.601091,51,247.570312
-37.172834,75,247.583792
-85.266936,107,247.602982
-57.918549,108,247.621298
-64.548236,103,247.639756
-71.882365,100,247.65764
-76.165681,98,247.67426
-57.666573,78,247.687355
-40.14722,60,247.697402
-90.836567,132,247.719366
-57.784345,66,247.730364
-84.324808,91,247.746277
-38.112267,73,247.758786
-51.60955,99,247.775352
-43.570276,96,247.791313
-57.149631,62,247.801746
-91.726011,128,247.822966
-26.448392,54,247.83193
-46.658646,67,247.842922
-144.785365,143,247.867933
-59.483516,119,247.887716
-63.17779,68,247.898984
-41.885989,60,247.90885
-47.652812,49,247.91696
-41.91396,53,247.925791
-80.861034,86,247.940062
-50.463767,49,247.948516
-34.740234,42,247.956513
-60.149494,95,247.97282
-76.152911,82,247.986438
-91.153467,98,248.00296
-120.922407,139,248.026483
-22.003447,30,248.031741
-126.525278,110,248.050334
-80.798237,97,248.068002
-72.792911,116,248.088082
-29.735482,67,248.099407
-93.99284,102,248.11647
-78.053928,96,248.132379
-115.462507,85,248.146647
-52.560444,65,248.157489
-48.279447,56,248.167742
-44.986552,64,248.178778
-30.603256,58,248.188574
-52.827541,94,248.471537
-44.663069,60,248.482829
-43.524316,42,248.490146
-36.017428,58,248.499962
-93.155944,74,248.512166
-46.751874,64,248.523412
-77.34945,68,248.534734
-81.659663,101,248.551999
-80.164257,88,248.567428
-26.590717,57,248.577527
-24.750521,39,248.585957
-78.617408,100,248.603703
-49.095896,50,248.612139
-31.040417,75,248.625214
-88.753828,125,248.646736
-28.099994,44,248.65415
-63.72142,81,248.667621
-27.647828,35,248.673486
-142.29438,121,248.694805
-26.104693,34,248.700687
-35.340389,25,248.704845
-39.326232,40,248.711603
-34.648237,49,248.72023
-47.480645,73,248.732533
-80.862266,117,248.751965
-39.985266,74,248.764389
-47.216497,59,248.774098
-126.626162,105,248.792898
-72.308787,99,248.809749
-39.991516,78,248.822812
-73.299096,92,248.838267
-166.259183,180,248.868596
-53.892191,70,248.880698
-65.964082,63,248.89138
-126.127518,101,248.909581
-105.266025,115,248.929293
-45.787978,83,248.943342
-127.362735,109,248.961744
-128.71229,93,248.977564
-20.626906,50,248.986073
-55.485147,95,249.002094
-95.80716,120,249.023493
-69.759728,93,249.039014
-34.894635,63,249.049452
-37.64574,52,249.058085
-87.759367,124,249.078504
-112.340114,86,249.09304
-102.737607,170,249.122582
-149.21134,188,249.154632
-59.576499,76,249.440919
-58.70262,69,249.452874
-40.794508,42,249.459972
-29.381651,45,249.467601
-67.96682,81,249.481113
-94.745747,74,249.49343
-66.060644,92,249.508807
-64.314901,70,249.520407
-33.56925,113,249.540471
-38.207387,80,249.554767
-49.549322,86,249.56993
-114.789965,129,249.593412
-73.938027,106,249.611721
-85.054767,81,249.625383
-65.374165,90,249.641738
-43.000819,78,249.655351
-67.615158,112,249.674145
-46.259406,80,249.68752
-80.174282,84,249.701469
-44.558733,68,249.713192
-29.513635,37,249.719518
-57.557923,64,249.730417
-66.896398,73,249.743695
-62.636987,84,249.757997
-34.112039,53,249.766995
-35.172962,108,249.784936
-41.01742,47,249.792844
-150.735322,122,249.813552
-74.010455,125,249.834533
-62.225589,73,249.847628
-30.415975,59,249.857713
-39.85743,95,249.874
-41.164913,52,249.882792
-74.774067,62,249.893009
-47.521069,69,249.904214
-94.883218,114,249.923195
-76.88827,106,249.940663
-68.201606,74,249.953526
-79.120924,95,249.969579
-33.175882,44,249.976975
-47.178311,55,249.986314
-36.466388,49,249.994805
-62.636411,87,250.009678
-28.979857,28,250.014489
-75.415923,82,250.028416
-95.833479,118,250.048367
-104.174859,90,250.064442
-28.327407,48,250.072763
-75.548305,77,250.085656
-24.686077,40,250.092359
-72.011071,91,250.107519
-83.885308,97,250.123709
-26.717911,37,250.129911
-75.297693,97,250.438732
-67.569952,103,250.456776
-114.459896,105,250.475208
-66.415401,63,250.486968
-97.407973,108,250.505358
-32.867554,61,250.515585
-65.446535,76,250.528483
-56.397006,98,250.545132
-50.554932,93,250.561938
-24.816979,24,250.566547
-81.114924,81,250.581372
-36.206834,90,250.599268
-94.316681,80,250.613027
-63.331105,95,250.629445
-67.560075,102,250.646756
-61.183461,87,250.661327
-77.121504,94,250.67685
-87.156486,87,250.692316
-23.4321,30,250.6975
-59.217656,100,250.715022
-26.124813,70,250.726751
-53.403393,93,250.742222
-59.582027,98,250.759135
-30.771242,47,250.767162
-111.778408,83,250.781201
-53.432532,46,250.788934
-77.856869,94,250.80591
-92.752427,110,250.824582
-44.395174,60,250.834735
-63.918036,63,250.845451
-39.013796,49,250.853677
-76.313877,64,250.864722
-53.659778,66,250.875751
-87.281174,135,250.89828
-59.028749,59,250.909154
-37.010005,42,250.916727
-72.548738,107,250.934619
-65.311212,91,250.949801
-123.51558,90,250.964834
-102.236158,125,250.98555
-122.616603,123,251.006051
-53.345392,54,251.016176
-22.656963,33,251.021839
-90.982786,100,251.038667
-39.841931,69,251.050143
-71.692131,55,251.059313
-34.519476,43,251.06652
-57.843931,67,251.077636
-34.29395,44,251.084982
-76.313509,62,251.095231
-93.429797,116,251.115292
-67.085619,90,251.130705
-93.79386,105,251.437186
-37.359757,58,251.447919
-29.021654,34,251.453817
-56.126297,85,251.468373
-66.777042,64,251.479609
-36.52328,72,251.49168
-50.954773,85,251.505728
-53.229415,71,251.517441
-92.279549,111,251.536759
-63.750766,136,251.561232
-59.904562,79,251.575842
-63.913392,85,251.591052
-51.007144,80,251.605215
-39.562566,77,251.618593
-120.502054,124,251.639811
-90.67502,95,251.656822
-55.554732,72,251.669169
-63.895521,78,251.682286
-67.324307,78,251.694988
-81.646948,139,251.718374
-85.916866,98,251.73473
-58.497013,119,251.755252
-32.579441,44,251.762919
-46.15592,80,251.776468
-101.312736,92,251.791941
-78.93866,73,251.804217
-88.679937,184,251.835168
-36.336422,97,251.851746
-99.555895,88,251.86804
-89.18413,119,251.888279
-37.478452,69,251.899926
-46.36888,72,251.912056
-52.066614,65,251.92316
-34.192135,47,251.931107
-44.572711,61,251.941329
-55.730065,81,251.954939
-100.692176,139,251.97987
-61.664613,69,251.991375
-29.881985,48,251.99927
-37.314313,77,252.011974
-65.754626,71,252.023627
-70.118994,86,252.037784
-49.981144,75,252.050191
-51.380939,54,252.059033
-42.811595,48,252.067958
-47.085725,69,252.080093
-84.935215,87,252.09431
-39.003112,61,252.104792
-112.807008,185,252.403271
-31.399391,50,252.411729
-55.540793,72,252.423714
-43.542159,44,252.43115
-22.813027,35,252.437097
-34.941155,105,252.454694
-57.612665,67,252.465831
-81.979016,131,252.488522
-73.252265,95,252.504809
-92.929919,90,252.520426
-83.111064,96,252.536588
-28.924302,44,252.544131
-56.237562,58,252.554252
-85.522446,89,252.570939
-86.627026,121,252.594766
-122.951521,85,252.609947
-41.166976,86,252.624992
-75.239671,85,252.639468
-101.829028,96,252.655713
-54.99714,140,252.67956
-48.377013,58,252.689468
-59.233679,78,252.70407
-70.047678,63,252.715094
-28.744725,31,252.720419
-67.53304,64,252.731284
-62.118089,80,252.744828
-97.409877,95,252.761436
-27.013584,43,252.768929
-31.929399,67,252.780029
-103.607136,165,252.808548
-54.111637,123,252.829004
-66.472579,68,252.840307
-124.790457,112,252.858968
-61.842383,69,252.870702
-62.378376,109,252.889066
-77.267852,90,252.904125
-78.429515,117,252.925037
-28.409684,66,252.936135
-42.856247,76,252.948783
-40.639134,78,252.961672
-25.828297,68,252.972938
-106.77095,102,252.989974
-44.563475,72,253.001914
-30.054135,72,253.014584
-122.177072,119,253.035162
-39.380711,45,253.042791
-28.296137,51,253.051412
-111.529109,135,253.074064
-46.70527,70,253.08566
-36.674496,79,253.384914
-86.665103,126,253.406696
-60.799226,95,253.422824
-29.317107,81,253.437841
-19.462801,36,253.444019
-59.634335,98,253.460627
-24.629066,46,253.468616
-66.258828,84,253.482888
-27.638747,26,253.487371
-53.439032,56,253.496777
-59.460879,94,253.512357
-41.113328,78,253.525404
-100.486283,124,253.548216
-43.358287,41,253.555276
-25.744309,34,253.561232
-65.415588,95,253.577749
-122.377947,150,253.605212
-37.194711,57,253.615
-45.585034,54,253.624113
-63.020114,81,253.637991
-95.92153,138,253.663601
-63.086386,80,253.677569
-87.834269,98,253.694308
-75.353129,66,253.705449
-41.796843,49,253.713589
-74.947583,107,253.731625
-78.198089,132,253.755067
-40.99746,46,253.763181
-82.95551,86,253.777355
-103.702637,78,253.790347
-45.95215,92,253.805554
-97.948708,96,253.821761
-48.165729,81,253.83547
-45.539544,46,253.843279
-58.071919,57,253.853609
-73.19685,83,253.867674
-46.947642,64,253.878563
-102.967957,104,253.896167
-43.313439,100,253.913046
-91.657645,118,253.933181
-38.316156,44,253.940633
-42.495481,62,253.951084
-33.85954,83,253.965995
-87.114027,95,253.98194
-57.178195,116,254.001433
-51.377719,49,254.009841
-82.326443,131,254.03202
-43.482069,42,254.039023
-48.788146,110,254.057134
-35.503917,78,254.071087
-63.400022,94,254.353092
-54.081643,105,254.37134
-71.676441,83,254.386188
-40.608982,61,254.396817
-48.422996,56,254.406128
-33.460137,93,254.421806
-34.579324,44,254.429367
-36.954238,41,254.436334
-26.926927,29,254.441253
-73.27129,80,254.454719
-30.80216,32,254.46008
-38.809153,66,254.471141
-37.826372,50,254.479517
-120.408876,151,254.50657
-113.632173,140,254.530287
-73.213138,111,254.549378
-56.047991,58,254.5593
-131.10201,114,254.578399
-88.723795,130,254.603388
-93.056018,94,254.619736
-40.866559,40,254.626516
-101.789489,134,254.649114
-101.846857,94,254.664831
-127.182355,161,254.691449
-42.655423,66,254.703584
-79.118126,74,254.716308
-46.563198,43,254.723525
-27.678527,37,254.729625
-121.493014,83,254.743353
-44.613106,49,254.751636
-38.608435,76,254.764848
-44.967868,133,254.787401
-72.458499,91,254.803817
-37.921249,66,254.81566
-41.043786,60,254.826002
-74.447906,96,254.842069
-106.417749,140,254.865691
-88.703653,104,254.883137
-40.36667,72,254.895455
-50.014794,72,254.908557
-96.458754,94,254.925058
-61.912561,70,254.93691
-51.415179,76,254.949532
-30.821932,51,254.957965
-67.296994,80,254.971191
-68.686689,86,254.985432
-39.007442,65,254.996197
-80.571583,62,255.006469
-38.313294,47,255.015283
-40.504469,58,255.025415
-85.696546,124,255.046267
-74.559913,112,255.332669
-55.550897,63,255.343519
-33.933371,41,255.350752
-93.242132,103,255.367931
-37.088516,53,255.376759
-31.816399,68,255.388187
-46.424258,91,255.403419
-71.110369,127,255.424676
-33.803953,45,255.432191
-60.874407,111,255.452426
-58.804778,45,255.459912
-64.74904,156,255.485897
-63.249432,64,255.496564
-55.991724,66,255.507519
-52.279876,62,255.517948
-144.598832,148,255.543284
-60.178114,76,255.55667
-43.185573,91,255.572938
-75.938802,112,255.592586
-97.100401,104,255.61101
-71.051245,96,255.627318
-118.357089,132,255.650618
-84.785254,71,255.663642
-74.145372,95,255.680362
-40.048198,87,255.695113
-72.145033,93,255.710811
-105.489597,111,255.730335
-71.430697,72,255.742463
-93.145777,93,255.759646
-145.822949,130,255.782506
-49.258717,97,255.798932
-56.358871,98,255.815517
-93.097463,81,255.828818
-32.726031,44,255.836049
-70.234126,91,255.852998
-41.283329,70,255.865355
-85.714373,77,255.878637
-74.36034,92,255.894601
-128.33583,129,255.916909
-52.188381,58,255.926927
-88.629999,116,255.946523
-63.98062,106,255.965285
-68.558446,88,255.980525
-34.941371,50,255.989128
-93.494477,92,256.00436
-47.449421,102,256.021644
-97.83361,148,256.31159
-39.635105,54,256.320855
-42.176587,51,256.329524
-39.096549,47,256.337637
-95.239246,122,256.35796
-43.463272,76,256.370632
-42.02119,97,256.388165
-44.988046,68,256.399983
-51.394096,96,256.416032
-82.820438,102,256.433294
-121.329126,156,256.459635
-87.272898,112,256.478642
-35.201755,62,256.489949
-62.844248,84,256.504487
-44.079758,62,256.515143
-62.25117,106,256.533003
-76.610843,77,256.546536
-89.955133,102,256.564237
-66.065264,120,256.585931
-78.818145,64,256.598209
-79.81967,109,256.617252
-48.443512,65,256.628279
-36.239116,63,256.638979
-64.090706,68,256.650685
-28.258772,41,256.657537
-40.311373,55,256.666788
-71.783065,74,256.679355
-53.159683,118,256.700055
-43.707613,44,256.707691
-31.261645,40,256.714574
-69.019323,101,256.731426
-48.229557,60,256.741541
-95.768898,138,256.76454
-57.119567,118,256.784266
-72.576464,77,256.797049
-49.545191,59,256.808159
-67.84893,82,256.822249
-56.999121,80,256.835549
-56.88159,72,256.847573
-72.401214,96,256.863892
-58.473457,79,256.877182
-111.565949,127,256.899076
-80.186741,113,256.919465
-45.991637,89,256.934578
-72.621106,57,256.94419
-42.493779,77,256.957022
-80.291051,97,256.973419
-35.528284,55,256.983106
-20.397607,31,256.988349
-104.010058,86,257.279034
-56.975871,61,257.289464
-73.618114,122,257.309566
-82.47862,50,257.317942
-47.152828,82,257.332661
-63.962522,57,257.3428
-51.123527,87,257.357407
-60.98031,63,257.36808
-39.81432,57,257.377719
-40.97664,102,257.394616
-32.094737,36,257.40106
-114.66761,126,257.422169
-93.364085,122,257.443384
-74.965798,68,257.454787
-58.559801,81,257.468437
-124.968486,114,257.487203
-82.583802,68,257.498503
-35.685643,53,257.507275
-53.867375,56,257.516587
-98.791121,78,257.529365
-67.882915,83,257.544345
-34.791872,70,257.556814
-80.480555,97,257.574013
-31.872312,43,257.582161
-62.002709,81,257.596506
-47.308357,57,257.606275
-57.949202,82,257.620406
-63.50338,117,257.641402
-19.307605,32,257.647084
-88.21302,112,257.66655
-137.064232,135,257.689249
-64.642984,55,257.698535
-36.880377,65,257.709725
-50.91703,51,257.718369
-65.676546,54,257.727424
-102.943317,95,257.743555
-75.585074,122,257.765378
-35.331465,43,257.772608
-32.179402,66,257.783567
-69.196286,103,257.800782
-65.224911,85,257.815307
-49.830814,81,257.829059
-40.432156,48,257.836941
-32.998551,43,257.84405
-29.976657,53,257.853638
-41.585565,71,257.865901
-108.022312,122,257.886064
-54.642561,77,257.898786
-118.615425,116,257.917917
-30.84863,57,257.927325
-36.281656,89,257.941908
-75.306217,111,257.961122
-86.009875,70,258.250748
-106.411311,107,258.268754
-73.262006,97,258.286335
-130.684301,109,258.304873
-33.685202,71,258.316691
-47.054419,44,258.324031
-66.575556,60,258.334126
-95.025343,107,258.351894
-91.905584,108,258.369747
-36.132538,66,258.381521
-53.663161,104,258.39912
-92.756671,127,258.420346
-147.170709,168,258.448272
-38.766826,49,258.456387
-36.764613,73,258.468483
-76.367757,112,258.488005
-29.087206,56,258.49834
-45.583465,35,258.504346
-47.548121,71,258.516333
-144.610173,126,258.537362
-66.506714,83,258.551875
-51.464216,76,258.565506
-59.403591,67,258.578548
-50.851275,69,258.59242
-154.963768,152,258.619158
-50.81034,97,258.63596
-23.179575,30,258.641155
-56.626316,68,258.652867
-30.210629,46,258.660729
-88.445002,73,258.672876
-31.32998,74,258.685108
-100.839908,121,258.706518
-97.245866,107,258.72488
-79.474603,129,258.746508
-111.144834,108,258.764649
-162.354971,147,258.789159
-45.160973,61,258.799474
-97.698476,116,258.820228
-45.683701,70,258.831958
-67.041111,99,258.848064
-30.224389,50,258.856203
-46.470657,69,258.868142
-51.692724,103,258.885543
-41.085179,53,258.894511
-32.111135,45,258.902161
-34.459355,43,258.910211
-90.82562,95,258.926352
-154.899142,158,259.224704
-31.937339,54,259.235291
-36.229505,56,259.244863
-55.901689,110,259.263687
-97.877592,95,259.279897
-62.398383,97,259.296411
-47.327263,75,259.309086
-27.974033,54,259.318236
-53.67317,51,259.327303
-114.925202,130,259.350938
-27.284687,34,259.356786
-57.108432,98,259.373548
-33.675782,45,259.381211
-25.984818,33,259.386749
-44.088489,92,259.402033
-42.531427,61,259.412143
-82.741356,96,259.42765
-77.195234,111,259.447465
-43.068817,85,259.4614
-33.069678,57,259.470975
-48.637385,75,259.4835
-96.322585,120,259.503297
-39.431015,56,259.512485
-56.057868,88,259.526723
-38.656278,40,259.533544
-68.155278,103,259.552122
-40.305328,59,259.562332
-93.225218,107,259.582321
-106.527459,109,259.601188
-62.928188,65,259.612102
-47.405855,51,259.621041
-57.598651,63,259.63227
-51.871984,52,259.641199
-37.010764,100,259.659729
-74.30707,93,259.675795
-68.744924,89,259.690737
-49.152251,55,259.700015
-48.590782,51,259.70855
-65.855008,50,259.716993
-45.683919,80,259.73033
-37.843291,99,259.746842
-72.66992,78,259.761294
-51.720852,95,259.777499
-70.136909,86,259.792009
-53.663414,58,259.801997
-26.662388,53,259.811041
-32.199603,25,259.815319
-66.74787,74,259.827801
-120.468557,82,259.841679
-33.954248,55,259.851079
-60.79426,80,259.865915
-81.037454,110,259.884822
-58.969595,72,259.896932
-30.394892,37,259.903221
-73.765076,95,259.919275
-37.104039,56,260.220519
-84.358624,70,260.232433
-46.747768,75,260.245486
-43.07212,67,260.256916
-49.534189,61,260.26735
-70.807518,85,260.282668
-118.235874,117,260.30288
-53.013144,43,260.310226
-55.899689,86,260.324577
-37.117335,57,260.334402
-68.862133,106,260.352727
-56.592844,118,260.372907
-28.47392,48,260.381208
-66.673323,67,260.39396
-69.806216,69,260.406252
-38.764186,41,260.413426
-32.405763,90,260.428614
-65.828907,123,260.449179
-31.155839,49,260.457713
-79.119852,96,260.473958
-65.247045,75,260.486493
-68.178792,75,260.500274
-59.39428,77,260.513463
-27.116828,41,260.520348
-86.813435,107,260.538289
-39.159142,53,260.547607
-38.549389,62,260.55859
-73.464185,85,260.573435
-73.607094,92,260.590529
-23.050258,35,260.597595
-41.230075,55,260.607586
-75.445963,80,260.621686
-35.026926,74,260.634301
-68.150259,59,260.644284
-64.255218,95,260.660508
-32.325967,52,260.669322
-42.472169,45,260.676843
-102.557922,132,260.699165
-133.050464,142,260.724733
-64.47157,79,260.738272
-80.519273,130,260.760251
-97.585108,139,260.78359
-52.406059,105,260.801537
-56.792077,72,260.815153
-117.052401,95,260.830944
-82.107117,83,260.844656
-45.184198,62,260.854951
-30.018766,62,260.86538
-69.138193,82,260.878914
-58.71232,92,260.894172
-78.473991,66,260.904983
-61.33417,83,260.920204
-56.387989,75,261.222593
-65.152942,74,261.235789
-74.556438,76,261.249116
-49.91957,91,261.264061
-37.751831,84,261.277878
-77.645722,101,261.295169
-41.701258,73,261.307172
-49.773371,86,261.3213
-36.198598,101,261.339635
-89.032438,126,261.360698
-37.298414,51,261.369739
-77.535533,105,261.38762
-35.551631,61,261.398337
-75.061338,114,261.417535
-41.386185,55,261.426723
-35.658296,37,261.433852
-80.565262,75,261.447069
-42.717901,88,261.462021
-100.963889,123,261.483223
-47.436812,58,261.49336
-30.569257,45,261.501091
-39.53959,95,261.517174
-45.893284,79,261.530817
-49.200493,48,261.539926
-91.713494,92,261.557064
-24.282563,47,261.565744
-30.577239,68,261.577352
-91.360225,81,261.592319
-84.940205,89,261.607477
-39.556254,61,261.618045
-72.816612,84,261.632463
-49.056249,68,261.644757
-50.853381,110,261.663699
-105.452172,124,261.684237
-47.386714,76,261.697115
-58.228036,86,261.711938
-45.797616,74,261.724524
-38.462645,81,261.738345
-119.294342,144,261.763958
-55.375408,40,261.770696
-57.817981,90,261.785884
-31.186582,68,261.797523
-63.734072,58,261.807355
-32.660118,75,261.819853
-76.374293,78,261.832811
-80.669892,126,261.854777
-85.99408,96,261.872044
-87.088096,88,261.886957
-64.870698,91,261.902501
-30.288758,42,261.909668
-51.041118,60,262.192485
-113.907202,120,262.212773
-94.348538,94,262.228462
-96.998861,124,262.249958
-49.833985,136,262.273066
-45.190272,66,262.285694
-30.034308,55,262.295007
-89.519146,111,262.314071
-90.104773,138,262.337428
-51.38201,118,262.357198
-45.142177,58,262.366881
-36.36394,56,262.376101
-44.433051,94,262.392863
-77.420518,82,262.406804
-50.828025,72,262.418861
-49.364295,50,262.42728
-33.528156,74,262.439626
-125.33299,113,262.458594
-36.502342,38,262.464898
-293.336789,290,262.51426
-56.944436,77,262.527434
-44.342244,118,262.547681
-18.855997,21,262.551264
-39.225937,49,262.55944
-32.761955,30,262.564548
-39.895466,70,262.57618
-76.665917,93,262.595192
-46.112629,53,262.605664
-69.05413,62,262.616666
-30.768196,52,262.625657
-52.514799,85,262.640352
-57.234772,78,262.654172
-61.184722,124,262.675449
-58.690978,89,262.690586
-38.508548,77,262.704665
-78.448254,106,262.722618
-50.904145,98,262.738954
-50.517234,56,262.748135
-50.141443,54,262.757041
-34.373943,61,262.767286
-59.18023,100,262.783994
-42.04268,52,262.792721
-113.399166,123,262.814983
-47.051243,53,262.824355
-122.729109,126,262.845893
-103.494477,103,262.863567
-64.686519,66,262.874869
-34.622434,45,262.882526
-65.107138,77,262.895536
-91.311815,132,263.186107
-37.951564,93,263.202163
-44.370785,68,263.213854
-41.679866,44,263.222372
-53.979233,61,263.233235
-33.297764,68,263.244518
-99.635848,127,263.265778
-92.370377,111,263.284242
-34.224625,34,263.289873
-111.220974,119,263.309482
-45.5419,41,263.316518
-61.320438,57,263.327237
-44.241571,78,263.340706
-54.569733,92,263.355995
-108.091045,107,263.373545
-62.587695,66,263.384782
-38.195242,40,263.391717
-34.819154,62,263.402349
-63.359069,126,263.4238
-29.496496,49,263.432944
-57.392126,63,263.443856
-112.170622,91,263.459563
-31.520911,51,263.468158
-178.07492,184,263.499025
-131.157954,106,263.51673
-102.613734,89,263.53144
-42.75058,73,263.544764
-61.37275,105,263.563913
-34.640002,63,263.574965
-49.187258,72,263.588584
-46.818698,43,263.596239
-40.578821,59,263.606465
-55.897932,63,263.617313
-191.686861,159,263.645172
-63.278132,111,263.664871
-40.250823,79,263.677966
-93.129912,103,263.694836
-25.001422,60,263.705063
-43.903473,61,263.715352
-67.257026,109,263.733905
-56.982328,83,263.749331
-50.906324,49,263.757972
-110.631888,124,263.779322
-47.297875,125,263.800242
-39.906057,54,263.809441
-76.977445,71,263.821458
-47.153536,74,263.833912
-52.215235,67,263.84497
-64.619294,122,263.866596
-69.714435,59,264.142118
-81.867683,118,264.16263
-69.589698,74,264.176297
-116.60928,109,264.194807
-49.257685,55,264.204246
-86.527039,119,264.22431
-46.051063,43,264.231593
-63.034555,78,264.244693
-34.709295,43,264.252107
-61.689587,59,264.262052
-69.128885,85,264.277547
-64.496257,107,264.295594
-27.088173,27,264.300163
-114.386715,122,264.320379
-81.636383,79,264.333469
-35.692975,50,264.341894
-79.706578,95,264.357561
-86.137139,119,264.377103
-67.41829,51,264.386387
-67.219912,82,264.400463
-56.202605,63,264.411326
-69.106922,65,264.422425
-59.541163,125,264.443404
-51.944065,73,264.456038
-47.614358,53,264.465097
-38.716391,97,264.481454
-97.386605,96,264.49875
-64.451046,81,264.512181
-57.794656,50,264.520806
-71.591676,96,264.536677
-53.810081,76,264.549728
-54.006879,87,264.564375
-59.558792,79,264.577511
-112.048405,153,264.606011
-81.078902,95,264.622236
-59.799761,109,264.641276
-60.718082,73,264.653796
-26.36646,33,264.659341
-29.961065,39,264.666145
-29.251037,35,264.672123
-48.231344,89,264.687221
-57.140697,108,264.70671
-45.456293,69,264.7186
-62.002776,70,264.730599
-36.969925,53,264.739764
-73.923322,170,264.768599
-122.301649,122,264.788961
-78.136902,104,264.807354
-52.76371,89,264.822922
-30.796147,39,264.829889
-41.305528,71,265.120846
-86.135936,86,265.135957
-52.103297,52,265.144744
-37.901807,73,265.156809
-33.071038,48,265.164936
-149.69505,118,265.184723
-47.504384,42,265.191786
-89.09194,128,265.213065
-28.181189,39,265.219706
-40.970074,62,265.230884
-27.072348,70,265.242801
-40.414089,64,265.253583
-40.646343,61,265.263721
-90.033855,106,265.281202
-72.666386,81,265.29541
-68.176633,121,265.315239
-72.862536,61,265.32528
-35.712647,67,265.337501
-44.682731,59,265.347527
-34.484324,67,265.358587
-51.412576,61,265.368588
-43.619913,52,265.377152
-58.533744,55,265.386539
-80.11014,131,265.408945
-87.417427,85,265.423376
-145.320331,106,265.442175
-65.968807,107,265.460728
-72.02564,120,265.481137
-44.408352,78,265.494363
-32.21066,31,265.499727
-30.767439,40,265.506544
-66.098966,66,265.517541
-27.187461,53,265.526253
-42.020272,78,265.539057
-73.744754,80,265.554127
-46.960742,59,265.564907
-71.178884,107,265.584005
-54.556816,103,265.602459
-66.790245,76,265.615564
-35.420596,53,265.624519
-53.144854,101,265.641945
-42.379751,62,265.653519
-77.682075,99,265.670157
-104.77995,114,265.688947
-75.997134,88,265.703411
-36.820211,58,265.712945
-61.075294,92,265.728278
-30.242997,33,265.733729
-84.47074,91,265.748692
-53.472249,108,265.767825
-81.918114,102,265.784755
-32.948863,47,265.79252
-36.859543,46,265.800115
-55.661085,55,265.809201
-47.515565,46,266.092201
-41.532905,39,266.099397
-91.338664,113,266.118752
-27.221189,29,266.123753
-52.276542,96,266.139734
-39.723867,87,266.154182
-25.404561,35,266.160046
-152.336338,137,266.18407
-39.782423,48,266.192264
-120.193913,147,266.216643
-80.919668,99,266.233112
-53.759635,149,266.258316
-69.192814,98,266.2746
-153.08248,112,266.294111
-67.857439,127,266.315509
-78.478717,72,266.327738
-136.288338,121,266.349068
-101.749502,102,266.366544
-114.329574,122,266.388464
-26.472443,37,266.395027
-60.807029,79,266.408887
-30.617781,41,266.415931
-61.660587,74,266.428443
-87.865941,89,266.443821
-40.203971,45,266.451913
-27.063731,57,266.461727
-92.071943,128,266.483487
-69.425369,101,266.501756
-39.45695,61,266.5124
-34.256629,90,266.527761
-83.531465,73,266.54057
-43.341453,52,266.55051
-68.773816,96,266.566985
-71.714727,98,266.584317
-63.465267,98,266.603037
-78.363004,137,266.626133
-97.094973,128,266.647904
-83.464195,111,266.666664
-47.336616,57,266.676453
-86.270301,118,266.696226
-84.881033,118,266.717507
-55.234518,51,266.726132
-40.198768,59,266.736688
-31.991702,47,266.745143
-80.360618,72,266.757406
-90.9442,104,266.774828
-27.141948,48,266.782735
-59.644196,68,266.793851
-53.620043,58,267.075478
-81.500228,95,267.092487
-43.951411,103,267.110471
-46.129058,103,267.129078
-44.834822,53,267.138352
-91.096683,79,267.152001
-65.193984,65,267.163318
-29.707002,32,267.168907
-79.723669,80,267.182589
-93.919242,85,267.197048
-177.94177,175,267.226768
-45.505242,90,267.243138
-68.183498,114,267.262064
-60.902054,78,267.274875
-52.84249,50,267.283261
-59.769718,60,267.293319
-82.433976,99,267.310579
-34.3893,67,267.322078
-98.147494,131,267.345685
-87.196898,91,267.360834
-41.59577,69,267.372186
-37.334693,37,267.378256
-75.810055,79,267.391808
-24.991524,53,267.400797
-38.146549,83,267.414366
-68.211677,99,267.430738
-84.974116,135,267.454878
-37.156199,42,267.46553
-41.935776,94,267.4814
-51.945262,55,267.490649
-92.817616,94,267.506219
-46.598162,68,267.517384
-113.024036,130,267.538471
-25.011056,38,267.544697
-64.019909,98,267.563746
-35.357398,69,267.575588
-116.454445,102,267.593942
-74.759765,93,267.610015
-64.084798,83,267.623789
-44.77216,77,267.636555
-33.942286,69,267.647949
-63.441978,74,267.661944
-46.888748,88,267.676835
-78.786282,90,267.691646
-53.899426,62,267.701838
-87.453197,85,267.716419
-68.184936,117,267.736487
-70.529719,87,267.751385
-61.211427,82,267.766071
-115.13168,128,268.055614
-46.974,55,268.065177
-92.231968,135,268.089313
-25.019519,39,268.096279
-37.65094,58,268.106042
-63.080699,95,268.12173
-65.342,107,268.139497
-67.627336,97,268.155653
-32.579656,76,268.168252
-37.691574,46,268.175897
-52.627743,69,268.188614
-107.477793,109,268.207389
-48.662251,72,268.219761
-106.765748,127,268.241215
-33.044965,43,268.248584
-51.446983,89,268.263685
-35.546017,37,268.269959
-43.491409,57,268.279448
-101.037519,89,268.295479
-63.664026,100,268.312375
-55.106051,70,268.323991
-52.121236,98,268.341141
-70.300526,65,268.352427
-36.978715,86,268.367283
-143.009863,128,268.389126
-121.329502,140,268.414128
-43.552949,69,268.425682
-46.112902,69,268.437645
-110.562105,144,268.462357
-29.554492,31,268.467751
-27.511308,54,268.477082
-50.719063,100,268.494113
-43.642256,52,268.50375
-34.466627,77,268.517166
-141.106959,110,268.535542
-43.546798,104,268.553004
-47.009975,74,268.566209
-44.594969,83,268.580639
-65.603831,104,268.599485
-40.431454,46,268.60857
-86.046769,78,268.622129
-92.322156,126,268.643494
-37.395566,54,268.652639
-69.760666,78,268.665851
-35.603357,72,268.677912
-48.502473,61,268.688074
-56.938776,93,268.704714
-39.138333,56,268.714417
-21.239806,34,268.720059
-32.383965,49,268.728106
-36.978055,61,268.738403
-41.360081,73,269.018926
-82.670581,79,269.033795
-57.780664,57,269.043344
-78.004222,65,269.054156
-61.709464,90,269.069091
-123.176006,143,269.092821
-43.526501,49,269.101216
-99.497982,102,269.118477
-89.827673,105,269.137194
-49.475096,73,269.149672
-39.933119,61,269.159879
-65.444819,85,269.174
-48.340762,82,269.187748
-71.745367,108,269.205896
-53.953409,68,269.217293
-38.646701,52,269.22611
-65.422403,74,269.239257
-96.294955,93,269.254978
-81.736757,105,269.272227
-51.468587,50,269.280422
-74.35957,120,269.300304
-62.659477,87,269.314915
-34.571649,48,269.323075
-91.336321,119,269.344018
-77.916928,107,269.362854
-36.994417,100,269.379787
-103.101756,116,269.399926
-114.303981,160,269.426704
-23.329744,36,269.432879
-45.458718,55,269.442081
-59.49462,81,269.456745
-45.788781,41,269.463891
-67.968774,70,269.475542
-36.445392,40,269.48223
-31.622979,55,269.491454
-35.536453,43,269.498854
-91.092319,130,269.520682
-56.517848,87,269.53524
-69.141862,81,269.549877
-45.466736,57,269.56005
-47.18072,91,269.576135
-103.670643,127,269.599046
-51.933964,52,269.608053
-42.11242,48,269.616248
-103.785467,91,269.63157
-72.933875,85,269.645789
-60.439669,66,269.65797
-29.592663,53,269.667579
-85.892835,91,269.682935
-39.160672,56,269.692295
-75.554702,109,269.710488
-43.591033,74,269.989547
-80.972199,145,270.013776
-31.172316,60,270.023759
-48.432559,79,270.037205
-40.917089,99,270.053898
-57.840112,94,270.069693
-115.993875,103,270.088191
-56.994787,72,270.100825
-83.836783,124,270.121917
-28.703832,40,270.128658
-123.486434,115,270.147702
-132.539484,95,270.163462
-64.508714,113,270.183184
-174.331809,130,270.205232
-60.647865,82,270.219004
-57.167754,48,270.227019
-100.22231,93,270.242372
-77.666251,76,270.254993
-90.695465,139,270.277882
-30.33335,38,270.284192
-100.315806,106,270.302966
-44.994217,49,270.311133
-110.435238,91,270.326144
-66.944234,55,270.335208
-112.834628,130,270.356489
-29.675967,39,270.363184
-38.027846,48,270.371326
-44.427316,47,270.37925
-142.21606,120,270.400284
-32.809734,40,270.407219
-53.74521,58,270.417122
-47.43424,59,270.426859
-65.338706,77,270.43982
-53.642187,87,270.45492
-53.201187,71,270.467277
-73.493759,93,270.483512
-50.050757,89,270.499547
-53.884133,84,270.514305
-50.82065,59,270.524165
-40.425222,83,270.538138
-55.959064,45,270.546214
-57.803696,103,270.565164
-35.894088,59,270.575146
-124.777169,106,270.593323
-133.311698,113,270.614688
-72.913857,109,270.633461
-47.707899,65,270.644283
-102.244173,71,270.656208
-71.88402,61,270.666572
-82.079368,138,270.962026
-136.933738,126,270.983707
-30.511262,35,270.989695
-64.969115,101,271.006921
-35.859047,86,271.021506
-93.130879,120,271.043296
-51.807622,89,271.058512
-58.524723,87,271.073265
-64.337745,48,271.081352
-64.007805,74,271.093731
-36.933334,58,271.103508
-111.233446,118,271.123291
-92.420861,129,271.145884
-40.255591,70,271.157552
-86.322582,63,271.16836
-47.303376,74,271.180842
-47.157799,39,271.187391
-50.275929,56,271.196763
-25.145301,37,271.202867
-64.798547,103,271.219898
-32.014925,73,271.232264
-76.741757,93,271.249226
-57.191298,113,271.268066
-52.459705,97,271.284282
-44.649233,70,271.296
-43.493044,59,271.305931
-37.626123,54,271.314973
-62.635993,107,271.33279
-71.135512,97,271.350203
-81.681801,66,271.361383
-76.736791,112,271.380261
-84.20385,103,271.397651
-28.960874,50,271.406093
-54.06627,71,271.417954
-90.541744,93,271.433586
-26.782405,73,271.445804
-56.707181,124,271.467692
-153.656155,136,271.490454
-29.077909,33,271.496054
-24.193106,29,271.500965
-24.760677,33,271.506571
-84.426531,118,271.526465
-29.452314,61,271.536902
-66.496434,102,271.555669
-77.000267,72,271.570212
-50.466094,61,271.58221
-50.124178,48,271.59163
-76.870842,87,271.607206
-61.981101,82,271.621504
-121.116939,117,271.642891
-83.897676,74,271.657672
-35.023842,60,271.960295
-30.325126,48,271.968387
-57.760537,69,271.981479
-121.736264,130,272.004065
-107.718402,132,272.026662
-66.735749,97,272.043255
-63.895791,92,272.058951
-49.793783,99,272.075517
-41.736452,70,272.088351
-67.27272,88,272.10341
-57.786202,64,272.114366
-94.662522,128,272.135731
-65.823719,67,272.14683
-32.939707,46,272.154357
-68.566306,92,272.169683
-34.392439,45,272.177427
-31.523138,41,272.1853
-42.627318,79,272.199141
-67.229966,99,272.216002
-73.314605,128,272.237592
-39.780392,44,272.245068
-61.80083,84,272.259212
-46.214912,45,272.266744
-115.355544,124,272.287751
-55.103329,108,272.306999
-109.738968,137,272.330086
-110.023711,131,272.354074
-79.397664,75,272.367871
-41.619592,76,272.38135
-55.049721,54,272.390377
-38.469768,68,272.402467
-53.793912,50,272.411279
-66.345747,72,272.423704
-76.471906,86,272.438547
-37.213078,60,272.44899
-50.49119,52,272.457777
-52.810374,81,272.471456
-38.924868,43,272.478801
-63.36626,105,272.496483
-65.251777,73,272.509784
-64.045842,78,272.523231
-96.194173,112,272.542278
-87.749974,196,272.576298
-118.017219,149,272.60284
-24.168589,37,272.610073
-64.894014,116,272.630531
-31.983767,51,272.63899
-51.100801,84,272.652683
-45.43749,47,272.660283
-31.911791,44,272.95131
-63.08226,72,272.963617
-59.227133,62,272.974137
-64.528266,50,272.982818
-26.523945,32,272.988354
-38.289414,51,272.997116
-151.823288,121,273.017855
-70.816589,69,273.03061
-95.767623,127,273.052327
-60.118766,70,273.064299
-46.708718,63,273.074694
-70.572906,61,273.08491
-59.817351,72,273.096969
-25.459244,40,273.103692
-30.658173,58,273.11345
-97.969875,102,273.130532
-83.954796,99,273.148101
-26.066659,36,273.154286
-34.968951,76,273.167016
-97.654096,127,273.18766
-51.403303,88,273.202204
-43.281954,76,273.214945
-56.493662,55,273.223872
-89.611942,106,273.241835
-73.506824,87,273.267306
-84.704801,112,273.290751
-69.704628,69,273.302477
-48.968473,73,273.314748
-43.31814,49,273.322857
-22.871769,42,273.329888
-35.548338,70,273.341253
-32.699776,57,273.351581
-53.837622,139,273.374562
-69.846596,72,273.386604
-86.77874,146,273.410848
-29.682376,62,273.42103
-43.035019,85,273.434862
-33.283796,48,273.442771
-47.546173,77,273.456291
-105.670979,101,273.473776
-32.017011,51,273.482618
-94.502894,134,273.50538
-113.287716,110,273.523825
-32.360619,58,273.533379
-69.416278,75,273.545998
-66.710788,118,273.567109
-39.271379,59,273.577628
-46.188138,77,273.591795
-44.686677,73,273.604782
-55.36821,60,273.615313
-57.535511,108,273.633435
-29.182171,77,273.6465
-39.536404,63,273.935554
-68.589974,107,273.954121
-50.195599,73,273.966507
-59.850691,68,273.977962
-77.130229,58,273.988746
-44.85254,47,273.997186
-74.400481,111,274.015478
-43.895482,71,274.027197
-44.556236,45,274.034663
-58.584157,97,274.051
-49.271919,59,274.061166
-71.128487,108,274.078932
-72.398174,50,274.087385
-35.582783,79,274.10213
-132.027426,131,274.124539
-52.391657,52,274.133386
-83.992155,81,274.147137
-110.135684,151,274.172172
-29.678568,43,274.179407
-136.33533,123,274.200614
-24.913262,38,274.207196
-33.651431,51,274.215849
-70.466331,87,274.230469
-65.619747,95,274.246225
-190.027862,166,274.273554
-63.904692,70,274.285024
-52.447003,73,274.297238
-44.616225,73,274.310485
-54.268486,66,274.321794
-143.838106,168,274.349709
-23.585827,51,274.358177
-85.622023,69,274.36956
-74.969348,130,274.390943
-126.46956,111,274.410001
-30.127649,57,274.419806
-49.231689,52,274.428677
-41.752239,64,274.439493
-42.49692,46,274.447171
-59.484216,91,274.462003
-54.657064,64,274.472546
-38.590941,59,274.482386
-43.65869,75,274.494907
-56.999938,94,274.510747
-22.94217,34,274.517305
-63.796181,68,274.529066
-64.517041,76,274.541813
-86.606214,124,274.562862
-45.18075,47,274.57085
-116.547123,112,274.591102
-87.902551,100,274.608233
-93.051055,75,274.622415
-74.674159,84,274.902073
-46.952523,94,274.91875
-48.190441,65,274.929777
-47.657749,55,274.939938
-119.57587,84,274.954991
-109.325024,112,274.974356
-32.367603,68,274.986056
-104.656871,135,275.009725
-46.076554,46,275.017709
-46.413124,57,275.027223
-48.74299,67,275.038331
-91.537178,100,275.056543
-58.99774,140,275.079967
-54.61154,69,275.091592
-52.588507,96,275.108214
-30.302182,77,275.121071
-81.546326,112,275.139918
-125.162762,156,275.167298
-151.801333,108,275.185381
-57.71184,53,275.194255
-49.37182,65,275.204996
-31.278365,40,275.211983
-20.338007,33,275.217755
-48.799618,80,275.231346
-69.262554,96,275.247717
-96.486083,125,275.269841
-87.956708,112,275.288985
-102.7472,126,275.309911
-55.312752,123,275.330465
-23.61271,36,275.33658
-115.702885,99,275.353033
-61.334209,68,275.365437
-80.159436,83,275.379283
-67.171114,95,275.395615
-80.581182,80,275.409165
-46.68415,62,275.419548
-84.725164,79,275.432721
-47.559683,65,275.443632
-29.833649,55,275.452854
-75.317026,102,275.470973
-31.960265,42,275.478057
-49.193455,95,275.493897
-80.785571,120,275.513758
-29.699054,93,275.529133
-57.781146,75,275.541555
-111.528248,152,275.567453
-44.589358,65,275.581247
-61.308356,68,275.593169
-46.510849,68,275.870451
-42.531453,47,275.878576
-150.857316,123,275.901115
-50.52909,73,275.913615
-53.901895,55,275.922836
-55.048283,90,275.937883
-61.477302,105,275.955295
-49.337059,94,275.970859
-40.092715,78,275.983777
-28.844216,44,275.991903
-49.290588,86,276.00655
-61.180498,101,276.023539
-96.262182,102,276.040464
-81.273698,120,276.060582
-30.833064,27,276.065286
-51.140443,91,276.080789
-70.049114,74,276.093376
-73.537423,123,276.115794
-43.707825,53,276.124757
-46.849289,108,276.143312
-58.823564,84,276.157532
-35.535298,61,276.168094
-83.097387,64,276.178946
-50.395475,66,276.190092
-47.923138,85,276.20536
-146.064323,177,276.235712
-33.025134,61,276.246159
-50.286799,115,276.265296
-43.110536,82,276.27883
-34.21105,54,276.288072
-42.637272,52,276.29681
-60.825019,110,276.316149
-42.520771,108,276.334134
-67.120239,97,276.350266
-37.255149,48,276.358243
-96.398825,97,276.374159
-68.0231,101,276.390799
-83.893884,102,276.408034
-43.046789,45,276.416425
-127.395371,126,276.437538
-46.876572,101,276.454399
-42.140494,70,276.466211
-38.374965,49,276.474433
-72.158154,104,276.491781
-46.035825,57,276.501318
-58.748532,109,276.519646
-52.623187,101,276.537787
-70.24471,85,276.552479
-61.786305,85,276.841218
-66.178807,71,276.853573
-72.596558,108,276.871915
-52.054379,79,276.885341
-67.716731,81,276.899243
-28.821648,36,276.90547
-67.997767,95,276.921992
-28.170338,41,276.92896
-73.207423,81,276.94357
-21.983912,24,276.948021
-76.459714,134,276.970755
-37.851015,50,276.979292
-67.447075,63,276.990455
-78.932269,84,277.005315
-36.014302,57,277.015251
-76.101131,91,277.030943
-62.997,118,277.051922
-110.98318,105,277.070539
-31.989741,75,277.083405
-39.553149,42,277.090563
-37.003057,63,277.101424
-48.456869,48,277.109769
-72.176048,110,277.128867
-40.433214,53,277.137919
-73.298382,94,277.154495
-53.209892,67,277.165946
-61.578886,74,277.179015
-52.612392,60,277.189501
-72.642014,110,277.208249
-44.397434,41,277.215431
-40.92125,53,277.224487
-96.696258,129,277.246795
-35.602842,92,277.263801
-33.684338,47,277.271938
-53.049954,59,277.281935
-48.237574,80,277.295393
-67.435078,85,277.309582
-125.60323,131,277.331406
-83.755427,113,277.350277
-95.097058,136,277.374463
-61.432382,54,277.383801
-105.359755,66,277.394897
-65.119528,98,277.411105
-69.869967,107,277.42887
-48.184244,55,277.438009
-110.205139,125,277.4587
-36.690056,57,277.469416
-83.902651,179,277.499729
-114.98125,162,277.526561
-41.044918,42,277.533581
-36.926297,48,277.823757
-75.632986,93,277.840122
-40.646981,57,277.849907
-73.237367,72,277.862146
-45.677256,53,277.871223
-32.768079,70,277.883999
-93.505577,70,277.896289
-88.64232,123,277.916692
-64.576021,123,277.937229
-33.996808,44,277.94468
-90.848363,108,277.962445
-33.756451,78,277.975371
-32.077692,57,277.984834
-37.390426,60,277.99585
-89.364072,124,278.01718
-67.723287,94,278.033103
-58.488296,58,278.042858
-63.940462,71,278.054801
-42.503153,84,278.068868
-101.4698,113,278.08794
-52.261874,48,278.096932
-72.512266,135,278.119851
-111.656294,132,278.141508
-59.549101,89,278.156409
-33.889541,47,278.164253
-110.899038,125,278.186791
-92.886151,85,278.202952
-76.29037,110,278.222103
-66.149079,46,278.230084
-56.977772,70,278.241947
-60.947163,91,278.257649
-27.348119,48,278.265786
-49.413802,89,278.281065
-58.152548,82,278.295217
-81.171183,66,278.307607
-28.189437,55,278.317496
-47.148281,63,278.328299
-31.449992,50,278.337112
-40.022388,89,278.352363
-47.666533,41,278.359381
-60.373709,68,278.370852
-43.02452,58,278.380465
-51.420377,80,278.393627
-90.830913,110,278.412735
-51.617068,83,278.426855
-69.2666,85,278.44129
-34.383029,69,278.453268
-38.559846,55,278.46276
-87.486227,119,278.482729
-30.087885,59,278.492777
-45.10922,107,278.510593
-32.904946,31,278.516761
-142.285152,173,278.815308
-144.207928,147,278.841647
-73.162088,154,278.868166
-85.154851,140,278.893322
-48.197695,63,278.903856
-57.71536,108,278.922263
-49.553848,72,278.935823
-115.540572,110,278.95489
-100.670499,109,278.972999
-30.089134,75,278.98532
-35.089074,71,278.997174
-53.718492,94,279.013089
-57.115759,106,279.030892
-34.708833,79,279.045124
-25.813635,43,279.052824
-48.049049,70,279.064877
-41.913222,45,279.072445
-47.466627,82,279.086166
-48.419251,55,279.095389
-112.637515,109,279.11359
-34.782815,80,279.126968
-53.543647,97,279.143276
-49.981451,81,279.157859
-127.961272,117,279.177453
-67.469017,113,279.196224
-59.7392,81,279.209578
-59.981114,60,279.219541
-59.392944,87,279.233872
-46.287291,59,279.243636
-49.866818,61,279.254791
-42.916335,80,279.268361
-66.129707,75,279.280751
-80.986629,93,279.296059
-58.424033,87,279.31031
-95.676454,87,279.324684
-154.814566,178,279.35403
-38.151639,82,279.36877
-80.243232,99,279.385295
-104.950313,151,279.410711
-46.123138,80,279.424225
-38.030178,54,279.4334
-77.561688,119,279.453747
-57.702387,99,279.471986
-91.976767,100,279.48906
-84.008533,83,279.778102
-61.859787,71,279.791867
-31.435471,35,279.798126
-79.24648,75,279.810993
-33.844752,46,279.818902
-43.943286,83,279.832939
-80.91547,117,279.8527
-34.475254,53,279.861605
-72.622034,83,279.875732
-134.967796,182,279.907885
-44.852866,67,279.919198
-48.452484,58,279.928902
-63.179385,81,279.942474
-75.27177,69,279.954069
-23.761431,25,279.958253
-31.382426,55,279.967488
-66.532189,82,279.981178
-151.581725,149,280.007147
-49.615951,79,280.020633
-84.635198,82,280.034226
-66.846981,78,280.046958
-26.906931,41,280.053754
-42.877247,82,280.067306
-69.880081,122,280.087488
-111.112888,107,280.106539
-68.125087,93,280.122145
-35.839803,79,280.135284
-78.532121,114,280.154246
-67.554048,81,280.167677
-43.080107,74,280.180079
-84.098123,114,280.199127
-36.364334,79,280.213282
-76.062135,88,280.228281
-41.78633,56,280.23755
-76.3487,105,280.254725
-63.050383,117,280.273779
-53.60979,93,280.288858
-66.498067,69,280.30022
-57.687914,51,280.309685
-42.426724,100,280.326775
-32.446111,70,280.338674
-85.898179,96,280.354755
-35.08845,50,280.363279
-36.65073,59,280.373338
-108.932705,130,280.395372
-45.004836,60,280.40552
-82.074227,66,280.417473
-75.717569,109,280.435882
-78.39019,89,280.4506
-48.508809,51,280.459065
-92.684459,108,280.763436
-72.031663,115,280.782572
-47.967875,95,280.798753
-51.074383,71,280.810542
-29.115003,51,280.819466
-56.188314,65,280.831082
-29.803854,26,280.836388
-109.979857,77,280.849798
-56.283489,89,280.864932
-38.629009,48,280.872991
-61.389965,57,280.882831
-114.559719,114,280.90188
-22.781099,45,280.909411
-60.085577,76,280.922004
-26.563394,70,280.933666
-58.865318,92,280.950663
-35.888283,63,280.961627
-31.587711,54,280.970951
-119.301414,166,280.999093
-57.768157,103,281.016528
-64.837514,102,281.033837
-70.76997,89,281.049683
-41.503186,72,281.06223
-30.106339,44,281.069738
-86.519597,105,281.087148
-69.921305,120,281.106812
-42.878802,62,281.117249
-43.170228,81,281.131068
-47.316447,86,281.145701
-105.346938,100,281.163816
-37.815125,111,281.182668
-58.981793,69,281.19439
-53.272234,71,281.206408
-77.741096,114,281.22531
-145.459162,144,281.248728
-71.309278,69,281.260902
-36.936972,69,281.272908
-85.260351,115,281.292259
-83.741857,96,281.308158
-98.71431,126,281.328792
-52.75477,93,281.344621
-39.965633,37,281.350988
-71.309978,92,281.367692
-35.602583,51,281.376939
-32.031499,45,281.384756
-147.751213,143,281.408743
-50.652671,58,281.418431
-103.814954,109,281.436411
-47.786762,53,281.44508
-95.12917,105,281.751176
-40.431624,92,281.766959
-26.701552,47,281.774866
-41.36872,105,281.793551
-56.080005,69,281.805262
-58.859028,74,281.81828
-59.796528,61,281.828746
-79.953682,84,281.843065
-41.043218,34,281.848871
-49.414231,72,281.860832
-74.446066,81,281.874216
-75.77516,137,281.89868
-35.418642,63,281.909555
-95.899566,102,281.926833
-61.458619,126,281.947807
-108.627049,81,281.961374
-56.858143,51,281.969837
-91.574535,123,281.990075
-47.094445,76,282.004028
-82.863128,109,282.022736
-89.595676,95,282.038275
-79.30561,112,282.056563
-79.476883,93,282.071668
-93.410069,134,282.093288
-40.491455,60,282.104005
-43.057284,59,282.114618
-62.109081,91,282.130045
-66.299261,90,282.145127
-66.311719,119,282.165047
-66.102032,81,282.178342
-107.814809,136,282.200652
-77.929415,163,282.229091
-91.684549,115,282.248503
-66.19997,97,282.264678
-65.60113,60,282.274681
-89.223501,101,282.29131
-48.508125,94,282.306574
-64.31861,93,282.323383
-33.389208,45,282.331591
-90.589305,76,282.344942
-45.601971,63,282.355852
-63.914159,70,282.367927
-50.450604,93,282.384507
-61.793293,93,282.400311
-41.716283,70,282.41224
-67.912045,91,282.42889
-37.77216,76,282.717559
-45.669931,75,282.730718
-58.22169,95,282.748294
-33.30887,47,282.756338
-41.690222,42,282.763554
-46.90977,52,282.772407
-41.016777,57,282.782587
-42.56529,65,282.793898
-82.72223,68,282.805254
-45.319668,51,282.814123
-34.045405,68,282.825992
-71.807783,91,282.842164
-57.052531,65,282.853905
-59.567415,83,282.86842
-41.519706,58,282.878166
-46.838373,76,282.890827
-56.389025,75,282.903646
-40.632285,94,282.919582
-40.726012,45,282.92728
-42.284004,39,282.933959
-99.377438,86,282.949416
-81.02261,135,282.973309
-42.991401,47,282.981449
-59.064758,87,282.996005
-157.687513,168,283.023957
-27.598373,46,283.031646
-64.617341,76,283.044294
-113.399676,121,283.065769
-34.689541,53,283.074748
-85.306367,153,283.100261
-162.815244,132,283.122154
-44.769142,43,283.129376
-38.040085,61,283.139621
-35.66364,58,283.149583
-32.112748,82,283.164465
-56.128158,62,283.17523
-72.804047,82,283.189121
-87.177063,132,283.211095
-72.120993,75,283.223712
-37.842234,99,283.240144
-34.666838,69,283.251679
-93.962293,137,283.275539
-54.294229,48,283.283761
-43.091478,87,283.298302
-75.901598,49,283.306679
-67.286015,94,283.322824
-82.613161,89,283.338056
-24.177411,37,283.344249
-121.446118,98,283.3606
-89.745433,131,283.383703
-71.739088,58,283.393486
-23.415651,41,283.40059
-81.737405,77,283.689305
-56.876376,89,283.705152
-42.479496,99,283.722232
-46.877078,54,283.731522
-48.165073,72,283.743873
-88.115275,124,283.764849
-85.688589,142,283.789066
-42.967186,89,283.805505
-95.703439,109,283.82401
-67.571984,89,283.838963
-47.241523,79,283.852266
-33.681372,45,283.859744
-61.316928,113,283.878491
-29.730441,51,283.887107
-107.795034,108,283.906243
-96.277607,110,283.925357
-73.699797,87,283.940261
-29.350774,40,283.947263
-100.604109,105,283.965335
-83.447512,75,283.977766
-120.769027,125,283.999062
-60.661921,107,284.018638
-43.634062,59,284.028699
-74.564701,108,284.046924
-41.021151,71,284.058762
-36.036783,80,284.072329
-47.78841,44,284.079855
-36.264632,40,284.086694
-59.247927,99,284.103384
-77.469056,79,284.117798
-113.873481,145,284.141946
-66.844,65,284.152735
-35.255099,43,284.159789
-70.872918,66,284.170557
-101.425663,93,284.185692
-65.449681,127,284.206737
-63.555018,70,284.219582
-56.875388,74,284.232401
-41.629748,99,284.249181
-90.582839,135,284.271938
-87.459253,98,284.288509
-41.585634,66,284.299744
-41.133399,45,284.307468
-58.439639,52,284.316248
-82.053267,100,284.334143
-36.859271,41,284.341152
-34.51223,63,284.352021
-60.803639,84,284.366221
-60.920065,83,284.380214
-30.568287,57,284.665518
-58.588989,94,284.681349
-53.492091,91,284.696731
-35.118354,77,284.710074
-55.997214,84,284.724305
-92.002088,108,284.743485
-49.546639,115,284.763188
-68.138884,92,284.778459
-231.848711,183,284.80895
-35.439256,73,284.821317
-42.423233,63,284.83174
-120.546515,159,284.859227
-52.437351,94,284.875077
-168.130957,129,284.896619
-46.176605,78,284.909933
-100.893014,129,284.931659
-69.477132,113,284.95069
-51.020003,61,284.961919
-61.86232,64,284.972886
-44.169639,70,284.985235
-48.962819,63,284.996018
-31.87273,35,285.002005
-52.765932,74,285.014543
-41.679662,62,285.025176
-49.106209,92,285.040784
-29.390468,33,285.046677
-61.780468,83,285.062352
-71.900494,92,285.078634
-39.702,46,285.086756
-92.103494,144,285.110757
-81.746921,73,285.123379
-76.637932,99,285.140103
-78.778805,85,285.15421
-35.102353,67,285.166105
-51.49015,68,285.177853
-37.289768,61,285.188109
-60.843189,71,285.20006
-40.936731,84,285.214298
-68.965539,93,285.229489
-46.315661,48,285.237293
-40.211604,70,285.24866
-36.017267,38,285.254864
-98.538042,108,285.273748
-97.811895,92,285.289993
-48.395473,121,285.310627
-132.206212,150,285.335809
-40.574501,47,285.343764
-33.296957,39,285.350342
-68.374355,99,285.643501
-42.176567,65,285.655146
-83.407443,95,285.670963
-36.60218,46,285.678849
-52.907346,51,285.687441
-48.151771,73,285.700975
-127.531637,126,285.722357
-62.82916,89,285.737342
-38.606976,49,285.745669
-38.579863,70,285.757109
-66.464848,50,285.765428
-50.65104,72,285.777185
-101.313119,100,285.793937
-45.750535,81,285.808678
-110.692839,127,285.83022
-58.724717,68,285.841667
-47.273048,92,285.857019
-44.042565,55,285.866249
-75.302192,77,285.879076
-52.271102,89,285.893968
-103.095712,132,285.934968
-50.920544,61,285.94995
-31.980256,31,285.955222
-117.49105,161,285.982585
-51.472256,87,285.996858
-61.20734,81,286.010881
-72.969331,86,286.025725
-75.572926,110,286.044814
-70.001621,88,286.059631
-28.270757,35,286.06542
-24.714695,27,286.069991
-28.223796,66,286.081034
-126.815379,121,286.101753
-36.026343,55,286.111142
-26.595492,27,286.116695
-116.988705,100,286.134124
-114.936584,113,286.153637
-53.396472,60,286.164184
-46.344853,61,286.174864
-31.203912,92,286.190702
-66.695953,77,286.203808
-85.820058,67,286.215117
-33.074538,46,286.223773
-46.038393,50,286.232491
-59.233781,102,286.249829
-125.51752,142,286.273005
-55.334952,57,286.282531
-52.595163,72,286.294606
-74.993806,85,286.308781
-147.774796,144,286.333522
-72.721087,88,286.348747
-87.320571,69,286.633865
-64.244449,57,286.643495
-57.866615,99,286.66224
-89.475204,113,286.681902
-77.920896,79,286.695248
-28.398663,64,286.706036
-60.30234,82,286.719847
-71.442327,108,286.737863
-145.328888,109,286.75755
-45.850377,53,286.766883
-35.715156,39,286.773357
-116.228728,132,286.794969
-69.217576,118,286.814326
-73.352138,75,286.826525
-40.132786,42,286.833385
-66.295309,83,286.846906
-31.718617,88,286.862411
-77.196958,116,286.88221
-25.48048,26,286.886623
-88.292261,158,286.913393
-41.71305,50,286.921857
-23.015895,35,286.927831
-63.248778,85,286.941976
-46.759699,84,286.956553
-89.288794,106,286.975647
-43.32989,68,286.987391
-150.455261,141,287.011272
-84.966186,78,287.02416
-25.845761,49,287.03268
-81.086735,92,287.04836
-41.771203,59,287.058384
-117.823504,108,287.077826
-33.774787,46,287.085963
-76.409584,106,287.104356
-24.153802,61,287.114687
-38.930432,37,287.120888
-113.543047,142,287.144783
-37.396043,57,287.154445
-43.145586,71,287.166393
-131.427376,149,287.192172
-72.665065,76,287.205176
-55.679307,75,287.217942
-29.539958,59,287.22776
-70.082251,91,287.243206
-73.398613,82,287.257323
-78.236824,110,287.275987
-54.513999,70,287.28911
-28.064582,34,287.295123
-44.615198,78,287.308517
-79.143077,91,287.323918
-44.412558,51,287.604127
-30.403536,57,287.614582
-45.124459,68,287.625931
-145.173851,148,287.651404
-70.221359,60,287.662153
-61.019762,77,287.675566
-64.442405,84,287.690028
-43.262129,63,287.70106
-73.523155,93,287.718713
-65.91866,52,287.727866
-35.030191,52,287.737007
-32.830946,61,287.747423
-25.719847,36,287.753615
-26.61127,54,287.762873
-43.849069,75,287.775884
-45.366071,66,287.787446
-39.888528,83,287.801552
-35.751096,37,287.808799
-89.112708,131,287.832031
-33.06577,41,287.839185
-61.156325,81,287.853225
-53.004025,88,287.867985
-83.818475,106,287.885835
-89.197454,78,287.898812
-59.145639,97,287.915675
-38.501332,43,287.923355
-30.390247,62,287.934249
-82.081879,109,287.952615
-58.882824,96,287.968753
-94.539193,80,287.982398
-36.883347,55,287.991763
-45.899232,42,287.998855
-115.351284,123,288.020248
-40.984262,45,288.028158
-92.570102,103,288.045783
-25.255842,38,288.052307
-146.37069,106,288.070068
-72.495819,99,288.086785
-148.010326,165,288.114607
-55.906157,84,288.129578
-127.753901,80,288.143203
-37.826185,97,288.159734
-31.868347,90,288.174948
-96.989108,93,288.190473
-47.101866,59,288.20042
-31.581415,45,288.207956
-36.446021,59,288.217917
-67.002402,69,288.229671
-100.392081,93,288.246489
-69.046038,101,288.263478
-96.644137,122,288.284102
-56.924044,69,288.295826
-76.594552,127,288.604668
-107.372669,130,288.626998
-47.873212,82,288.641109
-44.014042,73,288.655235
-44.332461,48,288.663565
-39.42957,59,288.673459
-67.486476,72,288.685425
-66.164115,91,288.700777
-41.697929,39,288.70778
-91.44868,117,288.727255
-48.330818,66,288.738196
-85.700315,89,288.753976
-53.083489,76,288.767247
-60.673165,78,288.780556
-72.78654,93,288.796354
-55.964116,60,288.806524
-30.060653,42,288.813765
-73.182923,82,288.8274
-35.902995,62,288.837767
-96.725694,89,288.852603
-89.818923,111,288.872354
-68.307162,113,288.891656
-37.758005,58,288.901798
-47.919277,75,288.91436
-31.341979,79,288.927863
-62.405435,61,288.938134
-58.931183,74,288.950452
-21.092412,32,288.955894
-64.061499,90,288.973542
-41.983949,65,288.985006
-31.836108,90,289.000363
-67.696513,78,289.013839
-44.300277,66,289.024866
-82.387519,96,289.04072
-43.977867,68,289.051818
-154.411874,111,289.070973
-32.761551,50,289.080049
-75.671245,119,289.09987
-35.591966,51,289.108699
-45.734328,67,289.120059
-48.266102,53,289.12908
-82.244535,128,289.150467
-58.493673,102,289.167519
-80.560849,87,289.183256
-46.780507,78,289.196381
-33.425324,83,289.210291
-57.857687,78,289.223248
-40.616664,78,289.236256
-97.842239,139,289.259504
-55.939686,91,289.274648
-92.691022,131,289.577262
-139.155068,122,289.600893
-28.897675,59,289.611616
-107.905523,129,289.634594
-27.983725,32,289.640038
-83.407616,114,289.659189
-38.976683,48,289.667402
-28.856975,50,289.675837
-43.670713,102,289.692899
-38.243246,68,289.705091
-35.531771,92,289.721223
-132.908707,127,289.742804
-65.094025,79,289.756275
-51.095662,59,289.766306
-76.733493,89,289.781314
-29.668189,34,289.787086
-89.17886,93,289.802385
-45.038266,52,289.811809
-36.978367,69,289.823378
-33.674068,40,289.830204
-72.000284,92,289.845634
-154.227454,141,289.869244
-133.153856,137,289.892415
-57.292929,43,289.899763
-92.830789,115,289.919875
-97.066542,128,289.941329
-89.423627,112,289.959805
-42.672429,74,289.972363
-106.382032,147,289.997039
-69.988759,66,290.008111
-76.240295,117,290.028377
-55.503327,99,290.045195
-43.925956,41,290.052331
-67.892662,92,290.067831
-86.867261,93,290.083412
-90.388298,123,290.103843
-44.970941,56,290.113158
-59.994094,72,290.125942
-61.447642,93,290.141773
-57.112591,83,290.155719
-59.59888,76,290.168357
-22.679621,22,290.172043
-39.797708,111,290.190636
-68.790003,109,290.209022
-63.761615,66,290.219939
-33.517989,38,290.226271
-124.02324,130,290.24935
-43.711751,69,290.260881
-50.103142,71,290.272766
-28.260625,63,290.554431
-66.062886,114,290.57521
-68.108902,103,290.593645
-88.736437,98,290.610899
-64.226652,71,290.623308
-97.131209,117,290.643916
-37.712656,61,290.655604
-42.699881,83,290.670512
-43.462293,60,290.680755
-91.719305,83,290.694762
-49.231126,58,290.70494
-55.929118,89,290.720207
-59.492614,69,290.731789
-46.56199,59,290.741599
-87.482237,121,290.763494
-41.918159,61,290.773998
-77.421125,84,290.78828
-51.71474,63,290.798928
-35.925161,59,290.808788
-29.319576,56,290.818177
-27.676399,48,290.826199
-51.275683,83,290.840138
-52.648328,76,290.853082
-38.159548,49,290.862267
-39.048407,58,290.872564
-115.706554,120,290.892789
-83.848689,130,290.914643
-51.482089,52,290.923604
-95.39213,97,290.940165
-74.745773,117,290.959697
-66.671647,90,290.975704
-92.0547,112,290.994361
-52.518798,52,291.003332
-50.131279,89,291.018597
-59.952707,96,291.035124
-94.372634,122,291.055247
-37.547727,94,291.071636
-119.135621,111,291.090765
-129.249243,96,291.107051
-106.51303,140,291.131022
-45.503076,88,291.145771
-112.587162,84,291.159807
-72.783929,67,291.170945
-117.83453,171,291.200621
-85.264337,85,291.215218
-93.375775,121,291.238812
-46.421948,94,291.254845
-87.503328,129,291.545906
-142.749604,121,291.567786
-59.2612,56,291.577266
-23.781195,36,291.584902
-105.739926,142,291.61046
-28.624163,48,291.618929
-36.586899,54,291.628015
-100.374429,112,291.647067
-78.770516,69,291.658632
-68.147334,80,291.67208
-81.188148,85,291.686404
-65.845101,78,291.699749
-50.986171,74,291.714025
-55.303391,90,291.72924
-83.405057,70,291.74139
-62.091886,49,291.749757
-57.223768,84,291.764331
-49.285947,89,291.779475
-47.657064,60,291.789668
-32.49211,43,291.797133
-32.540457,62,291.808754
-34.660546,78,291.822118
-55.748071,95,291.838059
-60.604256,103,291.855132
-52.802677,99,291.871578
-46.99241,77,291.884469
-59.818967,74,291.896983
-81.563746,71,291.909141
-29.924787,67,291.921707
-29.209188,41,291.929018
-35.444836,46,291.936883
-51.994045,51,291.945528
-115.637669,139,291.96922
-71.37536,107,291.98727
-31.583144,46,291.995116
-43.249833,115,292.014348
-52.02343,74,292.028051
-73.743192,125,292.049045
-47.801534,83,292.062975
-77.741959,102,292.079934
-85.656582,80,292.093292
-44.300589,50,292.101669
-99.559463,112,292.120278
-64.692345,99,292.137772
-54.692573,106,292.155936
-78.587166,118,292.17589
-47.770957,79,292.189384
-62.331603,110,292.207839
-53.288806,55,292.217134
-48.207482,79,292.49558
-25.376815,23,292.499774
-73.606264,97,292.516217
-159.730679,153,292.541849
-37.084342,43,292.549427
-31.365093,97,292.567298
-29.487296,58,292.577538
-65.025589,75,292.591997
-63.737598,89,292.607421
-51.052222,104,292.625401
-96.40863,94,292.641603
-54.593055,58,292.651674
-133.131078,145,292.677648
-40.131697,66,292.689178
-59.325009,116,292.708948
-93.414232,70,292.721059
-40.546505,78,292.73408
-156.242617,186,292.765389
-65.300224,112,292.785414
-66.212251,78,292.798351
-94.368842,62,292.808582
-59.950465,96,292.824985
-58.720226,92,292.840781
-73.045443,100,292.857846
-43.056234,34,292.863677
-105.884225,142,292.8889
-43.546472,52,292.897939
-74.537114,72,292.909886
-104.001635,114,292.92871
-31.478382,40,292.935657
-43.480818,101,292.952877
-99.660818,121,292.972847
-78.795028,149,292.999715
-53.688332,61,293.010143
-81.492819,63,293.021238
-42.117729,65,293.032535
-67.316913,57,293.04257
-61.616248,84,293.057086
-52.802273,89,293.072283
-46.490827,49,293.080666
-26.357636,44,293.089038
-195.877489,178,293.120376
-79.136354,76,293.133091
-101.162116,127,293.154037
-138.460229,156,293.180485
-33.260528,75,293.194077
-44.936903,97,293.476275
-52.10707,62,293.487284
-58.262325,95,293.503444
-24.857241,53,293.513217
-47.710135,100,293.530266
-40.681765,54,293.539415
-49.809832,76,293.552594
-74.664088,53,293.562544
-45.605938,74,293.575326
-60.564771,64,293.588958
-91.631471,100,293.605972
-48.956049,61,293.617391
-47.711762,50,293.626303
-102.148711,135,293.649346
-33.045997,41,293.656222
-34.581884,39,293.662721
-61.550557,121,293.682796
-59.683862,56,293.692074
-48.142283,96,293.708018
-82.203112,95,293.724742
-111.077924,123,293.74603
-44.125166,79,293.759207
-35.332171,65,293.770039
-33.647103,75,293.782492
-65.40962,126,293.803453
-75.023177,105,293.820755
-36.495884,55,293.830823
-60.25997,82,293.844875
-87.159456,93,293.860209
-53.420372,73,293.872181
-59.465525,74,293.884304
-38.986631,76,293.896871
-68.452153,92,293.912232
-54.105018,119,293.932824
-68.915612,83,293.947483
-25.17522,39,293.954199
-62.308715,77,293.967219
-57.071528,71,293.979353
-102.083597,113,293.998202
-58.314039,82,294.012177
-40.894532,54,294.021224
-91.643317,122,294.043038
-48.770585,58,294.053169
-59.969422,79,294.066477
-84.75875,68,294.077957
-42.835099,49,294.086193
-106.534779,87,294.101088
-87.580442,131,294.123387
-102.750111,132,294.146579
-47.749309,58,294.156676
-42.367061,40,294.163667
-59.743925,104,294.448188
-29.942373,37,294.454606
-69.938982,92,294.471548
-43.323551,50,294.480219
-118.17179,144,294.504228
-39.493079,77,294.517376
-43.670659,48,294.525519
-36.847609,49,294.53394
-29.485122,45,294.541709
-89.895902,115,294.561764
-66.873545,70,294.575455
-37.67389,42,294.584055
-81.597113,76,294.597745
-57.473278,63,294.608461
-52.762289,67,294.620106
-85.966647,115,294.639764
-70.479717,137,294.662757
-33.534085,54,294.672749
-67.561151,104,294.690446
-98.227965,141,294.714272
-81.711446,112,294.733352
-68.907798,87,294.747951
-59.290683,105,294.765516
-62.378842,78,294.779244
-90.19953,99,294.796391
-28.433764,76,294.809033
-46.135681,59,294.818902
-83.918522,128,294.840091
-85.381605,87,294.854574
-105.708444,128,294.875618
-71.027582,71,294.888545
-79.286695,87,294.903409
-27.966832,32,294.908877
-47.798871,64,294.919649
-63.448328,87,294.934211
-83.122369,74,294.946552
-56.098299,59,294.956419
-67.987617,90,294.971565
-34.954967,42,294.978742
-37.679378,57,294.989251
-81.62187,91,295.00493
-34.004908,49,295.013155
-48.594901,48,295.021276
-85.544666,102,295.038378
-70.695877,92,295.054322
-85.006324,152,295.080167
-73.0573,107,295.099622
-61.166783,94,295.115771
-78.775008,127,295.138039
-59.524717,72,295.487716
-29.837446,50,295.496763
-34.801833,55,295.506136
-58.688405,102,295.524472
-45.208256,123,295.552801
-100.667002,90,295.569087
-58.503973,106,295.590555
-79.980369,94,295.606537
-68.622591,70,295.625218
-25.283825,27,295.631065
-97.648795,107,295.650166
-66.084664,111,295.669491
-80.0728,137,295.692894
-123.078382,164,295.724747
-61.865589,78,295.739621
-56.284411,71,295.752497
-48.400715,79,295.766137
-91.029937,135,295.789144
-82.766571,141,295.81391
-71.60527,94,295.83753
-97.633528,96,295.854699
-32.792822,48,295.86302
-44.86203,62,295.873539
-103.828695,95,295.896568
-81.803743,116,295.918955
-24.596716,32,295.924682
-62.58797,95,295.942239
-37.219937,47,295.953014
-62.589315,53,295.962777
-44.846004,46,295.970739
-35.769323,73,295.983548
-42.985845,90,296.000034
-94.207491,102,296.018438
-84.122436,140,296.041999
-115.69543,93,296.05924
-46.638384,56,296.068851
-39.737426,54,296.077806
-52.399301,87,296.092406
-55.389334,83,296.106225
-99.331585,107,296.124874
-101.413147,137,296.149152
-109.627042,128,296.171604
-50.195479,86,296.186408
-54.949851,66,296.197685
-138.79125,127,296.220014
-45.112094,47,296.228113
-68.414044,105,296.519519
-60.180715,92,296.535015
-79.704465,133,296.558081
-145.54431,155,296.587485
-74.110753,56,296.597852
-85.65478,87,296.612729
-69.893244,95,296.628546
-52.401011,63,296.63972
-119.610499,108,296.675029
-91.080905,60,296.68615
-88.253242,113,296.70543
-75.44975,120,296.725641
-25.271619,27,296.730274
-103.783255,151,296.755238
-35.31456,60,296.765304
-125.538039,142,296.790683
-86.867046,78,296.804142
-68.903346,64,296.814848
-118.769242,141,296.838497
-33.139104,73,296.85091
-24.99018,46,296.858654
-38.802112,61,296.869089
-67.578661,104,296.888093
-58.803575,130,296.911025
-61.955496,98,296.927828
-131.376981,100,296.944686
-31.345865,29,296.949854
-196.060365,182,296.980323
-111.118749,98,296.997925
-32.760978,61,297.008107
-73.447279,76,297.02056
-32.635299,34,297.026167
-52.347187,132,297.048586
-64.533175,108,297.066282
-45.786328,105,297.083906
-97.097711,112,297.104563
-79.451599,105,297.122764
-63.791759,67,297.134123
-33.262405,56,297.143728
-31.602694,48,297.152038
-29.818958,70,297.165288
-66.370143,65,297.176525
-61.254779,53,297.185494
-90.674044,80,297.199702
-68.242071,112,297.218797
-64.41454,111,297.553849
-35.540058,89,297.570272
-39.909881,89,297.586958
-74.397223,89,297.602531
-45.162612,38,297.608949
-59.835443,121,297.631032
-74.782992,89,297.646632
-76.718711,91,297.662663
-72.718212,144,297.686206
-96.22872,126,297.707199
-45.630455,123,297.728253
-29.31313,52,297.737556
-85.238152,113,297.757106
-58.811932,65,297.768279
-96.239608,133,297.790258
-58.931452,64,297.800927
-74.768662,83,297.814815
-115.42165,144,297.840052
-57.902596,91,297.855774
-36.411568,68,297.867353
-65.325136,132,297.889187
-73.384016,81,297.902768
-55.42177,59,297.912631
-116.559422,97,297.928601
-97.873606,114,297.948662
-45.419945,76,297.961398
-105.061472,130,297.983237
-34.072139,37,297.989537
-35.882908,41,297.99667
-138.924467,148,298.021514
-62.3244,55,298.030855
-26.856451,56,298.040312
-41.760482,100,298.058181
-105.621443,80,298.071841
-37.938948,53,298.080794
-92.703349,95,298.096861
-33.500094,60,298.106969
-39.846153,60,298.117123
-69.780309,87,298.131661
-80.917192,74,298.144168
-26.91377,52,298.153738
-85.25994,114,298.173312
-95.848594,129,298.195062
-81.831846,51,298.203725
-82.471395,145,298.227931
-83.94624,96,298.243992
-56.357334,62,298.578289
-54.423038,102,298.598456
-151.579989,138,298.622603
-53.076439,58,298.632841
-24.744661,40,298.639543
-54.65208,49,298.647813
-34.023922,52,298.656545
-36.420222,73,298.668477
-37.999398,46,298.676147
-72.533813,69,298.68908
-175.283269,177,298.719512
-54.534758,105,298.737355
-39.53429,79,298.750675
-30.837604,46,298.758553
-110.303889,148,298.783419
-32.211386,65,298.795182
-36.629846,60,298.805321
-37.983872,45,298.813022
-56.274941,101,298.830265
-32.609714,86,298.844848
-54.091803,75,298.857643
-41.757023,37,298.863944
-51.096441,63,298.874673
-31.46891,100,298.89169
-46.049286,78,298.90602
-191.259299,123,298.927296
-37.897505,52,298.93629
-38.157565,55,298.945597
-53.113912,52,298.954348
-18.97594,25,298.958526
-101.367857,104,298.976044
-33.675065,52,298.984835
-96.210124,72,298.997071
-53.373348,83,299.011852
-32.495786,62,299.022306
-62.412055,90,299.037499
-52.889312,106,299.055554
-48.219781,72,299.06778
-18.356296,25,299.071993
-30.022308,52,299.080888
-119.224551,145,299.104923
-65.847779,89,299.121639
-34.010782,40,299.128501
-24.951078,59,299.138501
-33.26875,50,299.146847
-69.31027,65,299.157714
-67.227197,114,299.17673
-42.583841,51,299.185246
-57.418421,62,299.195538
-34.708461,81,299.209083
-90.725067,117,299.229756
-56.617102,80,299.243012
-37.378943,82,299.256512
-72.495684,98,299.272814
-44.640382,67,299.554427
-51.0084,98,299.572366
-36.99139,61,299.5869
-27.538257,54,299.596656
-80.746303,96,299.614227
-79.113173,70,299.626291
-53.217258,121,299.648825
-61.426571,66,299.660409
-55.707543,93,299.676251
-50.05419,58,299.685877
-66.563868,95,299.701935
-66.462226,108,299.720263
-59.607752,101,299.737109
-40.269909,60,299.74858
-34.362157,68,299.760096
-153.0513,183,299.790693
-57.146993,84,299.804841
-36.002325,50,299.813074
-23.778232,36,299.818983
-76.299558,114,299.83781
-44.934239,63,299.849231
-47.605299,53,299.858111
-45.77846,95,299.874129
-58.46404,74,299.886576
-52.66833,66,299.89766
-86.164941,87,299.912397
-38.784874,78,299.925739
-35.350129,95,299.941681
-42.647794,78,299.955953
-36.420925,46,299.963867
-57.521477,101,299.980609
-53.707137,72,299.992734
-29.638294,39,299.999356
-78.725801,108,300.017465
-39.613292,44,300.024915
-39.766521,85,300.039168
-46.258342,109,300.058289
-88.387356,116,300.07758
-87.901901,130,300.099113
-54.341909,58,300.108793
-25.645675,48,300.117008
-37.934622,84,300.131075
-56.539128,74,300.143497
-31.99867,70,300.155244
-67.438125,63,300.166705
-54.952405,89,300.181509
-46.663374,47,300.189454
-60.229611,61,300.199637
-30.31282,54,300.208508
-30.254086,36,300.214478
-55.23538,64,300.224968
-45.442911,64,300.235547
-44.993667,56,300.24485
-40.472515,41,300.51289
-77.32968,82,300.526968
-48.844268,52,300.535761
-46.004536,76,300.549342
-23.471087,41,300.556577
-47.005148,55,300.566314
-73.72797,80,300.581748
-64.510642,89,300.597903
-87.451246,116,300.617567
-37.422435,46,300.625445
-51.022261,82,300.639249
-72.671678,132,300.661479
-74.304126,106,300.679462
-150.792936,92,300.696677
-48.733186,50,300.705337
-120.890371,106,300.723737
-80.349659,111,300.742793
-53.890329,100,300.759612
-35.42689,47,300.767654
-99.163549,101,300.784531
-27.454891,37,300.791708
-85.314678,90,300.807259
-45.810805,92,300.822877
-91.08568,125,300.844075
-73.842937,101,300.860745
-55.548388,80,300.87392
-54.237926,60,300.883808
-117.595766,142,300.908348
-70.698189,90,300.923698
-132.57877,135,300.946122
-101.105116,111,300.964666
-67.88372,106,300.982412
-26.868874,42,300.989426
-89.402642,78,301.003191
-54.83886,86,301.017755
-48.539099,55,301.026855
-34.84234,48,301.034766
-39.027632,62,301.045006
-53.705176,70,301.0566
-99.331882,128,301.077679
-32.254008,68,301.089408
-34.587465,37,301.095853
-68.556084,80,301.110412
-125.621778,93,301.126714
-40.713276,51,301.136592
-76.339684,83,301.151622
-48.963827,75,301.164575
-65.875283,67,301.1756
-34.462798,92,301.190935
-43.948705,44,301.198361
-140.300259,116,301.4842
-77.761852,86,301.498792
-90.986073,137,301.521982
-71.431642,88,301.537053
-63.033391,92,301.554218
-62.213331,128,301.576801
-93.157995,115,301.597687
-95.137808,120,301.61805
-126.364404,100,301.634806
-92.566934,130,301.65785
-57.603785,72,301.670624
-69.934469,77,301.683735
-32.067159,64,301.69481
-59.009261,69,301.706654
-73.749549,141,301.730344
-54.768673,84,301.744558
-65.768394,72,301.757927
-48.116431,77,301.771847
-74.439386,116,301.791527
-55.580433,79,301.805031
-73.65819,60,301.815451
-30.668752,42,301.82294
-84.685513,104,301.840512
-26.580526,28,301.845206
-65.21344,109,301.865196
-52.433977,62,301.875876
-81.734326,95,301.892022
-51.930373,59,301.902577
-40.909344,45,301.910221
-86.876191,109,301.929006
-44.209795,80,301.942519
-35.733295,45,301.950072
-46.075264,53,301.958923
-33.86798,66,301.971142
-48.535673,73,301.983329
-50.692451,66,301.994319
-55.07935,66,302.005595
-80.450751,68,302.017255
-134.452435,149,302.042129
-50.794567,81,302.055667
-33.047246,86,302.070844
-45.616203,74,302.083861
-40.17033,49,302.09226
-94.159393,101,302.109266
-35.422192,47,302.117261
-53.806527,111,302.135777
-76.515661,85,302.150118
-91.315345,122,302.170401
-57.712059,60,302.181933
-69.52506,94,302.465695
-112.95481,141,302.489944
-57.534286,113,302.510388
-87.586365,106,302.528372
-43.612996,101,302.545856
-102.981903,104,302.563851
-48.855924,71,302.576511
-31.522358,50,302.586428
-98.011984,82,302.601827
-102.072388,82,302.616779
-48.219152,110,302.635603
-53.631112,75,302.648574
-37.566333,66,302.65957
-55.206942,81,302.672881
-32.406895,84,302.686567
-58.171939,85,302.7004
-140.769892,142,302.725708
-39.727588,32,302.731191
-50.091801,56,302.740608
-28.234923,100,302.757394
-42.909371,52,302.766181
-103.24512,101,302.78323
-50.084664,53,302.792179
-47.347431,46,302.799947
-25.193544,38,302.806328
-26.195861,37,302.81343
-64.541172,95,302.829983
-74.003146,129,302.851235
-83.678441,71,302.862912
-20.381978,31,302.86799
-47.483485,68,302.879001
-115.967156,129,302.899872
-30.569384,49,302.907981
-50.926557,46,302.916666
-56.332924,66,302.928535
-43.283686,62,302.939554
-89.973164,82,302.953875
-32.359752,43,302.961501
-89.703657,125,302.98241
-30.055141,41,302.98962
-42.531989,86,303.004201
-50.069776,54,303.013362
-62.076114,123,303.034797
-49.167567,60,303.044726
-60.404809,101,303.061955
-58.499866,98,303.07847
-44.349895,61,303.088563
-24.684079,66,303.09931
-40.569954,80,303.112747
-117.181813,83,303.127835
-79.064239,92,303.144125
-57.197534,106,303.426267
-104.144816,140,303.451366
-75.143832,120,303.471721
-106.392256,136,303.494549
-39.323578,64,303.50523
-47.399593,140,303.528346
-85.253668,74,303.540699
-36.706731,49,303.54983
-72.036585,84,303.565647
-57.956541,102,303.58428
-60.797409,64,303.595786
-117.255185,127,303.617742
-78.468467,75,303.630677
-39.596473,48,303.63877
-111.105673,96,303.655911
-53.570298,65,303.667904
-69.511027,65,303.679174
-67.2714,83,303.693448
-59.106539,95,303.709528
-33.550891,34,303.715822
-27.656083,57,303.725861
-71.607527,104,303.743965
-36.431998,37,303.750388
-58.995853,106,303.769838
-27.708739,47,303.777775
-56.003584,92,303.794075
-33.544776,72,303.806403
-47.077707,100,303.823029
-34.227001,62,303.833611
-61.991284,107,303.852041
-30.914537,64,303.863715
-41.348265,81,303.877863
-97.567791,89,303.893478
-87.60479,94,303.909575
-75.95177,70,303.921413
-59.735822,54,303.930497
-66.33371,105,303.948297
-64.495606,59,303.958539
-81.407759,99,303.976535
-28.554868,33,303.982368
-96.008915,178,304.012279
-123.237363,94,304.028437
-57.076868,74,304.041067
-32.732513,54,304.050401
-60.089075,80,304.063989
-62.714984,99,304.082389
-57.178656,87,304.097783
-31.461664,43,304.105344
-23.206905,37,304.111757
-74.901853,75,304.124654
-40.783111,63,304.398585
-64.203989,82,304.413508
-121.316421,142,304.437496
-50.967492,83,304.451674
-61.024601,100,304.468565
-22.539036,26,304.473043
-49.889636,40,304.479729
-48.814128,88,304.494546
-52.07352,100,304.512836
-110.299677,115,304.532296
-87.89966,94,304.548525
-38.075592,64,304.559589
-66.792605,109,304.5787
-51.852895,92,304.595875
-80.684443,93,304.613617
-38.20691,87,304.628626
-39.084862,41,304.635702
-102.452704,111,304.654318
-53.608934,44,304.661966
-67.288262,104,304.679778
-78.413459,72,304.692066
-42.444934,52,304.700986
-38.227936,69,304.713599
-95.43024,107,304.732308
-41.653649,81,304.746096
-38.630659,78,304.759362
-57.692613,51,304.768001
-138.100411,145,304.792289
-64.808866,125,304.814175
-74.684733,93,304.830611
-32.564535,72,304.842777
-27.422551,67,304.854024
-32.619739,51,304.862606
-56.103561,71,304.874825
-107.027116,139,304.898308
-30.167427,42,304.905375
-36.699697,63,304.915951
-33.116896,87,304.931877
-64.869203,81,304.945725
-55.09225,91,304.961061
-81.867756,71,304.97307
-59.528535,68,304.984691
-34.74202,66,304.995867
-54.655682,77,305.008875
-71.177152,89,305.023841
-84.576604,114,305.044188
-113.76586,81,305.05808
-41.101372,43,305.065361
-65.252592,101,305.0824
-48.080001,55,305.091821
-47.851555,59,305.101602
-84.612929,75,305.398795
-101.339853,128,305.420044
-46.94181,60,305.430005
-109.548851,75,305.44267
-39.107002,75,305.456397
-67.635728,68,305.468247
-73.098217,92,305.484341
-68.421531,70,305.496192
-50.670261,69,305.5078
-77.362245,153,305.53359
-61.496897,90,305.549248
-71.905964,123,305.572139
-76.30979,61,305.583394
-105.77261,110,305.602421
-59.504026,74,305.614971
-113.930638,142,305.638921
-50.06986,63,305.649752
-65.025301,93,305.666538
-34.002519,87,305.68149
-44.390195,64,305.692886
-89.749227,107,305.711108
-43.875332,71,305.723116
-207.167958,158,305.749789
-44.061902,60,305.759945
-36.04975,48,305.769132
-83.730442,127,305.790645
-37.886231,101,305.807741
-93.112919,111,305.82646
-37.69701,63,305.837093
-62.83783,88,305.851905
-41.057394,77,305.864752
-57.24852,77,305.87876
-129.405585,100,305.895273
-59.562717,50,305.903725
-62.367053,80,305.917145
-96.286477,71,305.929174
-49.295433,47,305.937038
-63.782465,70,305.948932
-26.351544,55,305.958361
-53.752011,65,305.969223
-129.380453,101,305.986993
-54.870581,101,306.004081
-63.562893,119,306.02394
-32.176339,35,306.029951
-58.889185,62,306.040448
-69.267692,61,306.050717
-83.579031,127,306.071888
-70.04078,90,306.087947
-36.722652,35,306.365445
-46.753961,52,306.374351
-38.787177,42,306.381754
-54.640237,74,306.394219
-40.84271,62,306.405926
-64.438113,118,306.425782
-45.768859,94,306.441303
-58.583011,77,306.453963
-38.353468,53,306.462725
-44.650303,70,306.474158
-31.08714,77,306.486759
-44.23786,67,306.498098
-166.707413,145,306.524228
-30.916444,49,306.532593
-36.849774,51,306.541051
-88.080702,103,306.559137
-60.872861,87,306.57403
-51.305058,50,306.583686
-33.433199,54,306.593255
-76.437232,98,306.610781
-68.24266,68,306.622746
-42.176876,73,306.635344
-104.506628,126,306.656498
-63.275013,97,306.672778
-37.37027,38,306.679142
-100.215531,141,306.702663
-27.02582,28,306.70744
-98.557132,94,306.724304
-54.473147,71,306.736539
-71.912469,146,306.761222
-82.07604,103,306.778748
-130.835971,99,306.795932
-122.544434,159,306.823823
-35.656455,98,306.841175
-52.300694,35,306.847228
-25.805702,64,306.857907
-57.780205,82,306.871527
-50.141155,60,306.881555
-44.55651,65,306.892444
-76.022052,133,306.914792
-67.965819,81,306.929651
-97.174222,102,306.947428
-51.153161,81,306.960909
-55.968069,79,306.974376
-69.804103,103,306.991821
-60.640569,79,307.005231
-103.862041,92,307.021182
-79.604394,90,307.037499
-70.454947,81,307.05155
-50.610028,54,307.060644
-43.12269,90,307.351933
-20.604877,41,307.359269
-46.674146,44,307.36683
-113.521366,126,307.387923
-24.999299,32,307.393329
-127.845312,197,307.426791
-100.479738,169,307.456759
-42.86396,62,307.467471
-69.586013,76,307.480369
-37.470701,85,307.494963
-53.214891,71,307.507243
-54.743113,64,307.518107
-31.414522,51,307.526907
-51.981175,71,307.538958
-87.06365,100,307.556247
-26.922442,34,307.563392
-96.816455,135,307.590535
-90.828001,126,307.611917
-50.787536,123,307.633573
-27.728509,48,307.641691
-62.757438,92,307.657382
-25.447179,42,307.665538
-83.880166,98,307.682379
-45.505495,55,307.691858
-86.061482,107,307.709925
-89.031531,136,307.733155
-57.40628,88,307.747966
-55.187196,77,307.760869
-46.938744,65,307.772737
-63.680668,89,307.787951
-87.404974,86,307.802378
-59.490288,76,307.81486
-89.75663,138,307.837773
-47.329609,69,307.849275
-36.074218,48,307.857316
-23.379699,63,307.867806
-44.464053,53,307.877473
-54.159452,43,307.885
-38.416694,73,307.897127
-133.043245,125,307.917833
-61.536154,94,307.933445
-57.002425,77,307.946336
-85.915474,75,307.958682
-78.495687,98,307.974834
-89.538514,122,307.996386
-37.294379,38,308.002931
-140.182525,109,308.021247
-25.999424,41,308.028107
-45.074546,77,308.040869
-54.958168,108,308.326523
-72.434235,80,308.340258
-110.621191,104,308.35761
-53.265135,97,308.373768
-38.787677,40,308.380726
-34.161812,55,308.390145
-50.883046,78,308.404412
-31.896823,40,308.411448
-66.576138,75,308.424395
-67.87242,62,308.435075
-108.97403,136,308.457732
-42.436896,78,308.470648
-60.302368,95,308.486511
-153.663875,155,308.513354
-55.06399,51,308.522152
-58.728303,67,308.533834
-57.464052,86,308.548824
-69.277335,94,308.565843
-31.874775,42,308.573327
-43.03169,62,308.586027
-60.840579,89,308.601661
-107.859051,84,308.61673
-49.094365,118,308.637501
-71.553241,83,308.651763
-52.060751,50,308.660122
-59.590932,55,308.669225
-106.044423,129,308.690854
-38.551347,69,308.702662
-35.749432,53,308.711791
-28.738341,53,308.721618
-51.189708,82,308.735852
-34.981441,51,308.744568
-29.353491,53,308.753572
-30.448606,43,308.760818
-135.216232,103,308.77794
-43.419425,44,308.785473
-32.826914,65,308.796362
-47.159007,62,308.806602
-70.062397,118,308.826919
-52.536087,63,308.837785
-56.060792,87,308.852419
-25.064371,44,308.85985
-49.931995,125,308.881292
-54.217177,102,308.898715
-52.347293,105,308.916253
-38.562784,52,308.924981
-54.935568,53,308.934649
-31.477804,39,308.941538
-127.674606,109,308.960124
-31.30475,34,308.966007
-88.557654,138,308.989235
-106.990688,98,309.006339
-37.721126,52,309.015271
-63.643842,83,309.312492
-41.149551,79,309.325507
-122.23439,132,309.347032
-70.399907,52,309.356701
-49.843835,46,309.365238
-83.920267,115,309.385028
-63.467997,77,309.398275
-60.159152,98,309.415007
-47.976948,81,309.428822
-35.331944,46,309.436908
-61.476527,77,309.449904
-24.444635,57,309.46063
-110.385616,120,309.4811
-76.966781,76,309.49403
-75.557557,99,309.510622
-71.537461,90,309.525841
-65.074151,74,309.538176
-58.20456,80,309.551935
-46.673915,65,309.563422
-66.382057,85,309.579947
-74.151965,95,309.596509
-32.971048,47,309.60476
-63.899045,102,309.621828
-88.197281,70,309.633639
-26.713073,33,309.639285
-74.580716,97,309.655823
-53.141088,65,309.66708
-81.811238,84,309.682651
-41.492114,37,309.688975
-38.509798,72,309.701162
-28.56275,48,309.709265
-90.99945,128,309.731524
-56.167644,79,309.745097
-74.635567,88,309.75999
-51.893509,88,309.77474
-36.700937,87,309.790593
-46.858367,105,309.808011
-39.120988,71,309.819809
-60.740035,65,309.830527
-135.502156,133,309.852681
-37.602237,83,309.866572
-72.894634,100,309.883969
-101.868675,117,309.903729
-34.000977,56,309.913123
-49.4309,64,309.923679
-79.376731,84,309.937868
-78.319226,102,309.955136
-66.587383,96,309.971311
-86.496458,122,309.992725
-85.389008,106,310.276345
-86.011303,88,310.291206
-70.994118,119,310.312816
-53.410746,76,310.325689
-58.787015,95,310.341643
-45.874042,48,310.350004
-75.817101,115,310.369407
-36.375927,64,310.380308
-134.728607,116,310.399913
-89.061413,128,310.422963
-98.044548,118,310.443148
-55.594256,85,310.45729
-28.338055,54,310.466211
-28.117971,33,310.471688
-40.205771,45,310.479034
-38.283082,32,310.484376
-53.38803,83,310.49827
-41.59031,64,310.508954
-113.104229,141,310.534011
-72.125758,100,310.551402
-29.886875,46,310.55929
-109.093369,127,310.582196
-94.893731,95,310.598696
-58.773292,104,310.616771
-50.68048,47,310.6255
-35.793933,47,310.634367
-108.945521,100,310.651399
-46.985028,110,310.669981
-33.371938,64,310.68076
-64.729738,94,310.696453
-63.60424,64,310.70729
-30.45494,45,310.715002
-20.566466,43,310.722246
-68.958414,118,310.743481
-32.387617,38,310.750184
-56.180847,86,310.764731
-58.139858,68,310.776354
-107.471578,133,310.799308
-47.425802,82,310.813473
-154.89715,154,310.840912
-36.200385,56,310.85073
-100.134445,132,310.873011
-50.969073,68,310.884487
-89.779787,122,310.904698
-116.038843,138,310.927914
-58.188313,53,310.937729
-88.093062,131,310.959983
-81.493749,77,310.972724
-45.420479,89,311.258009
-70.332964,66,311.26989
-57.899845,70,311.281619
-83.039859,74,311.294029
-57.733238,59,311.303824
-31.840175,65,311.314519
-62.679224,97,311.330566
-40.16328,65,311.341425
-94.549615,121,311.362626
-52.148586,95,311.378845
-49.312036,60,311.388817
-59.655365,69,311.400355
-172.501687,132,311.422385
-98.339001,93,311.438033
-24.145351,38,311.444568
-40.227679,52,311.453329
-67.260608,83,311.468007
-36.454101,35,311.47444
-89.797845,103,311.492204
-36.642002,71,311.504201
-91.146228,115,311.523411
-67.842967,108,311.541478
-105.518934,84,311.555748
-40.700717,62,311.566521
-142.057879,137,311.592952
-35.418716,58,311.603161
-53.951562,43,311.61041
-94.820374,123,311.631732
-25.591799,48,311.639828
-75.041472,115,311.659523
-62.546682,73,311.671907
-43.309078,63,311.683895
-71.489751,86,311.698606
-41.542492,85,311.712824
-137.597416,133,311.735223
-46.431133,98,311.751674
-71.07727,75,311.76408
-66.057529,63,311.774573
-119.383345,101,311.792592
-92.961299,72,311.804941
-79.876937,105,311.822588
-100.165989,106,311.840547
-35.376758,35,311.846522
-85.732043,107,311.864294
-52.594358,116,311.883922
-65.994888,63,311.896441
-109.197814,169,311.926141
-83.653159,105,311.944543
-31.44668,81,312.251954
-96.888487,79,312.265569
-49.089904,104,312.282644
-48.653396,68,312.293943
-40.893223,74,312.307291
-28.916425,61,312.31793
-90.045275,105,312.335189
-56.525068,58,312.344668
-61.529332,103,312.361562
-39.336509,46,312.369123
-28.931301,30,312.374065
-76.100162,107,312.391873
-78.132346,127,312.413676
-92.972598,85,312.428549
-97.167571,146,312.452454
-85.570656,116,312.471718
-38.40554,63,312.48254
-86.4036,112,312.501355
-80.916216,98,312.518154
-55.314116,95,312.534668
-70.039028,135,312.557771
-42.568129,86,312.572672
-48.880282,84,312.588657
-71.147632,91,312.604354
-61.1431,107,312.623897
-68.059327,63,312.635282
-34.755318,40,312.642106
-82.358925,84,312.656385
-77.134895,111,312.6751
-24.611671,64,312.685805
-84.93371,96,312.702093
-68.03652,69,312.713873
-37.177057,66,312.726595
-120.791665,152,312.753787
-77.202452,110,312.77257
-39.862399,52,312.781391
-63.9624,63,312.791923
-95.270107,108,312.810576
-29.846474,63,312.821356
-46.753736,84,312.836273
-131.467448,101,312.85344
-57.259875,50,312.861747
-49.074852,85,312.876869
-64.8401,74,312.889602
-39.801561,43,312.896978
-140.163157,135,312.919804
-58.062071,109,312.939094
-57.701927,92,313.236786
-40.695031,74,313.249421
-63.181115,58,313.260845
-111.382613,126,313.282282
-108.865101,87,313.296594
-51.585357,54,313.305836
-50.269659,91,313.321111
-24.104218,53,313.330156
-96.335393,143,313.353567
-39.820943,73,313.366874
-79.19186,77,313.379982
-19.316978,35,313.385806
-49.272519,52,313.394363
-114.955006,137,313.41736
-50.119399,80,313.430695
-58.14536,72,313.442914
-41.586676,47,313.450777
-83.774366,101,313.468387
-27.290841,75,313.481761
-35.471854,60,313.492153
-81.466441,93,313.508065
-92.070493,73,313.520625
-78.653477,87,313.535513
-36.659346,74,313.548349
-107.4224,89,313.563317
-151.584225,116,313.586634
-85.678203,111,313.606704
-57.695006,115,313.626527
-63.818462,105,313.644317
-103.883401,83,313.658404
-76.282077,74,313.67083
-50.019616,100,313.68859
-53.567889,78,313.701913
-98.529099,114,313.720707
-58.663607,89,313.735515
-41.476926,87,313.750128
-105.938632,91,313.76529
-88.445249,137,313.788814
-84.581536,101,313.806111
-70.546716,80,313.81977
-58.009987,64,313.830639
-69.138286,89,313.845735
-62.227691,85,313.859893
-107.886283,88,313.874781
-62.282511,127,313.897384
-91.387803,84,313.91171
-36.955021,50,313.920254
-134.31285,137,314.22336
-98.654845,120,314.243565
-90.861471,110,314.262365
-123.671213,145,314.286457
-84.899316,109,314.304564
-43.029093,42,314.312513
-47.271591,65,314.324064
-49.308988,92,314.340673
-50.331351,92,314.356384
-44.922185,106,314.374474
-101.379126,121,314.394894
-37.266421,71,314.40683
-76.904767,93,314.423634
-68.874955,102,314.441369
-138.471227,143,314.465906
-142.249657,114,314.484816
-138.058101,141,314.508359
-123.710203,107,314.527465
-54.171577,61,314.538122
-36.160825,62,314.549266
-65.077367,108,314.567637
-58.330957,109,314.58814
-27.361533,30,314.593311
-97.482958,129,314.615188
-67.055965,78,314.62979
-101.627262,96,314.646375
-82.362958,119,314.666393
-75.620456,94,314.681947
-37.011517,76,314.694408
-71.24388,76,314.707106
-34.879119,34,314.712792
-41.946407,66,314.723687
-23.687618,39,314.731157
-69.245325,86,314.746065
-71.773705,142,314.769469
-75.569269,73,314.781567
-88.870236,103,314.798683
-39.270284,86,314.812811
-37.047288,55,314.822038
-44.80019,83,314.836572
-36.866292,43,314.843936
-80.568806,97,314.861103
-92.605264,108,314.879596
-60.271294,72,314.891943
-49.453292,81,314.905661
-57.52345,78,315.18622
-46.327762,52,315.195176
-34.662307,63,315.206113
-43.943809,52,315.214927
-73.895678,81,315.228479
-130.845344,130,315.250402
-38.157376,68,315.263221
-34.264735,60,315.273702
-68.661512,92,315.28948
-56.61981,48,315.29782
-47.233658,66,315.309076
-60.854659,59,315.319388
-29.325172,58,315.329321
-77.436739,117,315.348918
-106.950142,124,315.371007
-98.938398,145,315.395271
-43.787886,74,315.408412
-88.216748,99,315.425331
-84.608697,92,315.440992
-91.33443,90,315.461365
-69.178517,90,315.477821
-59.242289,74,315.490621
-28.958087,31,315.495985
-66.268716,80,315.50942
-71.747391,110,315.528081
-68.240984,103,315.545657
-31.412747,43,315.553153
-135.188901,146,315.579694
-60.801773,74,315.594128
-59.693274,92,315.610242
-134.694983,114,315.63046
-83.137233,94,315.646513
-75.66147,104,315.66415
-75.451678,103,315.682218
-81.217883,107,315.700576
-78.363758,107,315.718727
-50.341354,66,315.729929
-69.859259,81,315.743712
-105.862937,127,315.764583
-57.086776,79,315.777594
-66.626475,55,315.787654
-69.244058,89,315.803083
-35.892213,27,315.807712
-149.207973,158,315.834333
-77.881231,86,315.849027
-28.308005,43,315.856328
-46.277445,82,315.870153
-38.30838,74,315.882597
-53.964366,91,316.164178
-38.054214,39,316.170914
-69.41124,121,316.191151
-68.150811,82,316.204826
-50.321565,68,316.216175
-91.370612,128,316.238793
-50.577505,68,316.250194
-28.804786,88,316.264774
-31.056805,68,316.275995
-108.102674,129,316.297525
-76.222347,91,316.312762
-32.345489,59,316.322586
-59.502774,92,316.339223
-103.126542,112,316.357891
-29.974755,45,316.365716
-46.60566,50,316.374349
-42.603594,57,316.38411
-57.387881,66,316.395237
-82.021552,126,316.4166
-56.331101,103,316.43489
-114.651465,138,316.459472
-106.284975,96,316.475604
-102.1238,130,316.497992
-55.924841,82,316.511722
-41.005041,77,316.524778
-104.423905,109,316.544393
-99.334174,99,316.56167
-78.54875,112,316.582165
-114.479027,161,316.610182
-46.419166,79,316.623453
-62.538848,122,316.644506
-47.965554,59,316.655378
-31.550067,40,316.662319
-50.180897,56,316.67176
-108.388364,114,316.690842
-69.462138,104,316.708372
-60.213605,79,316.721539
-73.482692,88,316.736158
-61.158036,55,316.745374
-22.135488,51,316.75524
-80.04822,132,316.77797
-91.361976,150,316.803297
-142.611149,135,316.826183
-89.817509,145,316.850737
-63.181295,87,317.138999
-74.632216,135,317.161705
-60.49449,125,317.184408
-52.156557,74,317.197308
-72.982446,61,317.207916
-50.328445,88,317.223116
-44.5097,43,317.231068
-37.11888,76,317.243995
-60.380111,84,317.258224
-98.2155,132,317.2816
-90.227479,110,317.300661
-87.111402,119,317.320754
-57.87726,68,317.332334
-53.128973,65,317.343127
-121.613258,143,317.367598
-74.857246,120,317.389169
-27.576624,67,317.400742
-48.265419,88,317.415666
-119.705608,141,317.439499
-76.184212,67,317.450827
-53.405329,48,317.458949
-100.76823,145,317.48323
-87.471129,142,317.508391
-64.644069,86,317.523186
-67.184816,84,317.537529
-41.239264,58,317.548163
-24.519666,53,317.557654
-76.000353,104,317.576673
-41.134191,55,317.586809
-59.991067,64,317.59883
-86.995743,102,317.616863
-69.786001,91,317.632306
-40.795057,61,317.642587
-30.538535,44,317.650488
-85.525878,103,317.667972
-65.855725,85,317.68221
-30.998928,43,317.689328
-66.307798,88,317.705019
-103.829406,99,317.721831
-86.638655,102,317.738946
-43.315779,75,317.751427
-178.045052,186,317.782465
-46.312891,54,317.791758
-43.10697,68,317.804037
-40.188747,50,317.812868
-100.261069,145,317.837418
-51.249446,108,318.123381
-67.748459,101,318.140847
-52.196354,57,318.150827
-100.302396,132,318.173082
-135.676664,122,318.193702
-54.869435,60,318.203917
-45.986711,49,318.212231
-27.657109,48,318.220376
-119.354608,126,318.242798
-106.572368,115,318.261825
-55.005416,68,318.273375
-72.248243,71,318.285206
-106.878748,111,318.303549
-80.242457,126,318.324563
-76.141919,78,318.338604
-48.600036,59,318.348906
-44.772497,94,318.364997
-77.789844,59,318.374954
-33.600106,91,318.390499
-35.258617,36,318.396656
-38.207391,60,318.406925
-42.123239,71,318.418952
-130.510441,145,318.444583
-72.422164,106,318.462221
-80.536974,74,318.474417
-80.786809,105,318.492267
-33.091002,108,318.510768
-131.839085,139,318.533546
-43.258778,64,318.545175
-35.640477,44,318.552951
-80.761044,123,318.574882
-106.702627,109,318.594639
-52.151719,44,318.60249
-69.280191,85,318.616998
-39.22251,56,318.626501
-73.300719,70,318.638665
-51.874168,60,318.650131
-107.487269,117,318.670881
-85.633193,93,318.686865
-38.037889,76,318.69947
-38.429473,47,318.707309
-25.421376,36,318.713619
-95.657672,96,318.730158
-35.694294,69,318.741869
-47.67104,68,318.754186
-146.312954,129,318.775743
-66.523688,118,318.795741
-107.17997,133,319.090291
-46.284468,59,319.100623
-38.216989,66,319.111628
-75.270094,95,319.128049
-65.741119,52,319.136951
-40.663462,54,319.146009
-77.301221,90,319.161069
-39.796223,45,319.168525
-57.02993,74,319.181907
-78.855663,78,319.195783
-77.890215,150,319.22085
-31.920204,46,319.229023
-40.932501,45,319.236832
-49.075422,78,319.25018
-43.143228,70,319.261737
-59.047802,99,319.277919
-55.144188,77,319.292165
-140.6118,129,319.314212
-85.486304,101,319.331166
-28.239222,57,319.341009
-34.736876,46,319.348542
-69.227277,88,319.362921
-111.300028,114,319.381787
-58.754765,58,319.39271
-67.127054,89,319.407803
-110.560081,121,319.42789
-53.804246,46,319.435482
-90.000469,125,319.45661
-122.715166,129,319.478315
-39.820069,70,319.490098
-29.702745,48,319.49893
-78.952552,87,319.513678
-25.824805,46,319.521378
-73.119416,79,319.534605
-82.982467,84,319.548934
-40.341537,37,319.555875
-43.411759,84,319.570219
-67.784202,84,319.585277
-75.720827,90,319.60218
-59.567541,80,319.616485
-44.228041,71,319.628589
-59.394372,101,319.646107
-78.381956,65,319.657402
-28.397521,50,319.666199
-87.565501,90,319.682514
-61.927801,76,319.695342
-40.41469,58,319.70651
-50.246458,56,319.716929
-48.552039,81,319.731002
-26.097859,39,319.737684
-42.890415,80,319.751202
-47.707784,63,319.762042
-71.514652,91,319.777974
-39.669455,57,320.057202
-69.726245,86,320.072164
-39.345513,78,320.085652
-98.852186,129,320.107454
-47.264247,69,320.119578
-99.548848,132,320.143009
-61.703251,78,320.156478
-33.576371,52,320.165284
-47.581554,91,320.180399
-37.351074,94,320.196424
-119.793031,114,320.215339
-78.017656,94,320.231776
-29.660946,45,320.239747
-22.927081,35,320.245792
-62.931736,83,320.259868
-44.476116,76,320.272628
-47.473491,66,320.283699
-72.100286,93,320.299233
-26.445359,49,320.307421
-35.446432,60,320.317752
-125.496282,107,320.336324
-51.936732,83,320.350345
-51.91931,90,320.365356
-58.535752,80,320.378922
-34.748187,29,320.383885
-81.646754,89,320.39899
-55.169638,80,320.412601
-49.533306,61,320.422873
-47.264965,100,320.440032
-65.31529,126,320.462669
-27.965678,64,320.473773
-105.449197,93,320.489654
-61.001063,54,320.4989
-51.576803,95,320.514921
-104.762422,148,320.539833
-67.411796,91,320.556688
-45.908275,111,320.57652
-35.429039,71,320.590503
-38.930231,50,320.599202
-117.540344,120,320.619773
-87.479019,75,320.632532
-165.951102,147,320.658255
-69.418107,102,320.676363
-61.935922,60,320.686533
-43.496157,46,320.694204
-39.309001,52,320.702824
-34.65832,65,320.713556
-97.820544,142,320.737564
-61.9355,111,320.756358
-121.056181,134,321.060602
-79.310665,143,321.085892
-109.917931,128,321.107808
-48.16893,95,321.123826
-64.319936,77,321.136864
-47.687419,72,321.149385
-63.657463,93,321.16524
-93.98561,93,321.181693
-33.823032,40,321.188875
-120.240784,177,321.218845
-116.060603,101,321.235857
-65.906511,124,321.256971
-41.424763,97,321.273256
-31.320872,29,321.278125
-34.907855,42,321.286091
-50.197569,91,321.301905
-44.565517,75,321.314655
-41.914206,65,321.325477
-20.350929,40,321.332193
-56.443916,80,321.345582
-42.190384,66,321.356908
-37.747339,45,321.364555
-39.66178,91,321.379892
-45.492995,72,321.392838
-42.89496,53,321.40192
-65.963227,77,321.415075
-110.266697,155,321.440756
-89.202884,110,321.458957
-43.282442,56,321.468419
-52.047626,67,321.479737
-51.241447,87,321.494125
-78.008533,87,321.509719
-102.343701,91,321.524918
-133.116547,126,321.545811
-51.386594,73,321.558076
-103.136275,136,321.582799
-25.99517,50,321.591927
-112.496337,115,321.613319
-86.810787,86,321.627895
-64.07361,75,321.640636
-75.240137,61,321.651169
-88.470918,104,321.668918
-25.49989,34,321.674784
-43.029938,66,321.68591
-73.723956,118,321.705879
-41.817957,88,321.721939
-63.744352,89,321.737149
-120.570733,102,322.03648
-84.961275,108,322.055042
-24.14597,44,322.062486
-87.895964,122,322.082646
-67.78601,56,322.092009
-114.698464,81,322.106212
-57.380205,112,322.124851
-50.976768,56,322.135058
-51.536746,80,322.148996
-51.370595,77,322.161819
-73.887228,115,322.181638
-67.911866,72,322.193993
-55.616479,59,322.203823
-95.935504,80,322.217013
-34.835881,46,322.224658
-43.116377,61,322.234838
-112.350306,126,322.257161
-58.680913,59,322.267468
-84.310701,96,322.283883
-87.21756,86,322.298491
-28.711236,44,322.305978
-37.050367,55,322.315235
-45.519787,63,322.325901
-71.945501,127,322.348133
-41.044234,52,322.357177
-86.562735,98,322.373918
-26.578842,69,322.385532
-69.848128,85,322.399912
-40.941805,66,322.410853
-93.982248,124,322.431412
-65.646246,78,322.444334
-33.469015,28,322.450004
-65.186163,84,322.464786
-36.952109,45,322.472344
-81.869012,99,322.489259
-67.345922,49,322.497664
-42.493605,83,322.511677
-72.322365,81,322.525389
-31.403949,75,322.537906
-65.128968,91,322.553944
-60.067589,96,322.57027
-120.019802,120,322.59116
-44.122676,73,322.603955
-44.953973,50,322.612602
-94.083841,105,322.63042
-90.294231,113,322.649315
-97.724958,103,322.668332
-31.422368,49,322.676544
-79.310014,117,322.696513
-35.600647,77,322.70937
-31.743279,79,322.722682
-36.385876,72,323.001312
-118.039769,109,323.019755
-48.702885,50,323.028174
-36.4189,86,323.042673
-36.415927,65,323.053609
-86.348711,79,323.066679
-46.386558,81,323.081212
-36.728437,48,323.090178
-44.810818,64,323.101666
-41.363423,37,323.108247
-40.046932,85,323.122768
-27.378305,25,323.12709
-33.065754,45,323.134705
-41.128916,35,323.140966
-26.520918,38,323.147677
-64.363987,110,323.166509
-66.686432,65,323.17755
-98.837271,113,323.19793
-96.593467,88,323.212962
-84.923932,96,323.228855
-65.474872,125,323.249343
-61.267539,111,323.267835
-37.236074,51,323.276309
-92.978365,91,323.293006
-33.840133,84,323.307108
-64.702705,77,323.320387
-30.964228,38,323.327005
-128.671431,113,323.346318
-83.958248,63,323.356743
-104.223938,116,323.376208
-60.472519,97,323.393372
-64.767609,50,323.402187
-68.462003,72,323.41445
-69.598501,78,323.427557
-59.704096,70,323.439354
-87.526916,128,323.460586
-52.349273,78,323.473826
-50.804142,63,323.484429
-28.951515,64,323.495169
-29.316568,37,323.502091
-50.120939,88,323.517465
-56.574145,103,323.535015
-71.052802,76,323.548117
-78.75783,104,323.566062
-41.039699,71,323.578383
-32.73336,57,323.588802
-97.34824,150,323.616186
-51.395247,66,323.627555
-68.959341,85,323.642001
-34.194939,37,323.648449
-111.527081,123,323.669104
-53.402295,84,323.683273
-37.17295,85,323.965325
-44.682406,68,323.976865
-40.24099,85,323.991468
-98.885455,104,324.00885
-44.748281,70,324.020575
-69.527802,58,324.03188
-24.056288,21,324.035674
-70.090725,92,324.051135
-43.287018,70,324.062835
-87.329493,112,324.081211
-37.601273,65,324.092023
-60.404885,132,324.113834
-64.529478,105,324.132215
-33.093345,51,324.14139
-60.325729,67,324.152961
-59.692952,67,324.164352
-61.492084,89,324.179235
-32.812781,36,324.185405
-39.999153,84,324.199597
-61.984851,123,324.220858
-31.992434,80,324.235712
-81.003367,76,324.249276
-37.462324,81,324.26314
-78.856643,105,324.280893
-40.415465,47,324.288852
-94.61199,162,324.316255
-40.376495,77,324.329289
-62.211282,90,324.345174
-79.555781,110,324.363951
-48.044181,52,324.37267
-41.937535,40,324.379399
-39.946039,57,324.389094
-86.664277,134,324.411742
-39.910867,85,324.42617
-36.975036,82,324.440036
-61.428479,85,324.455223
-42.846496,33,324.460799
-43.075405,54,324.470084
-126.304362,126,324.491096
-42.5925,49,324.499494
-92.396542,132,324.521836
-25.382643,42,324.528938
-70.515113,77,324.542588
-114.759917,106,324.562366
-88.830376,128,324.58535
-49.70788,49,324.593646
-89.651736,110,324.612761
-104.409163,131,324.634739
-30.3994,62,324.645085
-94.327528,118,324.666282
-51.128708,106,324.950288
-53.402267,90,324.965987
-38.933513,81,324.980634
-83.08625,54,324.990835
-76.160976,83,325.005775
-44.85052,50,325.014822
-44.006291,82,325.028888
-44.589707,82,325.04293
-36.903893,57,325.053691
-74.001383,83,325.068196
-44.937164,106,325.087724
-50.55794,113,325.126319
-89.977443,132,325.148424
-51.683827,94,325.164056
-40.427796,85,325.178405
-36.372235,78,325.19265
-55.053323,74,325.205432
-197.471396,146,325.230884
-43.55259,68,325.242862
-50.325984,61,325.253243
-49.842517,102,325.270557
-94.256363,116,325.29022
-90.463305,128,325.313755
-39.005612,45,325.32146
-30.478757,46,325.329537
-86.432501,115,325.349573
-35.311306,58,325.35991
-60.603431,112,325.378954
-67.39124,103,325.396856
-87.374169,84,325.41191
-70.17429,87,325.426417
-35.954078,58,325.436393
-48.392805,67,325.447641
-58.967516,64,325.458502
-49.87078,69,325.470213
-44.836278,65,325.481172
-32.651426,46,325.48888
-85.257708,118,325.509392
-26.267041,59,325.519483
-60.432685,78,325.532569
-126.024827,74,325.545045
-123.106661,136,325.568749
-75.21676,71,325.581809
-66.353193,125,325.603053
-31.260651,41,325.611026
-78.079026,101,325.629195
-104.560211,124,325.650455
-46.484942,100,325.932054
-118.080923,113,325.95196
-54.276349,89,325.967016
-99.283935,135,325.989764
-31.636252,44,325.997165
-51.037757,72,326.009098
-38.222353,66,326.0202
-52.702239,107,326.038922
-55.646178,55,326.048681
-31.251627,52,326.057606
-104.572836,111,326.076425
-45.254155,60,326.086591
-63.549276,99,326.103164
-47.53465,130,326.124899
-71.705272,134,326.148936
-54.956947,82,326.162592
-90.970552,90,326.177567
-24.329097,47,326.185382
-58.482754,49,326.19356
-31.29666,54,326.202636
-71.354937,104,326.219989
-28.68154,43,326.227361
-41.763448,40,326.234256
-89.788697,128,326.256653
-53.008768,71,326.268876
-88.42158,118,326.288775
-107.492456,97,326.305246
-87.979986,73,326.317604
-57.740911,98,326.33435
-81.595984,119,326.359632
-39.97379,96,326.376532
-60.877633,67,326.388724
-31.772268,37,326.398182
-60.438473,86,326.414554
-46.076973,46,326.422905
-102.119882,139,326.453079
-57.185221,69,326.466635
-80.910218,91,326.485442
-63.708231,114,326.532036
-81.266873,71,326.547912
-49.896206,71,326.562629
-52.068451,84,326.580718
-92.679422,112,326.6068
-31.880273,38,326.613833
-25.348505,70,326.62586
-63.588881,143,326.655452
-90.631911,136,326.680914
-104.768516,99,326.69805
-58.92113,89,327.053797
-129.364772,131,327.076359
-49.059716,75,327.090325
-53.547618,51,327.114574
-28.227088,45,327.122555
-130.407759,90,327.138507
-64.142955,58,327.148728
-49.782214,59,327.158869
-86.429844,97,327.177509
-62.312772,87,327.193234
-25.589148,50,327.202712
-28.161857,52,327.212157
-54.076947,98,327.231524
-36.456976,86,327.246491
-90.069119,134,327.268586
-38.496674,78,327.28155
-106.563696,137,327.306053
-58.758983,101,327.323483
-63.860677,115,327.342684
-95.695462,140,327.365666
-108.424898,137,327.388674
-67.881232,93,327.405318
-33.25534,99,327.422637
-38.206204,34,327.428564
-34.159412,53,327.437709
-28.873594,35,327.443693
-91.154635,120,327.464333
-69.316818,85,327.47855
-64.183803,87,327.492899
-102.263205,144,327.518101
-25.754076,42,327.525454
-74.856208,116,327.544973
-68.461139,92,327.560848
-48.996384,59,327.570986
-83.656229,103,327.590298
-39.20057,42,327.598433
-93.397166,79,327.614312
-44.061843,85,327.62951
-48.378446,78,327.642796
-25.910245,42,327.650699
-82.064677,75,327.664021
-78.360615,118,327.684468
-58.234124,63,327.694995
-93.058424,142,327.719411
-36.592866,86,327.734278
-28.903674,51,327.742863
-52.644044,87,327.757262
-52.306657,85,327.771316
-46.179159,93,328.053701
-69.450261,105,328.071298
-49.618058,69,328.082946
-58.301317,70,328.094848
-25.057702,41,328.101724
-77.245894,64,328.112505
-49.920661,65,328.123515
-35.549278,51,328.132123
-28.778259,28,328.137834
-46.01126,117,328.158227
-67.759111,54,328.167589
-99.389773,138,328.190899
-63.255462,63,328.201705
-40.571874,47,328.209713
-57.374234,91,328.225004
-33.037734,52,328.233804
-31.525705,70,328.246488
-71.511855,92,328.262565
-46.981741,69,328.274291
-93.617466,108,328.292327
-36.313123,51,328.301111
-26.481402,44,328.308467
-29.103911,51,328.317077
-45.452505,68,328.328537
-71.179464,85,328.34246
-86.138314,109,328.36165
-32.885514,82,328.375841
-105.296759,143,328.399986
-70.551912,116,328.419616
-41.077102,61,328.429989
-75.677278,129,328.45263
-97.849104,101,328.470133
-89.248794,105,328.497699
-57.129016,83,328.511863
-28.01599,58,328.522436
-69.179756,98,328.540036
-75.097364,101,328.559426
-103.285159,116,328.583398
-85.327881,133,328.613524
-47.098547,74,328.636783
-40.876917,68,328.648587
-36.450422,38,328.655117
-45.328019,32,328.660541
-119.491859,110,328.682245
-69.81745,73,328.699113
-39.461337,59,328.708917
-156.833111,97,328.725356
-59.653785,66,328.736722
-75.86618,96,328.753216
-45.920589,76,328.766279
-27.876482,39,328.774029
-30.258799,77,328.787625
-38.493939,67,329.068651
-49.144889,75,329.081244
-81.288775,80,329.096212
-45.591768,60,329.106404
-87.495743,132,329.128526
-114.796781,122,329.149051
-34.931199,53,329.158122
-110.56366,160,329.184705
-65.409866,100,329.20291
-54.457107,70,329.215023
-67.017369,65,329.225854
-27.535775,37,329.232228
-92.332828,120,329.252442
-91.61053,87,329.266682
-30.494699,57,329.27597
-84.151412,123,329.297484
-40.734579,63,329.308518
-126.035916,119,329.328079
-45.158216,92,329.343185
-42.409861,76,329.355641
-27.718434,66,329.366623
-32.106246,77,329.379579
-40.469028,74,329.392032
-37.777541,93,329.408297
-68.824646,66,329.419639
-43.431339,61,329.429849
-66.710714,56,329.439307
-87.879312,103,329.456367
-60.784128,55,329.465678
-25.279347,40,329.472227
-46.721652,90,329.487131
-25.939694,40,329.493825
-39.22892,83,329.507603
-70.261573,123,329.529462
-92.904524,109,329.54795
-45.391247,47,329.555865
-106.664998,141,329.581851
-34.709171,72,329.597345
-55.293182,44,329.604858
-52.932575,97,329.622484
-66.080129,84,329.636782
-33.060768,55,329.646047
-77.516486,99,329.662912
-67.034636,66,329.673933
-84.135828,82,329.687553
-68.011704,94,329.7033
-75.565513,118,329.724082
-39.970638,97,329.740459
-57.066215,92,329.756057
-60.340002,96,330.050284
-68.464723,121,330.070698
-37.675899,92,330.086325
-32.662618,57,330.096099
-42.357568,78,330.109527
-61.33471,99,330.126225
-99.666079,85,330.141269
-83.918692,103,330.15871
-36.873874,60,330.169078
-71.267633,81,330.182599
-38.773173,65,330.193734
-121.670584,144,330.218113
-43.327645,84,330.232246
-50.513117,156,330.259538
-30.751155,71,330.271547
-42.224553,97,330.287584
-32.340432,52,330.296293
-90.571844,140,330.319715
-162.221497,152,330.345796
-90.505854,119,330.367596
-77.308999,95,330.383629
-69.322205,94,330.399295
-131.501604,158,330.426283
-40.29941,60,330.436517
-25.230626,51,330.485643
-40.706926,53,330.506952
-72.031839,51,330.51633
-38.635776,72,330.528827
-74.906006,121,330.550019
-84.574664,117,330.573286
-135.671986,193,330.609623
-49.736069,82,330.623839
-111.579745,157,330.650975
-68.511159,50,330.659706
-87.48896,101,330.678118
-92.908474,62,330.688955
-81.849855,116,330.708638
-47.001777,77,330.722945
-28.683547,39,330.729911
-65.053515,77,330.742708
-64.602577,105,330.760319
-35.437796,86,330.77593
-76.832195,137,330.799866
-49.81254,50,331.128593
-93.048781,158,331.155013
-57.634736,99,331.171622
-32.217617,43,331.178811
-90.694596,94,331.194427
-69.888574,90,331.211175
-74.924253,109,331.229491
-27.900009,47,331.237348
-51.324695,121,331.25767
-73.719023,92,331.273019
-87.480836,120,331.293126
-72.215461,110,331.313137
-92.734194,156,331.339564
-83.130583,92,331.354879
-49.675711,54,331.364088
-61.721126,85,331.378289
-50.918051,88,331.392963
-88.400651,84,331.406873
-57.615722,97,331.424574
-53.095671,86,331.439286
-32.904021,36,331.445345
-79.775958,67,331.456547
-79.461766,132,331.478487
-40.894918,39,331.48509
-111.805472,176,331.5151
-48.510941,41,331.522365
-39.58011,66,331.533512
-31.645236,48,331.541569
-56.957195,70,331.553811
-30.79011,60,331.564354
-80.970699,112,331.58655
-50.305383,99,331.604264
-146.669388,145,331.630733
-76.970937,106,331.649279
-31.494343,58,331.659274
-37.851519,42,331.666695
-36.000458,44,331.674273
-40.244429,72,331.686517
-64.002472,83,331.700764
-92.455981,95,331.716993
-84.367491,136,331.740762
-63.709756,59,331.751011
-59.713893,60,331.761296
-36.929359,44,331.768716
-95.044266,65,331.779681
-37.779074,98,331.795932
-121.235191,156,331.821603
-55.893396,73,332.112274
-53.27222,61,332.122945
-67.471215,110,332.142341
-38.668097,41,332.149578
-47.97012,65,332.162116
-57.645525,94,332.178195
-61.270153,82,332.191994
-44.394104,68,332.203648
-90.3008,97,332.219689
-31.721818,57,332.229181
-37.729546,39,332.235937
-61.608294,70,332.24779
-104.532595,140,332.272775
-107.556243,130,332.295594
-47.037285,59,332.306313
-38.011971,52,332.315841
-48.261883,64,332.327246
-57.516268,80,332.341053
-25.93197,73,332.353536
-43.553208,49,332.361945
-92.355678,118,332.3846
-82.787219,113,332.404071
-52.832839,51,332.412722
-99.816973,120,332.432662
-75.738214,122,332.453347
-62.046008,64,332.464089
-102.985872,128,332.486968
-52.372221,90,332.502402
-37.435829,44,332.509889
-57.81953,65,332.520956
-91.630208,76,332.533977
-59.006846,70,332.545931
-71.973104,109,332.565167
-58.072527,76,332.579972
-45.068225,71,332.59495
-101.080966,128,332.617823
-28.602702,55,332.627194
-103.564803,159,332.654028
-23.740072,21,332.65772
-42.376172,55,332.667024
-83.041825,78,332.680973
-62.932017,79,332.694584
-113.00211,137,332.717706
-43.338715,92,332.733585
-101.97991,104,332.751575
-32.127659,81,332.765372
-32.078692,83,332.779342
-68.677129,86,332.795045
-64.839896,143,333.08676
-57.209256,60,333.098073
-54.734334,79,333.112271
-50.537734,62,333.122981
-63.0187,93,333.138777
-96.034531,127,333.160455
-72.610864,74,333.173034
-102.07265,132,333.195381
-95.909631,108,333.215221
-68.094867,110,333.234113
-35.874408,36,333.240352
-41.979191,57,333.250248
-72.915535,91,333.265962
-40.109537,44,333.273509
-60.212663,79,333.287049
-61.337872,65,333.298188
-52.212755,73,333.311398
-65.591179,68,333.323231
-48.853567,57,333.333317
-43.233245,66,333.344948
-67.391312,82,333.359053
-120.567708,149,333.383706
-73.058811,115,333.402962
-78.590369,121,333.424649
-57.975463,90,333.439991
-27.172916,48,333.448047
-43.307795,98,333.464212
-63.546641,134,333.486575
-67.779277,92,333.501796
-101.127314,115,333.521675
-28.25241,33,333.527377
-65.079476,123,333.548434
-62.579102,59,333.558621
-68.478596,122,333.580344
-37.236959,39,333.587507
-46.02061,91,333.603462
-46.078716,80,333.618072
-118.938968,158,333.646979
-83.659679,121,333.667774
-57.172963,75,333.680699
-43.57994,48,333.688894
-49.621734,65,333.699938
-62.653422,67,333.711423
-67.331451,82,333.726212
-62.340135,95,333.742567
-91.087968,149,333.767746
-26.912507,76,333.780632
-114.893247,124,334.070376
-51.157653,68,334.081832
-61.83148,92,334.097043
-103.313092,179,334.127432
-81.643877,136,334.15258
-87.352255,65,334.164726
-91.272488,116,334.185703
-26.443018,50,334.194397
-88.335577,82,334.208496
-32.822133,80,334.221975
-86.705863,62,334.232342
-69.995842,106,334.250179
-90.508687,104,334.269649
-56.8561,97,334.286644
-78.54207,97,334.303046
-36.589881,44,334.310447
-43.505393,90,334.325627
-88.756455,103,334.343215
-43.303593,78,334.356823
-64.050462,138,334.381825
-61.625651,124,334.403205
-80.272414,66,334.414614
-55.803253,71,334.426668
-97.91633,147,334.45149
-86.579278,91,334.46763
-61.957268,45,334.475592
-175.059311,195,334.507689
-132.468529,129,334.529589
-43.914514,64,334.540412
-51.794783,72,334.552734
-97.458813,147,334.582791
-52.167998,70,334.595317
-29.832277,52,334.604387
-44.956256,67,334.617215
-61.378419,55,334.626612
-45.211617,62,334.637135
-98.129217,91,334.652743
-83.448988,100,334.669949
-34.075797,54,334.680521
-72.023239,80,334.694026
-94.759102,143,334.718435
-51.511248,104,334.735951
-36.299636,46,334.743636
-53.009286,127,334.76449
-75.275422,77,335.043112
-82.257684,79,335.056325
-70.59441,133,335.078816
-64.280795,73,335.091227
-94.2361,113,335.111441
-243.229854,210,335.146704
-49.71584,61,335.157003
-85.699769,117,335.176362
-29.060338,62,335.186528
-35.901096,78,335.199352
-99.663294,140,335.224187
-63.218257,119,335.244331
-86.200899,148,335.269198
-48.947306,63,335.280095
-100.960493,127,335.301617
-59.358997,86,335.316947
-70.911984,110,335.335514
-64.95852,69,335.347292
-62.786419,48,335.355429
-29.734212,52,335.364087
-52.780908,67,335.375064
-63.608953,64,335.385979
-37.87345,50,335.394325
-83.368538,119,335.413838
-114.125673,133,335.437501
-60.908763,69,335.449435
-76.655965,83,335.463955
-36.910534,81,335.477873
-35.699432,38,335.484503
-39.213066,73,335.496879
-35.200966,82,335.51065
-77.684928,98,335.528121
-50.628684,52,335.537062
-60.20467,106,335.555747
-84.927225,98,335.573446
-90.914894,103,335.592459
-88.764226,80,335.606744
-62.909053,57,335.616666
-80.688688,86,335.6323
-79.952384,87,335.647628
-33.796656,41,335.654656
-42.706702,58,335.664911
-101.182937,160,335.69288
-62.989252,84,335.707386
-53.927189,57,335.717325
-38.569976,96,335.733332
-95.643632,107,336.023406
-236.810781,206,336.059217
-65.638251,64,336.07068
-74.854117,76,336.083646
-91.463074,93,336.09934
-93.340704,141,336.123374
-35.751668,111,336.142114
-125.706339,182,336.173821
-77.213414,118,336.193947
-74.973361,58,336.20385
-119.580385,143,336.22786
-63.610383,124,336.248783
-37.961487,62,336.259156
-70.839169,105,336.277674
-70.643706,108,336.295743
-44.026298,50,336.304014
-86.151982,152,336.329346
-61.540883,62,336.339836
-93.968043,108,336.357714
-87.157698,127,336.379976
-108.37082,112,336.39848
-66.971473,102,336.415595
-25.706362,44,336.422967
-115.896115,149,336.447415
-48.012011,77,336.460131
-39.09279,65,336.471014
-95.224906,119,336.492039
-78.311294,93,336.507938
-36.372307,74,336.520376
-82.387624,67,336.531593
-104.381301,118,336.551585
-104.043637,118,336.572437
-70.354174,91,336.591808
-29.81977,49,336.600997
-61.986019,113,336.620471
-52.979879,62,336.631378
-85.209798,88,336.645974
-96.94657,87,336.660463
-52.85354,91,336.675835
-38.789326,57,336.686127
-55.5908,83,336.700575
-44.012859,62,336.711027
-70.44124,77,336.997741
-71.931259,81,337.013047
-63.009488,63,337.02385
-90.882599,128,337.045314
-36.672603,56,337.054644
-36.840978,58,337.064184
-37.785688,49,337.072155
-91.185294,91,337.086976
-36.312582,39,337.093412
-51.431536,88,337.107775
-27.728913,50,337.117966
-43.706969,67,337.12971
-92.945571,123,337.150254
-36.885279,58,337.1599
-153.116818,114,337.17884
-51.980571,93,337.194634
-75.374866,80,337.207767
-43.613312,96,337.225445
-31.308755,48,337.233834
-48.414638,51,337.242469
-33.021298,51,337.251166
-51.034683,92,337.26669
-28.672007,40,337.273469
-49.213561,76,337.286243
-71.604388,94,337.302065
-81.378604,89,337.316969
-72.700012,90,337.333292
-82.028386,123,337.353903
-87.830627,109,337.372715
-81.558575,78,337.386036
-93.104466,132,337.408345
-85.435663,93,337.424074
-63.312584,128,337.44671
-59.884858,61,337.457112
-28.590392,46,337.46486
-66.653835,87,337.47979
-36.811337,36,337.485871
-40.010135,95,337.50175
-47.049395,66,337.512891
-26.791516,38,337.519258
-27.12295,52,337.5279
-31.347574,36,337.534855
-67.968095,98,337.552004
-108.900548,118,337.572563
-60.846231,67,337.584958
-120.549645,88,337.600738
-24.496759,46,337.608716
-58.649776,56,337.618382
-61.762956,140,337.642802
-103.07844,117,337.662958
-71.999452,96,337.679206
-38.765808,55,337.688786
-86.183654,79,337.978368
-38.644639,72,337.99091
-44.71326,85,338.005304
-120.680926,133,338.027778
-30.265527,29,338.032715
-66.064302,121,338.053036
-37.214126,73,338.066554
-81.315101,110,338.085018
-48.644572,72,338.097222
-56.930125,78,338.11032
-47.726685,68,338.121962
-132.162036,102,338.138993
-54.649319,97,338.154932
-76.683897,154,338.199857
-81.300709,120,338.220695
-46.081586,85,338.234964
-128.415787,101,338.251967
-94.168211,132,338.27558
-62.570419,54,338.285038
-35.019601,75,338.297781
-76.650632,75,338.310429
-36.639545,77,338.323445
-51.573018,109,338.341789
-37.723906,49,338.349988
-64.856211,52,338.358639
-32.107943,64,338.370268
-35.588584,85,338.38507
-114.43291,118,338.404896
-45.074023,75,338.417609
-36.43327,63,338.428211
-69.001757,71,338.440094
-30.687508,51,338.448725
-42.578272,83,338.462617
-36.062187,56,338.471915
-93.353172,96,338.489054
-87.505103,133,338.511642
-74.564078,97,338.527884
-42.466917,45,338.535509
-60.09225,126,338.557054
-46.406089,55,338.56668
-61.133484,62,338.577596
-38.887366,55,338.588823
-36.874311,78,338.60291
-78.789168,90,338.618494
-31.580256,61,338.629067
-38.72779,56,338.63881
-45.320172,52,338.6479
-81.599868,120,338.668209
-124.264867,154,338.977
-73.266449,86,338.991843
-82.743449,99,339.009512
-74.721816,75,339.022206
-55.025011,88,339.03688
-44.507736,69,339.048605
-31.483861,48,339.056971
-40.130098,48,339.065315
-54.037002,105,339.082921
-101.195306,132,339.105217
-104.587235,107,339.124211
-31.603625,45,339.131895
-48.184508,72,339.144043
-101.25706,91,339.159103
-55.777408,107,339.176834
-28.012428,35,339.182881
-103.560069,121,339.203498
-32.384878,48,339.211632
-57.234797,62,339.223107
-86.347734,121,339.243315
-27.751657,65,339.254683
-55.390404,104,339.272089
-51.40262,64,339.282852
-33.274409,53,339.291687
-29.946233,61,339.30199
-56.951992,146,339.32745
-73.087755,81,339.341152
-51.027489,113,339.360201
-49.691864,56,339.369732
-63.276495,99,339.386592
-42.314502,71,339.398594
-63.732268,163,339.426562
-83.457143,93,339.442831
-66.663257,63,339.453401
-68.143543,74,339.465655
-25.621428,37,339.471778
-69.714619,102,339.488531
-50.113697,62,339.498933
-70.123691,86,339.513646
-116.750902,178,339.549408
-60.552895,107,339.56789
-31.053503,53,339.577376
-57.723447,77,339.591954
-66.512971,101,339.609615
-35.382224,79,339.623391
-101.493192,149,339.650116
-35.337788,46,339.658174
-30.206127,56,339.667735
-56.489272,70,339.679474
-83.739548,73,339.96204
-39.525747,60,339.972744
-38.009537,55,339.982644
-24.189239,33,339.988357
-37.380175,52,339.997291
-59.150852,111,340.016
-95.321251,103,340.033729
-30.697179,56,340.04325
-28.028235,61,340.053513
-85.327595,133,340.077444
-44.806311,68,340.08933
-32.420275,33,340.095063
-47.653658,60,340.105273
-92.651404,90,340.12048
-28.878618,37,340.126856
-90.207484,81,340.140552
-28.033292,55,340.149847
-55.079459,76,340.16353
-55.605375,78,340.177049
-67.158153,102,340.194527
-73.563803,141,340.217959
-30.172663,48,340.22592
-53.237944,74,340.238308
-57.113951,96,340.254321
-60.77663,54,340.263371
-124.566814,124,340.28492
-29.840007,61,340.295035
-89.562017,70,340.306905
-63.312143,93,340.322169
-59.208071,64,340.332706
-51.548429,102,340.349405
-61.50125,76,340.361821
-102.078588,153,340.388527
-35.820322,44,340.395944
-108.437165,92,340.41161
-169.60767,181,340.442248
-45.054327,81,340.455787
-50.952092,77,340.468758
-61.115302,84,340.483623
-77.831088,120,340.503648
-68.76423,104,340.521106
-40.446666,72,340.533229
-42.511965,60,340.543345
-98.103691,138,340.566836
-87.649886,130,340.591313
-116.869793,130,340.614491
-93.291641,87,340.629261
-41.889285,60,340.639418
-107.577823,137,340.93168
-70.153185,110,340.949998
-35.731573,43,340.95716
-50.851964,82,340.97155
-25.953163,63,340.982807
-38.847327,76,340.996065
-73.930905,92,341.012986
-25.098752,30,341.01866
-64.984879,98,341.035566
-51.243567,62,341.046823
-64.772395,93,341.062874
-120.730456,133,341.087041
-40.400352,61,341.098825
-52.703258,54,341.110421
-70.837042,96,341.128567
-45.059792,101,341.147284
-46.457716,60,341.157431
-78.221139,60,341.167633
-39.220924,91,341.183292
-103.327848,87,341.198223
-67.054027,98,341.215007
-60.831271,72,341.228306
-41.328268,70,341.240494
-83.332548,118,341.260418
-124.819624,114,341.279699
-54.839466,83,341.293409
-122.243651,128,341.315049
-80.408396,93,341.331755
-48.313526,85,341.347144
-145.51295,112,341.474172
-86.173852,123,341.514819
-26.007505,32,341.5208
-84.552559,74,341.533868
-116.835548,160,341.56562
-91.702068,75,341.579376
-53.560077,48,341.588378
-56.195783,55,341.598609
-67.484476,107,341.618618
-28.005664,49,341.627299
-50.903009,46,341.635426
-49.748385,55,341.644802
-53.805182,62,341.65612
-71.087095,132,341.68075
-91.232943,133,341.702623
-33.940071,38,341.708975
-94.103853,136,341.73225
-68.970517,75,341.744942
-63.991271,47,341.752863
-48.808432,50,341.761184
-58.15564,81,342.049291
-27.009855,32,342.055048
-67.140668,75,342.067971
-48.414329,110,342.088245
-33.091987,69,342.100775
-55.686766,75,342.113381
-54.889192,69,342.124911
-46.019625,65,342.136155
-84.1729,100,342.153249
-56.845296,79,342.166709
-66.503481,112,342.186371
-30.52206,60,342.19703
-101.639606,106,342.215096
-84.965339,128,342.236854
-53.66824,100,342.253622
-158.973051,136,342.276636
-57.956511,80,342.290981
-39.756822,94,342.307214
-72.858761,74,342.320003
-60.653228,72,342.332214
-80.284006,56,342.341824
-69.939496,114,342.360985
-76.888379,97,342.377248
-55.574495,38,342.3837
-119.726573,173,342.413876
-80.207091,96,342.430202
-25.465805,37,342.436444
-68.484312,79,342.449972
-47.359255,82,342.463526
-42.288079,62,342.47395
-137.839256,85,342.488338
-72.338198,96,342.505407
-35.476093,61,342.515882
-74.202941,53,342.524784
-38.736133,81,342.538376
-85.553544,102,342.556156
-21.422783,35,342.562307
-32.958387,44,342.570101
-92.024126,117,342.591191
-31.169698,46,342.599476
-108.345863,110,342.620134
-58.118839,55,342.629654
-55.591796,72,342.641841
-38.091446,72,342.654147
-30.060294,84,342.668496
-37.732326,38,342.675005
-45.748847,91,342.690843
-62.128369,105,342.709469
-61.837784,92,342.72558
-28.181965,53,342.734722
-48.805942,46,342.742356
-56.997975,52,342.751184
-37.266548,78,343.042514
-50.194855,62,343.053343
-70.904094,101,343.070427
-66.888839,110,343.088845
-47.248223,68,343.100238
-52.011498,63,343.110781
-27.544549,47,343.118638
-38.414915,60,343.128663
-56.212511,79,343.14374
-76.891191,117,343.1635
-40.566615,50,343.171877
-140.65283,152,343.197228
-32.804382,43,343.204501
-96.043018,148,343.229169
-83.635419,99,343.246851
-48.500206,53,343.255783
-65.251613,103,343.273051
-46.575504,64,343.283895
-87.867845,124,343.304663
-70.040173,107,343.322775
-51.803559,69,343.334976
-91.18099,120,343.3569
-98.888291,152,343.382899
-55.902686,82,343.396525
-46.151388,50,343.404811
-65.241066,81,343.418431
-113.113859,123,343.438723
-89.003111,118,343.459612
-41.983483,90,343.475039
-48.474474,78,343.488471
-77.791052,78,343.501497
-41.998624,89,343.516125
-35.211524,65,343.526824
-69.615867,125,343.548353
-48.73852,45,343.557323
-46.777264,121,343.579359
-85.448821,81,343.59459
-67.535304,99,343.611589
-34.114346,38,343.618162
-42.868341,51,343.62664
-49.039516,101,343.644326
-101.82333,93,343.660803
-26.487314,48,343.669296
-92.873684,104,343.686782
-62.179327,125,343.707727
-25.905138,25,343.711995
-149.648141,91,343.727524
-61.362254,68,344.006101
-65.525753,60,344.016726
-69.856877,109,344.035233
-33.027768,49,344.043343
-56.682929,66,344.054316
-38.704879,53,344.063226
-68.198499,111,344.082794
-36.529759,28,344.087742
-72.109586,75,344.100646
-26.669102,43,344.107893
-38.812972,97,344.124574
-53.60769,98,344.141378
-65.811791,98,344.158048
-82.070795,131,344.180014
-48.883871,63,344.191618
-66.674606,82,344.205632
-22.225283,50,344.213937
-26.839097,43,344.221058
-35.451984,68,344.23245
-52.701606,53,344.241301
-49.771326,66,344.252385
-63.001445,59,344.262177
-78.55416,109,344.28047
-74.576542,95,344.297532
-46.664045,81,344.311588
-84.016179,115,344.331523
-91.636385,98,344.347805
-44.361758,46,344.35571
-35.664906,63,344.366391
-74.649167,79,344.379499
-80.089088,135,344.402642
-92.114529,82,344.416532
-122.718106,120,344.43703
-61.712714,85,344.451788
-47.689727,51,344.460527
-101.486663,113,344.479721
-56.413009,40,344.486548
-39.223649,73,344.49885
-47.024832,57,344.509385
-32.621177,113,344.528421
-71.007618,148,344.553294
-62.742425,121,344.574502
-80.902913,90,344.591431
-28.30862,54,344.600954
-82.013962,99,344.619229
-35.788529,41,344.626269
-39.12547,88,344.641506
-39.274271,82,344.655898
-147.106633,174,344.685268
-54.496062,83,344.699085
-48.019323,65,344.975631
-23.120651,35,344.981927
-52.518508,64,344.992915
-56.886061,54,345.002135
-29.717369,45,345.009865
-80.530017,101,345.027451
-83.475998,86,345.042968
-42.635258,56,345.052686
-114.618621,143,345.076704
-35.412162,51,345.085379
-45.970215,84,345.099448
-45.264311,73,345.111639
-43.319489,43,345.118918
-79.962729,70,345.130831
-82.645585,123,345.152885
-54.324383,66,345.164586
-54.180354,63,345.175094
-49.58774,63,345.185816
-61.113592,98,345.202479
-75.691118,78,345.215791
-33.034187,76,345.228707
-41.13182,58,345.238614
-40.633376,55,345.249183
-48.231807,52,345.258212
-47.628336,48,345.267126
-58.967396,83,345.281249
-141.032086,111,345.299818
-28.164091,47,345.307782
-149.514379,168,345.335556
-53.540227,96,345.352332
-61.86631,54,345.361549
-43.519912,54,345.370622
-87.939666,142,345.394572
-41.375257,95,345.410327
-87.94873,115,345.429286
-113.65372,140,345.452555
-52.239189,92,345.469368
-92.123502,96,345.485612
-46.676162,42,345.492585
-45.484535,51,345.501237
-32.774364,53,345.510136
-34.163364,88,345.524719
-52.521863,96,345.540688
-67.031343,74,345.553684
-35.455117,59,345.565955
-93.248537,66,345.579403
-47.262395,75,345.593824
-109.039778,70,345.605908
-60.10681,62,345.616495
-51.563125,78,345.630021
-36.97147,91,345.645526
-65.436883,64,345.656668
-29.811202,45,345.66461
-39.672541,32,345.671052
-21.498396,34,345.677147
-57.188239,89,345.954815
-57.217268,111,345.973088
-32.213879,56,345.982319
-47.071164,41,345.990306
-118.783591,127,346.012397
-28.323636,39,346.019163
-95.805491,111,346.038063
-44.485139,67,346.049639
-60.738178,107,346.067741
-119.234466,75,346.080428
-111.191168,113,346.101034
-115.062779,107,346.119446
-81.815662,142,346.143551
-55.21389,59,346.153563
-36.432675,82,346.167246
-133.993008,109,346.185645
-96.25491,84,346.200782
-31.07692,39,346.207874
-63.437215,140,346.231161
-64.061381,87,346.245852
-39.694942,49,346.253984
-71.102213,118,346.273313
-92.474979,66,346.284167
-48.562481,76,346.296718
-31.135325,44,346.304965
-110.496025,97,346.32139
-106.5955,133,346.343487
-29.663602,35,346.34989
-26.533403,57,346.359721
-73.055916,105,346.377897
-99.621747,112,346.397132
-52.81876,70,346.410261
-51.724301,59,346.420985
-29.978673,31,346.426295
-71.807335,60,346.436725
-106.520833,109,346.455444
-37.385832,55,346.46479
-32.167709,56,346.474212
-80.932423,113,346.493124
-80.83231,78,346.506249
-46.21396,51,346.515668
-68.890709,74,346.529834
-111.89538,107,346.550007
-74.237115,92,346.566556
-50.433835,62,346.577397
-36.549651,50,346.58681
-67.833032,73,346.599554
-78.445162,120,346.621039
-70.715406,114,346.640967
-72.721331,123,346.970835
-64.285698,80,346.984435
-70.338903,67,346.996098
-37.513092,86,347.010746
-46.604844,69,347.02244
-35.864432,36,347.028616
-30.383646,55,347.039306
-68.839229,93,347.055676
-98.670577,105,347.073958
-88.933923,112,347.093251
-62.315422,85,347.107664
-50.902872,109,347.126169
-39.815259,108,347.1453
-38.830012,54,347.154673
-25.030419,36,347.160591
-47.683636,83,347.174354
-61.282791,82,347.188177
-30.880883,42,347.195262
-39.887671,40,347.201997
-43.547653,87,347.216514
-48.506811,66,347.227405
-69.744867,81,347.240658
-88.502296,94,347.257305
-26.037907,45,347.265369
-72.646797,69,347.276946
-40.333096,42,347.284171
-74.027793,56,347.293702
-91.599585,92,347.309326
-48.221927,36,347.315481
-54.181678,60,347.325514
-65.894248,101,347.342298
-28.415359,41,347.3492
-77.725321,84,347.364258
-30.684475,89,347.379373
-122.21572,94,347.394865
-30.132715,57,347.40426
-33.701647,33,347.409714
-79.370183,92,347.424777
-27.581504,38,347.43103
-30.191961,90,347.445773
-33.140778,38,347.451982
-53.354439,99,347.469484
-51.728661,106,347.487346
-48.25461,55,347.496648
-57.804216,111,347.515298
-22.339448,38,347.522161
-29.770918,32,347.52778
-61.209383,70,347.539886
-39.732958,71,347.552152
-122.092216,150,347.580054
-36.582042,49,347.589194
-93.52975,65,347.600514
-53.283418,133,347.622987
-38.785181,67,347.634626
-50.146328,96,347.6511
-63.205406,95,347.948914
-56.172804,66,347.960607
-78.05774,123,347.981697
-37.983973,66,347.994044
-74.614606,102,348.011674
-32.51928,87,348.026781
-134.444755,150,348.052492
-68.21099,92,348.068303
-83.460154,93,348.083945
-85.032502,99,348.101249
-59.185995,117,348.121743
-83.286773,103,348.139297
-53.13916,114,348.158516
-30.968639,39,348.165074
-46.800694,54,348.174071
-68.739289,85,348.188165
-70.498533,108,348.207052
-33.823648,83,348.221212
-38.611594,48,348.229282
-62.416407,68,348.240627
-39.221689,47,348.248707
-58.472213,93,348.264508
-41.034855,60,348.274581
-68.116063,106,348.292593
-45.254236,79,348.306126
-41.027556,61,348.317407
-69.747229,80,348.331082
-25.506732,27,348.335737
-43.13996,48,348.343912
-85.524507,107,348.36207
-101.522399,111,348.380751
-77.660115,134,348.403098
-84.900711,115,348.423211
-109.596007,127,348.444329
-103.575737,120,348.464833
-41.861312,46,348.472751
-88.424695,94,348.488341
-42.441091,76,348.501327
-59.943375,79,348.514858
-47.89594,39,348.522258
-85.752513,69,348.53411
-76.734307,70,348.546256
-41.913676,96,348.562653
-62.298164,92,348.579073
-76.315193,128,348.601755
-89.194954,60,348.611861
-55.628967,53,348.621362
-86.027256,117,348.642663
-61.947277,53,348.920104
-25.15206,43,348.927668
-34.130652,88,348.943722
-67.940484,92,348.959791
-100.599366,119,348.982413
-122.060402,122,349.002593
-83.068128,95,349.018704
-35.334517,51,349.027337
-50.21234,66,349.03822
-85.306083,90,349.054019
-31.421803,45,349.061726
-30.225294,38,349.068579
-35.868118,55,349.077893
-73.207236,111,349.096266
-105.446159,106,349.113801
-52.488023,72,349.125835
-56.860179,82,349.139468
-81.528511,100,349.156995
-36.577922,60,349.167775
-66.038672,90,349.1854
-34.729601,41,349.192692
-81.922719,107,349.211154
-28.628232,36,349.217317
-71.830301,74,349.230021
-68.398051,88,349.244573
-46.777815,90,349.260386
-35.684864,76,349.273403
-118.388065,110,349.292032
-83.682047,119,349.311745
-73.497436,123,349.332102
-101.876387,147,349.356638
-91.715242,118,349.377382
-109.420549,122,349.397857
-68.453568,73,349.409883
-38.546529,68,349.421017
-27.019909,59,349.430654
-144.095009,128,349.4515
-119.217291,93,349.46707
-103.285051,82,349.481891
-73.870927,55,349.491318
-98.697287,134,349.513349
-82.762556,56,349.522734
-54.489338,57,349.532507
-86.390376,127,349.554176
-49.072119,58,349.56464
-40.892845,76,349.579149
-34.509469,63,349.591325
-63.066753,103,349.60946
-86.539956,97,349.892463
-75.748653,55,349.903331
-66.717689,78,349.91663
-68.43357,67,349.927973
-47.894822,67,349.939708
-66.667604,42,349.946981
-89.839041,83,349.960917
-72.399083,88,349.975644
-44.752687,83,349.98952
-66.240409,103,350.008141
-78.836857,71,350.020506
-30.265022,44,350.028162
-44.005093,86,350.043011
-100.887007,86,350.057592
-42.62484,64,350.068555
-24.553071,52,350.077214
-33.547144,77,350.090007
-64.941471,81,350.103501
-40.010584,37,350.110824
-116.038547,76,350.124896
-50.970251,72,350.137078
-23.744643,31,350.142228
-58.893498,48,350.150466
-68.537167,93,350.166438
-95.75,90,350.181537
-52.548671,111,350.200136
-65.509982,54,350.20934
-73.994671,66,350.221708
-56.826421,59,350.231682
-66.004669,98,350.247724
-56.404018,87,350.26213
-54.485085,107,350.279589
-46.803808,76,350.292049
-30.698836,98,350.308558
-78.378011,83,350.32379
-28.944268,60,350.334371
-28.84739,38,350.340853
-87.930462,99,350.357321
-86.376419,109,350.37588
-77.160208,92,350.391313
-65.028357,81,350.404659
-105.054745,91,350.42066
-32.402616,66,350.432207
-33.152048,84,350.446378
-83.262296,109,350.464704
-80.297604,109,350.483141
-55.292714,138,350.506341
-29.984763,32,350.511774
-73.594958,112,350.531661
-54.618419,67,350.542954
-31.105836,32,350.548711
-46.159615,84,350.563357
-53.29799,87,350.577996
-45.596559,45,350.58708
-73.111688,47,350.865092
-57.716027,49,350.873678
-49.720181,71,350.885949
-85.43442,83,350.899984
-41.712901,55,350.909393
-95.902318,130,350.930504
-91.696519,114,350.950441
-28.561098,55,350.960003
-28.027987,32,350.965582
-86.111656,115,350.984636
-45.09862,58,350.994194
-89.016732,128,351.015933
-49.806041,88,351.030751
-58.063988,121,351.050995
-66.014682,102,351.069265
-38.006192,66,351.080402
-39.490753,75,351.092973
-63.548928,112,351.111834
-85.539828,115,351.131755
-35.080155,51,351.140461
-49.197673,70,351.152332
-70.545794,117,351.173347
-47.271287,66,351.185109
-48.774129,67,351.197073
-84.055285,96,351.213683
-36.244265,70,351.225694
-56.349462,65,351.236759
-62.105511,66,351.247837
-48.196527,85,351.262023
-43.807351,81,351.276748
-78.580989,85,351.29107
-70.186023,91,351.306451
-134.74819,114,351.325392
-112.297281,68,351.336537
-49.13804,60,351.346515
-53.083741,107,351.364853
-56.418129,83,351.379969
-34.855554,64,351.390945
-50.413469,77,351.404062
-29.007636,31,351.409404
-145.15593,127,351.430365
-46.082996,71,351.44205
-59.579626,60,351.452
-60.084218,61,351.46208
-58.643111,81,351.47636
-53.755175,113,351.495767
-31.12438,68,351.507451
-70.385407,109,351.525926
-56.046483,64,351.536803
-58.080114,93,351.553711
-51.22038,73,351.862389
-63.263598,83,351.877443
-80.51394,78,351.890989
-138.552356,145,351.91689
-57.986624,75,351.929813
-74.985516,88,351.944974
-93.472451,128,351.967474
-108.191326,97,351.983859
-145.296605,181,352.015845
-39.789743,43,352.023221
-69.562712,116,352.042582
-77.241291,78,352.055632
-101.03774,136,352.078783
-69.810615,120,352.099169
-40.428874,64,352.111228
-101.958811,146,352.136017
-125.233437,158,352.162566
-119.869965,141,352.186605
-33.925412,94,352.202634
-88.601343,107,352.221827
-27.403062,74,352.234522
-98.295615,116,352.253972
-67.592953,96,352.270335
-29.448817,47,352.278393
-30.133008,34,352.284199
-40.199814,50,352.292908
-25.858261,44,352.300624
-110.451624,121,352.322598
-78.156941,88,352.337889
-56.773522,79,352.351652
-31.503725,57,352.361496
-120.843364,105,352.379308
-76.668887,82,352.393318
-39.226936,71,352.405557
-68.522602,94,352.422508
-20.681206,43,352.430278
-81.634013,86,352.444994
-65.246778,91,352.460461
-30.62459,50,352.468906
-33.020049,47,352.476712
-114.303981,142,352.500812
-81.294879,68,352.512235
-52.829876,67,352.523634
-48.6982,77,352.53765
-28.305569,60,352.54833
-64.456326,71,352.560439
-83.693988,115,352.859424
-73.602746,103,352.877322
-163.371139,159,352.904352
-71.900084,92,352.919817
-44.981121,72,352.932099
-59.927098,70,352.944257
-71.724957,108,352.963965
-55.159127,91,352.979227
-82.171026,93,352.994841
-100.147771,89,353.009912
-60.321145,103,353.027502
-32.556262,63,353.038103
-30.927261,43,353.045329
-36.579115,48,353.054224
-100.795044,115,353.074074
-50.708173,74,353.0866
-58.857781,90,353.101535
-71.077319,94,353.117213
-68.729011,102,353.134218
-95.231589,113,353.153093
-114.201204,113,353.173149
-27.08331,36,353.179359
-35.299285,68,353.190873
-46.254572,73,353.203288
-76.590359,94,353.219241
-50.397775,86,353.233625
-46.832504,62,353.244023
-84.710038,127,353.266176
-66.171366,135,353.289106
-69.862262,83,353.303253
-52.608224,83,353.31727
-128.869179,100,353.33378
-59.376295,92,353.349117
-47.679628,51,353.357938
-71.851244,58,353.368525
-79.907549,83,353.382731
-70.880439,103,353.400073
-88.374858,108,353.418545
-78.381628,83,353.433179
-39.939205,82,353.447573
-64.302234,54,353.457007
-89.587411,73,353.469492
-90.59168,94,353.486841
-102.394001,89,353.501958
-57.036366,97,353.51837
-28.866324,81,353.531979
-29.456443,51,353.540553
-51.589427,79,353.83068
-43.603012,44,353.838493
-56.119085,71,353.850505
-49.008923,79,353.864051
-108.958087,120,353.884061
-26.350013,46,353.891733
-111.168746,138,353.916314
-57.28936,109,353.934966
-45.755953,77,353.947832
-59.108524,113,353.966949
-78.035248,113,353.986217
-98.47493,141,354.011212
-32.53827,54,354.020564
-31.960686,56,354.030069
-41.739703,69,354.041724
-33.998614,58,354.051474
-44.682215,71,354.06355
-65.533186,91,354.079097
-30.225065,110,354.097571
-63.100421,86,354.112876
-42.392626,62,354.123569
-32.384229,95,354.139629
-69.629272,52,354.148481
-115.992052,168,354.176242
-40.57628,39,354.182913
-50.624614,81,354.196511
-51.564257,55,354.205726
-49.542615,97,354.222881
-88.143891,79,354.236402
-55.366771,57,354.245949
-88.987839,90,354.260773
-41.297869,76,354.273328
-83.834066,112,354.29186
-75.924484,147,354.316409
-76.977417,70,354.329165
-39.623099,73,354.341591
-24.673628,28,354.346456
-72.755586,56,354.355715
-71.055229,60,354.365675
-55.047365,79,354.378814
-76.964218,108,354.397006
-54.815813,72,354.409216
-61.921104,51,354.417844
-93.481459,95,354.434639
-91.762424,75,354.447267
-76.452301,103,354.464625
-36.074992,57,354.474084
-53.818307,76,354.486624
-47.13088,66,354.497493
-35.537791,76,354.510077
-79.698906,105,354.818704
-116.540653,103,354.836582
-45.85397,70,354.849289
-38.397882,66,354.861021
-38.842971,66,354.87257
-32.294782,75,354.885469
-44.033907,107,354.903632
-63.251389,109,354.922193
-74.748722,135,354.945157
-57.087479,64,354.956898
-27.195987,73,354.969441
-100.653664,119,354.989634
-51.726537,101,355.00686
-54.414531,90,355.022136
-43.504489,77,355.035225
-58.385922,73,355.047606
-68.502061,72,355.060495
-102.874281,92,355.076261
-78.727335,85,355.090667
-28.666074,74,355.103145
-54.750199,55,355.112361
-33.328462,56,355.121713
-54.933921,120,355.141558
-92.209188,87,355.156254
-35.677313,41,355.163134
-25.066319,68,355.175807
-36.856191,47,355.183867
-43.067835,72,355.195966
-100.350067,89,355.210802
-40.568085,70,355.222463
-73.043968,78,355.235624
-97.399862,133,355.257791
-40.281521,44,355.265152
-63.346711,70,355.277779
-63.533888,111,355.296841
-35.001897,41,355.303833
-31.082626,48,355.312149
-71.705988,117,355.331779
-89.165395,87,355.346291
-69.599393,93,355.36205
-97.212085,101,355.379747
-52.906882,61,355.390313
-80.362464,75,355.403179
-85.839825,99,355.419926
-62.231004,79,355.433416
-33.704228,77,355.44649
-27.905138,31,355.451841
-135.83948,162,355.480137
-91.554133,83,355.494583
-102.871708,128,355.808019
-27.349737,33,355.814204
-121.105899,139,355.837669
-84.758913,144,355.861491
-37.072106,57,355.87109
-44.091773,44,355.878518
-38.554299,88,355.894016
-76.429052,67,355.906599
-100.298185,88,355.921537
-86.161477,101,355.938741
-40.633079,75,355.951639
-71.175089,122,355.972068
-47.781835,58,355.981971
-25.684116,48,355.990212
-35.079695,58,356.00009
-64.971093,88,356.016048
-56.561146,104,356.033823
-102.241396,104,356.05152
-116.8653,202,356.085458
-90.255212,99,356.10191
-60.425558,56,356.111323
-69.865366,76,356.124958
-74.092801,96,356.141142
-46.151499,61,356.151479
-29.16029,39,356.158046
-61.936742,87,356.172618
-33.463449,37,356.178727
-52.816401,86,356.19277
-38.56131,36,356.19867
-32.31195,30,356.20354
-63.959437,55,356.212537
-52.175526,88,356.228347
-107.481073,127,356.250089
-53.386345,67,356.261438
-60.834159,98,356.277702
-74.400626,123,356.316707
-63.866642,60,356.327995
-21.437074,35,356.334384
-46.964116,75,356.347401
-101.1995,78,356.36048
-25.48722,35,356.36645
-63.639469,123,356.386798
-32.30279,45,356.394299
-62.216138,52,356.403231
-67.600627,107,356.420989
-60.75455,68,356.433189
-59.461234,121,356.453543
-115.106323,94,356.469069
-56.808164,83,356.482958
-80.523934,65,356.494002
-25.846768,44,356.501553
-47.862346,78,356.514625
-36.813759,48,356.823047
-57.0775,95,356.839289
-106.41108,104,356.858138
-29.940635,40,356.865583
-44.170613,93,356.881816
-44.849941,87,356.896761
-58.590612,76,356.909542
-41.9111,51,356.918206
-25.565174,25,356.922446
-41.747545,67,356.934142
-44.118152,77,356.947715
-64.83041,65,356.960118
-28.496471,43,356.967973
-98.335587,141,356.992822
-60.784299,104,357.01078
-37.464037,47,357.019439
-40.493952,64,357.030451
-68.33462,72,357.042468
-89.141454,84,357.056871
-43.976381,47,357.066069
-101.152204,69,357.07883
-36.426164,32,357.08453
-96.731818,85,357.099143
-88.756394,87,357.114691
-73.753852,121,357.136992
-151.07956,129,357.159984
-75.912351,97,357.177515
-91.605307,89,357.192791
-149.309894,165,357.220119
-91.108916,90,357.235348
-89.620757,126,357.256421
-55.74482,53,357.265222
-58.586656,87,357.280624
-94.103926,116,357.300353
-30.399498,80,357.313901
-46.962956,77,357.326741
-101.183074,165,357.354087
-75.358354,115,357.373148
-27.816787,39,357.380524
-86.49941,131,357.402647
-67.62033,82,357.416673
-45.357762,51,357.425479
-48.924525,58,357.435299
-45.262966,54,357.444421
-58.085978,69,357.456089
-70.073676,68,357.467538
-68.381841,80,357.480969
-32.801484,50,357.490155
-51.453132,57,357.500099
-83.6498,96,357.516135
-111.558014,105,357.837524
-86.286924,86,357.852464
-69.750216,115,357.872174
-53.925638,79,357.885881
-68.685958,67,357.897531
-86.102368,94,357.914801
-73.410145,88,357.930592
-45.86262,79,357.943972
-28.648653,66,357.955201
-38.904937,50,357.963823
-44.803027,61,357.974435
-69.115421,98,357.990688
-29.595064,71,358.002456
-60.116247,79,358.016511
-54.011064,107,358.034981
-65.992626,63,358.045737
-54.451156,83,358.059785
-39.176709,47,358.067822
-33.134298,55,358.077402
-108.358341,125,358.098311
-81.802046,117,358.11803
-29.87008,40,358.126218
-74.679516,103,358.143991
-92.938458,109,358.162183
-124.829413,102,358.179259
-72.128568,87,358.193696
-30.465162,44,358.201015
-38.696549,64,358.211549
-29.643049,58,358.221516
-58.294426,118,358.242569
-34.949965,89,358.257832
-58.228051,59,358.267881
-37.240194,31,358.27308
-93.051527,122,358.293298
-149.993113,114,358.312516
-36.178145,43,358.319771
-52.703533,47,358.327615
-118.164066,193,358.360703
-95.633518,97,358.377074
-33.997542,63,358.38764
-54.303687,82,358.401272
-65.057361,48,358.409248
-37.966539,75,358.421627
-90.345468,97,358.438613
-47.040045,85,358.45307
-74.44992,81,358.466372
-19.410493,30,358.471334
-80.690052,103,358.488453
-69.670892,106,358.506414
-59.748471,117,358.525975
-62.016455,141,358.8267
-128.293744,144,358.851384
-39.71492,36,358.857563
-72.636959,123,358.879933
-115.477462,135,358.902719
-37.827855,53,358.911666
-59.896868,66,358.922781
-90.938784,124,358.943885
-52.643168,51,358.952616
-40.500068,51,358.961344
-30.10215,49,358.970835
-77.726066,66,358.982233
-28.985892,55,358.99144
-60.803022,106,359.009005
-32.631625,47,359.017119
-114.049824,122,359.038227
-57.655401,79,359.051967
-47.886762,80,359.0657
-100.395198,116,359.08671
-73.472344,116,359.106417
-34.777553,48,359.114729
-80.951763,153,359.140465
-55.253108,66,359.151427
-34.01195,36,359.157461
-107.851657,127,359.179908
-67.338951,77,359.193366
-30.865864,56,359.202987
-80.123625,128,359.224
-56.522297,76,359.236529
-32.296899,94,359.252193
-50.596322,50,359.260534
-91.326626,100,359.277173
-81.12132,96,359.294357
-54.634958,57,359.304323
-56.212526,89,359.319272
-49.863633,102,359.336341
-39.255382,59,359.346202
-54.904759,90,359.360898
-166.086342,180,359.391388
-111.758304,147,359.416379
-92.575373,97,359.432764
-57.254172,60,359.44278
-99.690609,93,359.458245
-44.468263,67,359.469495
-53.73669,87,359.483991
-79.879491,150,359.788524
-36.840311,46,359.79659
-37.226838,49,359.805052
-66.78123,90,359.821783
-68.83684,94,359.838106
-30.469026,56,359.84756
-60.154944,72,359.859592
-82.293026,97,359.876183
-104.622891,105,359.894105
-65.430572,116,359.914458
-87.731547,125,359.936257
-106.495836,114,359.955359
-40.081998,48,359.963418
-55.925661,102,359.980479
-61.375461,52,359.989307
-55.759665,85,360.003764
-36.060926,55,360.013171
-35.378228,62,360.024626
-61.105161,77,360.037954
-45.301805,111,360.056757
-108.673092,117,360.076547
-83.293227,78,360.089794
-75.925079,123,360.110415
-54.541821,81,360.125091
-37.654038,63,360.13629
-46.467587,97,360.154109
-53.326973,94,360.170445
-44.901557,74,360.183325
-111.251334,127,360.204795
-97.415812,177,360.23525
-37.004676,68,360.246985
-67.123036,110,360.265107
-65.608321,115,360.284235
-71.371859,62,360.294601
-91.356998,99,360.311393
-95.450819,156,360.338096
-56.034809,77,360.351335
-51.348334,53,360.360245
-88.004766,144,360.384379
-31.612732,55,360.393493
-45.207478,93,360.409155
-73.947515,109,360.427239
-76.730121,125,360.449292
-137.395416,126,360.470834
-50.213606,43,360.47812
-80.539666,77,360.768178
-71.735376,85,360.782693
-127.86609,136,360.805339
-74.10195,82,360.818905
-52.689828,112,360.837768
-98.72965,112,360.856729
-41.499953,99,360.874885
-31.743176,53,360.883978
-68.213532,91,360.899316
-41.304469,65,360.910409
-78.153344,101,360.927701
-65.057222,86,360.9424
-56.560658,76,360.955238
-46.575326,80,360.969687
-30.95645,76,360.983007
-47.176542,55,360.992539
-38.212338,80,361.006092
-50.48676,57,361.015675
-51.067386,55,361.024971
-125.743571,129,361.046556
-88.962326,133,361.069982
-72.861746,102,361.087787
-53.816132,80,361.101509
-84.00447,92,361.117077
-65.352437,119,361.137521
-38.053943,52,361.151075
-70.96286,108,361.178375
-44.562453,60,361.189003
-49.679345,49,361.197425
-86.959074,109,361.21564
-93.460431,134,361.237852
-49.885945,68,361.249525
-36.799429,59,361.259526
-72.469868,99,361.27646
-106.88545,89,361.2931
-51.150108,65,361.304437
-51.194263,45,361.312356
-40.449985,45,361.32018
-87.291889,116,361.339887
-71.54074,90,361.355036
-43.615969,60,361.36524
-77.360224,142,361.389834
-34.629617,43,361.397718
-119.937455,113,361.417003
-103.684791,77,361.429772
-33.624812,52,361.438297
-62.11742,88,361.453088
-64.398337,81,361.466755
-75.144841,73,361.757052
-41.69573,68,361.768377
-46.767958,103,361.785017
-91.630751,104,361.801869
-23.818975,30,361.808081
-46.222947,65,361.819208
-67.124144,77,361.832153
-83.651114,123,361.852672
-39.774458,88,361.867059
-52.8012,59,361.87669
-113.146989,108,361.895206
-60.569355,104,361.914004
-48.096644,74,361.926878
-107.523714,126,361.948636
-42.567589,83,361.962636
-103.344665,109,361.981408
-128.324563,124,362.002594
-51.902628,69,362.015353
-117.906521,74,362.028357
-39.01309,46,362.036199
-54.001861,78,362.049302
-40.027713,52,362.057965
-42.550635,61,362.068297
-58.771841,93,362.084427
-64.716071,53,362.093384
-28.144823,44,362.100737
-41.540163,69,362.112882
-63.121885,77,362.127413
-78.385977,87,362.142603
-70.334602,66,362.153769
-29.397869,54,362.162797
-80.709295,96,362.179301
-60.566118,98,362.195388
-111.742368,101,362.211706
-21.123845,45,362.219368
-40.320059,36,362.226309
-60.678715,54,362.235702
-30.564523,70,362.247492
-46.041767,50,362.256042
-66.339787,64,362.266652
-60.253199,58,362.276309
-113.232453,100,362.292941
-35.854303,50,362.301223
-47.742716,98,362.317698
-39.798633,61,362.327913
-56.725521,70,362.341311
-31.748385,48,362.349689
-56.783669,119,362.369439
-31.144195,44,362.377101
-46.011766,66,362.388412
-32.466066,98,362.405663
-34.242862,53,362.414909
-61.418736,95,362.430765
-134.434217,136,362.455015
-45.018187,53,362.746415
-51.76931,66,362.758878
-44.723374,79,362.772663
-38.130396,73,362.785226
-76.128666,126,362.806507
-58.532116,71,362.818573
-28.074271,42,362.825724
-48.875499,54,362.835049
-70.645642,74,362.8474
-90.592731,93,362.864141
-38.938635,51,362.872936
-43.079091,48,362.881115
-100.278958,110,362.899518
-25.929862,77,362.912491
-53.854468,90,362.927624
-81.928688,98,362.944238
-75.220502,63,362.954808
-43.816233,63,362.966243
-51.911527,74,362.979061
-118.734904,104,362.996332
-46.846781,82,363.009866
-41.372718,68,363.021259
-39.232858,51,363.029698
-104.085727,171,363.057797
-28.921819,37,363.064012
-94.51648,117,363.085164
-95.373737,128,363.106802
-38.728712,64,363.117507
-63.807865,93,363.132977
-71.264177,88,363.147881
-43.618038,110,363.166022
-29.450825,52,363.175493
-82.923931,83,363.189948
-66.942751,91,363.205551
-37.455013,79,363.21898
-43.12734,43,363.226238
-40.687823,66,363.237331
-90.342762,128,363.258693
-70.210145,103,363.275732
-41.935124,98,363.292936
-53.218815,79,363.30637
-81.67027,72,363.318412
-66.351027,108,363.336386
-47.111827,60,363.346333
-48.58078,83,363.360003
-36.473145,40,363.366828
-74.26119,109,363.385673
-83.223255,88,363.400547
-58.156367,113,363.419408
-91.644949,83,363.433165
-42.580077,95,363.743123
-33.427466,60,363.753814
-41.459194,61,363.764339
-87.24109,107,363.78186
-39.528381,72,363.793591
-112.929502,99,363.811527
-35.325556,52,363.820729
-52.400722,56,363.830319
-109.02622,100,363.847019
-33.198587,66,363.858091
-43.644335,59,363.867945
-52.638019,67,363.883219
-68.588269,82,363.89679
-112.669127,146,363.922412
-36.227734,40,363.929143
-42.995082,56,363.938337
-59.745311,113,363.957231
-26.93652,45,363.964892
-73.378621,83,363.97886
-63.807915,83,363.992682
-79.161213,111,364.010797
-25.31122,41,364.017691
-38.056476,58,364.028385
-44.255193,130,364.049818
-38.575206,51,364.058159
-71.320912,108,364.076731
-76.756137,119,364.096531
-82.736548,70,364.108212
-66.802019,62,364.118819
-41.127593,78,364.133092
-68.440752,105,364.150792
-93.601129,165,364.178232
-33.23009,68,364.189688
-37.981826,71,364.201557
-131.216231,125,364.222536
-85.120445,106,364.241301
-83.310141,122,364.262395
-70.377758,120,364.282798
-38.884376,47,364.290757
-106.559887,154,364.316257
-87.277865,95,364.332041
-78.026796,113,364.352093
-49.643292,96,364.368274
-78.99678,115,364.387628
-196.016824,150,364.413116
-31.921715,51,364.421867
