time,triggered,bits_used,q0_real,q0_target,q1_real,q1_target,q2_real,q2_target,q3_real,q3_target,q4_real,q4_target,q5_real,q5_target,q6_real,q6_target
0.0,1,896,0.0,0.0,0.0,0.0,0.0,0.0,0.0,0.0,0.0,0.0,0.0,0.0,0.0,0.0
0.004166666666666667,1,896,-3.479932281456557e-08,-1.821589401849405e-16,-2.1066521989981656e-07,0.0001019170744153826,5.188977436770354e-08,-1.3454697245345574e-16,-4.103488711094138e-07,8.385526276473769e-05,7.665383756683999e-08,-5.445736523118677e-16,-1.7475610407846952e-07,-0.00015214578397362304,-9.374428911779278e-08,-2.809944060909777e-16
0.008333333333333333,1,896,2.4525152318074313e-06,-7.286045487428889e-16,1.4069255024586064e-05,0.0004076508346953716,-1.9344994474666383e-05,-5.381648358825735e-16,-5.568995272299738e-05,0.00033540668289125863,-4.472899962850579e-05,-2.178201299354935e-15,-0.002555331347513985,-0.0006085570664974655,7.543359896983816e-05,-1.1239294774186369e-15
0.0125,1,896,4.6915291900160056e-05,-1.6392431950320759e-15,0.0004786961306518532,0.0009171488949341472,4.421411749515463e-06,-1.2107844324443939e-15,0.0017726398162575875,0.0007546111583387822,0.001055757637904422,-4.900603027442259e-15,0.013522044058569794,-0.0013691556438480018,-0.01220699654603066,-2.5286607813981745e-15
0.016666666666666666,1,896,-0.0003797283755774962,-2.9139188458083714e-15,-0.0017176371753185257,0.0016303239552619522,0.001880085879146806,-2.1522905122336506e-15,-0.011001106260814608,0.0013413968605784793,-0.09022887350940538,-8.71131236705249e-15,-0.1314812546372521,-0.0024338111913745175,0.404459670120636,-4.494947624552124e-15
0.020833333333333332,1,896,0.003588901761649047,-4.552413091961036e-15,0.007628651391796913,0.002547053816803619,-0.22881048207579197,-3.362521753030438e-15,0.1169592865096859,0.0020956632469010398,0.3264377931572613,-1.3609676372757788e-14,0.28518541202941455,-0.003802341285829783,-0.012206996546030666,-7.022453093752341e-15
0.025,1,896,-0.30836887004721353,-6.5544451859360205e-15,0.01817332400557985,0.0036671814026167323,0.1878561845908747,-4.84127078794196e-15,0.03115438051571738,0.0030172810776441577,-0.09022887350940537,-1.9594855735102734e-14,-0.1314812546372521,-0.005474511436627355,0.404459670120636,-1.011074411394837e-14
0.029166666666666667,1,896,0.10829779661945313,-8.919672089840438e-15,0.11680781690627096,0.004990514784605854,-0.22881048207579197,-6.5882842409336515e-15,0.38699760300759456,0.004106092438337004,0.3264377931572613,-2.666582492441516e-14,0.28518541202941455,-0.007450035126020192,-0.012206996546030666,-1.375929152237235e-14
0.03333333333333333,1,896,-0.08807870160083382,-1.1647688534220897e-14,0.17820958069193293,0.006516827216408727,0.1878561845908747,-8.603262770244268e-15,0.3301104441658532,0.0053619107667583115,-0.09022887350940537,-3.482137236652704e-14,-0.1314812546372521,-0.009728573858194449,0.404459670120636,-1.7967470159209198e-14
0.0375,1,896,-0.17150294605408226,-1.4738027087502948e-14,0.34279488997600244,0.008245857172247321,-0.22881048207579197,-1.0885861119675526e-14,0.7455886177019814,0.006784520884902211,0.3264377931572613,-4.406010065036732e-14,0.28518541202941455,-0.012309737217267839,-0.012206996546030666,-2.2734558974712374e-14
0.041666666666666664,1,896,-0.0720529682818063,-1.819015823608502e-14,0.37551717935640244,0.010177308391740011,-0.3833835296174804,-1.3435688177751416e-14,0.6967217512418037,0.008373679035848774,-0.09022887350940537,-5.438042676740696e-14,-0.1314812546372521,-0.015193082934187009,0.404459670120636,-2.8059741152755037e-14
0.04583333333333333,1,896,-0.20822761037696935,-2.20034904750661e-14,0.4102859240767834,0.012310849930663293,-0.6207113283563414,-1.625230704473184e-14,0.960540768032276,0.010129112925529692,0.3264377931572613,-6.578058238289401e-14,0.28518541202941455,-0.018378116962506595,-0.012206996546030666,-3.394210425078459e-14
0.05,1,896,-0.14700064510372673,-2.6177370409598388e-14,0.4200152020212919,0.014646116217658123,-0.8775081163965975,-1.933523510747413e-14,0.9045815965769968,0.01205052176938509,-0.09022887350940537,-7.825861413885269e-14,-0.1314812546372521,-0.021864293563042664,0.404459670120636,-4.038064035616708e-14
0.05416666666666667,1,896,-0.24724551684921145,-3.0711082866842295e-14,0.40867878263716456,0.017182707116868208,-1.1550040524635328,-2.268394412212569e-14,1.1848882697868333,0.014137576343901012,0.3264377931572613,-9.181238398877873e-14,0.28518541202941455,-0.025651015397381603,-0.012206996546030666,-4.7374246258886526e-14
0.058333333333333334,1,896,-0.1797149853599811,-3.560385101850772e-14,0.417846310899181,0.01992018799650128,-1.4798440866860636,-2.6297860304635942e-14,1.1626324238636463,0.016389919043020226,-0.09022887350940537,-1.0643956956398281e-13,-0.1314812546372521,-0.029737633630231054,0.404459670120636,-5.4921723640574423e-14
0.0625,1,896,-0.20648389237503562,-4.0854836513960125e-14,0.4102911215313386,0.022858089803301323,-1.7553976303343966,-3.017636442907166e-14,1.4653009650435513,0.018807163939416425,0.3264377931572613,-1.2213766457151825e-13,0.28518541202941455,-0.034123448040594966,-0.012206996546030666,-6.302177927983627e-14
0.06666666666666667,1,896,-0.16251293135434908,-4.646313962386663e-14,0.47628319270064257,0.025995909142917883,-2.057977341965675,-3.431879193371742e-14,1.4418295192089283,0.021388896850620443,-0.09022887350940537,-1.3890397922361833e-13,-0.1314812546372521,-0.03880770714175203,0.404459670120636,-7.167302527383686e-14
0.07083333333333333,1,896,-0.16861888256185356,-5.242779939436155e-14,0.552204746150503,0.029333108366160984,-2.2828316389740557,-3.872443303494602e-14,1.6596992135620765,0.024134675409989016,0.3264377931572613,-1.567356406985824e-13,0.28518541202941455,-0.043789608310020385,-0.012206996546030666,-8.087397927611279e-14
0.075,1,896,-0.20670439318031264,-5.874779381169888e-14,0.6928784285132776,0.032869115661123396,-2.530382926596707,-4.339253284883471e-14,1.5322905756113625,0.027044029142501074,-0.09022887350940537,-1.7562959363301288e-13,-0.1314812546372521,-0.04906829792228134,0.404459670120636,-9.062306475056163e-14
0.07916666666666666,1,896,-0.23472310062928758,-6.542203997737066e-14,0.8435853941802371,0.03660332515115856,-2.757193306765705,-4.8322291520511813e-14,1.5876601635413663,0.030116459545371954,0.3264377931572613,-1.9558260064534088e-13,0.28518541202941455,-0.05464287150224461,-0.012206996546030666,-1.009186112415758e-13
0.08333333333333333,1,896,-0.31841509025007536,-7.244939429365572e-14,1.037250605081241,0.04053509699869424,-2.9705532016603082,-5.3512864361207606e-14,1.3037585023385538,0.03335144017346915,-0.09022887350940537,-2.165912428905339e-13,-0.1314812546372521,-0.060512373875425456,0.404459670120636,-1.1175885466026605e-13
0.0875,1,896,-0.4730986790999298,-7.982865265956893e-14,1.2464713395636438,0.04466375751486519,-2.9698545070062465,-5.896336199298696e-14,1.232111177313173,0.03674841672951576,0.17018909466976384,-2.3865192064589604e-13,0.2614786167207624,-0.06667579933280851,0.029788509197253805,-1.2314193758672833e-13
0.09166666666666666,1,896,-0.64065494974523,-8.755855067717758e-14,1.47287631372878,0.048988599274946254,-2.9692955512829973,-6.467285050113978e-14,0.8383643703166377,0.0403068071590665,-0.24647757199690282,-2.6176085392786196e-13,-0.1433276685558694,-0.0731320918031709,0.4284988530153741,-1.3506590958830313e-13
0.09583333333333333,1,896,-0.7973238399319821,-9.563776386825011e-14,1.6646494484252987,0.05350888123956626,-2.9688483867043978,-7.06403515942028e-14,0.7169629851907711,0.044026001750239976,-0.09526009521851121,-2.859140831396793e-13,0.2104951099936439,-0.079880145034035,0.055393606365056955,-1.4752872755377295e-13
0.1,1,896,-0.9907407200381187,-1.0406490790119823e-13,1.8246915024296952,0.05822382888168108,-2.692458642249882,-7.686484277158455e-14,0.3401982795576243,0.047905363238189475,-0.5106039928519751,-3.1110746974986393e-13,-0.027056465854792724,-0.08691880278121883,0.4720602730317236,-1.605282560434383e-13
0.10416666666666667,1,896,-1.0482621041359823,-1.1283853882827458e-13,1.8280977681781634,0.06313263431928468,-3.0110916317677687,-8.334525749876532e-14,0.3190701264326694,0.05194422691429491,-0.09393732618530845,-3.3733669700131525e-13,0.3896102008118739,-0.09424685900695227,0.05539360636505694,-1.7406226765501372e-13
0.10833333333333334,1,896,-1.26434264287151,-1.2195715333298697e-13,1.8947963025256065,0.06823445645383609,-2.594424965101102,-9.008048539004314e-14,-0.016578591521726672,0.05614190074005764,-0.5106039928519751,-3.6459727065097315e-13,-0.027056465854792742,-0.10186305808652625,0.4720602730317236,-1.8812844340528337e-13
0.1125,1,896,-1.4958475422580124,-1.3141918898768266e-13,1.8124784387590682,0.07352842111437681,-3.0110916317677687,-9.706937239879181e-14,0.17289827642033173,0.0604976654656773,-0.09393732618530845,-3.928845197398803e-13,0.3896102008118739,-0.10976609502343673,0.05539360636505694,-2.0272437312744522e-13
0.11666666666666667,1,896,-1.7853610289962303,-1.4122302452126294e-13,1.8485434784014696,0.07901362120731564,-2.594424965101102,-1.043107210152013e-13,-0.17823389670584958,0.06501077475329167,-0.5106039928519751,-4.2219359739352854e-13,-0.027056465854792742,-0.11795461567298951,0.4720602730317236,-2.178475558840814e-13
0.12083333333333333,1,896,-2.192967546712347,-1.5136698009697928e-13,1.7436414367561195,0.08468911687185447,-3.0110916317677687,-1.1180329047146464e-13,0.08193645608566842,0.06968045530485784,-0.09393732618530845,-4.5251948165234504e-13,0.3896102008118739,-0.1264272169743258,0.05539360636505694,-2.3349540039568075e-13
0.125,1,896,-2.566178352652376,-1.6184931760026517e-13,1.761579448630735,0.0905539356410288,-2.594424965101102,-1.1954579695437746e-13,-0.30068030618722685,0.07450590699465291,-0.5106039928519751,-4.838569763321806e-13,-0.027056465854792742,-0.13518244719082984,0.4720602730317236,-2.4966522548464176e-13
0.12916666666666665,1,896,-2.9828450193190426,-1.7266824093655245e-13,1.5941331537790508,0.0966070726083346,-3.0110916317677687,-1.2753691382531234e-13,0.1159863604794398,0.07948630300637129,-0.09393732618530845,-5.162007119146471e-13,0.3896102008118739,-0.1442188061588759,0.05539360636505694,-2.6635426053467764e-13
0.13333333333333333,1,896,-3.2013380696724023,-1.8382189633902367e-13,1.6770366711899318,0.1028474905999143,-3.0110916317677687,-1.3577527184753196e-13,-0.30068030618722685,0.0846207899747956,0.0020377316027072497,-5.495451464671594e-13,-0.027056465854792742,-0.1535347455448743,0.3680383359717512,-2.835596459655484e-13
0.1375,1,896,-3.2013380696724023,-1.953083726862446e-13,1.5737355800786939,0.1092741203522707,-2.594424965101102,-1.4425945942080033e-13,-0.07105853668486499,0.08990848813201613,-0.3623552840525116,-5.838845665925139e-13,0.34117552216079283,-0.16312866911056978,-0.048628330694915484,-3.012784337230336e-13
0.14166666666666666,1,896,-3.2013380696724023,-2.0712570182962556e-13,1.6400390630577035,0.11588586069548003,-2.9922905937434074,-1.5298802282325332e-13,-0.39065121106737627,0.09534849145817473,0.038500966100875327,-6.192130884078514e-13,-0.07549114450587383,-0.17299893298654878,0.3654666415091977,-3.1950758778406746e-13
0.14583333333333334,1,896,-3.062231391857313,-2.1927185893065409e-13,1.5374346835673955,0.12268157874187208,-2.575623927076741,-1.619594664604871e-13,-0.20671238890724625,0.1009398678367069,-0.37816570056579135,-6.555246585528322e-13,0.34117552216079283,-0.18314384595390884,-0.05120002515746894,-3.3824398467694633e-13
0.15,1,896,-3.0019648673204076,-2.3174476280783887e-13,1.6095909742846126,0.12966011008014372,-2.9922905937434074,-1.7117225312181904e-13,-0.4995351998143118,0.10668165921405437,0.038500966100875306,-6.928130552268425e-13,-0.07549114450587383,-0.19356166973403868,0.3654666415091977,-3.574844140165168e-13
0.15416666666666667,1,896,-2.780074661856986,-2.4454227629331177e-13,1.5132772611691718,0.13682025897487599,-2.575623927076741,-1.8062480424368268e-13,-0.3180576434686999,0.11257288176382371,-0.37816570056579135,-7.31071889255075e-13,0.34117552216079283,-0.2042506192864651,-0.05120002515746894,-3.772255790542624e-13
0.15833333333333333,1,896,-2.6803221727310893,-2.576622065990186e-13,1.589195207371219,0.14416079857141623,-2.9922905937434074,-1.9031550018010502e-13,-0.5540329617115168,0.118612526055359,0.038500966100875306,-7.702946051832752e-13,-0.07549114450587383,-0.21520886311470896,0.3654666415091977,-3.9746409724318135e-13
0.1625,1,896,-2.412805323188641,-2.7110230569244305e-13,1.504972690859301,0.15168047110609367,-2.575623927076741,-2.0024268048022506e-13,-0.3381525543183391,0.12479955722670301,-0.37816570056579135,-8.104744824009877e-13,0.34117552216079283,-0.22643452358010338,-0.05120002515746894,-4.1819650081737e-13
0.16666666666666666,1,896,-2.2864552721890523,-2.8486027068179536e-13,1.592076995173839,0.15937798812173107,-2.9922905937434074,-2.1040464417280385e-13,-0.5136253944753887,0.13113291516191555,0.038500966100875306,-8.516046362930985e-13,-0.07549114450587383,-0.2379256772235177,0.3654666415091977,-4.39419237386207e-13
0.17083333333333334,1,896,-1.9879812900219813,-2.9893374421060087e-13,1.5256273908793283,0.16725203068841463,-2.575623927076741,-2.2079965005767656e-13,-0.24812243885534307,0.13761151467271868,-0.37816570056579135,-8.936780194194767e-13,0.34117552216079283,-0.24968035509493172,-0.05120002515746894,-4.611286705430362e-13
0.175,1,896,-1.8250513747066268,-3.133203148616206e-13,1.6345666859999495,0.17530124962948615,-2.9922905937434074,-2.3142591700409827e-13,-0.3895630182779536,0.14423424568443793,0.038500966100875306,-9.366874227225172e-13,-0.07549114450587383,-0.26169654309080514,0.3654666415091977,-4.83321080488246e-13
0.17916666666666667,1,896,-1.4967940581646373,-3.2801751757003603e-13,1.586382006376019,0.18352426575271769,-2.575623927076741,-2.4228162425593214e-13,-0.0650751552829477,0.15099997342620858,-0.37816570056579135,-9.806254767623778e-13,0.34117552216079283,-0.2739721822991847,-0.05120002515746894,-5.059926646666399e-13
0.18333333333333332,1,896,-1.2205886609549972,-3.4302283404582443e-13,1.7042865029121776,0.19191967008662875,-2.9922905937434074,-2.533649117436258e-13,-0.2519298328319558,0.15790753862541207,0.038500966100875306,-1.0254846529796926e-12,-0.07549114450587383,-0.2865051693524871,0.3654666415091977,-5.291395384189825e-13
0.1875,1,896,-0.8334724070978283,-3.583336932052552e-13,1.6334597250408698,0.20048602412190628,-2.575623927076741,-2.646738804029251e-13,0.14693738867763378,0.1649557577063117,-0.37816570056579135,-1.0712572649855518e-12,0.34117552216079283,-0.29929335678790076,-0.05120002515746894,-5.527577356476163e-13
0.19166666666666665,1,896,-0.41680574043116164,-3.739474716114317e-13,1.7252210949158118,0.209221860057886,-2.9922905937434074,-2.7620659250026893e-13,-0.22514614034332972,0.1721434229928523,0.038500966100875306,-1.1179354698785262e-12,-0.07549114450587383,-0.31233455341534216,0.3654666415091977,-5.768432094960332e-13
0.19583333333333333,1,896,-0.00013907376449498118,-3.8986149392380433e-13,1.5392854604394497,0.2181256810540527,-2.575623927076741,-2.8796107196481017e-13,0.19152052632333694,0.1794693029155893,-0.37816570056579135,-1.1655112695885084e-12,0.34117552216079283,-0.3256265246929058,-0.05120002515746894,-6.013918330422818e-13
0.2,1,896,0.4165275929021717,-4.060730333565752e-13,1.5593514021976922,0.22719596148651544,-2.9922905937434074,-2.9993530472700464e-13,-0.22514614034332972,0.18693214222271157,0.038500966100875306,-1.2139765122471376e-12,-0.07549114450587383,-0.3391669931097403,0.3654666415091977,-6.263994000060937e-13
0.20416666666666666,1,896,0.8331942595688383,-4.2257931214591996e-13,1.3163285705069898,0.23643114720941621,-2.575623927076741,-3.1212723906371217e-13,0.19152052632333694,0.19453066219512274,-0.37816570056579135,-1.2633228935845853e-12,0.34117552216079283,-0.3529536385762891,-0.05120002515746894,-6.518616254696094e-13
0.20833333333333334,1,896,1.249860926235505,-4.393775020259425e-13,1.3349802761755993,0.24582965582122424,-2.9922905937434074,-3.2453478594974834e-13,-0.22514614034332972,0.20226356086554276,0.038500966100875306,-1.3135419583524445e-12,-0.07549114450587383,-0.36698409882182526,0.3654666415091977,-6.777741466115755e-13
0.2125,1,896,1.6665275929021717,-4.564647247132841e-13,1.1303406342663342,0.25538987693587245,-2.575623927076741,-3.3715581941582845e-13,0.19152052632333694,0.21012951324159349,-0.37816570056579135,-1.3646251017724956e-12,0.34117552216079283,-0.38125596979921467,-0.05120002515746894,-7.041325234548921e-13
0.21666666666666667,1,896,2.083194259568838,-4.73838052400303e-13,1.2108441094970255,0.26511017245868923,-2.9922905937434074,-3.4998817691284155e-13,-0.22514614034332972,0.2181271715328295,0.038500966100875306,-1.4165635710110914e-12,-0.07549114450587383,-0.39576680609683745,0.3654666415091977,-7.309322396273811e-13
0.22083333333333333,1,896,2.4998609262355047,-4.914945082567372e-13,1.0893827526861366,0.27498887686707646,-2.575623927076741,-3.6302965968239107e-13,0.19152052632333694,0.2262551653816743,-0.37816570056579135,-1.4693484666789053e-12,0.34117552216079283,-0.41051412135759535,-0.05120002515746894,-7.581687031356403e-13
0.225,1,896,2.9165275929021712,-5.094310669397724e-13,1.2482782445297211,0.2850242974958901,-2.9922905937434074,-3.76278033133543e-13,-0.19817636939159924,0.23451210209822534,0.038500966100875306,-1.5229707443558051e-12,-0.07549114450587383,-0.4254953887049385,0.3654666415091977,-7.858372471518627e-13
0.22916666666666666,1,896,3.320883963631446,-5.276446551124151e-13,1.210059659533593,0.29521471482746736,-2.575623927076741,-3.8973102722570865e-13,0.2184902972750674,0.24289656689888267,-0.37816570056579135,-1.5774212161405564e-12,0.34117552216079283,-0.44070804117583023,-0.05120002515746894,-8.139331308134681e-13
0.23333333333333334,1,896,3.4320463549147227,-5.461321519700967e-13,1.2792393110502687,0.3055583827862594,-2.1994963338999063,-4.033863368576071e-13,0.4255170933627788,0.25140712314876645,-0.6871251701914017,-1.6326905522251333e-12,0.35612268233345573,-0.4561494721605851,0.34688914429270273,-8.424515400354301e-13
0.2375,1,896,3.4320463549147227,-5.648903897754038e-13,1.2775810836295487,0.31605352903801043,-2.2474812483036466,-4.1724162226223016e-13,0.8421837600294455,0.2600423126078754,-0.5679654347452691,-1.6887692824933232e-12,0.14740749311555584,-0.47181703584949614,-0.06977752237396392,-8.713875883351409e-13
0.24166666666666667,1,896,3.4320463549147227,-5.83916154400856e-13,1.367002604745193,0.3266983552934394,-2.073785573177228,-4.3129450940775103e-13,1.0676063529422877,0.2688006556809498,-0.9846321014119357,-1.7456477981433886e-12,0.5640741597822225,-0.48770804768618203,0.333337523182442,-9.007363176696875e-13
0.24583333333333332,1,896,3.4320463549147227,-6.032061858796302e-13,1.4749270095721068,0.33749103761636734,-1.8677378093516415,-4.45542590404302e-13,1.3044618032728275,0.2776806516709923,-0.5981297143947021,-1.8033163533344852e-12,0.14740749311555587,-0.5038197848275722,-0.08332914348422468,-9.304926992853868e-13
0.25,1,896,3.4320463549147227,-6.227571789641376e-13,1.5789963076098559,0.3484297267362391,-1.8106276653489277,-4.599834239165536e-13,1.5470788954098413,0.28668077903640443,-1.0147963810613687,-1.86176506685656e-12,0.5550789263293513,-0.5201494866104506,0.32584796681276557,-9.606516345794348e-13
0.25416666666666665,1,896,3.4320463549147227,-6.425657836923619e-13,1.7268428373614206,0.35951254836498636,-1.6284097849570878,-4.746145355820251e-13,1.776468831362217,0.2957994956516946,-0.60184176449406,-1.9209839238234442e-12,0.13841225966268464,-0.5366943550244823,-0.09081869985390109,-9.912079559735274e-13
0.2583333333333333,1,896,3.4320463549147227,-6.62628605961858e-13,1.8262776488272667,0.37073760351817764,-1.6334184536831922,-4.894334184350536e-13,2.000292674075132,0.3050352390717143,-1.0185084311607266,-1.9809627773888573e-12,0.532298134118698,-0.5534515551916377,0.3241419870732932,-1.0221564277992983e-12
0.2625,1,896,3.4320463549147227,-6.829422081113137e-13,1.9856636846169824,0.3821029688403992,-1.452402546506611,-5.044375333363502e-13,2.211979158901992,0.3143864267993742,-0.6019249128340596,-2.041691350485012e-12,0.11563146745203132,-0.5704182158519345,-0.09227954148110311,-1.053491747195423e-12
0.26666666666666666,1,896,3.4320463549147227,-7.035031095095752e-13,2.065054555089282,0.39360669693481204,-1.4691437798812483,-5.196243094080681e-13,2.211979353146273,0.32385145655679715,-1.0185915795007263,-2.1031592375835405e-12,0.15266785223238194,-0.5875914298554133,0.32438712518556356,-1.0852085450162378e-12
0.2708333333333333,1,896,3.4287639470112508,-7.24307787152036e-13,2.1587046422125042,0.40524681669682855,-1.4293127252203388,-5.349911444743087e-13,2.211979353146273,0.3334287065598603,-0.6262958228438658,-2.1653559064784253e-12,-0.26399881443428475,-0.6049682546602624,-0.06056982001748722,-1.1173013867517147e-12
0.275,1,896,3.4287639477631595,-7.453526762642851e-13,2.1587046422125042,0.41702133365185134,-1.495102715273126,-5.505354055069929e-13,2.2119794013836214,0.34311653579607976,-1.0429624895105325,-2.2282707000906427e-12,0.08538608012755022,-0.6225457128370081,0.35609684664917945,-1.1497647734586373e-12
0.2791666666666667,1,896,3.4113738473015083,-7.666341709129116e-13,2.1587046422125042,0.42892823029701505,-1.412610398150914,-5.662544290770138e-13,2.183451779590588,0.3529132843057885,-0.6262958228438659,-2.29189283829419e-12,-0.25985826564736203,-0.6403207925786799,-0.04181758874483677,-1.182593142702814e-12
0.2833333333333333,1,896,3.407615168678314,-7.881486246233653e-13,2.139275793672983,0.44096546644687645,-1.3700571015184886,-5.821455218106049e-13,2.183451779590588,0.3628172734665633,-1.0429624895105325,-2.356211419763215e-12,0.13512496107869648,-0.6582904482168708,0.37484907792182987,-1.2157808695121762e-12
0.2875,1,896,3.3870559355957814,-8.098923510047598e-13,2.139275793672983,0.45313097958298937,-1.1752024640739058,-5.982059608508339e-13,2.1567195970022017,0.3728268062808475,-0.6262958228438659,-2.4212154238398972e-12,-0.23171652390004882,-0.6764516007435956,-0.027894883488953838,-1.2493222673405867e-12
0.2916666666666667,1,896,3.3712258629448253,-8.31861624381517e-13,2.1001145177099927,0.4654226852073063,-1.0756777670628688,-6.144329943241509e-13,2.1559602606607675,0.38294016766672273,-1.0429624895105325,-2.4868937124227792e-12,0.18495014276661784,-0.6948011383388625,0.3887717831777128,-1.283211589042199e-12
0.29583333333333334,1,896,3.357505318029904,-8.540526804317412e-13,2.098970634645994,0.4778384771993461,-0.8050849010605521,-6.308238418119069e-13,2.1241322886126914,0.3931556247517789,-0.6262958228438659,-2.5532350318752244e-12,-0.20839705230180008,-0.7133359169038681,-0.021772658938733352,-1.3174430278562016e-12
0.3,1,896,3.327016192699267,-8.764617168322185e-13,2.0394918690775192,0.4903762281770676,-0.6818792651906932,-6.473756948267652e-13,2.1041511278098834,0.403471427170034,-1.0429624895105325,-2.620228014953671e-12,0.20826961436486657,-0.7320527605997228,0.3948940077279333,-1.3520107184017782e-12
0.30416666666666664,1,896,3.3216128093094524,-8.990848939099233e-13,2.0218072283475976,0.5030337898613852,-0.3865516362842568,-6.640857172939208e-13,2.0529387424708245,0.4138858073618494,-0.6262958228438659,-2.687861182755349e-12,-0.20839705230180008,-0.7509484623916136,-0.021772658938733345,-1.386908737683108e-12
0.30833333333333335,1,896,3.27211214758015,-9.219183352999286e-13,1.9475417119811014,0.5158089934442662,-0.26316800154334635,-6.809510460370478e-13,2.0146901648190467,0.4243969808767929,-1.0429624895105325,-2.7561229466851333e-12,0.20826961436486657,-0.7700197845983142,0.3948940077279333,-1.4221311061042443e-12
0.3125,1,896,3.2590059350900127,-9.44958128609598e-13,1.8955395859463477,0.5286996499603428,0.014105233912338503,-6.979687912688884e-13,1.9428800472487848,0.43500314667939405,-0.6262958228438659,-2.825001610441185e-12,-0.20839705230180008,-0.7892634594469435,-0.021772658938733345,-1.4576717884936814e-12
0.31666666666666665,1,896,3.191868617536435,-9.68200326088958e-13,1.8097163251781168,0.5417035506619828,0.1395411787844407,-7.151360370864053e-13,1.8899757957165424,0.4457024874577435,-1.0429624895105325,-2.89448537201906e-12,0.20826961436486657,-0.8086761896328833,0.3948940077279333,-1.4935246951384574e-12
0.3208333333333333,1,896,3.1592258634113066,-9.91640945307121e-13,1.7268125779249561,0.554818467397745,0.39592156722342037,-7.324498419704044e-13,1.803669514812033,0.4564931699348791,-0.6262958228438659,-2.964562325733913e-12,-0.20839705230180008,-0.8282546488847528,-0.021772658938733345,-1.5296836828275886e-12
0.325,1,896,3.077049281147359,-1.0152759698346571e-12,1.6348923319742077,0.5680421529941626,0.5365184195844525,-7.49907239289551e-13,1.7492826355659916,0.4673733451829091,-1.0429624895105325,-3.0352204642604842e-12,0.20826961436486657,-0.8479954825343498,0.3948940077279333,-1.5661425559046827e-12
0.32916666666666666,1,896,3.015394925004694,-1.039101349931787e-12,1.5327091850880725,0.5813723416407844,0.7830499996979478,-7.675052378086852e-13,1.663875755825537,0.47834114893981594,-0.6262958228438659,-3.106447680690486e-12,-0.20839705230180008,-0.8678953080914544,-0.021772658938733345,-1.6028950673295283e-12
0.3333333333333333,1,896,2.914255276462998,-1.0631130032422837e-12,1.4429060071118773,0.5948067492784095,0.9465137315640193,-7.85240822201355e-13,1.62700570935303,0.4893947019288882,-1.0429624895105325,-3.178231770607059e-12,0.20826961436486657,-0.8879507158234015,0.3948940077279333,-1.6399349197484943e-12
0.3375,1,896,2.815216632840148,-1.0873068154929656e-12,1.3415059566907184,0.6083430739904502,1.1942802777409902,-8.031109535664787e-13,1.562966960714223,0.5005321101807253,-0.6262958228438659,-3.2505604341759457e-12,-0.20839705230180008,-0.9081582693393226,-0.021772658938733345,-1.6772557665735521e-12
0.3416666666666667,1,896,2.688633007262013,-1.1116786411986535e-12,1.2699618371052148,0.621978996397352,1.3734150443055497,-8.21112569949042e-13,1.561449535622523,0.5117514653577588,-1.0429624895105325,-3.3234212782529907e-12,0.20826961436486657,-0.928514506178951,0.3948940077279333,-1.7148512130697253e-12
0.3458333333333333,1,896,2.551523602529217,-1.1362243043724782e-12,1.1954395679990766,0.6357121800540081,1.6195285602542424,-8.392425868647501e-13,1.5339319303548495,0.5230508450812361,-0.6262958228438659,-3.3968018185076477e-12,-0.20839705230180008,-0.9490159384058982,-0.021772658938733345,-1.7527148174507982e-12
0.35,1,896,2.4033153692323803,-1.1609395992414179e-12,1.1634449726858254,0.6495402718500981,1.7863104704341943,-8.574978978285386e-13,1.571610615330141,0.5344283132606115,-1.0429624895105325,-3.470689481562112e-12,0.20826961436486657,-0.9696590532052943,0.3948940077279333,-1.7908400919830838e-12
0.3541666666666667,1,896,2.243649388921197,-1.1858202909669305e-12,1.1351691596811622,0.6634609024132798,2.0110666311314973,-8.758753748868523e-13,1.5766480778309302,0.5458819204252835,-0.6262958228438659,-3.545071607145692e-12,-0.20839705230180008,-0.9904403134856894,-0.021772658938733345,-1.82922050409706e-12
0.35833333333333334,1,896,2.0941785812977547,-1.210862116370575e-12,1.1530938544539024,0.6774716865151696,2.134849417343984,-8.943718691536045e-13,1.6370389637957037,0.5574097040586278,-1.0429624895105325,-3.6199354502640885e-12,0.20826961436486657,-1.0113561584851163,0.3948940077279333,-1.8678494775066934e-12
0.3625,1,896,1.9346121000890655,-1.2360607846644846e-12,1.170825666707976,0.6915702234800396,2.3259683759371677,-9.129842113497232e-13,1.6550723750846228,0.5690096889342641,-0.6262958228438659,-3.695268183383185e-12,-0.20839705230180008,-1.0324030043812098,-0.021772658938733345,-1.906720393336253e-12
0.36666666666666664,1,896,1.8001852670529452,-1.2614119781865696e-12,1.2294065362455318,0.70575409759616,2.4049504724945696,-9.317092123461893e-13,1.7178942834710849,0.5806798874545007,-1.0429624895105325,-3.7710568986269744e-12,0.20826961436486657,-1.0535772449052747,0.3948940077279333,-1.9458265912544198e-12
0.37083333333333335,1,896,1.6498983180387377,-1.2869113531403298e-12,1.2798169327284685,0.7200208785297206,2.571036007669639,-9.505436637104793e-13,1.7342265658025864,0.5924182999909,-0.6262958228438659,-3.8472886099892636e-12,-0.20839705230180008,-1.0748752519602032,-0.021772658938733345,-1.9851613706155005e-12
0.375,1,896,1.5296378312241534,-1.3125545403391356e-12,1.3635890732652862,0.7343681217412528,2.6228968047832604,-9.694843382563108e-13,1.791320462388679,0.6042229152269025,-1.0429624895105325,-3.923950255558747e-12,0.20826961436486657,-1.0962933762421276,0.3948940077279333,-2.0247179916075454e-12
0.37916666666666665,1,896,1.4475911908890253,-1.3383371459548736e-12,1.342090290467954,0.7487933689044928,2.635443440080263,-9.88527990596608e-13,1.8819906980153813,0.6160917105024585,-0.6262958228438659,-4.001028699757115e-12,0.3453448195488206,-1.117827947865714,0.8115606743946,-2.0644896764071865e-12
0.3833333333333333,1,896,1.3273228771347512,-1.3642547522708007e-12,1.2976278923394993,0.7632941483276008,2.7183738731377467,-1.0076713576995796e-12,1.9039003915652581,0.6280226521605983,-0.21713779732737884,-4.078510735589757e-12,-0.017146953667095895,-1.139475276992975,0.6158941044433366,-2.10446961034098e-12
0.3875,1,896,1.2157783519158392,-1.3903029184384988e-12,1.2756955177078027,0.7778679753766725,2.7131780608842897,-1.0269111594478225e-12,1.9506454052928117,0.6400136958958892,-0.6338044639940456,-4.1563830869087095e-12,0.3995197129995708,-1.1612316544655052,1.0325607711100033,-2.1446509430530625e-12
0.39166666666666666,1,896,1.0843706835944389,-1.4164771812387909e-12,1.2119368079120245,0.7925123529014694,2.8642035310719174,-1.046244099200354e-12,1.9640366685043433,0.6520627871047172,-0.24238822443058292,-4.234632410687462e-12,0.12862322630139364,-1.1830933524400267,1.3006881389413756,-2.1850267896789272e-12
0.3958333333333333,1,896,0.9673323853680177,-1.4427730558464914e-12,1.1754398897270877,0.8072247716632918,2.9089501161926465,-1.065666864357473e-12,2.0313738568447604,0.6641678612373325,-0.18286938086575333,-4.313245299307211e-12,0.5452898929680603,-1.2050566250271355,0.884021472274709,-2.22559023202511e-12
0.4,1,896,0.9001899249482411,-1.469186036598859e-12,1.1196807898726644,0.822002710764925,2.834923259199235,-1.0851761269283598e-12,1.8530260084453816,0.6763268441515998,-0.59953604753242,-4.3922082828541976e-12,0.12862322630139364,-1.227117708933142,1.3006881389413756,-2.2663343197545886e-12
0.4041666666666667,1,896,0.8614656844564834,-1.4957115977676156e-12,1.101124386660879,0.836843638082581,2.675271320540997,-1.1047685441013063e-12,1.880548242046468,0.6885376524683914,-0.1828693808657533,-4.47150783142769e-12,0.5452898929680603,-1.2492728241048892,0.884021472274709,-2.3072520715776794e-12
0.4083333333333333,1,896,0.8240512848750565,-1.522345194334408e-12,1.0667312477956061,0.8517450106997647,2.469215264204939,-1.1244407588164913e-12,1.6064581232415218,0.7007981939285631,-0.59953604753242,-4.5511303574582744e-12,0.12862322630139364,-1.2715181743774466,1.3006881389413756,-2.3483364764482523e-12
0.4125,1,896,0.7755594105358758,-1.5490822627695763e-12,1.0847902407587513,0.8667042753429912,2.2031539246738108,-1.1441894003411971e-12,1.528228488994046,0.7131063677514538,-0.1828693808657533,-4.631062218036016e-12,0.5452898929680603,-1.2938499481245656,0.884021472274709,-2.3895804947650375e-12
0.4166666666666667,1,896,0.6869956002020183,-1.5759182218140858e-12,1.0829280890226558,0.8817188688192743,1.992463267504108,-1.1640110848473645e-12,1.1586593260326725,0.7254600649948413,-0.59953604753242,-4.7112897172480935e-12,0.12862322630139364,-1.3162643189117782,1.3006881389413756,-2.4309770595778206e-12
0.42083333333333334,1,896,0.5890409617494224,-1.6028484732645061e-12,1.1241394184073892,0.8967862184553168,1.5822948845898928,-1.183902415991395e-12,1.0421270010349433,0.7378571689162998,-0.1828693808657533,-4.791799108525529e-12,0.5452898929680603,-1.3387574461520393,0.884021472274709,-2.47251907779833e-12
0.425,1,896,0.43410476045014845,-1.6298684027608889e-12,1.0645280190662616,0.9119037425383257,1.3844794948110242,-1.203859985496099e-12,0.684457821621532,0.7502955553358931,-0.59953604753242,-4.8725765969985916e-12,0.12862322630139364,-1.3613254757637918,1.3006881389413756,-2.5141994314156044e-12
0.42916666666666664,1,896,0.3058817761240864,-1.6569733805774136e-12,1.0557034914112486,0.9270688507583748,0.9678128281443575,-1.2238803737346827e-12,0.6992157990278387,0.762773093000141,-0.1828693808657533,-4.953608341860474e-12,0.5452898929680603,-1.383964540831342,0.884021472274709,-2.556010978715621e-12
0.43333333333333335,1,896,0.20306393870882516,-1.6841587624156694e-12,0.9044708767582433,0.942278944652241,1.0908951159143447,-1.2439601503166882e-12,0.43353251933382764,0.7752876439471997,-0.59953604753242,-5.034880458738851e-12,0.12862322630139364,-1.4066707622674373,1.3006881389413756,-2.597946555504998e-12
0.4375,1,896,0.1094060244453115,-1.711419890200427e-12,0.9132009517948274,0.9575314180486364,0.6742284492476781,-1.2640958746757669e-12,0.6148654510741992,0.7878370638731886,-0.1828693808657533,-5.116379022074878e-12,0.5452898929680603,-1.4294402494779253,0.884021472274709,-2.639998976338535e-12
0.44166666666666665,1,896,0.052713046720707354,-1.738752092877782e-12,0.7706216900248392,0.972823657514765,1.0374914679277927,-1.2842840966592102e-12,0.4046657188069585,0.8004192024996086,-0.59953604753242,-5.198090067509286e-12,0.12862322630139364,-1.4522691010283908,1.3006881389413756,-2.6821610357504094e-12
0.4458333333333333,1,896,-0.015704712388161738,-1.766150687215513e-12,0.849006500336372,0.9881530428041194,0.620824801261126,-1.304521357119111e-12,0.7187053343048793,0.8130319039417795,-0.1828693808657533,-5.279999594275094e-12,0.5452898929680603,-1.4751534053126445,0.884021472274709,-2.724425509488794e-12
0.45,1,896,-0.07444769705998361,-1.7936109786055278e-12,0.7641334874170617,1.0035169473054457,0.9453757641532156,-1.3248041885050702e-12,0.5746893749573128,0.8256730070782388,-0.59953604753242,-5.362093567596557e-12,0.12862322630139364,-1.4980892412229554,1.3006881389413756,-2.7667851557536896e-12
0.45416666666666666,1,896,-0.18174005944282723,-1.8211282618682628e-12,0.8575427851930164,1.0189127384928012,0.5287090974865489,-1.3451291154583467e-12,0.8737264638382884,0.8383403459210409,-0.1828693808657533,-5.4443579210939696e-12,0.5452898929680603,-1.5210726788219144,0.884021472274709,-2.809232716437778e-12
0.4583333333333333,1,896,-0.25670392482909654,-1.8486978220588902e-12,0.8046962059426948,1.0343377783766237,0.6601671579375771,-1.3654926554073394e-12,0.7802103672863483,0.8510317499868866,-0.59953604753242,-5.526778559193856e-12,0.12862322630139364,-1.5440997800158078,1.3006881389413756,-2.8517609183700554e-12
0.46249999999999997,1,896,-0.4009130259440227,-1.8763149352752e-12,0.8453583826266169,1.0497894239557375,0.37784265721697347,-1.3858913191643105e-12,1.0024014583587575,0.863745044669025,-0.1828693808657533,-5.609341359544181e-12,0.5452898929680603,-1.56716659922939,0.884021472274709,-2.894362474562057e-12
0.4666666666666667,1,896,-0.4859765151063289,-1.9039748694670163e-12,0.7965233901562356,1.065265027670218,0.3843991272586779,-1.4063216115232378e-12,0.8803015269203117,0.8764780516098606,-0.59953604753242,-5.692032175434142e-12,0.12862322630139364,-1.5902691840819374,1.3006881389413756,-2.937030085456444e-12
0.4708333333333333,1,896,-0.6365675289615634,-1.9316728852470076e-12,0.8042225515409527,1.0807619378550368,0.11978954861074112,-1.4267800318587002e-12,1.056617571460792,0.8892285890742032,-0.1828693808657533,-5.774836838218124e-12,0.5452898929680603,-1.613403576064467,0.884021472274709,-2.9797564401777405e-12
0.475,1,896,-0.7041515335811249,-1.9594042367027614e-12,0.753437777308113,1.096277499194413,0.062214926865419636,-1.4472630747256947e-12,0.9217540720747728,0.9019944723230989,-0.59953604753242,-5.857741159743445e-12,0.12862322630139364,-1.6365658112180097,1.3006881389413756,-3.0225342177850234e-12
0.4791666666666667,1,896,-0.8411252185600587,-1.987164172209967e-12,0.7335173239913586,1.111809053176785,-0.20930615518680673,-1.4677672304602725e-12,1.080835499082984,0.9147735139881717,-0.1828693808657533,-5.940730934781401e-12,0.5452898929680603,-1.6597519208128115,0.884021472274709,-3.0653560885263194e-12
0.48333333333333334,1,896,-0.8750893450995738,-2.014947935246582e-12,0.6826811015708774,1.127353938550334,-0.31470592514963225,-1.4882889857809035e-12,0.9426302992079679,0.9275635244464188,-0.59953604753242,-6.023791943461269e-12,0.12862322630139364,-1.6829579320283548,1.3006881389413756,-3.1082147150945235e-12
0.4875,1,896,-0.9824569810361058,-2.042750765207843e-12,0.641032484663364,1.1429094917789773,-0.5993926801059032,-1.5088248243904608e-12,1.0954140432733106,0.9403623121953916,-0.1828693808657533,-6.106909953706816e-12,0.5452898929680603,-1.7061798686340837,0.884021472274709,-3.1511027538846116e-12
0.49166666666666664,1,896,-0.9743907047474674,-2.0705678982219653e-12,0.6031962179491053,1.158473047498749,-0.7432759234890131,-1.5293712275787169e-12,0.9607732254633533,0.9531676842286975,-0.59953604753242,-6.1900707236748766e-12,0.12862322630139364,-1.7294137516707069,1.3006881389413756,-3.194012856251924e-12
0.49583333333333335,1,896,-1.041887660537265,-2.0983945679664103e-12,0.5575494558959749,1.1740419389744983,-1.038428550916784,-1.5499246748252591e-12,1.1185031236776466,0.965977446411761,-0.1828693808657533,-6.2732600041956316e-12,0.5452898929680603,-1.7526556001319753,0.884021472274709,-3.2369376697713235e-12
0.5,1,896,-1.0052112642102828,-2.1262260064845673e-12,0.5576663051390693,1.189613498556819,-1.1873851728162155,-1.5704816444027103e-12,0.9955261714516012,0.9787894038577765,-0.59953604753242,-6.356463541214119e-12,0.12862322630139364,-1.7759014316468031,1.3006881389413756,-3.279869839496989e-12
0.5041666666666667,1,896,-1.039638725376829,-2.154057445002725e-12,0.536379289632519,1.2051850581391397,-1.4597239718415116,-1.5910386139801614e-12,1.1590263966829686,0.991601361303792,-0.1828693808657533,-6.4396670782326066e-12,0.5452898929680603,-1.799147263161631,0.884021472274709,-3.3228020092226546e-12
0.5083333333333333,1,896,-1.019813319154096,-2.1818841147471698e-12,0.593341424006622,1.2207539496148891,-1.5537717071321535,-1.6115920612267037e-12,1.0238161847368006,1.0044111234868556,-0.59953604753242,-6.522856358753362e-12,0.12862322630139364,-1.8223891116228996,1.3006881389413756,-3.365726822742054e-12
0.5125,1,896,-1.0414991816644987,-2.209701247761291e-12,0.6123438169201116,1.2363175053346604,-1.790909635360098,-1.6321384644149593e-12,1.151919860274478,1.017216495520161,-0.1828693808657533,-6.60601712872142e-12,0.5452898929680603,-1.8456229946595224,0.884021472274709,-3.408636925109366e-12
0.5166666666666666,1,896,-1.063208512561504,-2.2375040777225527e-12,0.720723815005861,1.2518730585633038,-1.8173764786051296,-1.6526743030245168e-12,0.9598295214973688,1.0300152832691338,-0.59953604753242,-6.689135138966968e-12,0.12862322630139364,-1.8688449312652513,1.3006881389413756,-3.451524963899454e-12
0.5208333333333334,1,896,-1.081141417694945,-2.265287840759169e-12,0.7720500100185369,1.2674179439368536,-2.0640299048977098,-1.6731960583451487e-12,1.0185216897113902,1.0428052937273815,-0.1828693808657533,-6.77219614764684e-12,0.5452898929680603,-1.8920509424807954,0.884021472274709,-3.49438359046766e-12
0.525,1,896,-1.1374668121893132,-2.2930477762663737e-12,0.9264488879584236,1.282949497919225,-2.009180500312428,-1.6937002140797258e-12,0.751425758070407,1.055584335392454,-0.59953604753242,-6.855185922684794e-12,0.12862322630139364,-1.9152370520755966,1.3006881389413756,-3.5372054612089547e-12
0.5291666666666667,1,896,-1.156790651598786,-2.3207791277221274e-12,0.9936196108738,1.2984650592586011,-2.329787551492481,-1.7141832569467203e-12,0.7537212356098649,1.0683502186413498,-0.1828693808657533,-6.938090244210115e-12,0.5452898929680603,-1.9383992872291393,0.884021472274709,-3.5799832388162375e-12
0.5333333333333333,1,896,-1.2633254284362883,-2.348477143502119e-12,1.195973733929001,1.3139619694434201,-2.0700062200209484,-1.734641677282183e-12,0.4329576268879086,1.0811007561056925,-0.59953604753242,-7.020894906994097e-12,0.12862322630139364,-1.961533679211669,1.3006881389413756,-3.6227095935375345e-12
0.5375,1,896,-1.3033201089357724,-2.376137077693935e-12,1.2351032494398413,1.3294375731579007,-2.486672886687615,-1.75507196964111e-12,0.45427672040456163,1.093833763046528,-0.1828693808657533,-7.103585722884057e-12,0.5452898929680603,-1.9846362640642163,0.884021472274709,-3.6653772044319205e-12
0.5416666666666666,1,896,-1.4654239547703078,-2.4037541909102445e-12,1.438404186406987,1.3448892187370143,-2.0700062200209484,-1.7754706333980809e-12,0.13929773329926307,1.1065470577286662,-0.59953604753242,-7.1861485232343826e-12,0.12862322630139364,-2.0077030832777982,1.3006881389413756,-3.707978760623922e-12
0.5458333333333333,1,896,-1.6083898479835979,-2.4313237511008723e-12,1.4751710981345607,1.360314258620837,-2.486672886687615,-1.795834173347074e-12,0.24410834516958405,1.1192384617945121,-0.1828693808657533,-7.26856916133427e-12,0.5452898929680603,-2.030730184471692,0.884021472274709,-3.7505069625562004e-12
0.55,1,896,-1.7956438543526225,-2.4588410343636076e-12,1.6743428667459133,1.3757100498081927,-2.0700062200209484,-1.8161591003003507e-12,-0.12206006361522444,1.1319058006373144,-0.59953604753242,-7.350833514831683e-12,0.12862322630139364,-2.053713622070651,1.3006881389413756,-3.792954523240289e-12
0.5541666666666667,1,896,-2.117826822684499,-2.4863013257536225e-12,1.8053848025477295,1.391073954309519,-2.486672886687615,-1.83644193168631e-12,0.08245704036457094,1.1445469037737737,-0.1828693808657533,-7.432927488153146e-12,0.5452898929680603,-2.0766494579809622,0.884021472274709,-3.835314169505185e-12
0.5583333333333333,1,896,-2.3778470438576838,-2.513699920091353e-12,2.0386270088420235,1.406403339598873,-2.0700062200209484,-1.85667919214621e-12,-0.3342096263020957,1.1571596052159443,-0.59953604753242,-7.514837014918953e-12,0.12862322630139364,-2.0995337622652155,1.3006881389413756,-3.877578643243569e-12
0.5625,1,896,-2.7535372207760145,-2.5410321227687083e-12,2.164435542626766,1.4216955790650019,-2.486672886687615,-1.8768674141296536e-12,0.009181007260299188,1.1697417438423643,-0.1828693808657533,-7.596548060353362e-12,0.5452898929680603,-2.1223626138156813,0.884021472274709,-3.919740702655444e-12
0.5666666666666667,1,896,-3.0672950525214757,-2.568293250553466e-12,2.1644354858203676,1.4369480524613973,-2.125983702433857,-1.8970031384887328e-12,-0.036659302496426016,1.1822911637683535,-0.5238150401132194,-7.67804662368939e-12,0.42690991216673974,-2.1451321010261695,1.3006881389413756,-3.9617931234889805e-12
0.5708333333333333,1,896,-3.0672959259323824,-2.5954786323917213e-12,2.1644354858203676,1.4521581463552633,-2.2459198193424745,-1.917082915070738e-12,-0.4533259691630927,1.1948057147154119,-0.2183322693340859,-7.759318740567763e-12,0.010243245500073075,-2.167838322462264,0.9005253811326193,-4.003728700278357e-12
0.575,1,896,-3.0672959259323824,-2.6225836102082456e-12,1.9750690627402356,1.467323254575312,-1.8292531526758078,-1.9371033033093212e-12,-0.48245836414822035,1.2072832523796597,-0.6349989360007525,-7.840350485429646e-12,0.370001784814132,-2.190477387529814,1.3095083613549716,-4.045540247578373e-12
0.5791666666666666,1,896,-3.0672959259323824,-2.649603539704629e-12,2.0005833273512748,1.4824407786583214,-2.204622304703587,-1.9570608728140256e-12,-0.7206466835386666,1.219721638799253,-0.24351397123707802,-7.921127973902709e-12,-0.04666488185253467,-2.2130454171415668,0.9024386982369709,-4.087220601195648e-12
0.5833333333333334,1,896,-3.0308613797520536,-2.6765337911550497e-12,1.8170871314976405,1.497508128294364,-1.7879556380369201,-1.9769522039580564e-12,-0.7403174506629256,1.2321187427207119,-0.6601806379037447,-8.001637365180145e-12,0.370001784814132,-2.2355385443818285,1.3191053649036375,-4.128762619416158e-12
0.5875,1,896,-3.0308613797520536,-2.703369750199559e-12,1.8611550274173698,1.512522721770647,-2.197051369633349,-1.9967738884642236e-12,-0.9317906086158845,1.2444724399640992,-0.2490888533167369,-8.081864864392224e-12,-0.04666488185253467,-2.257952915169041,0.9049131259968671,-4.170159184228941e-12
0.5916666666666667,1,896,-2.995033300055213,-2.730106818634727e-12,1.705894096894402,1.5274819864138736,-1.9314601073124495,-2.0165225299889297e-12,-0.9717401051915765,1.25678061378699,-0.6657555199834035,-8.161796724969965e-12,0.370001784814132,-2.28028468891616,1.3215797926635338,-4.2114032025457265e-12
0.5958333333333333,1,896,-2.9894385857221706,-2.75674041520152e-12,1.7254854236173922,1.5423833590310574,-2.2913450878511785,-2.0361947447041146e-12,-1.1428154295064639,1.2690411552471617,-0.2796964323159865,-8.24141925100055e-12,-0.04666488185253467,-2.3025300391887176,0.9163157122040506,-4.2524876074163e-12
0.6,1,896,-2.9452774983168952,-2.783265976370276e-12,1.579572592521407,1.5572242863487133,-2.220711938332402,-2.055787161877061e-12,-1.1576104059559542,1.2812519635639532,-0.6963630989826531,-8.320718799574042e-12,0.370001784814132,-2.3246851543604645,1.3329823788707174,-4.29340535923939e-12
0.6041666666666666,1,896,-2.9758488621130907,-2.8096789571226434e-12,1.5582448094084635,1.5720022254503463,-2.5695117342563583,-2.0752964244479472e-12,-1.1982352518379225,1.2934109464782204,-0.27969643231598645,-8.399681783121026e-12,-0.04666488185253467,-2.3467462382664706,0.9163157122040507,-4.3341494469688675e-12
0.6083333333333333,1,896,-2.91541448299425,-2.8359748317303446e-12,1.4059767037090833,1.586714644212169,-2.5627879658486834,-2.094719189605067e-12,-1.1384580439293994,1.3055160206108358,-0.6963630989826531,-8.478294671740779e-12,0.370001784814132,-2.36870951085358,1.3329823788707174,-4.374712889315051e-12
0.6125,1,896,-2.9486048578910986,-2.862149094530637e-12,1.345664827098441,1.6013590217369662,-2.9148923917773373,-2.1140521293575987e-12,-1.1124867803769327,1.317565111819664,-0.27969643231598645,-8.556543995519532e-12,-0.04666488185253467,-2.390571208828102,0.9163157122040507,-4.415088735940917e-12
0.6166666666666667,1,896,-2.8456276265438323,-2.8881972606983346e-12,1.1967346018640475,1.6159328487860376,-2.919967633382496,-2.1332919311058414e-12,-1.0067455777945804,1.3295561555549549,-0.6963630989826531,-8.634416346838482e-12,0.370001784814132,-2.4123275863006315,1.3329823788707174,-4.455270068652999e-12
0.6208333333333333,1,896,-2.856897456584626,-2.9141148670142614e-12,1.1106583623867052,1.6304336282091454,-3.2953179701108235,-2.1524352982088125e-12,-0.960263703995103,1.3414870972130943,-0.27969643231598645,-8.711898382671122e-12,-0.04666488185253467,-2.4339749154278922,0.9163157122040507,-4.495250002586791e-12
0.625,1,896,-2.6828285204925346,-2.9398974726299993e-12,0.9977002592235568,1.6448588753723854,-3.2868582402136295,-2.17147895054911e-12,-0.850419388383404,1.3533558924886504,-0.6963630989826531,-8.788976826869492e-12,0.370001784814132,-2.455509487051479,1.3329823788707174,-4.535021687386433e-12
0.6291666666666667,1,896,-2.518041449208272,-2.965540659828806e-12,0.9402572715025487,1.6592061185839178,-3.2868582402136295,-2.1904196250949417e-12,-0.8306246814335556,1.3651605077246531,-0.6911555795806592,-8.865638472438977e-12,0.2723806209637319,-2.4769276113334033,1.0055024875226368,-4.5745783083784784e-12
0.6333333333333333,1,896,-2.3198004953472995,-2.9910400347825652e-12,0.8941636500494573,1.6734728995174781,-3.2527292596379027,-2.2092540764592315e-12,-0.8299003922567233,1.3768989202610522,-1.107822246247326,-8.941870183801265e-12,-0.14428604570293477,-2.498225618388332,1.4221691541893036,-4.613913087739558e-12
0.6375,1,896,-2.208608019234011,-3.0163912283046505e-12,0.8471074982830955,1.6876567736335986,-3.1627703153897166,-2.2279790774556975e-12,-0.7313033505657965,1.3885691187812887,-0.6911555795806593,-9.017658899045053e-12,0.2723806209637319,-2.5193998589123967,1.0055024875226368,-4.653019285657725e-12
0.6416666666666666,1,896,-1.9986103369926533,-3.0415898965985595e-12,0.8536776044480852,1.7017553105984682,-3.039132248629969,-2.2465914196518157e-12,-0.9797515863264371,1.400169103656925,-1.107822246247326,-9.092991632164148e-12,-0.14428604570293477,-2.5404467048084896,1.4221691541893036,-4.691890201487284e-12
0.6458333333333334,1,896,-1.8927271880487482,-3.0666317220022046e-12,0.8215178538488326,1.7157660947003583,-2.950288288174236,-2.2650879139185683e-12,-1.044814280428964,1.4116968872902695,-0.6911555795806593,-9.167855475282546e-12,0.2723806209637319,-2.561362549807917,1.0055024875226368,-4.7305191748969185e-12
0.65,1,896,-1.7212371491742144,-3.0915124137277176e-12,0.7921271733372579,1.7296867252635402,-2.9812291316453163,-2.283465390976882e-12,-1.3588258146535337,1.4231504944549416,-1.107822246247326,-9.242237600866127e-12,-0.14428604570293477,-2.5821438100883123,1.4221691541893036,-4.768899587010895e-12
0.6541666666666667,1,896,-1.6139509645996666,-3.116227708596657e-12,0.713924233929756,1.7435148170596302,-2.896013884328636,-2.3017207019406707e-12,-1.4395170621694027,1.434527962634317,-0.6911555795806593,-9.316125263920591e-12,0.2723806209637319,-2.6027869248877082,1.0055024875226368,-4.80702486154318e-12
0.6583333333333333,1,896,-1.4728086580948827,-3.140773371770482e-12,0.6253441708656855,1.7572480007162865,-2.9870705540789326,-2.319850718856379e-12,-1.7399112070334861,1.4458273423577943,-1.107822246247326,-9.389505804175249e-12,-0.14428604570293477,-2.6232883571146557,1.4221691541893036,-4.844888465924253e-12
0.6625,1,896,-1.3790229761967088,-3.165145197476169e-12,0.4853020071558466,1.7708839231231879,-2.8876057611530253,-2.3378523352389417e-12,-1.8246333376033794,1.4570466975348275,-0.6911555795806593,-9.462366648252292e-12,0.2723806209637319,-2.6436445939542836,1.0055024875226368,-4.882483912420426e-12
0.6666666666666666,1,896,-1.2742527816686173,-3.1893390097268512e-12,0.3212038208079303,1.7844202478352285,-2.9945994435107677,-2.3557224666040653e-12,-2.0994861469511927,1.4681841057866647,-1.107822246247326,-9.534695311821178e-12,-0.14428604570293477,-2.663852147470205,1.4221691541893036,-4.919804759245484e-12
0.6708333333333333,1,896,-1.2740032872450555,-3.213350663037348e-12,0.09227169563744977,1.7978546554728538,-2.756462071954697,-2.3734580509967356e-12,-2.0984679380389544,1.479237658775737,-0.6911555795806593,-9.606479401737753e-12,0.2723806209637319,-2.6839075552021523,1.0055024875226368,-4.95684461166445e-12
0.675,1,896,-1.114932584192089,-3.237176043134478e-12,-0.18271143744195317,1.8111848441194756,-2.8952437011301457,-2.3910560495158698e-12,-2.0976533709091636,1.490205462532644,-0.9887267298723897,-9.677706618167756e-12,0.14439183706276823,-2.703807380759257,1.2833716501313635,-4.993597123089296e-12
0.6791666666666667,1,896,-1.4257297884894438,-3.2608110676620145e-12,-0.45341285760981187,1.8244085297158934,-2.478577034463479,-2.4085134468350165e-12,-1.9264920646141321,1.501085637780674,-0.5720600632057231,-9.748364756694327e-12,0.3115235551854536,-2.723548214408854,0.8667049834646968,-5.0300559961663904e-12
0.6833333333333333,1,896,-1.232121846415818,-3.2842516868801776e-12,-0.7213756329131272,1.8375234464516557,-2.7319997551035953,-2.425827251719016e-12,-1.9365490121295903,1.5118763202578098,-0.9887267298723897,-9.818441710409181e-12,-0.10514311148121305,-2.743126673660724,1.2833716501313635,-5.066214983855522e-12
0.6875,1,896,-1.2277165117939868,-3.307493884359537e-12,-1.021743743519487,1.8505273471532953,-2.4676033627196605,-2.4429944975365318e-12,-1.7081525002748807,1.5225756610361587,-0.5720600632057231,-9.887925471987052e-12,0.3115235551854536,-2.7625394038466626,0.8667049834646968,-5.102067890500296e-12
0.6916666666666667,1,896,-1.188293984598047,-3.3305336776692065e-12,-1.3009172961491722,1.863418003669372,-2.391718338682981,-2.460012242768373e-12,-1.7520072424302104,1.53318182683876,-0.9887267298723897,-9.956804135743105e-12,-0.10514311148121305,-2.781783078695292,1.2833716501313635,-5.137608572889734e-12
0.6958333333333333,1,896,-1.1084358024122238,-3.3533671190592117e-12,-1.5630887459497744,1.876193207252253,-2.199494744785906,-2.4768775715115e-12,-1.5831924268225552,1.5436930003537035,-0.5720600632057231,-1.0025065899672889e-11,0.3115235551854536,-2.8008544009019927,0.8667049834646968,-5.17283094131087e-12
0.7,1,896,-1.026590625257212,-3.3759902961369165e-12,-1.8035962913164327,1.8888507689365706,-2.1259700416200458,-2.4935875939786554e-12,-1.6795927067585463,1.554107380545519,-0.9887267298723897,-1.0092699067474567e-11,-0.10514311148121305,-2.8197501026938836,1.2833716501313635,-5.2077289605922e-12
0.7041666666666666,1,896,-0.9147022729554688,-3.398399332537394e-12,-1.9923875769480413,1.9013885199142921,-1.879493372020309,-2.5101394469935136e-12,-1.57889446479954,1.564423182963774,-0.8154701253567247,-1.0159692050553014e-11,0.3115235551854536,-2.838466946389738,1.060073574281963,-5.242296651137777e-12
0.7083333333333334,1,896,-0.7783560990642292,-3.4205903885876184e-12,-2.098328801153468,1.9138043119063322,-1.825447950791006,-2.5265302944812698e-12,-1.6838603687193376,1.5746386400488304,-1.2321367920233914,-1.0226033370005461e-11,-0.03973894952048252,-2.857001724954744,1.4767402409486297,-5.27652808995178e-12
0.7125,1,896,-0.576750484745528,-3.442559661964376e-12,-2.0975420614007745,1.9260960175306492,-1.6743737691274103,-2.542757327954587e-12,-1.6409976995036257,1.5847520014347056,-0.8154701253567248,-1.0291711658588343e-11,0.3156608096793393,-2.8753512625500113,1.060073574281963,-5.310417411653392e-12
0.7166666666666667,1,896,-0.3853781156808613,-3.4643033883457696e-12,-2.0710335210046185,1.9382615306667617,-1.7086623357728525,-2.5588177669948156e-12,-1.7800744195343159,1.5947615342489896,-1.2321367920233914,-1.0356715662665023e-11,-0.10100585698732736,-2.8935124150767355,1.4767402409486297,-5.343958809481802e-12
0.7208333333333333,1,896,-0.15326744898530745,-3.485817842056224e-12,-2.0111571222263462,1.9502987668166234,-1.4960604503262378,-2.574708859728407e-12,-1.7540923201531557,1.6046655234097646,-0.8154701253567248,-1.042103424413405e-11,0.3156608096793393,-2.9114820707149267,1.060073574281963,-5.377146536291165e-12
0.725,1,896,0.06319285811204015,-3.5070993367048503e-12,-1.9068185855493813,1.9622056634617868,-1.5316483885896182,-2.590427883298428e-12,-1.8854633771760467,1.6144622719194732,-1.2321367920233914,-1.0484656382337597e-11,-0.10100585698732736,-2.9292571504565985,1.4767402409486297,-5.4099749055353414e-12
0.7291666666666666,1,896,0.3038524942823038,-3.5281442258170993e-12,-1.7712861015215178,1.9739801804168098,-1.3054791998249766,-2.605972144331112e-12,-1.8372603144955717,1.6241501011556927,-0.8154701253567248,-1.0547571175949815e-11,0.3156608096793393,-2.946834608633344,1.060073574281963,-5.442438292242264e-12
0.7333333333333333,1,896,0.5306860726914193,-3.5489489034595592e-12,-1.5975279676302099,1.9856203001788257,-1.3556188239259312,-2.6213389793973523e-12,-1.898132647010025,1.6337273511587556,-1.2321367920233914,-1.0609767844844697e-11,-0.10100585698732736,-2.9642114334381926,1.4767402409486297,-5.474531133977739e-12
0.7375,1,896,0.7722059505874556,-3.5695098048578222e-12,-1.406929487579466,1.9971240282732394,-1.1573325586993284,-2.636525755469071e-12,-1.7672873683353039,1.643192380916179,-0.8154701253567248,-1.0671235731943228e-11,0.3156608096793393,-2.9813846474416725,1.060073574281963,-5.5062479317985566e-12
0.7416666666666667,1,896,1.0231386989860451,-3.5898234070072777e-12,-1.206303984996107,2.008489393595461,-1.248380924135879,-2.6515298703703675e-12,-1.721803163664449,1.652543568643839,-1.2321367920233914,-1.0731964305039383e-11,-0.10100585698732736,-2.9983513081019693,1.4767402409486297,-5.537583251194681e-12
0.7458333333333333,1,896,1.3017126156046552,-3.609886229276773e-12,-1.009815061024941,2.0197144487486516,-1.157806730177241,-2.6663487532233955e-12,-1.4863960517145987,1.6617793120638582,-0.8154701253567248,-1.0791943158604794e-11,0.3156608096793393,-3.0151085082691242,1.060073574281963,-5.568531723020451e-12
0.75,1,896,1.6307135945884093,-3.6296948340049975e-12,-0.8511650569633976,2.0307972703773993,-1.329063143468345,-2.680979864888867e-12,-1.3781837290769414,1.6708980286791486,-1.2321367920233914,-1.0851162015571679e-11,-0.10100585698732736,-3.0316533766831557,1.4767402409486297,-5.5990880444145435e-12
0.7541666666666667,1,896,2.0112080913078243,-3.649245827089505e-12,-0.7187963294332079,2.041735959497271,-1.3863470515602159,-2.6954206984011187e-12,-1.119353871791327,1.6798981560445607,-0.8154701253567248,-1.0909610729093754e-11,0.3156608096793393,-3.0479830784660344,1.060073574281963,-5.6292469797085915e-12
0.7583333333333333,1,896,2.427874757974491,-3.668535858568279e-12,-0.7030076745397288,2.052528641820199,-1.5559074710078498,-2.7096687793976696e-12,-1.1084325599778577,1.688778152034603,-1.2321367920233914,-1.096727928428485e-11,-0.10100585698732736,-3.064094815607424,1.4767402409486297,-5.65900336132429e-12
0.7625,1,896,2.8445414246411573,-3.687561623193731e-12,-0.7301054635538945,2.0631734680756275,-1.5733893396736567,-2.7237216665431904e-12,-0.9627753686385437,1.6975364951076775,-0.8154701253567248,-1.1024157799934915e-11,0.3156608096793393,-3.0799858274441103,1.060073574281963,-5.688352090658837e-12
0.7666666666666666,1,896,3.168196773315624,-3.706319860999039e-12,-0.8881583698651351,2.073668614327379,-1.5190143803694165,-2.7375769519478136e-12,-1.102267575904346,1.7061716845667865,-1.2321367920233914,-1.1080236530203105e-11,-0.10100585698732736,-3.095653391133021,1.4767402409486297,-5.717288138958548e-12
0.7708333333333334,1,896,3.168196773315624,-3.7248073578567204e-12,-1.0027904022656704,2.084012282286171,-1.3302525071411335,-2.751232261579712e-12,-1.4246512682837402,1.7146822408166704,-0.8154701253567248,-1.1135505866287682e-11,0.28011864283087323,-3.111094822117776,1.060073574281963,-5.74580654818051e-12
0.775,1,896,3.168196773315624,-3.743020946029363e-12,-1.0787833994755807,2.0942026996177483,-1.4593878331032326,-2.7646852556718778e-12,-1.841317934950407,1.7230667056173277,-1.1995346375903064,-1.1189956338072433e-11,-0.13654802383579343,-3.126307474588668,1.4683806208111527,-5.773902431842116e-12
0.7791666666666667,1,896,3.168196773315624,-3.760957504712398e-12,-1.1236747778761897,2.104238120246562,-1.4394645123853576,-2.7779336291230298e-12,-2.0798620093471754,1.731323642333879,-0.7828679709236398,-1.1243578615749334e-11,0.28011864283087323,-3.1412887419360116,1.0537122520058124,-5.801570975858339e-12
0.7833333333333333,1,896,3.168196773315624,-3.778613960568833e-12,-1.1378043914463218,2.1141168246549493,-1.67992565547991,-2.7909751118925795e-12,-2.4955312709367976,1.7394516361827237,-1.195859510941068,-1.129636351141715e-11,-0.13557902057188106,-3.1560360571967694,1.465786225191388,-5.828807439366598e-12
0.7875,1,896,3.168196773315624,-3.795987288255851e-12,-1.1882301275276825,2.123837120177766,-1.5317240880597582,-2.8038074693895923e-12,-2.495531283132966,1.7474492944739595,-0.7791928442744013,-1.1348301980655744e-11,0.2810876460947856,-3.1705468934943917,1.0685782823701497,-5.855607155539086e-12
0.7916666666666666,1,896,3.168196773315624,-3.8130745109431926e-12,-1.191895694733457,2.133397341292414,-1.8075010170895554,-2.816428502855672e-12,-2.4955312855155607,1.7553152468500102,-1.0420420914902018,-1.1399385124075794e-11,0.20965719668945798,-3.184818764471781,1.3034401939718259,-5.8819655323824025e-12
0.7958333333333333,1,896,3.15763021783326,-3.829872700823216e-12,-1.1732866761291458,2.142795849904222,-1.8255666498947027,-2.828836049741709e-12,-2.3786360919746747,1.7630481455204303,-0.6253754248235351,-1.1449604188843654e-11,-0.20700946997720868,-3.1988492247173177,0.8867735273051592,-5.9078780535243696e-12
0.8,1,896,3.1004802871765116,-3.8463789796125605e-12,-1.1784490657093507,2.152031035627123,-1.8794797303428876,-2.8410279840784164e-12,-2.2206167854750327,1.7706466654928417,-1.0420420914902018,-1.1498950570181103e-11,0.20965719668945798,-3.2126358701838664,1.3034401939718259,-5.933340278987885e-12
0.8041666666666667,1,896,3.09773066777822,-3.8625905190453314e-12,-1.0774561767623092,2.161101316059586,-2.052928767792685,-2.853002216840611e-12,-2.0678065662060567,1.778109504799964,-0.6253754248235351,-1.1547415812839733e-11,-0.20700946997720868,-3.226176338600701,0.8867735273051592,-5.958347845951697e-12
0.8083333333333333,1,896,3.050488056457766,-3.878504541357704e-12,-1.0419171873355477,2.1700051370557523,-2.1493039123793243,-2.864756696305152e-12,-1.878429319099178,1.785435384722701,-1.0420420914902018,-1.1594991612549714e-11,0.20965719668945798,-3.2394683098782644,1.3034401939718259,-5.982896469497946e-12
0.8125,1,896,3.050488056457766,-3.89411831976388e-12,-0.9337658042308963,2.1787409729917324,-2.3980285737494973,-2.876289408402496e-12,-1.7122828560591536,1.7926230500092415,-0.6476321500745803,-1.1641669817442689e-11,-0.17994909189338132,-3.252509506505706,0.8951555538632695,-6.0069819433463625e-12
0.8166666666666667,1,896,2.9660759344737366,-3.909429178923311e-12,-0.9262530578317058,2.1873073270270096,-2.4594671147046516,-2.887598377061795e-12,-1.5042400541087921,1.799671269090141,-1.064298816741247,-1.1687442429448547e-11,0.23671757477328534,-3.2652976939411196,1.3118222205299361,-6.0306001405749965e-12
0.8208333333333333,1,896,2.998261045740059,-3.924434495399099e-12,-0.8550541833785257,2.1957027313609205,-2.81360765313007,-2.8986816645494887e-12,-1.299672417324259,1.8065788342893445,-0.6476321500745804,-1.1732301605665861e-11,-0.17994909189338132,-3.277830680994422,0.8951555538632695,-6.0537470143273385e-12
0.825,1,896,2.8231801735028106,-3.939131698107514e-12,-0.8966442042287388,2.2039257474841523,-2.7329725699067042,-2.9095373718013223e-12,-1.0358713566534277,1.813344562031115,-1.064298816741247,-1.1776239659705721e-11,0.23671757477328534,-3.2901063202028014,1.3118222205299361,-6.076418598505733e-12
0.8291666666666666,1,896,2.843620894402813,-3.953518268758534e-12,-0.8862787998432334,2.2119749664252235,-3.1496392365733707,-2.920163638747744e-12,-0.7888847074104489,1.8199672930428341,-0.6476321500745804,-1.1819249063008761e-11,-0.17994909189338132,-3.3021225081986745,0.8951555538632695,-6.098611008450941e-12
0.8333333333333334,1,896,2.529264248987983,-3.96759174228734e-12,-0.92779022867015,2.2198490089919076,-2.7329725699067042,-2.9305586446326173e-12,-0.4917450217525903,1.8264458925536378,-1.064298816741247,-1.1861322446135142e-11,0.23671757477328534,-3.3138771860700893,1.3118222205299361,-6.120320441607773e-12
0.8375,1,896,2.5420238939876665,-3.9813497072766925e-12,-0.8980408134103247,2.227546526007545,-3.1496392365733707,-2.940720608325196e-12,-0.2732038529259887,1.83277925048885,-0.6476321500745804,-1.1902452600027251e-11,-0.17994909189338132,-3.325368339713503,0.8951555538632695,-6.1415431781766085e-12
0.8416666666666667,1,896,2.2251020813769,-3.994789806370117e-12,-0.9000593052467153,2.235066198542222,-2.7329725699067042,-2.950647788625316e-12,0.029308617152383667,1.838966281660194,-1.064298816741247,-1.1942632477244963e-11,0.23671757477328534,-3.3365940001788976,1.3118222205299361,-6.162275581750797e-12
0.8458333333333333,1,896,1.892177608103256,-4.0079097366758235e-12,-0.8685128084493186,2.242406738138762,-3.1496392365733707,-2.960338484561738e-12,0.08007962969087123,1.8450059259517293,-0.6476321500745804,-1.1981855193173164e-11,-0.17994909189338132,-3.347552244007141,0.8951555538632695,-6.182514099939716e-12
0.85,1,896,1.575803403749877,-4.020707250161297e-12,-0.9329243093861019,2.2495668870334944,-2.7329725699067042,-2.9697910356836016e-12,0.3170991691493483,1.8508971485014987,-1.064298816741247,-1.2020114027201397e-11,0.23671757477328534,-3.358241193559568,1.3118222205299361,-6.202255264977462e-12
0.8541666666666666,1,896,1.1591367370832102,-4.033180154038482e-12,-0.9849627776565534,2.256545418371766,-3.1496392365733707,-2.979003822344934e-12,0.24610305670895033,1.8566389398788463,-0.6476321500745804,-1.2057402423875408e-11,-0.17994909189338132,-3.3686590173396977,0.8951555538632695,-6.221495694317033e-12
0.8583333333333333,1,896,0.9862292237945405,-4.045326311139509e-12,-1.1391420379725197,2.263341136418158,-2.7329725699067042,-2.987975265982167e-12,0.35879236037347684,1.8622303162573781,-1.064298816741247,-1.2093713994020386e-11,0.23671757477328534,-3.378803930307057,1.3118222205299361,-6.24023209120991e-12
0.8624999999999999,1,896,0.7044201268873426,-4.05714364028289e-12,-1.273499672372362,2.2699528767613675,-3.1496392365733707,-2.9967038293846204e-12,0.27865556510141826,1.867670319583537,-0.6476321500745804,-1.2129042515835726e-11,-0.17994909189338132,-3.3886741941830367,0.8951555538632695,-6.2584612452709445e-12
0.8666666666666667,1,896,0.6454646479644205,-4.068630116630112e-12,-1.445445426866105,2.2763795065137242,-2.7329725699067042,-3.0051880169578893e-12,0.33856026858589816,1.8729580177407577,-1.064298816741247,-1.2163381935961081e-11,0.23671757477328534,-3.3982681177487324,1.3118222205299361,-6.276180033028431e-12
0.8708333333333333,1,896,0.4597555007352165,-4.0797837720325824e-12,-1.6024976712168733,2.282619924505304,-3.1496392365733707,-3.0134263749801084e-12,0.276530322834814,1.8780925047091817,-0.6476321500745804,-1.2196726370513592e-11,-0.17994909189338132,-3.4075840571347307,0.8951555538632695,-6.293385418459301e-12
0.875,1,896,0.4585231312004817,-4.0906026953688705e-12,-1.7762728175174638,2.2886730614726094,-2.7329725699067042,-3.0214174918510436e-12,0.34520245532186294,1.8830729007209002,-1.064298816741247,-1.222907010609606e-11,0.23671757477328534,-3.416620416102777,1.3118222205299361,-6.310074453509337e-12
0.8791666666666667,1,896,0.3202721632982983,-4.101085032872156e-12,-1.9327391648932537,2.294537880241784,-3.1496392365733707,-3.0291599983339565e-12,0.2937341053573146,1.8878983524106954,-0.6476321500745804,-1.2260407600775895e-11,-0.17994909189338132,-3.425375646319281,0.8951555538632695,-6.326244278598298e-12
0.8833333333333333,1,896,0.3724056135873017,-4.111228988447872e-12,-2.1016326512494885,2.300213375906323,-2.7329725699067042,-3.0366525677902193e-12,0.37001710350515277,1.8925680329622614,-1.064298816741247,-1.229073348503471e-11,0.23671757477328534,-3.433848247620617,1.3118222205299361,-6.341892123109897e-12
0.8875,1,896,0.2807178818461265,-4.1210328239814526e-12,-2.1001854145198586,2.3056985759992616,-3.008724638686181,-3.0438939164066287e-12,0.2814176381438296,1.8970811422498757,-0.73398279128845,-1.2320042562688359e-11,-0.17994909189338132,-3.44203676827017,0.8951555538632695,-6.357015305866533e-12
0.8916666666666666,1,896,0.3625527164706702,-4.1304948596361485e-12,-2.0990271980242716,2.310992540659802,-2.5920579720195143,-3.0508828034153775e-12,0.33996775711269417,1.9014369069754955,-1.1435200324672026,-1.2348329811777267e-11,0.11539341536575608,-3.44993980520708,1.0582327965199783,-6.3716112355886955e-12
0.8958333333333334,1,896,0.2754073904925741,-4.139613474140861e-12,-2.0981007788974173,2.3160943627943538,-2.9673188280655176,-3.0576180313066553e-12,0.26314378432089597,1.905634580801258,-0.7642324576950603,-1.2375590385426923e-11,-0.3012732513009106,-3.4575560042866544,0.6415661298533116,-6.385677411338964e-12
0.9,1,896,0.39048392660184833,-4.148387105067937e-12,-2.097359643595934,2.3210031682319574,-2.550652161398851,-3.0640984460338367e-12,0.37694340760915407,1.9096734444773638,-1.180899124361727,-1.2401819612678377e-11,0.08240656750840959,-3.464884060512388,1.0403619860395457,-6.399211422950541e-12
0.9041666666666667,1,896,0.3437751292371807,-4.156814249100886e-12,-2.096766735354747,2.3257181158740723,-2.9472902863828665,-3.070322937211218e-12,0.35009644306020626,1.9135528059653133,-0.782073627621726,-1.242701299928856e-11,-0.33426009915825705,-3.471922718259572,0.623695319372879,-6.412210951440207e-12
0.9083333333333333,1,896,0.5206713873590821,-4.164893462291958e-12,-2.096292408761798,2.3302383978386922,-2.5306236197162,-3.076290438304281e-12,0.5336417375435635,1.9172720005564867,-1.1987402942883927,-1.2451166228500378e-11,0.06974381781113335,-3.4786707714904357,1.0336564350414883,-6.4246737694056754e-12
0.9125,1,896,0.5387627415049413,-4.172623360309566e-12,-2.0835091307099045,2.334563239598773,-2.9472902863828665,-3.081999926812434e-12,0.5614353648935142,1.9208303909860374,-0.782073627621726,-1.2474275161782344e-11,-0.3469228488555333,-3.485127063960798,0.6169897683748217,-6.43659774140725e-12
0.9166666666666666,1,896,0.7783806235310342,-4.18000261867548e-12,-2.0433202037355462,2.338691900114944,-2.5306236197162,-3.087450424444213e-12,0.7507320594771252,1.9242273675420838,-1.1987402942883927,-1.2496335839537705e-11,0.06974381781113334,-3.491290489418181,1.0336564350414883,-6.447980824333713e-12
0.9208333333333333,1,896,0.8745843217113816,-4.187029972991765e-12,-1.9701299591926744,2.34262367196248,-2.6424882185401275,-3.092640997284909e-12,0.7967463643157259,1.9274623481701811,-0.782073627621726,-1.2517344481782899e-11,-0.3469228488555333,-3.4971599917913623,0.6169897683748217,-6.458821067752403e-12
0.9249999999999999,1,896,1.0573988681487352,-4.1937042191574365e-12,-1.8494379673753034,2.346357881452515,-2.3058809655138552,-3.0975707559565863e-12,0.8774828810053834,1.930534778573052,-1.1987402942883927,-1.2537297488795226e-11,0.06974381781113334,-3.5027345653713255,1.0336564350414883,-6.469116614243417e-12
0.9291666666666667,1,896,1.1496677482080258,-4.200024213574774e-12,-1.7327803379380635,2.349893888747477,-2.2069800709361527,-3.1022388557704746e-12,0.8938005764188146,1.933444132305564,-0.782073627621726,-1.2556191441729656e-11,-0.3469228488555333,-3.5080132549835863,0.6169897683748217,-6.478865699717865e-12
0.9333333333333333,1,896,1.2739425872041723,-4.2059888733452685e-12,-1.5883224357112273,2.3532310879707206,-1.9311529135930314,-3.1066444968717034e-12,0.9782716752863415,1.9361899108649328,-1.1987402942883927,-1.2574023103204621e-11,0.06974381781113334,-3.5129951561518546,1.0336564350414883,-6.488066653720142e-12
0.9375,1,896,1.3495719908843662,-4.211597176455175e-12,-1.4575284785068205,2.356368907310337,-1.7540547656307803,-3.110786924376349e-12,1.015545731946133,1.9387716437761366,-0.782073627621726,-1.2590789417856721e-11,-0.3469228488555333,-3.5176794152530118,0.6169897683748217,-6.496717899714143e-12
0.9416666666666667,1,896,1.4361231158913845,-4.216848161950627e-12,-1.3057547706060322,2.359306809117137,-1.500478379416766,-3.114665428500785e-12,1.1353705216466237,1.9411888886725328,-1.1987402942883927,-1.2606487512864257e-11,0.06974381781113334,-3.5220652296633754,1.0336564350414883,-6.504817955353404e-12
0.9458333333333333,1,896,1.48854460487039,-4.2217409301022934e-12,-1.1642412590250057,2.36204428999677,-1.2630691074956115,-3.1182793446832953e-12,1.2090280092498589,1.9434412313716523,-0.782073627621726,-1.2621114698439462e-11,-0.3469228488555333,-3.5261518478962253,0.6169897683748217,-6.5123654327350926e-12
0.95,1,896,1.533675604039352,-4.226274642559537e-12,-1.0228072485357245,2.3645808808959803,-1.0206096588141882,-3.121628053697947e-12,1.358710270901925,1.945528285946168,-1.1987402942883927,-1.2634668468289388e-11,0.06974381781113334,-3.529938569730564,1.0336564350414883,-6.519359038637812e-12
0.9541666666666666,1,896,1.5408547192498763,-4.230448522494069e-12,-0.8896727277511294,2.366916147182975,-0.7155239193968059,-3.124710981760689e-12,1.4514352681681182,1.9474496947900233,-0.782073627621726,-1.2647146500045345e-11,-0.3469228488555333,-3.5334247463311,0.6169897683748217,-6.525797574743194e-12
0.9583333333333334,1,896,1.5476094595888141,-4.234261854733051e-12,-0.7942035895131584,2.3690496887218986,-0.46260359914666294,-3.1275276006276697e-12,1.5937759988415532,1.9492051286797045,-1.1987402942883927,-1.2658546655660834e-11,0.06974381781113334,-3.53660978035942,1.0336564350414883,-6.531679937841224e-12
0.9625,1,896,1.5162741568291163,-4.237713985881633e-12,-0.7159943798337393,2.3709811399413914,-0.09470738193415297,-3.1300774276857456e-12,1.6647971504958927,1.9507942868306511,-0.782073627621726,-1.2668866981777874e-11,-0.3469228488555333,-3.539493126076339,0.6169897683748217,-6.537005120019267e-12
0.9666666666666667,1,896,1.5574468487267075,-4.240804324434915e-12,-0.6869104958987922,2.3727101698972297,0.12706702874204368,-3.1323600260351768e-12,1.7470049179605878,1.9522168969487947,-1.1987402942883927,-1.2678105710061712e-11,0.06974381781113334,-3.5420742894354125,1.0336564350414883,-6.54177220883477e-12
0.9708333333333333,1,896,1.5648446591891187,-4.243532340879295e-12,-0.6808334054567781,2.3742364823290325,0.4982224936909348,-3.134375004564487e-12,1.7427316730190245,1.953472715277216,-0.782073627621726,-1.2686261257503824e-11,-0.3469228488555333,-3.5443528281675865,0.6169897683748217,-6.545980387471606e-12
0.975,1,896,1.6961217032574591,-4.2458975677832e-12,-0.6932674819062218,2.375559815711022,0.6655270559598943,-3.136122018017479e-12,1.7313624262883995,1.954561526637909,-1.1987402942883927,-1.2693332226693137e-11,0.06974381781113334,-3.5463283518569795,1.0336564350414883,-6.549628934880031e-12
0.9791666666666666,1,896,1.7902447805394643,-4.247899599877174e-12,-0.7465781719467375,2.3766799432968346,0.9912469836716287,-3.1376007670523904e-12,1.6316596843927897,1.955483144468652,-0.782073627621726,-1.2699317406055481e-11,-0.3469228488555333,-3.548000522007777,0.6169897683748217,-6.552717225900226e-12
0.9833333333333333,1,896,1.976426860722571,-4.249538094123327e-12,-0.7880572021730503,2.377596673158376,1.155419672686026,-3.138810998293187e-12,1.555460905947919,1.9562374108549745,-1.1987402942883927,-1.2704215770061186e-11,0.06974381781113334,-3.549369052102232,1.0336564350414883,-6.5552447313694266e-12
0.9874999999999999,1,896,2.160539885550835,-4.250812769774104e-12,-0.8668741105275357,2.3783098482187044,1.4164110193633437,-3.1397525043729768e-12,1.4170175157041949,1.9568241965572144,-0.782073627621726,-1.2708026479400797e-11,-0.3469228488555333,-3.5504337076497587,0.6169897683748217,-6.557211018212581e-12
0.9916666666666667,1,896,2.3659344423544537,-4.251723408420392e-12,-0.9197239841226921,2.378819346278943,1.6165799611648075,-3.1404251239695383e-12,1.3623921208768581,1.9572434010326618,-1.1987402942883927,-1.2710748881128884e-11,0.06974381781113334,-3.551194306227109,1.0336564350414883,-6.55861574951656e-12
0.9958333333333333,1,896,2.5914372654427282,-4.25226985402895e-12,-0.9702271505728808,2.379125080039223,1.8372236835791385,-3.1408287418329673e-12,1.2789900941740395,1.9574949524527885,-0.782073627621726,-1.2712382508775929e-11,-0.3469228488555333,-3.551650717509633,0.6169897683748217,-6.559458684587888e-12
1.0,1,896,2.804592206586669,-4.2524520129691355e-12,-0.9974649349303609,2.3792269971136384,2.0196232874768416,-3.140963288805421e-12,1.3016809101372566,1.9575788077155531,-1.1987402942883927,-1.271292708242824e-11,0.06974381781113334,-3.5518028632936067,1.0336564350414883,-6.559739678993979e-12
1.0041666666666667,1,896,3.0347041613029475,-4.252927646510859e-12,-1.0019337702651092,2.37927188700798,2.1771762963261656,-3.1417694764062817e-12,1.2874749688333595,1.957610541968836,-0.782073627621726,-1.271268198677075e-11,-0.3469228488555333,-3.5518127906603825,0.6169897683748217,-6.55946192874713e-12
1.0083333333333333,1,896,3.0347041613029475,-4.25435422116056e-12,-0.9467142797345924,2.379406525925713,2.1852208483689743,-3.1441874866881532e-12,1.52044787885976,1.957705722979613,-1.0262839006080553,-1.27119468677746e-11,0.06974381781113334,-3.5518425659569886,1.0252236216343769,-6.5586288683627275e-12
1.0125,1,896,3.0347041613029475,-4.2567307592152305e-12,-0.8789284732638165,2.3796308215920496,2.3026036445857967,-3.1482156624675695e-12,1.6410153663915135,1.957864285515574,-0.6096172339413887,-1.2710722229253634e-11,-0.3051694938353921,-3.5518921687769236,0.6205681709380786,-6.557241068778746e-12
1.0166666666666666,1,896,3.0347041613029475,-4.2600556319144e-12,-0.789005676226154,2.379944620285943,2.42431400777566,-3.1538512430340635e-12,1.749936530395515,1.9580861209058762,-1.016003046554051,-1.2709008910513918e-11,0.11149717283127455,-3.5519615651248926,1.034093581680707,-6.555299481123701e-12
1.0208333333333333,1,896,3.0347041613029475,-4.264326560556401e-12,-0.6986538505105447,2.3803477069454435,2.652748362721411,-3.1610903660422192e-12,1.7699984776248716,1.958371077115625,-0.5993363798873844,-1.2706808085778536e-11,-0.27592309852737085,-3.5520507074401055,0.6274497592134407,-6.552805436064784e-12
1.025,1,896,3.0347041613029475,-4.269540618060081e-12,-0.5767437431638128,2.3808398053150888,2.843518748611882,-3.169928070158729e-12,1.7679798815527052,1.9587189588500677,-1.0078872481324979,-1.2704121263382826e-11,0.1407435681392958,-3.552159534628872,1.0415128735621082,-6.549760642895899e-12
1.0291666666666666,1,896,3.0347041613029475,-4.275694230970873e-12,-0.45246552218364355,2.3814205781352373,3.1150519562368517,-3.1803582984626435e-12,1.6897004715049122,1.9591295276884406,-0.5912205814658312,-1.270095028474065e-11,-0.2336324908439998,-3.552287972106473,0.6394322284128798,-6.546167188366193e-12
1.0333333333333332,1,896,3.0347047861810554,-4.282783181909869e-12,-0.30376165632452307,2.382089627373209,3.1150519562368517,-3.1923739025964855e-12,1.61776899510821,1.9596025022473704,-0.8806605348692033,-1.2697297323082374e-11,0.18303417582266684,-3.5524359318482768,0.8758774649676997,-6.542027535249904e-12
1.0375,1,896,3.0347055900642577,-4.290802612464197e-12,-0.16742532932091098,2.3828464944960754,3.1150519562368517,-3.2059666476653752e-12,1.4713324402210681,1.96013755837372,-0.4639938682025366,-1.2693164881965451e-11,-0.0248826964403911,-3.5526033124500667,0.459210798301033,-6.537344520658498e-12
1.0416666666666667,1,896,3.0347055900642577,-4.2997470265167334e-12,-0.04373201218640335,2.3836906607849166,3.1151215601828572,-3.2211272178808136e-12,1.2834646294638492,1.9607343293667467,-0.870404503010025,-1.2688555793558603e-11,0.02780439830713289,-3.55278999919754,0.8685347287365943,-6.532121354096252e-12
1.0458333333333334,1,896,2.991966138382565,-4.30961029401287e-12,0.07015013488459183,2.384621547690326,3.099732153185463,-3.2378452229452636e-12,1.1507943670494212,1.9613924062294217,-0.45373783634335835,-1.2683473216700791e-11,-0.38886226835953375,-3.552995864144925,0.45186806206992763,-6.5263616152606274e-12
1.05,1,896,2.986984856384052,-4.3203856551617474e-12,0.15120906190370964,2.3856385172289167,3.1006509747636013,-3.256109205173136e-12,1.1307101652887663,1.9621113379487347,-0.8442490528242597,-1.2677920634736317e-11,0.027804398307132914,-3.5532207662026694,0.8497787593299835,-6.5200692515889155e-12
1.0541666666666667,1,896,2.982999830785242,-4.332065725069074e-12,0.2495428238683305,2.386740872420566,3.102724048160475,-3.2759066473433192e-12,1.008095742614411,1.9628906318047972,-0.427582386157593,-1.2671901853127501e-11,-0.3418533178630962,-3.5534645512341374,0.4331120926633168,-6.513248575552866e-12
1.0583333333333333,1,896,2.9798118103061935,-4.344642498798369e-12,0.3105907912297926,2.3879278577660896,3.105112529879954,-3.2972239812778536e-12,0.9932220721800458,1.963729753708526,-0.7131946195083018,-1.2665420996846611e-11,0.07481334880357046,-3.5537270521612454,0.7790604752741651,-6.505904261703135e-12
1.0625,1,896,2.9772613939229546,-4.358107356857142e-12,0.3939660739434921,2.389198659765023,3.106200572584682,-3.3200465971408848e-12,0.8501884711562989,1.9646281285676843,-0.2965279528416351,-1.2658482507548817e-11,-0.2934708364434679,-3.5540080890789705,0.3623938086074984,-6.4980413434655765e-12
1.0666666666666667,1,896,2.975221060816364,-4.3724510711042635e-12,0.4295633093234077,2.390552407473154,3.1068998392297957,-3.344358853451515e-12,0.8344576351227295,1.9655851406810179,-0.5165765998569575,-1.26510911405281e-11,0.12319583022319877,-3.554307469378647,0.7077761262796731,-6.489665209691591e-12
1.0708333333333333,1,896,2.973588794331091,-4.387663811074473e-12,0.49711707614543493,2.391988173099424,3.107140927163443,-3.3701440878036948e-12,0.6513653407498541,1.9666001341602282,-0.1149587150397108,-1.2643251961458205e-11,-0.27722878085626823,-3.5546249878799725,0.29110945961300644,-6.4807816009648685e-12
1.075,1,896,2.972282981142873,-4.403735150715689e-12,0.4962702216798972,2.393504972641792,3.107290357001146,-3.397384628285799e-12,0.6575051220459964,1.9676724133794845,-0.23023298582077903,-1.2634970342920895e-11,0.13943788581039843,-3.554960426971626,0.636886030967919,-6.471396605667085e-12
1.0791666666666666,1,896,2.9712383305922985,-4.420654075534503e-12,0.5488690948843924,2.3951017665616163,3.0994928854470265,-3.4260618055920765e-12,0.411225800292289,1.968801243452172,0.11502819772580215,-1.2626251960723838e-11,-0.27722878085626823,-3.55531355676041,0.2202193643012523,-6.461516655805226e-12
1.0833333333333333,1,896,2.9681645387629696,-4.438408990144962e-12,0.5037756476413935,2.396777460496107,3.0994928854470265,-3.4561559658176593e-12,0.44297226792379013,1.9699858507345445,0.03631538177226496,-1.2617102790010698e-11,0.11677627474352072,-3.5556841352288067,0.6016948095272778,-6.451148522603412e-12
1.0875,1,896,2.9679435766883757,-4.45698772621547e-12,0.5417253343984502,2.3985309060083435,2.9674134687085143,-3.4876464839283654e-12,0.1431698683868621,1.9712254233559436,0.3288047505512591,-1.260752910116607e-11,-0.2983972515709086,-3.556071908400844,0.18502814286061117,-6.440299311862242e-12
1.0916666666666666,1,896,2.9306218761217995,-4.476377550808355e-12,0.450621293179631,2.4003609013743583,2.9673427206448113,-3.5205117778960677e-12,0.20024779410066137,1.9725191117752126,0.29113434973695324,-1.2597537455518074e-11,0.09968343616991492,-3.55647661051616,0.5916749968401357,-6.428976459088824e-12
1.0958333333333332,1,896,2.894317578174745,-4.496565175106382e-12,0.4687463213253842,2.402266192406738,2.551585032834392,-3.5547293234899395e-12,-0.14089770284501543,1.9738660293629298,0.7078010164036199,-1.2587134700841542e-11,-0.31698323049675176,-3.5568979642121397,0.17500833017346903,-6.4171877244008635e-12
1.1,1,896,2.9055550550554106,-4.5175367635202525e-12,0.412217925226682,2.4042454733141807,2.9682516995010584,-3.590275669713437e-12,-0.29182398121595615,1.9752652530090609,0.29113434973695324,-1.25763279666649e-11,0.0996834361699149,-3.5573356807140075,0.5916749968401357,-6.404941187208252e-12
1.1041666666666667,1,896,2.6873089913803514,-4.5392779431708215e-12,0.35618127211339884,2.4062973875964193,2.551585032834392,-3.6271264548764338e-12,-0.6208939007144594,1.9767158237556115,0.7078010164036199,-1.2565124659383944e-11,-0.31698323049675176,-3.5577894600327373,0.17500833017346903,-6.3922452406758566e-12
1.1083333333333334,1,896,2.6373032032977184,-4.561773813739552e-12,0.25288823549681955,2.4084205289739002,2.7915935154737763,-3.6652564232915195e-12,-0.9278697850089501,1.9782167474538495,0.29113434973695324,-1.2553532457185868e-11,0.0996834361699149,-3.558258991170651,0.5916749968401357,-6.379108585971251e-12
1.1125,1,896,2.59235033100698,-4.585008957680452e-12,0.05156678920183823,2.410613442351577,2.809169260005318,-3.704639442582977e-12,-1.1053345130402947,1.9797669954456452,0.7078010164036199,-1.2541559304787013e-11,-0.31698323049675176,-3.5587439523345594,0.17500833017346903,-6.365540226301381e-12
1.1166666666666667,1,896,2.621240233099148,-4.608967450786483e-12,-0.22006746519177675,2.412874624816158,2.7448623007076276,-3.745248521596609e-12,-1.1034814979055245,1.9813655052684611,0.29113434973695324,-1.2529213407987963e-11,0.0996834361699149,-3.559244011156306,0.5916749968401357,-6.351549460742208e-12
1.1208333333333333,1,896,2.599490165025217,-4.633632873103226e-12,-0.5004007552349216,2.4152025266661314,2.7230316887373216,-3.78705582889813e-12,-1.1120527302523413,1.9830111813835125,0.7078010164036199,-1.2516503228049693e-11,-0.31698323049675176,-3.5597588249205527,0.17500833017346903,-6.337145877865594e-12
1.125,1,896,2.532430131409967,-4.6589883201822884e-12,-0.8076299190622578,2.417595552473851,2.761023155634512,-3.830032711847434e-12,-0.988163508810638,1.9847028959265933,0.29113434973695324,-1.2503437475894643e-11,0.0996834361699149,-3.560288040799661,0.5916749968401357,-6.322339349167765e-12
1.1291666666666667,1,896,2.5893941528770084,-4.6850164146667775e-12,-1.112498735175745,2.4200520621789616,2.540750252360896,-3.874149716235693e-12,-0.9293472244045994,1.9864394894810589,0.7078010164036199,-1.2490025106136692e-11,-0.31698323049675176,-3.560831296095502,0.17500833017346903,-6.30714002230389e-12
1.1333333333333333,1,896,2.52719372431075,-4.711699318200863e-12,-1.3917834184478177,2.422570372212417,2.6029868818684343,-3.919376606471793e-12,-0.8033245167307348,1.9882197718724315,0.29113434973695324,-1.2476275310944109e-11,0.0996834361699149,-3.5613882184880326,0.5916749968401357,-6.291558314133378e-12
1.1375,1,896,2.5542175122456814,-4.739018743655306e-12,-1.6731192996871171,2.4251487566503127,2.3808857370756824,-3.965682386304299e-12,-0.7942574580386553,1.9900425229840872,0.7078010164036199,-1.2462197513739703e-11,-0.31698323049675176,-3.5619584262904636,0.17500833017346903,-6.275604903580685e-12
1.1416666666666666,1,896,2.483729162938677,-4.7669559676605345e-12,-1.9115968773982763,2.4277854483967483,2.4785183221740463,-4.0130353200647385e-12,-0.7180285968169844,1.991906493593463,0.29113434973695324,-1.2447801362742474e-11,0.0996834361699149,-3.5625415287108493,0.5916749968401357,-6.259290724316512e-12
1.1458333333333333,1,896,2.619414249583501,-4.795491843438711e-12,-1.9631102507849172,2.430478640394906,2.1054805312619584,-4.061402954417646e-12,-0.8076365567318248,1.99381040622821,0.7078010164036199,-1.2433096724355212e-11,0.20407257889702846,-3.5631371261199183,1.0083416635068023,-6.242626957264417e-12
1.15,1,896,2.6627674880746572,-4.824606813925977e-12,-1.8638787895537634,2.433226486865519,2.3066826609479287,-4.110752140602451e-12,-1.0165055390419668,1.9957529560417113,0.624909821485241,-1.2418093676402557e-11,-0.2125940877696382,-3.5637448103249563,0.5916749968401357,-6.225625022937963e-12
1.1541666666666666,1,896,2.6956653062357767,-4.854280925175883e-12,-1.856273307443658,2.436027104571873,2.186841910660535,-4.16104905715199e-12,-1.0327232670149293,1.9977328117073572,0.20824315481857433,-1.2402802501224154e-11,0.20407257889702846,-3.5643641648495645,1.0083416635068023,-6.208296573613671e-12
1.1583333333333332,1,896,2.762152519218564,-4.884493840034836e-12,-1.8639154407682652,2.438878574110488,1.9734397649443565,-4.212259233072047e-12,-1.1905098158148715,1.9997486163309703,0.624909821485241,-1.238723367862766e-11,-0.2125940877696382,-3.564994765219088,0.5916749968401357,-6.190653485345134e-12
1.1625,1,896,2.753250524413375,-4.915224852080161e-12,-1.8365905134392473,2.4417789412265747,1.8812670137667373,-4.264347571466056e-12,-1.265275303732471,2.0017989883807537,0.20824315481857433,-1.2371397878706404e-11,0.20407257889702846,-3.565636179251534,1.0083416635068023,-6.172707849823758e-12
1.1666666666666667,1,896,2.7509359688565596,-4.9464528998112476e-12,-1.836271725780651,2.444726218153389,1.7195879117565034,-4.3172783735887445e-12,-1.4266279630072314,2.003882522634122,0.624909821485241,-1.2355305954526634e-11,-0.2125940877696382,-3.5662879673537637,0.5916749968401357,-6.154471966091727e-12
1.1708333333333334,1,896,2.697744436195094,-4.978156581084057e-12,-1.8047736212057381,2.4477183849745443,1.5898794218216672,-4.371015363312294e-12,-1.5036648312365022,2.0059977911407736,0.20824315481857433,-1.2338968934689374e-11,0.20407257889702846,-3.5669496828227687,1.0083416635068023,-6.135958332112845e-12
1.175,1,896,2.6270528806474123,-5.010314167779081e-12,-1.786813988573732,2.4507533910083645,1.4289585209053839,-4.425521711988171e-12,-1.6421461863837135,2.0081433442013337,0.624909821485241,-1.232239801577197e-11,-0.2125940877696382,-3.5676208721518208,0.5916749968401357,-6.117179636207068e-12
1.1791666666666667,1,896,2.521627868536287,-5.0429036206927045e-12,-1.736616659888743,2.4538291562133154,1.2622681579702422,-4.480760063687645e-12,-1.7001580653444852,2.0103177113609076,0.20824315481857433,-1.2305604554654508e-11,0.20407257889702846,-3.56830107534128,1.0083416635068023,-6.09814874835455e-12
1.1833333333333333,1,896,2.386593670067914,-5.0759026046417815e-12,-1.6781760369507643,2.456943572613563,1.0998468226475082,-4.536692560803678e-12,-1.8034786606369322,2.0125194024168556,0.624909821485241,-1.2288600060736389e-11,-0.2125940877696382,-3.5689898262138566,0.5916749968401357,-6.078878711375213e-12
1.1875,1,896,2.229620801077278,-5.109288503771047e-12,-1.5868647599047991,2.460094505743676,0.9240904619227375,-4.593280869996639e-12,-1.8227177003649675,2.014746908440106,0.20824315481857433,-1.227139618804835e-11,0.20407257889702846,-3.569686652734108,1.0083416635068023,-6.059382731989842e-12
1.1916666666666667,1,896,2.042809112950106,-5.143038437052903e-12,-1.4711594190283994,2.4632797961114794,0.7911607153284557,-4.6504862084660556e-12,-1.8787065633728939,2.0169987028092957,0.624909821485241,-1.225400472726538e-11,-0.2125940877696382,-3.570391077331943,0.5916749968401357,-6.0396741717688615e-12
1.1958333333333333,1,896,1.83723966462503,-5.177129273968924e-12,-1.3319907939476767,2.466497260678064,0.6583973256877204,-4.7082693705304105e-12,-1.8446126977442407,2.019273242257044,0.20824315481857433,-1.2236437597625975e-11,0.20407257889702846,-3.57110261722993,1.0083416635068023,-6.019766537974984e-12
1.2,1,896,1.5958744394234323,-5.211537650362364e-12,-1.1759726109902877,2.469744694353931,0.597413883545243,-4.766590754496758e-12,-1.8473992584740575,2.02156896792763,0.624909821485241,-1.2218706838763293e-11,-0.2125940877696382,-3.5718207847741645,0.5916749968401357,-5.999673474306001e-12
1.2041666666666666,1,896,1.3189675239555232,-5.246239984450777e-12,-1.0186801479141756,2.4730198715102527,0.5649482814397969,-4.825410389801747e-12,-1.7601439884916534,2.023884306445352,0.20824315481857433,-1.220082460245379e-11,0.20407257889702846,-3.5725450877684852,1.0083416635068023,-5.979408751544082e-12
1.2083333333333333,1,896,0.979279659447576,-5.281212492987802e-12,-0.8792941046858767,2.4763205475042045,0.6193917494238762,-4.884687964405444e-12,-1.7193782840038812,2.0262176709928443,0.624909821485241,-1.2182803144288988e-11,-0.2125940877696382,-3.5732750298117995,0.5916749968401357,-5.958986258117962e-12
1.2125,1,896,0.5822232820298084,-5.316431207563002e-12,-0.771979912423347,2.479644460217333,0.7376768870930318,-4.944382852419199e-12,-1.5999141356065143,2.0285674623986,0.20824315481857433,-1.2164654815276128e-11,0.20407257889702846,-3.5740101106382927,1.0083416635068023,-5.9384199905845085e-12
1.2166666666666666,1,896,0.16555661536314178,-5.3518719910286215e-12,-0.7424736917525684,2.4829893316058977,0.9170151913025573,-5.004454141948592e-12,-1.5515349979898025,2.0309320702329643,0.624909821485241,-1.2146392053373383e-11,-0.2125940877696382,-3.5747498264602835,0.5916749968401357,-5.917724044036182e-12
1.2208333333333332,1,896,-0.23865559542816292,-5.38751055404198e-12,-0.7744024436210315,2.486352869262128,1.0864955635460039,-5.064860663132407e-12,-1.4461493564874663,2.033309873911843,0.20824315481857433,-1.2128027374965516e-11,0.20407257889702846,-3.5754936703134983,1.0083416635068023,-5.896912602440961e-12
1.225,1,896,-0.5899715157892632,-5.423322471712176e-12,-0.9093161001184873,2.4897327679853287,1.144110522100502,-5.125561016358402e-12,-1.4317191355048124,2.0356992438073673,0.624909821485241,-1.2109573366285771e-11,-0.2125940877696382,-3.576241132404515,0.5916749968401357,-5.8759999289213575e-12
1.2291666666666667,1,896,-0.8661763927577318,-5.45928320033968e-12,-1.0617598614512445,2.4931267113617426,1.1554502007568084,-5.186513600636519e-12,-1.3473942810857578,2.0380985423647635,0.20824315481857433,-1.2091042674789901e-11,0.20407257889702846,-3.5769917004601535,1.0083416635068023,-5.855000355979194e-12
1.2333333333333334,1,896,-1.0845516312223327,-5.49536809423737e-12,-1.2558494490888028,2.496532373352112,1.0530327417657308,-5.247676642110147e-12,-1.3474748193235495,2.0405061252246477,0.624909821485241,-1.2072448000488227e-11,-0.2125940877696382,-3.57774486007856,0.5916749968401357,-5.833928275672812e-12
1.2375,1,896,-1.268842024263446,-5.53155242262145e-12,-1.3996332331592085,2.499947419885825,0.9846690581184917,-5.309008222685821e-12,-1.2916050193682467,2.0429203423499893,0.20824315481857433,-1.2053802087241691e-11,0.20407257889702846,-3.578500095081753,1.0083416635068023,-5.81279812975348e-12
1.2416666666666667,1,896,-1.4369160686065912,-5.567811386560693e-12,-1.5541451455023945,2.503369510460572,0.8510971406407986,-5.370466308761797e-12,-1.3287567046411592,2.045339539156963,0.624909821485241,-1.203511771402785e-11,-0.2125940877696382,-3.579256887869387,0.5916749968401357,-5.791624399767735e-12
1.2458333333333333,1,896,-1.5853237008435737,-5.604120135972391e-12,-1.6443863084939014,2.5067962997464117,0.7928734305403631,-5.4320087800357775e-12,-1.307109961301837,2.047762057648919,0.20824315481857433,-1.2016407686182796e-11,0.20407257889702846,-3.580014719773487,1.0083416635068023,-5.770421597132459e-12
1.25,1,896,-1.7355532776422062,-5.640453786653358e-12,-1.7417392677989865,2.510225439193139,0.687805939294268,-5.4935934583720664e-12,-1.3745306042655205,2.050186237552691,0.624909821485241,-1.1997684826625028e-11,-0.2125940877696382,-3.5807730714139203,0.5916749968401357,-5.749204253189475e-12
1.2541666666666667,1,896,-1.8674481907389797,-5.676787437334327e-12,-1.78162091853875,2.513654578639866,0.6566811228156311,-5.555178136708355e-12,-1.375634772564134,2.0526104174564623,0.20824315481857433,-1.197896196706726e-11,0.20407257889702846,-3.5815314230543542,1.0083416635068023,-5.72798690924649e-12
1.2583333333333333,1,896,-2.0089481003697323,-5.713096186746024e-12,-1.8256550634235789,2.5170813679257056,0.587040812766321,-5.616720607982335e-12,-1.4584230313711026,2.0550329359484185,0.624909821485241,-1.1960251939222207e-11,-0.2125940877696382,-3.582289254958454,0.5916749968401357,-5.706784106611215e-12
1.2625,1,896,-2.1332840192887508,-5.749355150685267e-12,-1.821470174214443,2.520503458500453,0.5721404446918475,-5.678178694058311e-12,-1.472365945741187,2.0574521327553925,0.20824315481857433,-1.1941567566008365e-11,0.20407257889702846,-3.583046047746088,1.0083416635068023,-5.68561037662547e-12
1.2666666666666666,1,896,-2.2690017526042605,-5.785539479069347e-12,-1.8159908280335582,2.5239185050341657,0.5311025805956835,-5.739510274633986e-12,-1.5608730290554043,2.0598663498807337,0.624909821485241,-1.192292165276183e-11,-0.2125940877696382,-3.583801282749281,0.5916749968401357,-5.664480230706137e-12
1.2708333333333333,1,896,-2.3905027498396327,-5.821624372967038e-12,-1.7705631963296902,2.527324167024535,0.5225529083217845,-5.800673316107613e-12,-1.580054724755517,2.062273932740618,0.20824315481857433,-1.1904326978460155e-11,0.20407257889702846,-3.5845544423676876,1.0083416635068023,-5.643408150399755e-12
1.275,1,896,-2.522812391944519,-5.857585101594541e-12,-1.7180889120274108,2.530718110400949,0.5037317330989104,-5.861625900385731e-12,-1.6666154753080291,2.064673231298014,0.624909821485241,-1.1885796286964285e-11,-0.2125940877696382,-3.585305010423326,0.5916749968401357,-5.622408577457592e-12
1.2791666666666666,1,896,-2.6458945276261705,-5.893397019264734e-12,-1.6336026387083036,2.534098009124149,0.4966565286195427,-5.922326253611722e-12,-1.6825677205003033,2.0670626011935385,0.20824315481857433,-1.1867342278284542e-11,0.20407257889702846,-3.586052472514343,1.0083416635068023,-5.60149590393799e-12
1.2833333333333332,1,896,-2.7802288675391678,-5.929035582278093e-12,-1.5381235274131693,2.53746154678038,0.4954445338785907,-5.982732774795538e-12,-1.7591352128147881,2.069440404872417,0.624909821485241,-1.1848977599876675e-11,-0.2125940877696382,-3.586796316367557,0.5916749968401357,-5.580684462342768e-12
1.2875,1,896,-2.912087340015553,-5.9644763657437144e-12,-1.4192748206410473,2.5408064181689447,0.4902133192962047,-6.042804064324934e-12,-1.7625771657984737,2.0718050127067817,0.20824315481857433,-1.1830714837973928e-11,0.20407257889702846,-3.5875360321895484,1.0083416635068023,-5.559988515794441e-12
1.2916666666666667,1,896,-3.059155242180578,-5.999695080318915e-12,-1.2893175825007428,2.5441303308820733,0.506550354998196,-6.1024989523386885e-12,-1.821340951235041,2.0741548041125375,0.624909821485241,-1.1812566508961068e-11,-0.2125940877696382,-3.5882711130160416,0.5916749968401357,-5.539422248260987e-12
1.2958333333333334,1,896,-3.059155242180578,-6.03466758885594e-12,-1.1171594745363296,2.547431006876025,0.6048339953837748,-6.161776526942386e-12,-1.838376692210636,2.07648816866003,0.20824315481857433,-1.1794545050796267e-11,0.11811065088852488,-3.589001055059356,0.9442627703238446,-5.5189997548348675e-12
1.3,1,896,-3.059155242180578,-6.069369922944353e-12,-0.9282391623187788,2.5507061840323466,0.6947892418653764,-6.220596162247374e-12,-1.89534595487661,2.078803507177752,0.6073940479078932,-1.1776662814486763e-11,-0.2985560157781418,-3.5897253580536765,0.5314121104946938,-5.498735032072948e-12
1.3041666666666667,1,896,-3.059155242180578,-6.103778299337792e-12,-0.7393380761135815,2.553953617708214,0.6672221899693833,-6.278917546213723e-12,-1.9078074464812849,2.0810992328483375,0.19072738124122654,-1.175893205562408e-11,0.11363684174623695,-3.590443525597911,0.94190383677084,-5.478641968403965e-12
1.3083333333333333,1,896,-3.059155242180578,-6.1378691362538135e-12,-0.5333522942687267,2.5571710822747984,0.6573151975533243,-6.336700708278077e-12,-1.9620817148820795,2.083373772296086,0.5977809395972312,-1.1741364925984676e-11,-0.30302982492042974,-3.591155065495898,0.5276544084402124,-5.458734334610088e-12
1.3125,1,896,-3.059155242180578,-6.171619069535669e-12,-0.3328466993705921,2.5603563726426017,0.5299567641379622,-6.393906046747493e-12,-1.9512654151677107,2.085625566665276,0.18111427293056456,-1.1723973465201706e-11,0.11351333270356453,-3.591859490093733,0.9441419880788133,-5.439025774389108e-12
1.3166666666666667,1,896,-3.059155242180578,-6.2050049686649355e-12,-0.10860740145309139,2.5635073057727147,0.4479744536244411,-6.4504943559404545e-12,-1.9586233605585546,2.087853072688526,0.5904612207367091,-1.1706769592513667e-11,-0.3031533339631021,-3.5925563166139844,0.5293661631138548,-5.419529795003736e-12
1.3208333333333333,1,896,-3.023574919493923,-6.2380039526140124e-12,0.11035631048503251,2.5666217221729624,0.24306469987572635,-6.506426853056488e-12,-1.8868228085346057,2.090054763744474,0.1737945540700425,-1.1689765098595548e-11,0.11351333270356453,-3.5932450674865613,0.9460328297805214,-5.400259758024399e-12
1.325,1,896,-3.023574919493923,-6.270593405527636e-12,0.3504351208244728,2.5696974873779133,0.13052795452424104,-6.561665204755962e-12,-1.833393504050429,2.0922291309040477,0.5904612207367091,-1.1672971637478088e-11,-0.3011627479484716,-3.5939252706760203,0.5293661631138548,-5.381228870171882e-12
1.3291666666666666,1,896,-3.0123303950093274,-6.302750992222659e-12,0.5890544569458848,2.5727324934117335,-0.04807861703031378,-6.616171553431839e-12,-1.705301505057705,2.0943746839646082,0.1737945540700425,-1.1656400718560682e-11,0.11550391871819507,-3.5945964600050724,0.9460328297805214,-5.362450174266104e-12
1.3333333333333333,1,896,-3.0123303950093274,-6.334454673495469e-12,0.838546891288278,2.575724660232889,-0.16892325230810024,-6.6699085431553876e-12,-1.6225708518931863,2.0964899524712597,0.5904612207367091,-1.1640063698723422e-11,-0.3004331023281565,-3.5952581754740773,0.5293661631138548,-5.343936540287223e-12
1.3375,1,896,-3.0123303950093274,-6.365682721226555e-12,1.092895057570736,2.578671937159703,-0.32078983607954376,-6.722839345278076e-12,-1.4788887818764773,2.098573486724628,0.1798446814652751,-1.1623971774543652e-11,0.11623356433851015,-3.595909963576307,0.9460328297805214,-5.325700656555191e-12
1.3416666666666666,1,896,-3.0045848428703086,-6.396413733271879e-12,1.346674157733993,2.58157230427579,-0.46606451988204756,-6.774927683672082e-12,-1.4098744829421919,2.1006238587744113,0.5965113481319417,-1.1608135974622395e-11,-0.3004331023281565,-3.5965513776087525,0.5293661631138548,-5.3077550210338155e-12
1.3458333333333332,1,896,-2.997079819974247,-6.426626648130832e-12,1.6068956173177817,2.5844237738144042,-0.6232457544393597,-6.8261378595921405e-12,-1.3021178279701575,2.1026396633980244,0.20784230033370085,-1.1592567152025902e-11,0.11623356433851015,-3.5971819779782765,0.9460328297805214,-5.290111932765279e-12
1.35,1,896,-2.8829278225063195,-6.45630075938074e-12,1.6681487833884487,2.587224391520759,-0.8181919306302875,-6.876434776141681e-12,-1.3789487484472716,2.1046195190636703,0.6245089670003675,-1.1577275976847499e-11,0.26519836711260153,-3.597801332502885,1.3626994964471881,-5.2727834834409864e-12
1.3541666666666667,1,896,-2.824325408270654,-6.4854157298680056e-12,1.6589162135200641,2.589972237991372,-0.825026397049772,-6.925783962326487e-12,-1.545956085177032,2.106562068877172,1.0411756336670341,-1.1562272928894844e-11,-0.1438150641894015,-3.598409016707923,0.9460328297805215,-5.255781549114532e-12
1.3583333333333334,1,896,-2.7732750953381116,-6.513951605646182e-12,1.673085478998296,2.5926654299895295,-0.8667833546962259,-6.9741515966793935e-12,-1.652826960389211,2.1084659815119187,0.6517478899208323,-1.1547568290507582e-11,-0.04402816950605803,-3.599004614116992,1.3626994964471881,-5.239117782062437e-12
1.3625,1,896,-2.740301720405557,-6.541888829651411e-12,1.6932234378958524,2.595302121735965,-0.8691301358692792,-7.021504530439834e-12,-1.6931182993687863,2.1103299521212944,1.068414556587499,-1.1533172139510353e-11,-0.46069483617272466,-3.5995877165373775,0.9460328297805215,-5.222803602798265e-12
1.3666666666666667,1,896,-2.6899065764946224,-6.569208255105853e-12,1.7380804076922034,2.597880506173861,-0.9648273317175218,-7.06781031027234e-12,-1.7629661149444904,2.11215270323295,0.6862702340052427,-1.1519094342305947e-11,-0.21996359713035607,-3.6001579243398085,1.3626994964471881,-5.206850192245571e-12
1.3708333333333333,1,896,-2.6751247606715185,-6.59589115863994e-12,1.7565608378204767,2.600398816207316,-0.9289771813398715,-7.1130372005084396e-12,-1.8202416305724818,2.1139329856243227,1.0478881942316365,-1.1505344547113364e-11,-0.571875896910096,-3.600714846732339,1.005474443782005,-5.191268484075058e-12
1.375,1,896,-2.6433495250896515,-6.621919253124428e-12,1.8038999229687653,2.6028553259124267,-0.9811837906117905,-7.157154204896699e-12,-1.9030760160760447,2.115669579178788,0.6312215275649699,-1.1491932177355413e-11,-0.15520923024342934,-3.60125810202818,1.4221411104486716,-5.176069157211184e-12
1.3791666666666667,1,896,-2.6441156548175666,-6.647274700203491e-12,1.817182665644526,2.6052483517201463,-0.8881658078591681,-7.200131087846003e-12,-2.030614092915995,2.117361293721869,1.0478881942316365,-1.1478866425200363e-11,-0.571875896910096,-3.6017873179072883,1.4819868965996335,-5.161262628513355e-12
1.3833333333333333,1,896,-2.6283105152756736,-6.671940122520234e-12,1.851399317723425,2.60757625357012,-0.9158552680747346,-7.2419383951475235e-12,-2.0772666743553443,2.1190069698369203,0.6312215275649699,-1.1466156245262093e-11,-0.15520923024342934,-3.602302131671535,1.0653202299329667,-5.146859045636741e-12
1.3875,1,896,-2.649485409430556,-6.695898615626265e-12,1.8869741236752908,2.609837436034701,-0.743758532455359,-7.282547474161156e-12,-2.2493311127477793,2.1206054796597367,0.386566530625534,-1.1453810348463043e-11,-0.571875896910096,-3.6028021904932817,1.4819868965996335,-5.132868280077569e-12
1.3916666666666666,1,896,-2.619423308864124,-6.719133759567164e-12,1.8833118240817848,2.6120303494123776,-0.6518258320061129,-7.321930493452613e-12,-2.2493318041951755,2.122155727651532,0.8032331972922007,-1.1441837196064188e-11,-0.18942452142092633,-3.6032871516571903,1.8986535632663002,-5.119299920407698e-12
1.3958333333333333,1,896,-2.6310211126885354,-6.741629630135895e-12,1.8634283336224626,2.6141534907898585,-0.6286587636545407,-7.360060461867698e-12,-2.2493338717717744,2.12365665134977,1.2198998639588674,-1.1430244993866112e-11,0.04811436728356486,-3.6037566827951037,1.4819868965996335,-5.1061632657030925e-12
1.4,1,896,-2.6505312639257608,-6.7633708097864644e-12,1.8343850824540329,2.616205405072097,-0.5993280017126245,-7.396911247030697e-12,-2.2493383312464585,2.1251072220963207,0.8032331972922008,-1.1419041686585157e-11,-0.3465475066644879,-3.6042104621138336,1.8219787785064814,-5.093467319170697e-12
1.4041666666666666,1,896,-2.629516743184241,-6.7843423982003336e-12,1.791208573166728,2.6181846859795392,-0.6618659687929588,-7.432457593254191e-12,-2.197830422117301,2.126506445742452,1.0423512261256058,-1.1408234952408514e-11,0.07011916000217874,-3.6046481786157014,1.969338917900841,-5.0812207819780864e-12
1.4083333333333332,1,896,-2.6712113592427262,-6.8045300224983606e-12,1.754249040371551,2.6200899770119195,-0.6436862335569696,-7.466675138848064e-12,-2.1978471101051174,2.127853363330169,0.7859025637031609,-1.1397832197731982e-11,-0.10783409782777902,-3.6050695323116813,1.8600984843898623,-5.069432047290125e-12
1.4125,1,896,-2.6911447815679415,-6.823919847091247e-12,1.7345450457842453,2.6219199723779343,-0.6510050839321626,-7.499540432815767e-12,-2.190291666484386,2.1291470517494377,1.060489187597077,-1.1387840552083986e-11,0.10362178485762842,-3.605474234426997,2.2767651510565288,-5.0581091945167075e-12
1.4166666666666667,1,896,-2.741454754141283,-6.842498583161755e-12,1.6953788408278598,2.6236734178901706,-0.6346293904023425,-7.531030950926472e-12,-2.190282977187705,2.130386624370837,1.4313399784459817,-1.1378266863239358e-11,-0.203293608813003,-3.6058620075990344,1.860098484389862,-5.047259983775537e-12
1.4208333333333334,1,896,-2.759373829388216,-6.860253497772214e-12,1.690611813756227,2.6253491118246615,-0.6976850263537796,-7.561125111152056e-12,-2.1902786497129396,2.1315712316532096,1.054673677813694,-1.1369117692526218e-11,-0.00033412531436839704,-3.606232586067431,2.1056274204987586,-5.0368918505737235e-12
1.425,1,896,-2.7965806936470843,-6.877172422591028e-12,1.6594516978947718,2.6269459057444857,-0.6752706333715129,-7.589802288458335e-12,-2.189976199779043,2.132700061725897,1.2848538255656825,-1.136039931032916e-11,-0.12422671018569217,-3.606585715856215,1.6889607538320919,-5.027011900711865e-12
1.4291666666666667,1,896,-2.8219695724184737,-6.8932437622322435e-12,1.646023382107471,2.6284627052868537,-0.6168031173703779,-7.617042828940438e-12,-2.189976199779043,2.1337723409451534,0.8712142521934224,-1.135211769179185e-11,-0.5348484233812517,-3.6069211549478686,2.1014161476321025,-5.017626905414081e-12
1.4333333333333333,1,896,-2.7985074965784387,-6.9084565022024534e-12,1.6046569081304438,2.629898470913124,-0.6814234809176691,-7.642828063292618e-12,-2.1160260952839782,2.134787334424364,1.2233291188221531,-1.1344278512721956e-11,-0.11818175671458506,-3.607238673449194,1.7707029622095452,-5.008743296687358e-12
1.4375,1,896,-2.8238625036793334,-6.922800216449575e-12,1.5544989009224461,2.631252218621255,-0.6105091895115371,-7.667140319603248e-12,-2.111700641118994,2.1357443465376975,0.8066624521554865,-1.1336887145701239e-11,-0.5348484233812517,-3.6075380537488706,2.187369628876212,-5.000367162913373e-12
1.4416666666666667,1,896,-2.8015943573028887,-6.936265074508348e-12,1.4787556019284385,2.632523020620188,-0.6508858790403316,-7.68996293546628e-12,-1.9896791252823236,2.1366427213968553,1.199798106606451,-1.1329948656403445e-11,-0.11818175671458506,-3.6078190906665957,1.7707029622095452,-4.992504244675815e-12
1.4458333333333333,1,896,-2.832632308612127,-6.948841848237643e-12,1.3871388127394169,2.6337100059657117,-0.4643608826749943,-7.711280269400813e-12,-2.0447675293102145,2.1374818433005847,0.7831314399397843,-1.1323467800122555e-11,-0.5348484233812517,-3.6080815915937037,2.1717831823918554,-4.985159930826083e-12
1.45,1,896,-2.822445771245977,-6.9605219181449695e-12,1.3004833552489141,2.634812361157361,-0.414309709992908,-7.731077711570997e-12,-1.8950891381793977,2.138261137156647,1.199798106606451,-1.1317449018513739e-11,-0.3513020618115378,-3.6083253766251717,1.7551165157251887,-4.978339254790034e-12
1.4541666666666666,1,896,-2.849010978828699,-6.971297279293847e-12,1.2439732551549287,2.6358293306959517,-0.2022613563057187,-7.74934169379887e-12,-1.8636772780201711,2.13898006887596,0.795848534827804,-1.1311896436549265e-11,-0.7679687284782044,-3.608550278682916,1.9887644636257504,-4.972046891118322e-12
1.4583333333333333,1,896,-2.822986735707157,-6.981160546789984e-12,1.2027512115281747,2.636760217601361,-0.12181954032510849,-7.76605969886332e-12,-1.6279634956105047,2.139638145738635,1.2125152014944707,-1.1306813859691453e-11,-0.43856839508078516,-3.608756143630301,1.5720977969590837,-4.966287152282697e-12
1.4625,1,896,-2.852041040347623,-6.990104960842519e-12,1.2088603632133796,2.6376043838902024,0.19676630696065334,-7.781220269078757e-12,-1.5329303418389415,2.1402349167316617,0.795848534827804,-1.1302204771284605e-11,-0.8552350617474518,-3.6089428303777744,1.9887644636257504,-4.961063985720452e-12
1.4666666666666666,1,896,-2.800865996498823,-6.998124391396848e-12,1.2393466386127716,2.6383612510130687,0.3387618186042433,-7.794813014147647e-12,-1.1868392205390803,2.140769972858011,1.2125152014944707,-1.1298072330167682e-11,-0.4385683950807851,-3.6091102109795643,1.5720977969590837,-4.956380971129046e-12
1.4708333333333332,1,896,-2.795921551530452,-7.005213342335844e-12,1.329691449576401,2.63903030025104,0.75542848527091,-7.80682861828149e-12,-1.006966201372749,2.141242947416941,0.795848534827804,-1.1294419368509406e-11,-0.8552350617474518,-3.6092581707213682,1.9887644636257504,-4.952241318012756e-12
1.475,1,896,-2.6513606490970303,-7.011366955246636e-12,1.372831435173033,2.639611073071189,0.8335535272980604,-7.817258846585404e-12,-0.6159457702813711,2.141653516255314,1.2125152014944707,-1.129124838986723e-11,-0.4385683950807851,-3.609386608198969,1.5720977969590837,-4.94864786348305e-12
1.4791666666666667,1,896,-2.5784467465264416,-7.016581012750316e-12,1.45530745866383,2.6401031714408343,1.250220193964727,-7.826096550701914e-12,-0.4965712598710104,2.1420013979897568,0.795848534827804,-1.128856156747152e-11,-0.8552350617474518,-3.6094954353877355,1.9887644636257504,-4.945603070314165e-12
1.4833333333333334,1,896,-2.391945294204132,-7.0208519413923176e-12,1.3790884717362437,2.6405062581003347,0.8335535272980604,-7.83333567371007e-12,-0.11514327674738532,2.142286354199505,1.2125152014944707,-1.1286360742736138e-11,-0.4385683950807851,-3.6095845777029485,1.5720977969590837,-4.943109025255248e-12
1.4875,1,896,-2.3581917743555416,-7.0241768140914865e-12,1.3355438116140874,2.640820056794228,1.250220193964727,-7.838971254276564e-12,-0.16439657305559452,2.1425081895898077,0.795848534827804,-1.1284647423996422e-11,-0.8552350617474518,-3.6096539740509175,1.9887644636257504,-4.941167437600202e-12
1.4916666666666667,1,896,-2.182169379738447,-7.026553352146157e-12,1.2505781348584573,2.6410443524605647,0.8335535272980604,-7.84299943005598e-12,0.24717983056927476,2.1426667521257685,1.2125152014944707,-1.1283422785475455e-11,-0.4385683950807851,-3.6097035768708525,1.5720977969590837,-4.9397796380162225e-12
1.4958333333333333,1,896,-2.0523103990829843,-7.027979926795858e-12,0.978253292691768,2.6411789913782977,1.250220193964727,-7.84541744033785e-12,0.07809297584236251,2.1427619331365455,0.795848534827804,-1.1282687666479306e-11,-0.8552350617474518,-3.6097333521674586,1.9887644636257504,-4.9389465776318194e-12
1.5,1,896,-1.7554169825155381,-7.0284555603375814e-12,0.891193129769595,2.6412238812726394,0.8335535272980604,-7.846223627938712e-12,0.49458746703649653,2.1427936673898285,1.2125152014944707,-1.1282442570821816e-11,-0.4385683950807851,-3.6097432795342344,1.5720977969590837,-4.93866882738497e-12
1.5041666666666667,1,896,-1.4292747216235413,-7.0284555603375814e-12,0.6381909007151363,2.6412238812726394,0.988429089277894,-7.846223627938712e-12,0.32030636916618305,2.1427936673898285,0.795848534827804,-1.1282442570821816e-11,-0.8552350617474518,-3.6097432795342344,1.5317358743410758,-4.93866882738497e-12
1.5083333333333333,1,896,-1.0294908818123036,-7.0284555603375814e-12,0.6363850555770214,2.6412238812726394,0.7085399631604041,-7.846223627938712e-12,0.5130456524781755,2.1427936673898285,1.184393271207375,-1.1282442570821816e-11,-1.2719017284141185,-3.6097432795342344,1.115069207674409,-4.93866882738497e-12
1.5125,1,896,-0.612824215145637,-7.0284555603375814e-12,0.5504375396890964,2.6412238812726394,1.1252066298270709,-7.846223627938712e-12,0.4160472013604031,2.1427936673898285,0.7677266045407084,-1.1282442570821816e-11,-1.2608885267857164,-3.6097432795342344,1.2881323011102483,-4.93866882738497e-12
1.5166666666666666,1,896,-0.26142441363574753,-7.0284555603375814e-12,0.763065592586611,2.6412238812726394,0.7085399631604042,-7.846223627938712e-12,0.6848398052023831,2.1427936673898285,0.8530473756588351,-1.1282442570821816e-11,-0.9431237425144056,-3.6097432795342344,1.1494892484436856,-4.93866882738497e-12
1.5208333333333333,1,896,-0.1838327683359954,-7.0284555603375814e-12,0.8720447603250027,2.6412238812726394,0.8395307854096523,-7.846223627938712e-12,0.4739956528094007,2.1427936673898285,0.43638070899216846,-1.1282442570821816e-11,-0.9658569099792378,-3.6097432795342344,1.5661559151103523,-4.93866882738497e-12
1.525,1,896,-0.23315145950670219,-7.0284555603375814e-12,1.1099768280946567,2.6412238812726394,0.42286411874298563,-7.846223627938712e-12,0.465949312813981,2.1427936673898285,0.721076042415279,-1.1282442570821816e-11,-0.7939778289953944,-3.6097432795342344,1.4711674855427896,-4.93866882738497e-12
1.5291666666666666,1,896,-0.1461518094836515,-7.0284555603375814e-12,1.216879784298474,2.6412238812726394,0.750702459411981,-7.846223627938712e-12,0.35167653615482036,2.1427936673898285,0.3044093757486123,-1.1282442570821816e-11,-0.6319827153658143,-3.6097432795342344,1.8878341522094564,-4.93866882738497e-12
1.5333333333333332,1,896,-0.20375476853826632,-7.0284555603375814e-12,1.4330153728704025,2.6412238812726394,0.3340357927453143,-7.846223627938712e-12,0.3745940874226641,2.1427936673898285,0.721076042415279,-1.1282442570821816e-11,-0.24373477171577593,-3.6097432795342344,2.304500818876123,-4.93866882738497e-12
1.5375,1,896,-0.1132923345682363,-7.0284555603375814e-12,1.5129713977196073,2.6412238812726394,0.6946706193788884,-7.846223627938712e-12,0.22768482117616404,2.1427936673898285,0.3044093757486123,-1.1282442570821816e-11,-0.27582731389602294,-3.6097432795342344,2.4058465929947412,-4.93866882738497e-12
1.5416666666666667,1,896,-0.14797652916677786,-7.0284555603375814e-12,1.7009749168635375,2.6412238812726394,0.2780039527122217,-7.846223627938712e-12,0.17602022181280041,2.1427936673898285,0.7076215553556836,-1.1282442570821816e-11,-0.30480815184207966,-3.6097432795342344,2.2489392860169115,-4.93866882738497e-12
1.5458333333333334,1,896,-0.04650760623578381,-7.0284555603375814e-12,1.8433063884045342,2.6412238812726394,0.6946706193788884,-7.846223627938712e-12,0.11446411856514806,2.1427936673898285,0.2909548886890169,-1.1282442570821816e-11,-0.5689989379536357,-3.6097432795342344,2.335672750587505,-4.93866882738497e-12
1.55,1,896,0.0005998506764669535,-7.0284555603375814e-12,2.063013340371613,2.6412238812726394,0.28540092333875683,-7.846223627938712e-12,0.250465068497353,2.1427936673898285,0.7076215553556836,-1.1282442570821816e-11,-0.29457034349957434,-3.6097432795342344,2.240018576824642,-4.93866882738497e-12
1.5541666666666667,1,896,0.17503651932527323,-7.0284555603375814e-12,2.182554740538927,2.6412238812726394,0.7020675900054235,-7.846223627938712e-12,0.5421680016007177,2.1427936673898285,0.2909548886890169,-1.1282442570821816e-11,0.027780912677558004,-3.6097432795342344,2.287433274551399,-4.93866882738497e-12
1.5583333333333333,1,896,0.13290401580706898,-7.0284555603375814e-12,2.182481704110609,2.6412238812726394,0.4919667964505541,-7.846223627938712e-12,0.47768057124206575,2.1427936673898285,0.25247887965182464,-1.1282442570821816e-11,0.03129637106041913,-3.6097432795342344,2.536602924255094,-4.93866882738497e-12
1.5625,1,896,0.14999641357477544,-7.0284555603375814e-12,2.1722242678030548,2.6412238812726394,0.5038664860456186,-7.846223627938712e-12,0.49494359236951946,2.1427936673898285,0.503712489417857,-1.1282442570821816e-11,0.08731719753489105,-3.6097432795342344,2.3012832065166355,-4.93866882738497e-12
1.5666666666666667,1,896,0.23057573197746342,-7.0284555603375814e-12,2.146614189169199,2.6412238812726394,0.7133191228862313,-7.846223627938712e-12,0.4937196116176018,2.1427936673898285,0.0870458227511903,-1.1282442570821816e-11,-0.0127548944783564,-3.6097432795342344,2.6475293816918266,-4.93866882738497e-12
1.5708333333333333,1,896,0.1468694645083892,-7.0284555603375814e-12,2.1466142263337864,2.6412238812726394,0.43356196196124425,-7.846223627938712e-12,0.4297061017435663,2.1427936673898285,0.3634377395991893,-1.1282442570821816e-11,-0.07909081014543456,-3.6097432795342344,2.5230670870987235,-4.93866882738497e-12
1.575,1,896,0.23196007061280963,-7.0284555603375814e-12,2.10926704356346,2.6412238812726394,0.8015693063846537,-7.846223627938712e-12,0.42559960110556927,2.1427936673898285,-0.03593309580294619,-1.1282442570821816e-11,-0.2353167946840784,-3.6097432795342344,2.6738752263879397,-4.93866882738497e-12
1.5791666666666666,1,896,0.13281123229433575,-7.0284555603375814e-12,2.1062926448646833,2.6412238812726394,0.5586184157261069,-7.846223627938712e-12,0.35408510990151154,2.1427936673898285,0.16750566079141216,-1.1282442570821816e-11,-0.3155782432186937,-3.6097432795342344,2.5799196388401113,-4.93866882738497e-12
1.5833333333333333,1,896,0.16136661102272162,-7.0284555603375814e-12,2.0700513305795156,2.6412238812726394,0.9329943549338165,-7.846223627938712e-12,0.35395014680368553,2.1427936673898285,-0.2491610058752545,-1.1282442570821816e-11,-0.43526627411332247,-3.6097432795342344,2.503100401112224,-4.93866882738497e-12
1.5875,1,896,0.07952844259409442,-7.0284555603375814e-12,2.1676253494003377,2.6412238812726394,0.5163276882671499,-7.846223627938712e-12,0.4498470214587107,2.1427936673898285,0.16750566079141216,-1.1282442570821816e-11,-0.4205154634881201,-3.6097432795342344,2.223394041071696,-4.93866882738497e-12
1.5916666666666666,1,896,0.17666263762222095,-7.0284555603375814e-12,2.149456157147171,2.6412238812726394,0.9329943549338165,-7.846223627938712e-12,0.5073946055298519,2.1427936673898285,-0.2031955355794364,-1.1282442570821816e-11,-0.6207155074898613,-3.6097432795342344,2.171835122569456,-4.93866882738497e-12
1.5958333333333332,1,896,0.10372729109893043,-7.0284555603375814e-12,2.1494562636237906,2.6412238812726394,0.8183224690333215,-7.846223627938712e-12,0.4728431806235861,2.1427936673898285,-0.0872394428839496,-1.1282442570821816e-11,-0.7312181785231878,-3.6097432795342344,1.9691137581175124,-4.93866882738497e-12
1.6,1,896,0.09713660618324325,-7.0284555603375814e-12,2.128734863490172,2.6412238812726394,1.052366064224636,-7.846223627938712e-12,0.5011147626158416,2.1427936673898285,-0.5039061095506162,-1.1282442570821816e-11,-0.8205317650307674,-3.6097432795342344,2.156685604862197,-4.93866882738497e-12
1.6041666666666667,1,896,-0.0183322328242129,-7.0284555603375814e-12,2.121866863379948,2.6412238812726394,0.9053363129655168,-7.846223627938712e-12,0.4178206068800113,2.1427936673898285,-0.38109624601277126,-1.1282442570821816e-11,-0.9669693839588046,-3.6097432795342344,1.9760205038106249,-4.93866882738497e-12
1.6083333333333334,1,896,-0.04486707106224931,-7.0284555603375814e-12,2.0969156868187833,2.6412238812726394,1.1793391539190867,-7.846223627938712e-12,0.47693172682725654,2.1427936673898285,-0.7977629126794379,-1.1282442570821816e-11,-0.9612099209027867,-3.6097432795342344,2.191807299855051,-4.93866882738497e-12
1.6125,1,896,-0.17875639827787412,-7.0284555603375814e-12,2.0964115695533594,2.6412238812726394,0.9878258806539103,-7.846223627938712e-12,0.36556104892817587,2.1427936673898285,-0.6331084098335993,-1.1282442570821816e-11,-1.0873720235598614,-3.6097432795342344,2.0072880001527715,-4.93866882738497e-12
1.6166666666666667,1,896,-0.20303112054369496,-7.0284555603375814e-12,2.0578381124231897,2.6412238812726394,1.3325833052446048,-7.846223627938712e-12,0.42808327535965035,2.1427936673898285,-1.049775076500266,-1.1282442570821816e-11,-1.0992054912259077,-3.6097432795342344,2.1829771817094157,-4.93866882738497e-12
1.6208333333333333,1,896,-0.2969942457161823,-7.0284555603375814e-12,2.1611088927409248,2.6412238812726394,0.9159166385779381,-7.846223627938712e-12,0.41091318189974024,2.1427936673898285,-0.6331084098335994,-1.1282442570821816e-11,-1.071495954352347,-3.6097432795342344,2.002684960149802,-4.93866882738497e-12
1.625,1,896,-0.24878883612135697,-7.0284555603375814e-12,2.1278824671462844,2.6412238812726394,1.3045701770945626,-7.846223627938712e-12,0.5052993483398031,2.1427936673898285,-0.9789868695675227,-1.1282442570821816e-11,-1.1664315503659222,-3.6097432795342344,2.1145056819655053,-4.93866882738497e-12
1.6291666666666667,1,896,-0.2964404083082329,-7.0284555603375814e-12,2.1211850065865545,2.6412238812726394,1.2404546556439198,-7.846223627938712e-12,0.4823162350597246,2.1427936673898285,-0.8464707563235307,-1.1282442570821816e-11,-1.2431111664584242,-3.6097432795342344,1.9576333763623182,-4.93866882738497e-12
1.6333333333333333,1,896,-0.3024466536875903,-7.0284555603375814e-12,2.0963591229228795,2.6412238812726394,1.373162671576308,-7.846223627938712e-12,0.5477107144753677,2.1427936673898285,-1.0677534011673913,-1.1282442570821816e-11,-1.3272773618077605,-3.6097432795342344,2.067953805828638,-4.93866882738497e-12
1.6375,1,896,-0.3619037134360243,-7.0284555603375814e-12,2.095966354249367,2.6412238812726394,1.2051927080990956,-7.846223627938712e-12,0.4843367701366216,2.1427936673898285,-0.7965721620976148,-1.1282442570821816e-11,-1.4275072491366838,-3.6097432795342344,1.8742184482001134,-4.93866882738497e-12
1.6416666666666666,1,896,-0.33857747972960694,-7.0284555603375814e-12,2.0302463214726205,2.6412238812726394,1.5765011677396186,-7.846223627938712e-12,0.5723221652852413,2.1427936673898285,-1.2132388287642815,-1.1282442570821816e-11,-1.5469027185598316,-3.6097432795342344,2.0379745099862077,-4.93866882738497e-12
1.6458333333333333,1,896,-0.3518615830157,-7.0284555603375814e-12,2.154547983067986,2.6412238812726394,1.1598345010729518,-7.846223627938712e-12,0.5862552240937383,2.1427936673898285,-0.7965721620976148,-1.1282442570821816e-11,-1.4423963901114494,-3.6097432795342344,1.889928729675199,-4.93866882738497e-12
1.65,1,896,-0.28291362668603065,-7.0284555603375814e-12,2.105749845536083,2.6412238812726394,1.4776490940428142,-7.846223627938712e-12,0.6953118516423541,2.1427936673898285,-1.0076962558156535,-1.1282442570821816e-11,-1.495488803685682,-3.6097432795342344,2.0026330762895426,-4.93866882738497e-12
1.6541666666666666,1,896,-0.29371360814634967,-7.0284555603375814e-12,2.103478891465334,2.6412238812726394,1.3314122799700883,-7.846223627938712e-12,0.6709831830097988,2.1427936673898285,-0.6277022840783365,-1.1282442570821816e-11,-1.5643553137287776,-3.6097432795342344,1.8211950971035922,-4.93866882738497e-12
1.6583333333333332,1,896,-0.25541396797013893,-7.0284555603375814e-12,2.012383648176321,2.6412238812726394,1.6687835138920295,-7.846223627938712e-12,0.7477140543181197,2.1427936673898285,-1.0027087072835947,-1.1282442570821816e-11,-1.731678727992449,-3.6097432795342344,1.98810492217401,-4.93866882738497e-12
1.6624999999999999,1,896,-0.23819190971304677,-7.0284555603375814e-12,2.1047618427793657,2.6412238812726394,1.2895106364888893,-7.846223627938712e-12,0.7629366122283877,2.1427936673898285,-0.5860420406169281,-1.1282442570821816e-11,-1.658788242756954,-3.6097432795342344,1.8261820561356712,-4.93866882738497e-12
1.6666666666666667,1,896,-0.18526779944895602,-7.0284555603375814e-12,2.0384833368713986,2.6412238812726394,1.56272472293523,-7.846223627938712e-12,0.8661851334212415,2.1427936673898285,-0.8724819387496461,-1.1282442570821816e-11,-1.746403520984854,-3.6097432795342344,1.9752094503580242,-4.93866882738497e-12
1.6708333333333334,1,896,-0.18230354368319157,-7.0284555603375814e-12,2.1093412865953765,2.6412238812726394,1.2645010578046572,-7.846223627938712e-12,0.8745711891561474,2.1427936673898285,-0.4558152720829794,-1.1282442570821816e-11,-1.7553294719921768,-3.6097432795342344,1.8069170471934426,-4.93866882738497e-12
1.675,1,896,-0.14018441001498247,-7.0284555603375814e-12,2.0531435083976772,2.6412238812726394,1.4836557773481773,-7.846223627938712e-12,0.964921759769443,2.1427936673898285,-0.7806927581707603,-1.1282442570821816e-11,-1.8816742783218232,-3.6097432795342344,1.9542057956140546,-4.93866882738497e-12
1.6791666666666667,1,896,-0.14023034622097627,-7.0284555603375814e-12,2.126319718627079,2.6412238812726394,1.213646777407766,-7.846223627938712e-12,0.990785716287743,2.1427936673898285,-0.40163755031264187,-1.1282442570821816e-11,-1.8884935966770033,-3.6097432795342344,1.804945263121392,-4.93866882738497e-12
1.6833333333333333,1,896,-0.10777439926590802,-7.0284555603375814e-12,2.093128373639187,2.6412238812726394,1.3412584484614898,-7.846223627938712e-12,1.071074321120788,2.1427936673898285,-0.6750144248519087,-1.1282442570821816e-11,-1.9978618109695732,-3.6097432795342344,1.92395279223322,-4.93866882738497e-12
1.6875,1,896,-0.11566733029843794,-7.0284555603375814e-12,2.153304462293561,2.6412238812726394,1.1299714420179456,-7.846223627938712e-12,1.104606658737296,2.1427936673898285,-0.40296128680028076,-1.1282442570821816e-11,-2.037266141401662,-3.6097432795342344,1.7954216389667865,-4.93866882738497e-12
1.6916666666666667,1,896,-0.09508636352028581,-7.0284555603375814e-12,2.1452514944340972,2.6412238812726394,1.1695620631328711,-7.846223627938712e-12,1.176817970853542,2.1427936673898285,-0.6106463196311803,-1.1282442570821816e-11,-2.156511093420881,-3.6097432795342344,1.8861820355161003,-4.93866882738497e-12
1.6958333333333333,1,896,-0.09030401042479641,-7.0284555603375814e-12,2.1452595826602194,2.6412238812726394,1.0949827816538642,-7.846223627938712e-12,1.2106141051379928,2.1427936673898285,-0.48093110822751417,-1.1282442570821816e-11,-2.156511093420881,-3.6097432795342344,1.826281897435983,-4.93866882738497e-12
1.7,1,896,-0.07900863818111802,-7.0284555603375814e-12,2.1339579347005584,2.6412238812726394,1.08430727396593,-7.846223627938712e-12,1.256935725180481,2.1427936673898285,-0.6261601000349101,-1.1282442570821816e-11,-2.156511093420881,-3.6097432795342344,1.6369317282426255,-4.93866882738497e-12
1.7041666666666666,1,896,-0.07619632677244598,-7.0284555603375814e-12,2.126046166605958,2.6412238812726394,1.0193684411549642,-7.846223627938712e-12,1.2905991163619703,2.1427936673898285,-0.5141928967524603,-1.1282442570821816e-11,-2.156511093420881,-3.6097432795342344,1.6669271974731332,-4.93866882738497e-12
1.7083333333333333,1,896,-0.07384954483254556,-7.0284555603375814e-12,2.1173988282641707,2.6412238812726394,0.9823724625424594,-7.846223627938712e-12,1.3296758199013075,2.1427936673898285,-0.6379485417950733,-1.1282442570821816e-11,-2.156511093420881,-3.6097432795342344,1.5326232605514563,-4.93866882738497e-12
1.7125,1,896,-0.07846284672439537,-7.0284555603375814e-12,2.1127978799404015,2.6412238812726394,0.9010067435110248,-7.846223627938712e-12,1.355846544588864,2.1427936673898285,-0.5179460453500487,-1.1282442570821816e-11,-2.156511093420881,-3.6097432795342344,1.5945752033234935,-4.93866882738497e-12
1.7166666666666666,1,896,-0.08127361869646114,-7.0284555603375814e-12,2.106294400243832,2.6412238812726394,0.8527778806189904,-7.846223627938712e-12,1.3885315238408353,2.1427936673898285,-0.6371235218267135,-1.1282442570821816e-11,-2.156511093420881,-3.6097432795342344,1.4823671831190288,-4.93866882738497e-12
1.7208333333333332,1,896,-0.09001133396746805,-7.0284555603375814e-12,2.103835993000877,2.6412238812726394,0.7657772074250715,-7.846223627938712e-12,1.4088865374583528,2.1427936673898285,-0.5165154460558649,-1.1282442570821816e-11,-2.1589982298911203,-3.6097432795342344,1.5914557660287019,-4.93866882738497e-12
1.7249999999999999,1,896,-0.0977493534063425,-7.0284555603375814e-12,2.101538996000762,2.6412238812726394,0.7065507056714359,-7.846223627938712e-12,1.4335105721476737,2.1427936673898285,-0.6254585242609605,-1.1282442570821816e-11,-2.164175052926041,-3.6097432795342344,1.5429802716766103,-4.93866882738497e-12
1.7291666666666667,1,896,-0.11018162744437608,-7.0284555603375814e-12,2.0999578169834714,2.6412238812726394,0.6146333831662046,-7.846223627938712e-12,1.4419363121202695,2.1427936673898285,-0.49768848624613454,-1.1282442570821816e-11,-2.1683205444463862,-3.6097432795342344,1.5634435406982043,-4.93866882738497e-12
1.7333333333333334,1,896,-0.11038805666707593,-7.0284555603375814e-12,2.092997595854714,2.6412238812726394,0.5774774603160457,-7.846223627938712e-12,1.4633577296001523,2.1427936673898285,-0.6199676627210271,-1.1282442570821816e-11,-2.1702122522475538,-3.6097432795342344,1.4516123987053386,-4.93866882738497e-12
1.7375,1,896,-0.11586106137284975,-7.0284555603375814e-12,2.090545439704049,2.6412238812726394,0.5029637082610834,-7.846223627938712e-12,1.4776884586304444,2.1427936673898285,-0.49962409211010556,-1.1282442570821816e-11,-2.174481041126571,-3.6097432795342344,1.578281848628884,-4.93866882738497e-12
1.7416666666666667,1,896,-0.12174730307524259,-7.0284555603375814e-12,2.0903153110525734,2.6412238812726394,0.45036278767999005,-7.846223627938712e-12,1.4954523979235594,2.1427936673898285,-0.6031306734433587,-1.1282442570821816e-11,-2.1793058764926525,-3.6097432795342344,1.512653571220015,-4.93866882738497e-12
1.7458333333333333,1,896,-0.13074951238483606,-7.0284555603375814e-12,2.0924852031390393,2.6412238812726394,0.3689229172120226,-7.846223627938712e-12,1.5044950524156455,2.1427936673898285,-0.4761964787750361,-1.1282442570821816e-11,-2.1823700775705035,-3.6097432795342344,1.4248911259826038,-4.93866882738497e-12
1.75,1,896,-0.11596625960964954,-7.0284555603375814e-12,2.088644051965556,2.6412238812726394,0.36381950834649784,-7.846223627938712e-12,1.5326235568534865,2.1427936673898285,-0.6076270331171186,-1.1282442570821816e-11,-2.187656179646477,-3.6097432795342344,1.4367853794484657,-4.93866882738497e-12
1.7541666666666667,1,896,-0.12262341838160776,-7.0284555603375814e-12,2.0932151590201635,2.6412238812726394,0.2876519585976909,-7.846223627938712e-12,1.5420605441255204,2.1427936673898285,-0.4689527911490202,-1.1282442570821816e-11,-2.192365983234874,-3.6097432795342344,1.4879322950799188,-4.93866882738497e-12
1.7583333333333333,1,896,-0.11893073122355953,-7.0284555603375814e-12,2.0970251542186777,2.6412238812726394,0.25806459662930425,-7.846223627938712e-12,1.561928680261072,2.1427936673898285,-0.5815288361833038,-1.1282442570821816e-11,-2.1956872433540977,-3.6097432795342344,1.365708172847199,-4.93866882738497e-12
1.7625,1,896,-0.11387261784813235,-7.0284555603375814e-12,2.096355136024718,2.6412238812726394,0.2098607825036312,-7.846223627938712e-12,1.5714504467148742,2.1427936673898285,-0.4676028868138062,-1.1282442570821816e-11,-2.200617191809577,-3.6097432795342344,1.4909039212756328,-4.93866882738497e-12
1.7666666666666666,1,896,-0.1130335552479687,-7.0284555603375814e-12,2.0957965831160528,2.6412238812726394,0.17535159862809654,-7.846223627938712e-12,1.5811627326182118,2.1427936673898285,-0.5725417861118913,-1.1282442570821816e-11,-2.205469983064996,-3.6097432795342344,1.4199825746131247,-4.93866882738497e-12
1.7708333333333333,1,896,-0.11405978846152658,-7.0284555603375814e-12,2.0953850758108734,2.6412238812726394,0.11601122952704311,-7.846223627938712e-12,1.582462869407976,2.1427936673898285,-0.45145808600765214,-1.1282442570821816e-11,-2.210281616399029,-3.6097432795342344,1.416970393564103,-4.93866882738497e-12
1.775,1,896,-0.10280805482253376,-7.0284555603375814e-12,2.0950520073024714,2.6412238812726394,0.10564163249044613,-7.846223627938712e-12,1.595800015703506,2.1427936673898285,-0.5779793705821422,-1.1282442570821816e-11,-2.213613580428601,-3.6097432795342344,1.2608087495963192,-4.93866882738497e-12
1.7791666666666666,1,896,-0.09134173278922642,-7.0284555603375814e-12,2.0947763154838217,2.6412238812726394,0.07254202493321629,-7.846223627938712e-12,1.6061622832302125,2.1427936673898285,-0.4721120382646573,-1.1282442570821816e-11,-2.219060204061182,-3.6097432795342344,1.3802614098900599,-4.93866882738497e-12
1.7833333333333332,1,896,-0.08721423542219611,-7.0284555603375814e-12,2.094499401757834,2.6412238812726394,0.04663751311959841,-7.846223627938712e-12,1.6163510577415074,2.1427936673898285,-0.5804300406417027,-1.1282442570821816e-11,-2.224397441227264,-3.6097432795342344,1.280789138299599,-4.93866882738497e-12
1.7874999999999999,1,896,-0.08268000131136323,-7.0284555603375814e-12,2.0943495762104445,2.6412238812726394,0.0006770324970579649,-7.846223627938712e-12,1.6206474838962235,2.1427936673898285,-0.4615305956341152,-1.1282442570821816e-11,-2.2287534577411106,-3.6097432795342344,1.4230520748574849,-4.93866882738497e-12
1.7916666666666667,1,896,-0.08373822781325217,-7.0284555603375814e-12,2.097316148306931,2.6412238812726394,-0.03287611078288362,-7.846223627938712e-12,1.6271022904390484,2.1427936673898285,-0.5657922586370483,-1.1282442570821816e-11,-2.2333160672573045,-3.6097432795342344,1.2867810311682344,-4.93866882738497e-12
1.7958333333333334,1,896,-0.07797703797393775,-7.0284555603375814e-12,2.096605480990334,2.6412238812726394,-0.07336064324571281,-7.846223627938712e-12,1.6277546843867992,2.1427936673898285,-0.45285831710167435,-1.1282442570821816e-11,-2.2386527861573318,-3.6097432795342344,1.3675878536602153,-4.93866882738497e-12
1.8,1,896,-0.07281508966023675,-7.0284555603375814e-12,2.0960432275700334,2.6412238812726394,-0.09173717713703207,-7.846223627938712e-12,1.6332504560200123,2.1427936673898285,-0.5712147021434775,-1.1282442570821816e-11,-2.243454942018023,-3.6097432795342344,1.234584411046114,-4.93866882738497e-12
1.8041666666666667,1,896,-0.06487399509160914,-7.0284555603375814e-12,2.095588159292808,2.6412238812726394,-0.12619415515312704,-7.846223627938712e-12,1.6361229195758153,2.1427936673898285,-0.45926272093681436,-1.1282442570821816e-11,-2.249359448106593,-3.6097432795342344,1.3155279125055015,-4.93866882738497e-12
1.8083333333333333,1,896,-0.05869620860605914,-7.0284555603375814e-12,2.0952306241026752,2.6412238812726394,-0.1404462038491887,-7.846223627938712e-12,1.643282843185334,2.1427936673898285,-0.5804537269488083,-1.1282442570821816e-11,-2.252396838548201,-3.6097432795342344,1.2276382325782145,-4.93866882738497e-12
1.8125,1,896,-0.05464312439324045,-7.0284555603375814e-12,2.094948792255601,2.6412238812726394,-0.18015045963078863,-7.846223627938712e-12,1.644190816451387,2.1427936673898285,-0.46229591344151044,-1.1282442570821816e-11,-2.257084879695281,-3.6097432795342344,1.3321648764160265,-4.93866882738497e-12
1.8166666666666667,1,896,-0.05276271034029968,-7.0284555603375814e-12,2.0947368901181824,2.6412238812726394,-0.20007111756903515,-7.846223627938712e-12,1.6488264072023462,2.1427936673898285,-0.5788245678381182,-1.1282442570821816e-11,-2.2616652234486443,-3.6097432795342344,1.2050567253723419,-4.93866882738497e-12
1.8208333333333333,1,896,-0.047126608020635216,-7.0284555603375814e-12,2.0945616859892633,2.6412238812726394,-0.2334189362377294,-7.846223627938712e-12,1.6498899261179993,2.1427936673898285,-0.46586764516449564,-1.1282442570821816e-11,-2.266753177469526,-3.6097432795342344,1.3049388928944474,-4.93866882738497e-12
1.825,1,896,-0.04453568967003681,-7.0284555603375814e-12,2.094425324352919,2.6412238812726394,-0.2488151216666715,-7.846223627938712e-12,1.6547828724538212,2.1427936673898285,-0.5854672928299486,-1.1282442570821816e-11,-2.272032385653327,-3.6097432795342344,1.1844526014043575,-4.93866882738497e-12
1.8291666666666666,1,896,-0.03955794946402592,-7.0284555603375814e-12,2.0943207751708286,2.6412238812726394,-0.28063961339378257,-7.846223627938712e-12,1.6559828001833274,2.1427936673898285,-0.47083556332568016,-1.1282442570821816e-11,-2.2772724394736747,-3.6097432795342344,1.2917535308190682,-4.93866882738497e-12
1.8333333333333333,1,896,-0.03734133698529829,-7.0284555603375814e-12,2.0966984236694035,2.6412238812726394,-0.29343841815442506,-7.846223627938712e-12,1.6629392865436163,2.1427936673898285,-0.5906730239634213,-1.1282442570821816e-11,-2.2820827786228612,-3.6097432795342344,1.1802134920183844,-4.93866882738497e-12
1.8375,1,896,-0.03460687248606807,-7.0284555603375814e-12,2.096099558364748,2.6412238812726394,-0.3263958566329683,-7.846223627938712e-12,1.6626723788876976,2.1427936673898285,-0.4727201054971057,-1.1282442570821816e-11,-2.287235454963556,-3.6097432795342344,1.300557205740942,-4.93866882738497e-12
1.8416666666666666,1,896,-0.03580233070008034,-7.0284555603375814e-12,2.0956841024783697,2.6412238812726394,-0.34249487927815103,-7.846223627938712e-12,1.6662840875115017,2.1427936673898285,-0.5913562354567076,-1.1282442570821816e-11,-2.2902853604193933,-3.6097432795342344,1.1936548153191955,-4.93866882738497e-12
1.8458333333333332,1,896,-0.03477420057651588,-7.0284555603375814e-12,2.0953483792141387,2.6412238812726394,-0.37483366567643145,-7.846223627938712e-12,1.6656574968571802,2.1427936673898285,-0.4731604485053109,-1.1282442570821816e-11,-2.2938275260706766,-3.6097432795342344,1.3031481208279885,-4.93866882738497e-12
1.8499999999999999,1,896,-0.03641713206438196,-7.0284555603375814e-12,2.0950709119597115,2.6412238812726394,-0.38761876238583065,-7.846223627938712e-12,1.668800305060834,2.1427936673898285,-0.5949447003184727,-1.1282442570821816e-11,-2.2979715915481,-3.6097432795342344,1.1689790029732523,-4.93866882738497e-12
1.8541666666666667,1,896,-0.03412094087799511,-7.0284555603375814e-12,2.094859684274987,2.6412238812726394,-0.4140531459947641,-7.846223627938712e-12,1.6695910986104399,2.1427936673898285,-0.48060938117354657,-1.1282442570821816e-11,-2.301877298088164,-3.6097432795342344,1.2589136156614404,-4.93866882738497e-12
1.8583333333333334,1,896,-0.03381554584620169,-7.0284555603375814e-12,2.0946874857385085,2.6412238812726394,-0.4198038294479505,-7.846223627938712e-12,1.675096771386814,2.1427936673898285,-0.6068443337383614,-1.1282442570821816e-11,-2.306297669852227,-3.6097432795342344,1.1380451667643317,-4.93866882738497e-12
1.8625,1,896,-0.0317997002552378,-7.0284555603375814e-12,2.0945658485796863,2.6412238812726394,-0.4441291971090499,-7.846223627938712e-12,1.6776867275379566,2.1427936673898285,-0.48953793043163485,-1.1282442570821816e-11,-2.309815117062748,-3.6097432795342344,1.233314074415618,-4.93866882738497e-12
1.8666666666666667,1,896,-0.032026493959573354,-7.0284555603375814e-12,2.0944755914229183,2.6412238812726394,-0.44832227394051,-7.846223627938712e-12,1.6852298180221417,2.1427936673898285,-0.6154014102472666,-1.1282442570821816e-11,-2.3132830987566106,-3.6097432795342344,1.131161666585214,-4.93866882738497e-12
1.8708333333333333,1,896,-0.03194614358814733,-7.0284555603375814e-12,2.0943604414071957,2.6412238812726394,-0.4726671721288397,-7.846223627938712e-12,1.6873904495654983,2.1427936673898285,-0.4944313703408156,-1.1282442570821816e-11,-2.316871221568793,-3.6097432795342344,1.2592824872940678,-4.93866882738497e-12
1.875,1,896,-0.03557384870492626,-7.0284555603375814e-12,2.0958656845675256,2.6412238812726394,-0.478923676934681,-7.846223627938712e-12,1.6938135632425841,2.1427936673898285,-0.6169677978696323,-1.1282442570821816e-11,-2.3203164905358142,-3.6097432795342344,1.16229291755604,-4.93866882738497e-12
1.8791666666666667,1,896,-0.039004547728700614,-7.0284555603375814e-12,2.095505557525942,2.6412238812726394,-0.5061300046407187,-7.846223627938712e-12,1.6942196688239557,2.1427936673898285,-0.49409937218365585,-1.1282442570821816e-11,-2.3240066830401203,-3.6097432795342344,1.293137988742153,-4.93866882738497e-12
1.8833333333333333,1,896,-0.04614740640811958,-7.0284555603375814e-12,2.0952417327984194,2.6412238812726394,-0.5153088034392299,-7.846223627938712e-12,1.697916854588504,2.1427936673898285,-0.6167958427965736,-1.1282442570821816e-11,-2.3259016054733985,-3.6097432795342344,1.1849312187354577,-4.93866882738497e-12
1.8875,1,896,-0.05078009613170357,-7.0284555603375814e-12,2.0950124738308857,2.6412238812726394,-0.5401897503266017,-7.846223627938712e-12,1.6969895937803365,2.1427936673898285,-0.4958319942879022,-1.1282442570821816e-11,-2.329189031251212,-3.6097432795342344,1.2938550897984011,-4.93866882738497e-12
1.8916666666666666,1,896,-0.0576507587705001,-7.0284555603375814e-12,2.0948290569130976,2.6412238812726394,-0.5444582340894967,-7.846223627938712e-12,1.7004576058864955,2.1427936673898285,-0.6217939103144672,-1.1282442570821816e-11,-2.33222238290868,-3.6097432795342344,1.1578539156198926,-4.93866882738497e-12
1.8958333333333333,1,896,-0.060746000277169664,-7.0284555603375814e-12,2.0946924048697415,2.6412238812726394,-0.5632917888931439,-7.846223627938712e-12,1.7016791842996704,2.1427936673898285,-0.5039960108053434,-1.1282442570821816e-11,-2.335193271601652,-3.6097432795342344,1.2556893476420712,-4.93866882738497e-12
1.9,1,896,-0.06617023964277276,-7.0284555603375814e-12,2.094574474312846,2.6412238812726394,-0.5618013885168242,-7.846223627938712e-12,1.7074765704335737,2.1427936673898285,-0.6334901678604717,-1.1282442570821816e-11,-2.338930059312984,-3.6097432795342344,1.133991276308819,-4.93866882738497e-12
1.9041666666666666,1,896,-0.06957162998565009,-7.0284555603375814e-12,2.0944839682500405,2.6412238812726394,-0.5783859216175159,-7.846223627938712e-12,1.7098341407990383,2.1427936673898285,-0.5135911082731074,-1.1282442570821816e-11,-2.34212216349646,-3.6097432795342344,1.2446283655788315,-4.93866882738497e-12
1.9083333333333332,1,896,-0.07611728352037671,-7.0284555603375814e-12,2.0944102222371854,2.6412238812726394,-0.5763151720946139,-7.846223627938712e-12,1.7162868589195468,2.1427936673898285,-0.6407655459832786,-1.1282442570821816e-11,-2.3453589847563636,-3.6097432795342344,1.1170978045474673,-4.93866882738497e-12
1.9124999999999999,1,896,-0.07992529669332837,-7.0284555603375814e-12,2.094362573552096,2.6412238812726394,-0.5910018327603594,-7.846223627938712e-12,1.7195086791994336,2.1427936673898285,-0.518913120855772,-1.1282442570821816e-11,-2.348192603945246,-3.6097432795342344,1.2236605128053952,-4.93866882738497e-12
1.9166666666666667,1,896,-0.08579093749566517,-7.0284555603375814e-12,2.0962249502922927,2.6412238812726394,-0.5842854040317813,-7.846223627938712e-12,1.7277409769259306,2.1427936673898285,-0.6470255584281009,-1.1282442570821816e-11,-2.3509437935036708,-3.6097432795342344,1.103368421530335,-4.93866882738497e-12
1.9208333333333334,1,896,-0.09069852799132384,-7.0284555603375814e-12,2.0958155848691633,2.6412238812726394,-0.5986976239187677,-7.846223627938712e-12,1.7311800646904258,2.1427936673898285,-0.5223703081092278,-1.1282442570821816e-11,-2.353570586449708,-3.6097432795342344,1.2084337572360848,-4.93866882738497e-12
1.925,1,896,-0.09818105322972591,-7.0284555603375814e-12,2.0954775070112452,2.6412238812726394,-0.5931322686584903,-7.846223627938712e-12,1.7386817507599837,2.1427936673898285,-0.6494394214888707,-1.1282442570821816e-11,-2.356773794477256,-3.6097432795342344,1.0790543582378458,-4.93866882738497e-12
1.9291666666666667,1,896,-0.10262402737433778,-7.0284555603375814e-12,2.095220889968779,2.6412238812726394,-0.6039253162736162,-7.846223627938712e-12,1.7429122109360888,2.1427936673898285,-0.5258885029592104,-1.1282442570821816e-11,-2.359489540680247,-3.6097432795342344,1.186586729735683,-4.93866882738497e-12
1.9333333333333333,1,896,-0.1102537756494273,-7.0284555603375814e-12,2.0949996172864713,2.6412238812726394,-0.5961210218537762,-7.846223627938712e-12,1.7509103785339764,2.1427936673898285,-0.6532110544501122,-1.1282442570821816e-11,-2.363009683533966,-3.6097432795342344,1.0530631513463944,-4.93866882738497e-12
1.9375,1,896,-0.11452503789449084,-7.0284555603375814e-12,2.0948453069756536,2.6412238812726394,-0.604515443639258,-7.846223627938712e-12,1.7561317758440258,2.1427936673898285,-0.5286973866223227,-1.1282442570821816e-11,-2.3649186474237713,-3.6097432795342344,1.1575378040667028,-4.93866882738497e-12
1.9416666666666667,1,896,-0.1220072838066314,-7.0284555603375814e-12,2.0947057144099,2.6412238812726394,-0.5943943031547696,-7.846223627938712e-12,1.7651333479469828,2.1427936673898285,-0.6567166342999335,-1.1282442570821816e-11,-2.3677178261109275,-3.6097432795342344,1.0324222344562215,-4.93866882738497e-12
1.9458333333333333,1,896,-0.12667272799040213,-7.0284555603375814e-12,2.0946027122534505,2.6412238812726394,-0.6012169198635681,-7.846223627938712e-12,1.7704436959978311,2.1427936673898285,-0.5315160226976277,-1.1282442570821816e-11,-2.370087131809432,-3.6097432795342344,1.1520093400481064,-4.93866882738497e-12
1.95,1,896,-0.1357139900363796,-7.0284555603375814e-12,2.0945063602573875,2.6412238812726394,-0.5916790058836934,-7.846223627938712e-12,1.7786895074176179,2.1427936673898285,-0.6578293400436332,-1.1282442570821816e-11,-2.37315555425048,-3.6097432795342344,1.0291351125574337,-4.93866882738497e-12
1.9541666666666666,1,896,-0.1415809569419576,-7.0284555603375814e-12,2.094446565814571,2.6412238812726394,-0.5983226675736039,-7.846223627938712e-12,1.7832015978583822,2.1427936673898285,-0.5309126847369184,-1.1282442570821816e-11,-2.3748366532144978,-3.6097432795342344,1.1497028579391542,-4.93866882738497e-12
1.9583333333333333,1,896,-0.15185159054448108,-7.0284555603375814e-12,2.094385438272187,2.6412238812726394,-0.5885918294655569,-7.846223627938712e-12,1.7904939810535252,2.1427936673898285,-0.6570632385856104,-1.1282442570821816e-11,-2.3771407472301274,-3.6097432795342344,1.0239953657467018,-4.93866882738497e-12
1.9625,1,896,-0.15648605247337136,-7.0284555603375814e-12,2.0992706254259255,2.6412238812726394,-0.5888066296220916,-7.846223627938712e-12,1.7960986231651812,2.1427936673898285,-0.5318886282717687,-1.1282442570821816e-11,-2.3791211997442985,-3.6097432795342344,1.1489250013863421,-4.93866882738497e-12
1.9666666666666666,1,896,-0.16921116526933544,-7.0284555603375814e-12,2.0982407091341098,2.6412238812726394,-0.5818463996301233,-7.846223627938712e-12,1.8018172666603347,2.1427936673898285,-0.6560745681997435,-1.1282442570821816e-11,-2.3817719965189803,-3.6097432795342344,1.0281938970449556,-4.93866882738497e-12
1.9708333333333332,1,896,-0.17772314294427335,-7.0284555603375814e-12,2.097430125577239,2.6412238812726394,-0.5887633735448806,-7.846223627938712e-12,1.8037498197316366,2.1427936673898285,-0.5280334519823819,-1.1282442570821816e-11,-2.384289175001892,-3.6097432795342344,1.1491306382497988,-4.93866882738497e-12
1.9749999999999999,1,896,-0.19051177270910025,-7.0284555603375814e-12,2.096769797724216,2.6412238812726394,-0.5790431105561669,-7.846223627938712e-12,1.8085593729708629,2.1427936673898285,-0.6554287871084596,-1.1282442570821816e-11,-2.3864922606152317,-3.6097432795342344,1.0279224067191592,-4.93866882738497e-12
1.9791666666666667,1,896,-0.19937095747724137,-7.0284555603375814e-12,2.0962574636479094,2.6412238812726394,-0.5841690855541058,-7.846223627938712e-12,1.8098614242236546,2.1427936673898285,-0.5280545930190532,-1.1282442570821816e-11,-2.388636373811318,-3.6097432795342344,1.1487976302638765,-4.93866882738497e-12
1.9833333333333334,1,896,-0.21277735494410133,-7.0284555603375814e-12,2.095828232030573,2.6412238812726394,-0.5732652468369536,-7.846223627938712e-12,1.813851014137514,2.1427936673898285,-0.6561251292099176,-1.1282442570821816e-11,-2.390649778795691,-3.6097432795342344,1.0235537711971896,-4.93866882738497e-12
1.9875,1,896,-0.22194827705466347,-7.0284555603375814e-12,2.0955020284986023,2.6412238812726394,-0.5769930136069004,-7.846223627938712e-12,1.8146938132960986,2.1427936673898285,-0.5285980180245257,-1.1282442570821816e-11,-2.3924150269747293,-3.6097432795342344,1.1367387951050054,-4.93866882738497e-12
1.9916666666666667,1,896,-0.2353154107237486,-7.0284555603375814e-12,2.095229299675556,2.6412238812726394,-0.564239916343278,-7.846223627938712e-12,1.8186584204348475,2.1427936673898285,-0.65825260230249,-1.1282442570821816e-11,-2.3947817425908884,-3.6097432795342344,1.013856330087591,-4.93866882738497e-12
1.9958333333333333,1,896,-0.24480400830947927,-7.0284555603375814e-12,2.0950184037002857,2.6412238812726394,-0.5669746004277689,-7.846223627938712e-12,1.8194047823026893,2.1427936673898285,-0.5310846680168135,-1.1282442570821816e-11,-2.3964444936185196,-3.6097432795342344,1.1076427059106737,-4.93866882738497e-12
2.0,1,896,-0.2571759205053906,-7.0284555603375814e-12,2.094839938100373,2.6412238812726394,-0.5514095475066061,-7.846223627938712e-12,1.8244491028398557,2.1427936673898285,-0.6631287886182378,-1.1282442570821816e-11,-2.3985020992199413,-3.6097432795342344,0.965864059630603,-4.93866882738497e-12
2.0041666666666664,1,896,-0.2649041641067088,-7.027979926795858e-12,2.0946799148629203,2.6411789913782977,-0.5506069333482612,-7.845417440337852e-12,1.8272651797071697,2.1427619331365455,-0.5367727305310805,-1.1282687666479306e-11,-2.397391524351682,-3.6097333521674586,1.0186516270726742,-4.9389465776318194e-12
2.0083333333333333,1,896,-0.27292537381790893,-7.026553352146157e-12,2.0945301600867934,2.6410443524605647,-0.5279452903138804,-7.84299943005598e-12,1.8365768178779096,2.1426667521257685,-0.6665700729260648,-1.1283422785475455e-11,-2.3974337641595027,-3.6097035768708525,0.9797079666293103,-4.939779638016222e-12
2.0125,1,896,-0.28306592893312704,-7.0241768140914865e-12,2.0944606942525756,2.640820056794228,-0.5312740617861808,-7.838971254276564e-12,1.8374744502438902,2.1425081895898077,-0.5306918586567612,-1.1284647423996422e-11,-2.397364478143023,-3.6096539740509175,0.9223264930567117,-4.941167437600203e-12
2.0166666666666666,1,896,-0.2851246392630598,-7.020851941392317e-12,2.094417139076379,2.6405062581003347,-0.49850146107237914,-7.83333567371007e-12,1.8518053140866895,2.142286354199505,-0.6696589834144074,-1.1286360742736138e-11,-2.399070628672047,-3.6095845777029485,0.7200057816822234,-4.943109025255248e-12
2.0208333333333335,1,896,-0.27983416154277957,-7.0165810127503156e-12,2.0943635718756375,2.6401031714408343,-0.4787737760740378,-7.826096550701914e-12,1.8675486624303606,2.1420013979897568,-0.5502561491170477,-1.1288561567471522e-11,-2.400443984717602,-3.6094954353877355,0.8079480332877521,-4.945603070314165e-12
2.025,1,896,-0.28077111563166746,-7.011366955246636e-12,2.094255267389079,2.639611073071189,-0.44890096841485383,-7.817258846585404e-12,1.8865503564441033,2.141653516255314,-0.6807430485892013,-1.129124838986723e-11,-2.4020083326450936,-3.609386608198969,0.6670804054510764,-4.94864786348305e-12
2.029166666666667,1,896,-0.2763070286778963,-7.005213342335844e-12,2.0975713184608713,2.63903030025104,-0.43295422425269686,-7.80682861828149e-12,1.9043850341560087,2.141242947416941,-0.5516229844579142,-1.1294419368509406e-11,-2.402800441145285,-3.6092581707213682,0.7901466798925902,-4.952241318012756e-12
2.033333333333333,1,896,-0.2821728770901122,-6.998124391396848e-12,2.096843240790653,2.6383612510130687,-0.4141673601446641,-7.794813014147647e-12,1.921565999048333,2.140769972858011,-0.6728514362908204,-1.1298072330167682e-11,-2.403691128581853,-3.6091102109795643,0.6600407430070641,-4.956380971129045e-12
2.0375,1,896,-0.28207292778500065,-6.99010496084252e-12,2.096281043111204,2.6376043838902024,-0.406639985378939,-7.781220269078757e-12,1.9345130782353712,2.1402349167316617,-0.5397608935195242,-1.1302204771284605e-11,-2.406429592584915,-3.6089428303777744,0.7761441152215989,-4.9610639857204515e-12
2.0416666666666665,1,896,-0.28963496967168223,-6.981160546789984e-12,2.095840670905832,2.636760217601361,-0.3901897494575212,-7.76605969886332e-12,1.9493873409412559,2.139638145738635,-0.6623704200529438,-1.1306813859691453e-11,-2.409833329474948,-3.608756143630301,0.6512905057789948,-4.966287152282697e-12
2.0458333333333334,1,896,-0.2907471068296427,-6.9712972792938465e-12,2.095477491363365,2.6358293306959517,-0.38398107827666306,-7.74934169379887e-12,1.9604408430125906,2.1389800688759597,-0.5309491392640051,-1.1311896436549265e-11,-2.4131134315548812,-3.608550278682916,0.7804258982177061,-4.972046891118322e-12
2.05,1,896,-0.3010180568343123,-6.96052191814497e-12,2.0951934640386494,2.634812361157361,-0.37112657934202903,-7.731077711570997e-12,1.9722543965351147,2.138261137156647,-0.6537584940862203,-1.1317449018513739e-11,-2.4158497039809634,-3.6083253766251717,0.6572251052504595,-4.978339254790034e-12
2.0541666666666667,1,896,-0.30387284361111,-6.948841848237643e-12,2.094977129594931,2.6337100059657117,-0.3666258965605512,-7.711280269400813e-12,1.9809716113982172,2.1374818433005847,-0.5225708688683628,-1.1323467800122555e-11,-2.4183492559191344,-3.6080815915937037,0.7910381140744296,-4.985159930826083e-12
2.058333333333333,1,896,-0.316455595335491,-6.9362650745083484e-12,2.0947842195602693,2.632523020620188,-0.35604867230810305,-7.689962935466281e-12,1.9895321369120398,2.1366427213968553,-0.6464659553727544,-1.1329948656403445e-11,-2.4216532498825174,-3.6078190906665957,0.6722673470132228,-4.992504244675814e-12
2.0625,1,896,-0.32120734174438753,-6.922800216449575e-12,2.094651655070404,2.631252218621255,-0.3530038018310224,-7.667140319603248e-12,1.995326761498843,2.1357443465376975,-0.5154131557206056,-1.1336887145701239e-11,-2.4239727081114735,-3.6075380537488706,0.8026780179782417,-5.000367162913373e-12
2.0666666666666664,1,896,-0.3355560562481348,-6.908456502202454e-12,2.0945280352992497,2.629898470913124,-0.3435104154658612,-7.64282806329262e-12,2.0010449906550596,2.134787334424364,-0.6398004172349594,-1.1344278512721956e-11,-2.425592702999255,-3.607238673449194,0.6909262411792949,-5.008743296687358e-12
2.0708333333333333,1,896,-0.3418017605928771,-6.893243762232244e-12,2.094456141861221,2.6284627052868537,-0.3412357808507958,-7.617042828940438e-12,2.0041496457539383,2.1337723409451534,-0.5081502042182565,-1.135211769179185e-11,-2.4274419344578084,-3.6069211549478686,0.8261479574812461,-5.017626905414081e-12
2.075,1,896,-0.3581836965947688,-6.877172422591027e-12,2.0943058845711855,2.6269459057444857,-0.3331543765809283,-7.589802288458333e-12,2.0065110745010055,2.132700061725897,-0.6308424977545848,-1.136039931032916e-11,-2.4223981310603344,-3.606585715856215,0.7658295705238631,-5.027011900711865e-12
2.0791666666666666,1,896,-0.3693840693925218,-6.860253497772214e-12,2.097738204433836,2.6253491118246615,-0.33493149377107617,-7.561125111152056e-12,2.003579476914115,2.1315712316532096,-0.4986572097881626,-1.1369117692526218e-11,-2.42170811257517,-3.606232586067431,0.8206662119059785,-5.0368918505737235e-12
2.0833333333333335,1,896,-0.38313632472633613,-6.842498583161754e-12,2.097026350250901,2.6236734178901706,-0.3214535651840632,-7.531030950926472e-12,2.0058680318288244,2.130386624370837,-0.6317175890775506,-1.1378266863239358e-11,-2.42334034320438,-3.6058620075990344,0.6435027741401071,-5.047259983775537e-12
2.0875,1,896,-0.3839904090965213,-6.823919847091247e-12,2.0964476687623574,2.6219199723779343,-0.30895065177433806,-7.499540432815768e-12,2.010549688185809,2.1291470517494377,-0.5105838832877132,-1.1387840552083986e-11,-2.425069054271873,-3.605474234426997,0.7523965454539706,-5.0581091945167075e-12
2.091666666666667,1,896,-0.3945722356133235,-6.804530022498361e-12,2.0959550032826124,2.6200899770119195,-0.2920212508861784,-7.466675138848064e-12,2.016302890140461,2.127853363330169,-0.6413000471114245,-1.1397832197731982e-11,-2.427852463453778,-3.6050695323116813,0.6145062978515123,-5.069432047290125e-12
2.095833333333333,1,896,-0.39600884793733926,-6.784342398200335e-12,2.0956008257365766,2.6181846859795397,-0.28220913846654866,-7.432457593254193e-12,2.0219399107612115,2.126506445742452,-0.5134301943613264,-1.1408234952408514e-11,-2.429248616294851,-3.6046481786157014,0.7402247611065541,-5.081220781978086e-12
2.1,1,896,-0.40835587284296737,-6.7633708097864644e-12,2.095272904602524,2.616205405072097,-0.2691862272264668,-7.396911247030697e-12,2.026996449915391,2.1251072220963207,-0.6404677167781847,-1.1419041686585157e-11,-2.432913081765535,-3.6042104621138336,0.6216059501048282,-5.093467319170697e-12
2.1041666666666665,1,896,-0.41215804538505296,-6.741629630135897e-12,2.0950466584868077,2.6141534907898585,-0.2633242198049835,-7.360060461867701e-12,2.0305812603869793,2.12365665134977,-0.5091161352732532,-1.1430244993866112e-11,-2.43500162778461,-3.6037566827951037,0.7650188716189729,-5.106163265703092e-12
2.1083333333333334,1,896,-0.4280396467681875,-6.719133759567165e-12,2.0948274232822937,2.6120303494123776,-0.2555847778847496,-7.321930493452613e-12,2.0324583994071332,2.122155727651532,-0.6333738952891526,-1.1441837196064188e-11,-2.4357730313163737,-3.6032871516571903,0.6637269837037021,-5.119299920407698e-12
2.1125,1,896,-0.43593224427447397,-6.695898615626267e-12,2.094655929226305,2.6098374360347014,-0.2544390550588126,-7.282547474161157e-12,2.0312967313409,2.1206054796597367,-0.5026306397097527,-1.1453810348463043e-11,-2.4351886060131362,-3.6028021904932817,0.722279820327358,-5.132868280077567e-12
2.1166666666666667,1,896,-0.44638789981351745,-6.671940122520234e-12,2.094544718087542,2.60757625357012,-0.23793265415098674,-7.2419383951475235e-12,2.036044529397582,2.1190069698369203,-0.638198066957343,-1.1466156245262093e-11,-2.437137291995177,-3.602302131671535,0.5506932296778934,-5.146859045636741e-12
2.120833333333333,1,896,-0.44421558248741916,-6.6472747002034926e-12,2.0944635733870927,2.6052483517201463,-0.22348634813005827,-7.200131087846006e-12,2.0432831456367095,2.1173612937218693,-0.5138541991866746,-1.1478866425200363e-11,-2.438683729543965,-3.6017873179072883,0.6676893374873525,-5.161262628513355e-12
2.125,1,896,-0.453566396381885,-6.6219192531244285e-12,2.094347296210373,2.6028553259124267,-0.20775660266510682,-7.157154204896699e-12,2.0499885319543223,2.115669579178788,-0.6440267103084667,-1.1491932177355413e-11,-2.441621355482073,-3.60125810202818,0.5382739023537829,-5.176069157211184e-12
2.1291666666666664,1,896,-0.45290260357883716,-6.595891158639941e-12,2.097310995629474,2.6003988162073166,-0.19727623724101326,-7.113037200508442e-12,2.0573977877858702,2.1139329856243227,-0.5128500615404239,-1.1505344547113364e-11,-2.4429444442860375,-3.600714846732339,0.679568820984076,-5.191268484075058e-12
2.1333333333333333,1,896,-0.46614817074958953,-6.569208255105854e-12,2.0966259353159833,2.597880506173861,-0.18901502570955606,-7.06781031027234e-12,2.06104476286001,2.11215270323295,-0.6376264722060511,-1.1519094342305947e-11,-2.4458797608418963,-3.6001579243398085,0.5524145982931402,-5.206850192245571e-12
2.1375,1,896,-0.46829841493863944,-6.541888829651409e-12,2.096122346304937,2.595302121735965,-0.18347285789875195,-7.021504530439832e-12,2.0643958336651,2.1103299521212944,-0.5044674146528988,-1.1533172139510355e-11,-2.4480295901212,-3.5995877165373775,0.6777626226683665,-5.222803602798265e-12
2.1416666666666666,1,896,-0.4813265068314019,-6.5139516056461824e-12,2.0956971347545754,2.5926654299895295,-0.1749947642418417,-6.974151596679394e-12,2.066907708135148,2.1084659815119187,-0.6326508871641205,-1.1547568290507582e-11,-2.450927723190032,-3.599004614116992,0.5357514576847032,-5.239117782062437e-12
2.1458333333333335,1,896,-0.4819298460779125,-6.485415729868004e-12,2.0953719844493497,2.5899722379913714,-0.16727022942562317,-6.9257839623264846e-12,2.070390286313526,2.1065620688771713,-0.5009336712249298,-1.1562272928894844e-11,-2.452899178693129,-3.598409016707923,0.6669932736364641,-5.255781549114533e-12
2.15,1,896,-0.4945707593279298,-6.45630075938074e-12,2.095085032378985,2.587224391520759,-0.15857359364635734,-6.876434776141682e-12,2.072292102260783,2.1046195190636703,-0.6300384636761716,-1.1577275976847499e-11,-2.456115421208786,-3.597801332502885,0.538004298626409,-5.2727834834409864e-12
2.154166666666667,1,896,-0.4958921443438588,-6.426626648130832e-12,2.0948915397783017,2.5844237738144042,-0.15258646593703365,-6.8261378595921405e-12,2.0747778700550885,2.1026396633980244,-0.4970053800237883,-1.1592567152025902e-11,-2.457895265113886,-3.5971819779782765,0.6690879768566987,-5.290111932765279e-12
2.158333333333333,1,896,-0.5089985112444687,-6.396413733271881e-12,2.0947121392381334,2.58157230427579,-0.1451152275553548,-6.7749276836720856e-12,2.0755906505345934,2.1006238587744113,-0.6272381872800379,-1.1608135974622395e-11,-2.460632691552789,-3.596551377608753,0.5347345006353887,-5.307755021033815e-12
2.1625,1,896,-0.5104605587089066,-6.365682721226556e-12,2.094554939094587,2.578671937159703,-0.13922026234462653,-6.722839345278077e-12,2.0772776129084933,2.098573486724628,-0.49974243478823777,-1.1623971774543652e-11,-2.4598067985823717,-3.595909963576307,0.5701513500176298,-5.325700656555191e-12
2.1666666666666665,1,896,-0.5144773073010721,-6.334454673495471e-12,2.094440312857178,2.5757246602328894,-0.11874591795549037,-6.669908543155391e-12,2.08495257411598,2.0964899524712597,-0.6409724871849293,-1.1640063698723422e-11,-2.4620688184826527,-3.5952581754740773,0.3930655388048142,-5.343936540287221e-12
2.1708333333333334,1,896,-0.5054538188311823,-6.30275099222266e-12,2.0943628585184317,2.5727324934117335,-0.1006896410774112,-6.616171553431839e-12,2.0966167002845864,2.0943746839646082,-0.5127322714303384,-1.1656400718560682e-11,-2.4632330364247212,-3.5945964600050724,0.5123250122486416,-5.362450174266104e-12
2.175,1,896,-0.5096695522486763,-6.2705934055276375e-12,2.095844603958655,2.5696974873779137,-0.08604046702673497,-6.561665204755965e-12,2.095695253343579,2.092229130904048,-0.6375064303624592,-1.1672971637478086e-11,-2.465831490952504,-3.5939252706760203,0.3779777019247037,-5.38122887017188e-12
2.1791666666666667,1,896,-0.5033741778122997,-6.2380039526140124e-12,2.0954593524168668,2.5666217221729624,-0.07593820891705849,-6.506426853056488e-12,2.0951231907975383,2.090054763744474,-0.4986383787134141,-1.1689765098595548e-11,-2.467182181855761,-3.5932450674865613,0.5270667806415683,-5.400259758024399e-12
2.183333333333333,1,896,-0.5119792999353225,-6.205004968664937e-12,2.0951708345406517,2.5635073057727147,-0.06999926337709089,-6.450494355940457e-12,2.0921719290045884,2.087853072688526,-0.626749555229477,-1.1706769592513665e-11,-2.4699268457796326,-3.5925563166139844,0.403802352580559,-5.419529795003735e-12
2.1875,1,896,-0.5093296423558702,-6.17161906953567e-12,2.0949316534448377,2.5603563726426017,-0.06583884217280418,-6.393906046747494e-12,2.0901930586126785,2.085625566665276,-0.490005759684467,-1.1723973465201706e-11,-2.4720519891389894,-3.591859490093733,0.5439852278990747,-5.439025774389107e-12
2.1916666666666664,1,896,-0.5195596543687833,-6.137869136253815e-12,2.0947363227191174,2.5571710822747984,-0.0621981154993897,-6.3367007082780805e-12,2.086593404759773,2.083373772296086,-0.6222355415082081,-1.1741364925984674e-11,-2.4748817252172444,-3.591155065495898,0.4142498335413171,-5.458734334610086e-12
2.1958333333333333,1,896,-0.5176070268431939,-6.103778299337792e-12,2.0945939816106196,2.553953617708214,-0.059302361250749634,-6.278917546213722e-12,2.0851576764008612,2.0810992328483375,-0.48724657825488876,-1.175893205562408e-11,-2.47679100770469,-3.590443525597911,0.5561791351589831,-5.478641968403965e-12
2.2,1,896,-0.5284288026630531,-6.0693699229443515e-12,2.0944766956158487,2.5507061840323466,-0.05654317113436781,-6.220596162247372e-12,2.081645451319865,2.078803507177752,-0.6215002360252568,-1.1776662814486763e-11,-2.4791138393041074,-3.5897253580536765,0.421210682722581,-5.49873503207295e-12
2.2041666666666666,1,896,-0.5269749783221161,-6.03466758885594e-12,2.0943413659129995,2.547431006876025,-0.05402370241668955,-6.161776526942386e-12,2.080220553297171,2.07648816866003,-0.48956562751923294,-1.1794545050796267e-11,-2.4775215987176304,-3.589001055059356,0.481602360080096,-5.5189997548348675e-12
2.2083333333333335,1,896,-0.5299393487030246,-5.999695080318913e-12,2.0973929747572213,2.544130330882073,-0.039784490904206674,-6.102498952338685e-12,2.0845107747572507,2.0741548041125375,-0.6332460133693893,-1.1812566508961068e-11,-2.479341452387943,-3.5882711130160416,0.31000842386401084,-5.539422248260989e-12
2.2125,1,896,-0.5199324676956246,-5.9644763657437144e-12,2.096715241209322,2.5408064181689447,-0.027589878344302585,-6.042804064324934e-12,2.092313922674086,2.0718050127067817,-0.5020371193568449,-1.1830714837973928e-11,-2.4808202427891026,-3.5875360321895484,0.4356199958870984,-5.559988515794441e-12
2.216666666666667,1,896,-0.5232845007595511,-5.929035582278093e-12,2.0961614707698546,2.53746154678038,-0.017782587914093314,-5.982732774795538e-12,2.098140362445743,2.069440404872417,-0.6388475148208367,-1.1848977599876675e-11,-2.4829688603605016,-3.586796316367557,0.2969476111069661,-5.580684462342768e-12
2.220833333333333,1,896,-0.5153053696096229,-5.8933970192647366e-12,2.0957109276977586,2.5340980091241496,-0.011941754393620867,-5.922326253611726e-12,2.097072446313732,2.067062601193539,-0.49386633674613084,-1.186734227828454e-11,-2.4845934382747563,-3.586052472514343,0.4275547698439277,-5.601495903937988e-12
2.225,1,896,-0.5198315560475595,-5.857585101594541e-12,2.095376303337635,2.530718110400949,-0.006293546192259835,-5.861625900385731e-12,2.0948263827396,2.064673231298014,-0.6257754705272792,-1.1885796286964285e-11,-2.486740661829386,-3.585305010423326,0.28210058324120685,-5.622408577457592e-12
2.2291666666666665,1,896,-0.5118234220984378,-5.821624372967039e-12,2.095018376515032,2.527324167024535,-0.0011501955298166035,-5.8006733161076174e-12,2.094313237404805,2.062273932740618,-0.48886414168383185,-1.1904326978460155e-11,-2.4868310305162313,-3.5845544423676876,0.3590219438010007,-5.6434081503997534e-12
2.2333333333333334,1,896,-0.5112963056803167,-5.785539479069347e-12,2.0948156360149754,2.5239185050341657,0.010861038745885843,-5.739510274633986e-12,2.0968800769704004,2.0598663498807337,-0.6288747659571562,-1.192292165276183e-11,-2.4893588525394534,-3.583801282749281,0.21166978799575728,-5.664480230706137e-12
2.2375,1,896,-0.4995782070672603,-5.7493551506852695e-12,2.094623161558786,2.5205034585004533,0.0183756067738527,-5.678178694058315e-12,2.0960284201829364,2.0574521327553925,-0.48633362884180376,-1.1941567566008363e-11,-2.4907253472062862,-3.583046047746088,0.35186464453744154,-5.685610376625468e-12
2.2416666666666667,1,896,-0.5019282677697768,-5.713096186746025e-12,2.0944656097468424,2.5170813679257056,0.02317307287352374,-5.616720607982336e-12,2.092962063550755,2.0550329359484185,-0.6170774183897398,-1.1960251939222207e-11,-2.4888380501072866,-3.582289254958454,0.282142378203299,-5.706784106611214e-12
2.245833333333333,1,896,-0.4982695895287923,-5.676787437334329e-12,2.0943441143045374,2.513654578639866,0.01870727314984865,-5.555178136708358e-12,2.088014049414939,2.0526104174564628,-0.4754385353110224,-1.197896196706726e-11,-2.489038025572275,-3.5815314230543542,0.3619669967329224,-5.727986909246489e-12
2.25,1,896,-0.500453663876872,-5.640453786653359e-12,2.0981983612272868,2.510225439193139,0.024737124611010092,-5.4935934583720664e-12,2.08749124509022,2.050186237552691,-0.6159840094371587,-1.1997684826625028e-11,-2.4900890695932203,-3.5807730714139208,0.2143989937310061,-5.749204253189474e-12
2.2541666666666664,1,896,-0.49046273637726434,-5.604120135972392e-12,2.0973369427065345,2.506796299746412,0.029145491056743314,-5.432008780035781e-12,2.08988454737401,2.047762057648919,-0.48097930199025724,-1.2016407686182794e-11,-2.490469551463273,-3.580014719773487,0.3021064100201192,-5.770421597132458e-12
2.2583333333333333,1,896,-0.48909857812854995,-5.567811386560693e-12,2.0966768656431034,2.503369510460572,0.038793326979775285,-5.370466308761798e-12,2.0938915231867994,2.045339539156963,-0.622522069903756,-1.203511771402785e-11,-2.4923365264408015,-3.579256887869387,0.17452731614498856,-5.791624399767734e-12
2.2625,1,896,-0.47814359124756123,-5.531552422621448e-12,2.0961470222403524,2.4999474198858245,0.04245415612844601,-5.3090082226858184e-12,2.100452408993288,2.042920342349989,-0.48429892540508995,-1.2053802087241693e-11,-2.493971509778578,-3.578500095081753,0.3238912905274686,-5.812798129753481e-12
2.2666666666666666,1,896,-0.48155739268399983,-5.49536809423737e-12,2.0956288750943592,2.496532373352112,0.04305689792815816,-5.247676642110147e-12,2.098896382339696,2.0405061252246477,-0.6147630334375638,-1.2072448000488227e-11,-2.492356286226805,-3.57774486007856,0.2502786833057888,-5.833928275672812e-12
2.2708333333333335,1,896,-0.47775661428872485,-5.4592832003396776e-12,2.0952897035866553,2.4931267113617426,0.036602349693588984,-5.186513600636516e-12,2.0958566138271384,2.0380985423647635,-0.4710988247402954,-1.2091042674789901e-11,-2.494211683994512,-3.5769917004601535,0.3939353228803518,-5.855000355979195e-12
2.275,1,896,-0.48543196058806803,-5.423322471712177e-12,2.095042578452377,2.4897327679853287,0.03252671353258636,-5.125561016358402e-12,2.09086981352076,2.0356992438073673,-0.6085099470011058,-1.2109573366285771e-11,-2.4961147352711546,-3.576241132404515,0.254708404508528,-5.8759999289213575e-12
2.279166666666667,1,896,-0.4797837479679181,-5.38751055404198e-12,2.094787244653701,2.486352869262128,0.03062733807855995,-5.064860663132408e-12,2.089442481042051,2.033309873911843,-0.47244005238543696,-1.2128027374965516e-11,-2.4962190479514903,-3.5754936703134983,0.32681672433570425,-5.896912602440961e-12
2.283333333333333,1,896,-0.47998489183197873,-5.351871991028624e-12,2.094646681522784,2.4829893316058977,0.03865835746577224,-5.004454141948595e-12,2.0913264870323482,2.0309320702329647,-0.6165851526735511,-1.2146392053373381e-11,-2.496772202499846,-3.574749826460284,0.20200464881168598,-5.917724044036181e-12
2.2875,1,896,-0.4706596027088029,-5.316431207563002e-12,2.0944920619361262,2.479644460217333,0.040846407532931665,-4.944382852419199e-12,2.095792135369791,2.0285674623986,-0.4790912477627223,-1.2164654815276128e-11,-2.497721961977505,-3.5740101106382927,0.2963518224337054,-5.9384199905845085e-12
2.2916666666666665,1,896,-0.47034756190535976,-5.281212492987804e-12,2.094347444330027,2.476320547504205,0.04759300748914092,-4.8846879644054476e-12,2.0951877744536485,2.0262176709928443,-0.6158442222422261,-1.2182803144288988e-11,-2.4966040143524255,-3.5732750298117995,0.19436342412740748,-5.958986258117961e-12
2.2958333333333334,1,896,-0.46208707764412477,-5.246239984450777e-12,2.0951955929971953,2.4730198715102527,0.046906744118107385,-4.825410389801747e-12,2.094652920020631,2.023884306445352,-0.47387873698290633,-1.220082460245379e-11,-2.4974672223389898,-3.5725450877684852,0.3029040083902623,-5.979408751544082e-12
2.3,1,896,-0.46338731385086274,-5.211537650362365e-12,2.094934558844571,2.469744694353931,0.0508104624887307,-4.766590754496761e-12,2.093891104297584,2.02156896792763,-0.610781565210442,-1.2218706838763293e-11,-2.4957341139569493,-3.5718207847741645,0.2169635669188245,-5.9996734743059995e-12
2.3041666666666667,1,896,-0.4575625377353898,-5.177129273968924e-12,2.0947262518331744,2.466497260678064,0.04679867284548069,-4.70826937053041e-12,2.0926711526391886,2.019273242257044,-0.46986546108346255,-1.2236437597625975e-11,-2.496612152208958,-3.57110261722993,0.3176843875017159,-6.019766537974983e-12
2.308333333333333,1,896,-0.4598797098000971,-5.143038437052905e-12,2.0945876871796,2.46327979611148,0.049626296737601466,-4.650486208466059e-12,2.092532595064691,2.0169987028092957,-0.6120365919979194,-1.225400472726538e-11,-2.49852244197027,-3.570391077331943,0.15217388441875757,-6.039674171768861e-12
2.3125,1,896,-0.4484058612945118,-5.109288503771047e-12,2.0944261425389428,2.460094505743676,0.053637097479229394,-4.59328086999664e-12,2.0977324462135525,2.014746908440106,-0.47443486040895155,-1.227139618804835e-11,-2.498641547502667,-3.569686652734108,0.24509313564969004,-6.059382731989842e-12
2.3166666666666664,1,896,-0.4462310697037712,-5.075902604641783e-12,2.0943222607987035,2.4569435726135636,0.061186414064876,-4.5366925608036816e-12,2.096810041344462,2.012519402416856,-0.6074538260829816,-1.2288600060736388e-11,-2.498126182100417,-3.5689898262138566,0.18417368498682077,-6.078878711375212e-12
2.3208333333333333,1,896,-0.4397095151879933,-5.042903620692705e-12,2.0957205243354546,2.4538291562133154,0.05628549737671696,-4.480760063687645e-12,2.094359715787465,2.0103177113609076,-0.4606883064169798,-1.2305604554654508e-11,-2.500383681206901,-3.56830107534128,0.3628510527121674,-6.09814874835455e-12
2.325,1,896,-0.448427529209536,-5.0103141677790795e-12,2.0953807051991733,2.450753391008364,0.04852650625623284,-4.425521711988168e-12,2.085727251467841,2.0081433442013337,-0.5958769087552672,-1.232239801577197e-11,-2.501076619449545,-3.5676208721518208,0.25708870556562197,-6.117179636207069e-12
2.3291666666666666,1,896,-0.44607403066813905,-4.978156581084057e-12,2.095055300260991,2.4477183849745443,0.04022704508347249,-4.371015363312294e-12,2.0790802962301584,2.0059977911407736,-0.455596567370316,-1.2338968934689374e-11,-2.5010504803962212,-3.5669496828227687,0.34259875910517384,-6.135958332112845e-12
2.3333333333333335,1,896,-0.44948268421008636,-4.946452899811247e-12,2.0948772294786684,2.4447262181533884,0.04298920058067699,-4.317278373588742e-12,2.0750769047342463,2.003882522634122,-0.5995888941095486,-1.2355305954526634e-11,-2.501492093157216,-3.5662879673537637,0.23110738123977365,-6.154471966091727e-12
2.3375,1,896,-0.44372580448618293,-4.915224852080161e-12,2.0946762058310195,2.4417789412265747,0.04004928688341771,-4.2643475714660565e-12,2.0736971055239612,2.0017989883807537,-0.45995488595166883,-1.2371397878706404e-11,-2.5020183178054576,-3.565636179251534,0.32468822137983777,-6.172707849823758e-12
2.341666666666667,1,896,-0.44561997251283875,-4.884493840034837e-12,2.0945441607471307,2.438878574110488,0.045019048186526474,-4.212259233072049e-12,2.073100958972239,1.9997486163309703,-0.6021951214780273,-1.238723367862766e-11,-2.5023068462038753,-3.5649947652190885,0.2321687520297023,-6.190653485345134e-12
2.345833333333333,1,896,-0.4405475758808918,-4.854280925175885e-12,2.094418234334471,2.4360271045718735,0.04079398979123322,-4.161049057151992e-12,2.073304103525308,1.9977328117073572,-0.45946612359788136,-1.2402802501224154e-11,-2.5029567478915618,-3.5643641648495645,0.3284151470404607,-6.2082965736136705e-12
2.35,1,896,-0.44301898757597563,-4.8246068139259775e-12,2.094337614854381,2.433226486865519,0.04479784679454815,-4.110752140602452e-12,2.0737999699403376,1.9957529560417113,-0.6011926793062197,-1.2418093676402557e-11,-2.50338304618812,-3.5637448103249563,0.23068264214235967,-6.225625022937963e-12
2.3541666666666665,1,896,-0.43790241778098116,-4.795491843438713e-12,2.0954025160954237,2.430478640394906,0.040702906223401364,-4.061402954417648e-12,2.075607416879968,1.99381040622821,-0.4581637643665049,-1.2433096724355212e-11,-2.5040973123617345,-3.5631371261199183,0.32591089409754026,-6.242626957264416e-12
2.3583333333333334,1,896,-0.4402436726817582,-4.7669559676605345e-12,2.095122627266081,2.4277854483967483,0.04491758956474296,-4.013035320064739e-12,2.077170846044872,1.991906493593463,-0.5994733285045593,-1.2447801362742474e-11,-2.5043693646894813,-3.5625415287108493,0.22353203186889986,-6.259290724316512e-12
2.3625,1,896,-0.4345384462089296,-4.7390187436553084e-12,2.094874298789187,2.4251487566503127,0.041676568863350666,-3.965682386304302e-12,2.0799625236754467,1.9900425229840875,-0.4562591431946557,-1.2462197513739701e-11,-2.5050462136439617,-3.5619584262904636,0.3190462623040793,-6.275604903580683e-12
2.3666666666666667,1,896,-0.4366072598319157,-4.711699318200863e-12,2.0947013911518626,2.422570372212417,0.04608481906779221,-3.919376606471793e-12,2.0826480485492658,1.9882197718724315,-0.5974343609917261,-1.2476275310944109e-11,-2.5051251575149363,-3.5613882184880326,0.21868272411925346,-6.291558314133378e-12
2.370833333333333,1,896,-0.43075505594984476,-4.685016414666779e-12,2.09453032425317,2.4200520621789616,0.04303888136308411,-3.8741497162356965e-12,2.0862152684105917,1.9864394894810589,-0.45392771179068914,-1.249002510613669e-11,-2.5058793332615035,-3.560831296095502,0.317077733341587,-6.307140022303889e-12
2.375,1,896,-0.4329925879059138,-4.6589883201822884e-12,2.0944382033802316,2.417595552473851,0.04687770849453078,-3.830032711847434e-12,2.089774134004866,1.9847028959265933,-0.597194937292188,-1.2503437475894643e-11,-2.5076772132656453,-3.560288040799661,0.146962484577649,-6.322339349167765e-12
2.3791666666666664,1,896,-0.42115192596881623,-4.633632873103227e-12,2.0943479647723966,2.415202526666132,0.051862117271476535,-3.787055828898132e-12,2.099493250423339,1.9830111813835125,-0.4587723463544683,-1.2516503228049691e-11,-2.5097405160175428,-3.5597588249205527,0.27837194134919835,-6.337145877865593e-12
2.3833333333333333,1,896,-0.4229460278867911,-4.608967450786483e-12,2.0981470058343263,2.412874624816158,0.05464547997197529,-3.745248521596609e-12,2.0981369378973747,1.9813655052684611,-0.593479873672561,-1.2529213407987963e-11,-2.5090382772918822,-3.559244011156306,0.20037785644094352,-6.351549460742208e-12
2.3875,1,896,-0.41774519439393876,-4.58500895768045e-12,2.0972839197231123,2.4106134423515764,0.04932165623337041,-3.704639442582975e-12,2.0957534507060154,1.979766995445645,-0.44555640712444533,-1.2541559304787013e-11,-2.5096302342026484,-3.5587439523345594,0.30299306661112385,-6.365540226301382e-12
2.3916666666666666,1,896,-0.42065658140208295,-4.561773813739552e-12,2.0966483274533516,2.4084205289739002,0.05101104623557835,-3.6652564232915195e-12,2.093786343770986,1.9782167474538495,-0.5886629682516398,-1.2553532457185868e-11,-2.5112700878750447,-3.558258991170651,0.13095865956481534,-6.379108585971251e-12
2.3958333333333335,1,896,-0.40880625105838525,-4.539277943170821e-12,2.096107209020551,2.4062973875964193,0.05544680875815941,-3.6271264548764326e-12,2.099019454897328,1.9767158237556115,-0.45101990662200014,-1.2565124659383944e-11,-2.5136246678510665,-3.5577894600327373,0.263818448226382,-6.392245240675857e-12
2.4,1,896,-0.4104973558541213,-4.517536763520253e-12,2.095659573672573,2.4042454733141807,0.058329108052401685,-3.590275669713437e-12,2.0977839424879314,1.9752652530090609,-0.5896611393152522,-1.25763279666649e-11,-2.5128360920253265,-3.5573356807140075,0.1837037075494172,-6.404941187208252e-12
2.404166666666667,1,896,-0.40528098390393996,-4.496565175106382e-12,2.095262147713868,2.402266192406738,0.052603882236553656,-3.5547293234899395e-12,2.096673014290457,1.9738660293629298,-0.44167150845955633,-1.2587134700841542e-11,-2.512856978983704,-3.5568979642121397,0.29181575547509503,-6.4171877244008635e-12
2.408333333333333,1,896,-0.40863357021516006,-4.4763775508083555e-12,2.095024589191477,2.4003609013743583,0.05362153244428043,-3.5205117778960693e-12,2.09452561030244,1.9725191117752126,-0.5817351838198593,-1.2597537455518074e-11,-2.5128852591537942,-3.55647661051616,0.21361459929793836,-6.428976459088824e-12
2.4125,1,896,-0.4050476143094525,-4.456987726215471e-12,2.0947842709623252,2.3985309060083435,0.046693629244035945,-3.4876464839283654e-12,2.092757215453925,1.9712254233559436,-0.4360088166197232,-1.260752910116607e-11,-2.512934754223291,-3.556071908400844,0.31214706187395264,-6.440299311862242e-12
2.4166666666666665,1,896,-0.40892322296033756,-4.438408990144963e-12,2.094625513705547,2.396777460496107,0.04843032788609355,-3.4561559658176605e-12,2.0904553983987877,1.9699858507345447,-0.5784777240118644,-1.2617102790010698e-11,-2.513155451949276,-3.5556841352288067,0.22785777551074857,-6.451148522603412e-12
2.4208333333333334,1,896,-0.40554858322805215,-4.420654075534502e-12,2.094454811813604,2.3951017665616163,0.0423319148858521,-3.4260618055920765e-12,2.089217048399723,1.968801243452172,-0.4339011801199645,-1.2626251960723838e-11,-2.5134738111016253,-3.55531355676041,0.3221117963086601,-6.461516655805226e-12
2.425,1,896,-0.4093901305795298,-4.4037351507156906e-12,2.0943702378414955,2.393504972641792,0.04510981924631935,-3.3973846282858006e-12,2.087728495395994,1.9676724133794847,-0.5772490454235699,-1.2634970342920895e-11,-2.513666454528998,-3.554960426971626,0.23550607354229333,-6.471396605667084e-12
2.4291666666666667,1,896,-0.4060451333886331,-4.387663811074473e-12,2.095606464279264,2.391988173099424,0.039731496188987865,-3.3701440878036948e-12,2.0877325176281647,1.9666001341602282,-0.43221174379614535,-1.2643251961458205e-11,-2.514006457429158,-3.5546249878799725,0.33090127693754917,-6.4807816009648685e-12
2.433333333333333,1,896,-0.4100629513071418,-4.372451071104264e-12,2.0952913737366594,2.390552407473154,0.042938579286104395,-3.3443588534515168e-12,2.086740804048189,1.9655851406810179,-0.5752372737140868,-1.2651091140528098e-11,-2.5142779194648646,-3.554307469378647,0.23966388706321767,-6.48966520969159e-12
2.4375,1,896,-0.4065118292203485,-4.358107356857142e-12,2.0949974215335514,2.389198659765023,0.03839711280366379,-3.3200465971408848e-12,2.08720412368233,1.9646281285676843,-0.4294835999087434,-1.2658482507548817e-11,-2.5145050687715207,-3.5540080890789705,0.3367465478083238,-6.4980413434655765e-12
2.4416666666666664,1,896,-0.41067203408355457,-4.344642498798369e-12,2.094804127668671,2.38792785776609,0.0418167768856289,-3.2972239812778544e-12,2.0867772418314434,1.963729753708526,-0.5721676607146045,-1.2665420996846611e-11,-2.5148336509386,-3.5537270521612454,0.24132278819006525,-6.505904261703134e-12
2.4458333333333333,1,896,-0.40690406185857775,-4.332065725069074e-12,2.0946095204165687,2.386740872420566,0.0379090351079313,-3.2759066473433192e-12,2.0881411007522157,1.9628906318047972,-0.4260936651752776,-1.2671901853127501e-11,-2.5150646363693605,-3.5534645512341374,0.3402501138149362,-6.513248575552866e-12
2.45,1,896,-0.4111542516362372,-4.320385655161747e-12,2.094493052239794,2.3856385172289167,0.041410505938791205,-3.256109205173135e-12,2.088209436526091,1.9621113379487347,-0.5684413404443952,-1.2677920634736317e-11,-2.515435931593288,-3.5532207662026694,0.24301722555495503,-6.5200692515889155e-12
2.4541666666666666,1,896,-0.4072831231705375,-4.30961029401287e-12,2.094361703009417,2.384621547690326,0.03785847334691412,-3.2378452229452632e-12,2.0902392147848317,1.9613924062294217,-0.4220471071650228,-1.2683473216700791e-11,-2.5156841100781047,-3.552995864144925,0.34317851249805564,-6.5263616152606274e-12
2.4583333333333335,1,896,-0.41176923449493424,-4.2997470265167334e-12,2.0981445497632816,2.3836906607849166,0.04107319572600689,-3.2211272178808136e-12,2.091655262210611,1.9607343293667467,-0.5642084427785199,-1.2688555793558603e-11,-2.5160729709759213,-3.55278999919754,0.24396020687336376,-6.532121354096252e-12
2.4625,1,896,-0.40768831111582016,-4.290802612464197e-12,2.0972823275660586,2.3828464944960754,0.038002689971608425,-3.2059666476653756e-12,2.093853149428506,1.96013755837372,-0.41731295291479603,-1.2693164881965451e-11,-2.516350497114136,-3.5526033124500667,0.3451684718954875,-6.537344520658498e-12
2.466666666666667,1,896,-0.4120937748401491,-4.282783181909869e-12,2.0966307516234264,2.382089627373209,0.041433969337658534,-3.1923739025964855e-12,2.0941938546106442,1.9596025022473704,-0.5590442796898931,-1.2697297323082374e-11,-2.516792713467106,-3.5524359318482768,0.24559378549209906,-6.542027535249904e-12
2.470833333333333,1,896,-0.407992903242971,-4.275694230970873e-12,2.0960726122243747,2.3814205781352378,0.03850193179302653,-3.1803582984626435e-12,2.0969179488965546,1.9591295276884406,-0.4122796926651138,-1.270095028474065e-11,-2.5170947731063538,-3.552287972106473,0.3475132246152181,-6.546167188366193e-12
2.475,1,896,-0.41254270942030646,-4.26954061806008e-12,2.0956386854893085,2.3808398053150888,0.04167143162793927,-3.1699280701587285e-12,2.096072154877892,1.9587189588500677,-0.5536606941762808,-1.2704121263382826e-11,-2.5174274281845834,-3.552159534628872,0.2477301161622126,-6.549760642895898e-12
2.4791666666666665,1,896,-0.4084562080691099,-4.264326560556401e-12,2.095247470142635,2.3803477069454435,0.038628322401852606,-3.16109036604222e-12,2.095295212235984,1.958371077115625,-0.40475164561158633,-1.2706808085778536e-11,-2.517533793192375,-3.5520507074401055,0.34906456179262735,-6.552805436064784e-12
2.4833333333333334,1,896,-0.4128942947523812,-4.2600556319144e-12,2.095013436378197,2.379944620285943,0.04203099228480032,-3.1538512430340635e-12,2.092653626705874,1.9580861209058762,-0.545802820328377,-1.2709008910513918e-11,-2.5178177455419513,-3.5519615651248926,0.2534654894821859,-6.555299481123701e-12
2.4875,1,896,-0.40912448669723234,-4.2567307592152305e-12,2.0947863338008283,2.3796308215920496,0.03875717430507819,-3.14821566246757e-12,2.0927961166222326,1.957864285515574,-0.39805913542492105,-1.2710722229253634e-11,-2.5184350349487388,-3.5518921687769236,0.35274093435583526,-6.557241068778746e-12
2.4916666666666667,1,896,-0.41364150959612955,-4.254354221160559e-12,2.094651036475292,2.379406525925713,0.04215529783739936,-3.1441874866881537e-12,2.091028711510662,1.9577057229796133,-0.5407841350942296,-1.27119468677746e-11,-2.518628509940575,-3.5518425659569886,0.256214268632049,-6.5586288683627275e-12
2.495833333333333,1,896,-0.409907860500965,-4.252927646510859e-12,2.094483160374733,2.37927188700798,0.03890805170463226,-3.1417694764062825e-12,2.0920591737419594,1.957610541968836,-0.39376777482821307,-1.271268198677075e-11,-2.5188330419895593,-3.5518127906603825,0.35916970215345756,-6.55946192874713e-12
2.5,1,896,-0.41479566879789354,-4.2524520129691355e-12,2.0944059081761455,2.3792269971136384,0.041832622615752664,-3.140963288805421e-12,2.090709798615622,1.9575788077155531,-0.5362800639399039,-1.271292708242824e-11,-2.519056449600042,-3.5518028632936067,0.26048771732599446,-6.559739678993979e-12
2.5041666666666664,1,896,-0.41112172115853723,-5.0793419615438973e-05,2.094286604824043,2.379102261728959,0.03859647758299028,-1.6024805032347426e-05,2.092418412351493,1.9575771191861442,-0.38916857989437637,1.0619081078856747e-05,-2.519286501282266,-3.5516824790461454,0.36405274935511767,-7.227744494114259e-05
2.5083333333333333,1,896,-0.4163189824209296,-0.0002031649625140987,2.0980746719560526,2.378728076947688,0.04108177142199382,-6.40964649391715e-05,2.0924319726397798,1.9575720538872383,-0.5316254674548287,4.2474542927140895e-05,-2.5196948065454747,-3.551321346930983,0.26142486762573863,-0.000289097375718279
2.5125,1,896,-0.4124317093219296,-0.00045708852486900744,2.097227972301486,2.37810450688446,0.03822825194842249,-0.000144206746029997,2.09459350752678,1.9575636126867484,-0.38412856724132577,9.556091456253862e-05,-2.5200862509738924,-3.550719528826248,0.3645087742613177,-0.0006504226479122608
2.5166666666666666,1,896,-0.41744684214541705,-0.0008125205981849386,2.0965994581328076,2.3772316583847966,0.040998327132462445,-0.0002563419218205619,2.0938365332913698,1.9575517970310305,-0.5265463437402702,0.00016986909990855556,-2.5203440365297514,-3.5498771278503747,0.2654423326142274,-0.001156191350297778
2.5208333333333335,1,896,-0.41391530402592863,-0.001269400281005891,2.09604055157006,2.3761096810067937,0.03769300755114027,-0.00040048277852576536,2.0963275140965787,1.9575366089446367,-0.379143113687841,0.0002653863666401707,-2.5205872070995308,-3.5487942883444332,0.3706081755724023,-0.0018063168220113699
2.525,1,896,-0.4195038429627596,-0.001827649289350247,2.0956450476289192,2.3747387669954994,0.03969491252631994,-0.0005766046183518535,2.0955531452490317,1.9575180510299672,-0.5217434055259712,0.0003820963483654559,-2.5212051550156644,-3.547471195847399,0.2560655808333643,-0.0026006876674003285
2.529166666666667,1,896,-0.4151244946307058,-0.002487171970124346,2.0952471952869542,2.373119151249972,0.03741314261407365,-0.0007846772637282642,2.094871919048125,1.9574961264668251,-0.3721852530598376,0.0005199790474298767,-2.5213345871831025,-3.5459080770643596,0.3586874594831214,-0.0035391677751097934
2.533333333333333,1,896,-0.4198878750433648,-0.0032478553175119096,2.0950211770677787,2.3712511112830326,0.0403740877432409,-0.0010246650624783226,2.0912143884641643,1.9574708390118716,-0.5136806800006372,0.0006790108383427372,-2.521469855882198,-3.544105199827672,0.2670237569846026,-0.00462159634140439
2.5375,1,896,-0.41698093965236643,-0.004109568992337606,2.0947867510256,2.369134967173711,0.03602999875671913,-0.001296526893928248,2.0909303334094855,1.9574421929979817,-0.3647517077998448,0.0008591644718254116,-2.522027843814978,-3.542062873051069,0.36794602374849356,-0.005847787897721978
2.5416666666666665,1,896,-0.42268138537146416,-0.00507216534439916,2.094662067133409,2.3667710815124083,0.03783785826265462,-0.0016002161759527036,2.0877960740148493,1.9574101933335029,-0.5082024149942566,0.001060409079480192,-2.5223633492424633,-3.5397814466767303,0.2566262834133918,-0.007217532342451532
2.5458333333333334,1,896,-0.4189021210823333,-0.006135479437767277,2.0944960915255955,2.364159859338762,0.03496670991221323,-0.0019356808729566657,2.0895947820062455,1.9573748455014122,-0.3610220716063596,0.001282710179079603,-2.5228210327368528,-3.5372613116153198,0.35808704226841237,-0.008730594976934158
2.55,1,896,-0.42415943685438884,-0.00729932907904589,2.0944120288204413,2.361301748072249,0.03744826250591077,-0.00230286350479124,2.0879544987049186,1.9573361555583795,-0.504575109471027,0.0015260296804746115,-2.523020241360303,-3.534502899679007,0.26315925536293716,-0.010386716545676529
2.5541666666666667,1,896,-0.4216119005198377,-0.008563514848590546,2.0943004393666396,2.358197237435522,0.0327417933993438,-0.0027017011566027446,2.0900360054745017,1.9572941301337266,-0.3560006589185149,0.0017903258921212794,-2.523648131360876,-3.5315066835074767,0.36511329154762323,-0.012185613280773671
2.558333333333333,1,896,-0.4279422919798215,-0.009927820134677568,2.0977411074057857,2.354846859370496,0.03376793671629018,-0.0031321254896127275,2.0893289326657003,1.9572487764282942,-0.4995012907663853,0.0020755535282243184,-2.52384764693053,-3.5282731764869455,0.2675376186998047,-0.014126976950530612
2.5625,1,896,-0.4258369128321242,-0.011392011170619902,2.0969596969059903,2.3512511879472044,0.028823644184970774,-0.003594062752827639,2.0913205852829035,1.957200102213206,-0.35078650992161525,0.0023816637164966914,-2.5244077012628976,-3.524802932662195,0.3708473289358455,-0.016210474912277072
2.5666666666666664,1,896,-0.43267068543363923,-0.012955837074820849,2.096392731136054,2.347410839265436,0.02955391898184411,-0.00408743379567537,2.0894661089861994,1.9571481158285382,-0.49455954866041846,0.0027086040065334204,-2.524769391332264,-3.52109654664164,0.2597697315381759,-0.018435750169362653
2.5708333333333333,1,896,-0.42994434553491195,-0.014619029893762677,2.0958791733132998,2.3433264713491657,0.025916069996995424,-0.0046121540815677224,2.092751262099902,1.9570928261818903,-0.34685314450576826,0.0030563183787989754,-2.5251286881406387,-3.5171546534954437,0.36483684234563746,-0.020802421432328317
2.575,1,896,-0.43667123440597244,-0.016381304647917934,2.095514986704119,2.338998784033811,0.027036107583043426,-0.005168133702384954,2.091567765129264,1.9570342427468586,-0.49019776466334847,0.003424747254225693,-2.5253274887937582,-3.5129779286467047,0.2694601471017185,-0.023310083184236708
2.5791666666666666,1,896,-0.43533102057024003,-0.01824235938057938,2.095183408437202,2.334428518846314,0.02165939114240579,-0.005755277393881127,2.0944234755732247,1.956972375561413,-0.34099467929928645,0.003813827504422378,-2.5259906843078093,-3.5085670877557242,0.3731540909697253,-0.025958305750155654
2.5833333333333335,1,896,-0.44303190798248215,-0.020201875209599714,2.0949709246782513,2.3296164588780863,0.02179506528221753,-0.0063734845520074515,2.092840869871256,1.9569072352261772,-0.4847691154648155,0.0042234924624912325,-2.5263079991371984,-3.503922886597381,0.2642474961662699,-0.028746635370782134
2.5875,1,896,-0.4412704276716959,-0.022259516382028912,2.094744853068793,2.3245634286508317,0.017626162740850576,-0.007022649250149819,2.096409047672639,1.9568388329026125,-0.3364737695782509,0.004653671934450584,-2.526772995019699,-3.499046120931636,0.3695637488982429,-0.03167459428018955
2.591666666666667,1,896,-0.4490458094106502,-0.024414930331645258,2.094614717478228,2.3192702939752654,0.018055803446974814,-0.00770266025727924,2.095103889610178,1.9567671803111046,-0.48021113868080134,0.0051042922112625655,-2.527038420139175,-3.4939376263671793,0.2641583985976313,-0.034741680787692526
2.595833333333333,1,896,-0.44776951981842,-0.026667747739364082,2.094459243454074,2.3137379618027665,0.013345580813212366,-0.008413401057010193,2.094601129850061,1.9566922897289567,-0.32851151995187144,0.005575276081462443,-2.527441308907576,-3.488598278218257,0.3665943508040958,-0.037947369363806695
2.6,1,896,-0.45563314592034354,-0.0290175825965206,2.09439277874241,2.3079673800699707,0.013942428960011032,-0.009154749867565698,2.0895167631600056,1.956614173988284,-0.47172325526124853,0.006066542844388791,-2.5275503393983545,-3.4830289913546864,0.2683977419857911,-0.04129111073029817
2.6041666666666665,1,896,-0.45521422746662216,-0.03146403227100859,2.0956667035507652,2.301959537536352,0.008483305365460565,-0.00992657966264341,2.09001227338231,1.9565328464738168,-0.32200107593045624,0.006578008324010741,-2.5280993058022143,-3.477230720045102,0.37190398188678164,-0.04477233195429682
2.6083333333333334,1,896,-0.46384857385940986,-0.03400667757627113,2.095359390581033,2.295715463614799,0.008500274058852475,-0.010728758193181467,2.0852405211119303,1.9564483211206058,-0.46651426414120184,0.00710958488335148,-2.5282420317467516,-3.4712044577934416,0.27010282074617736,-0.048390436546467894
2.6125,1,896,-0.4638351893479225,-0.03664508284312417,2.0950746186220095,2.2892362281952354,0.0029546384605034434,-0.011561148010018113,2.0860878323110925,1.9563606124116353,-0.3171453267096712,0.007661181439504015,-2.5288123576273187,-3.46495123716872,0.3740899847454271,-0.05214480456321481
2.6166666666666667,1,896,-0.47288829931422105,-0.03937879599440845,2.094883976240885,2.2825229414612926,0.0028857015481138525,-0.0124236064874436,2.081858768705872,1.956269735375341,-0.4621608895212115,0.008232703479238214,-2.5289636518953476,-3.458472129628099,0.2706973093461241,-0.056034792712906366
2.620833333333333,1,896,-0.47319348402086586,-0.04220734862244806,2.094694283960774,2.275576753700095,-0.0026752349059184625,-0.013315985847637567,2.0834204796415223,1.9561757055830356,-0.3126235074146924,0.00882405307519464,-2.5295561713387853,-3.451768245333301,0.3755115787541733,-0.060059734466097935
2.625,1,896,-0.48260696345284454,-0.04513025606931218,2.0945788864452357,2.268398855105154,-0.002824007787967116,-0.014238133185990808,2.0795727778698208,1.9560785391462392,-0.45776171948956773,0.009435128902664422,-2.529708255372471,-3.444840732960389,0.27203956752002734,-0.06421894016974138
2.6291666666666664,1,896,-0.4832858911164119,-0.04814701750985633,2.094450423956217,2.260990475572444,-0.008511375594402397,-0.01518989049730392,2.081561563904104,1.9559782527139211,-0.3078469098695695,0.010065826256950213,-2.5303134899218995,-3.4376907795029448,0.377664885247259,-0.06851169716535009
2.6333333333333333,1,896,-0.49309716764284406,-0.05125711603753872,2.094384062456826,2.2533528844896575,-0.008823813944773011,-0.0161710947028615,2.077839502037741,1.955874863469645,-0.4530254912732576,0.01071603707130735,-2.5304644995825396,-3.4303196100686844,0.2741788678075372,-0.07293726991111311
2.6375,1,896,-0.49415125869602233,-0.05446001875298715,2.095583088630688,2.2454873905187096,-0.014613954985037227,-0.01718157767837408,2.0803820940663216,1.9557683891286257,-0.3028153830128583,0.011385649935460023,-2.5310918079747315,-3.422728487669544,0.3806487678117938,-0.07749490010792291
2.6416666666666666,1,896,-0.5043902319463434,-0.05775517685530942,2.095291216686192,2.2373953413715006,-0.015148129996620968,-0.018221166282785625,2.0764681203267017,1.9556588479346937,-0.4480057267772283,0.012074550114691027,-2.531241165830428,-3.4149187130052687,0.27767395297725295,-0.08218380682930729
2.6458333333333335,1,896,-0.5058908215921932,-0.06114202573612906,2.095021525990259,2.2290781235789927,-0.021179123925531205,-0.019289682387940862,2.078541757212469,1.955546258657168,-0.29736570248864774,0.0127826195695013,-2.531855607824687,-3.4068916242405405,0.3846165709686134,-0.08700318665523933
2.65,1,896,-0.5165342037977477,-0.06461998507632515,2.09484355186046,2.220537162253639,-0.02186490276475899,-0.02038694290910566,2.0744117146767254,1.9554306405876423,-0.44271414312353446,0.013509736975834751,-2.532001260324042,-3.398648596775698,0.28098708793417565,-0.09195221380979499
2.654166666666667,1,896,-0.518383052363801,-0.06818845894547004,2.0946645278739053,2.2117739208451916,-0.027970499067959727,-0.021512759836338675,2.0764435526653364,1.955312013536677,-0.29179686233565505,0.014255777745867174,-2.5326143727099724,-3.390191043011059,0.38842572790574154,-0.09703004030265006
2.658333333333333,1,896,-0.5293780699109013,-0.07184683590393598,2.0945599233405727,2.202789900889955,-0.02875460399438246,-0.022666940266704867,2.0720362516224586,1.9551903978304073,-0.4373062533320962,0.015020614049353068,-2.5327550375888515,-3.3815204121049245,0.2846797627606096,-0.10223579607437448
2.6625,1,896,-0.5315910344084842,-0.07559448910766545,2.0944389918371416,2.1935866417534964,-0.03499007195750101,-0.023849286437329538,2.073931485820866,1.955065814307058,-0.28606815791462126,0.015804114835529424,-2.533360627616476,-3.3726381897252606,0.39258345083101764,-0.10756858914551747
2.6666666666666665,1,896,-0.5429314771233934,-0.07943077641557399,2.094381790733076,2.1841657203668925,-0.03588758859398041,-0.02505959575928277,2.0691670740509513,1.9549382843133745,-0.43175977405087096,0.016606145855569795,-2.533496473971451,-3.36354589779515,0.28861838887796626,-0.11302750576943815
2.6708333333333334,1,896,-0.5454611644188299,-0.08335504049958162,2.0955724271542886,2.1745287509565214,-0.04217254124281391,-0.02629766085229325,2.071234516653292,1.9548078297009646,-0.28026355442669876,0.017426569685587968,-2.534104415603522,-3.354245094232004,0.39711159521362493,-0.11861161058887698
2.675,1,896,-0.557171322251857,-0.08736660895723879,2.095290898804817,2.164677384767483,-0.04326936549577211,-0.027563269580280568,2.0659431355176743,1.9546744728225547,-0.42612188512358584,0.01826524575018403,-2.534236423250598,-3.3447373726806355,0.2932889762865061,-0.1243199467962189
2.6791666666666667,1,896,-0.5601345354708872,-0.09146479442694275,2.0950266579833126,2.154613309780656,-0.0498973292838987,-0.028856205087704836,2.067284921221572,1.9545382365281594,-0.2742411062237253,0.01912203034653201,-2.5348192725773924,-3.335024362240184,0.40202384300014393,-0.1301515362974426
2.683333333333333,1,896,-0.5721231990021881,-0.09564889470570993,2.094857067144124,2.1443382504234823,-0.051034572295146144,-0.030176245836722633,2.061587064828307,1.9543991441611663,-0.42041771559783,0.019996776669001882,-2.5349466583860334,-3.325107727184988,0.297302348203688,-0.13610537987970694
2.6875,1,896,-0.5753701004584115,-0.09991819286949827,2.0946812227384104,2.1338539672744834,-0.057773384345853974,-0.03152316564514748,2.0627494139123113,1.9542572195543366,-0.26824745975325476,0.020889334834314686,-2.5355138239465917,-3.314989166679411,0.40637431499087195,-0.1421804573825658
2.6916666666666664,1,896,-0.5875881881048431,-0.1042719573960449,2.094587020069064,2.123162256761607,-0.05894906187506634,-0.032896733725203894,2.056684540290467,1.9541124870257207,-0.4147619089138611,0.02179955190722351,-2.5349063817562407,-3.304670414486707,0.30169997391739367,-0.1483757278727624
2.6958333333333333,1,896,-0.5911756056375705,-0.10870944229021234,2.0944668569778133,2.1122649508544056,-0.06594256652594467,-0.03429671472307277,2.057606392354062,1.9539649713744929,-0.26238850953685006,0.022727271926718903,-2.5354333317093465,-3.2941532386719414,0.41052589816574697,-0.15469012982259286
2.7,1,896,-0.603630074382372,-0.1132298872118077,2.0944433013419785,2.101163916750148,-0.06724067828280877,-0.0357228687592171,2.051286510552572,1.9538146978767,-0.40924689030979117,0.023672335932751344,-2.5249246998357733,-3.2834394412990484,0.3064085448084235,-0.161122581291789
2.7041666666666666,1,896,-0.6077657840349151,-0.1178325176058646,2.094367701964384,2.0898610565538807,-0.07461942753090706,-0.037174951469484525,2.0518360857953617,1.9536616922809324,-0.2610233544488743,0.024634581993468515,-2.5250007881227305,-3.2725308581220545,0.3980367544626634,-0.16767198011290535
2.7083333333333335,1,896,-0.6190639893147042,-0.12251654483536033,2.0954226476564393,2.0783583069525093,-0.07357804572266197,-0.038652714046978266,2.047298419707221,1.9535059808039115,-0.40787884154009996,0.025613845232961757,-2.525762572631306,-3.2614293582705267,0.2640626242362848,-0.1743372040801716
2.7125,1,896,-0.6199182852882745,-0.12728116631634162,2.095131796276212,2.0666576388829636,-0.07622436624170205,-0.04015590328468792,2.0512712658416534,1.9533475901259971,-0.2601961657782099,0.02660995785951605,-2.526374085025323,-3.2501368439293166,0.3673708810723561,-0.18111711114177229
2.716666666666667,1,896,-0.630171335909138,-0.132125565655447,2.094925884586222,2.0547610571944794,-0.07438490990496621,-0.04168426161887636,2.0481246440035847,1.9531865473866166,-0.4053019721753237,0.027622749194361043,-2.5254161825274837,-3.23865525001262,0.2634501224045409,-0.1880105395955369
2.720833333333333,1,896,-0.6327984640361957,-0.13704891278978773,2.0947345428843813,2.0426706003050885,-0.08040817630949001,-0.04323752717321069,2.051683849799567,1.9530228801796141,-0.25512185752409083,0.02865204570091515,-2.526007384854419,-3.22698654383245,0.36803081333744797,-0.19501630828798583
2.725,1,896,-0.6442476405833273,-0.1420503641291789,2.0946532462029395,2.030388339852334,-0.08080371316011835,-0.04481543380363477,2.0480746218218826,1.9528566165485233,-0.39967415566812386,0.029697671014521046,-2.5161449175281057,-3.2151327247615367,0.268835259368785,-0.20213321681672103
2.7291666666666665,1,896,-0.6481111441596218,-0.14712906270067985,2.0945148714016915,2.017916380338318,-0.08858343840334343,-0.046417711143970176,2.050518911767349,1.952687784981761,-0.2514238089831018,0.03075944597266388,-2.516455417076142,-3.203095823890757,0.36616892865052897,-0.20936004573610228
2.7333333333333334,1,896,-0.6598228328165887,-0.15228413829543677,2.094425330836337,2.005256858769095,-0.08901977788745916,-0.048044084652243566,2.0466555293695188,1.9525164144077474,-0.39439759947689856,0.031837188645670866,-2.516783192640316,-3.1908779036811072,0.24462656435722252,-0.2166955567661998
2.7375,1,896,-0.6618711870013932,-0.1575147076177838,2.094330115163366,1.9924119442885166,-0.0939231144940753,-0.04969427565772656,2.050741913838506,1.952342534189948,-0.248262476055444,0.032930714367882974,-2.5174091801397513,-3.178481057610319,0.3431132742382236,-0.2241384930049604
2.7416666666666667,1,896,-0.6725878147039666,-0.16281987443659557,2.095015844747228,1.9793838378065511,-0.09304205810093817,-0.051368001408685866,2.0482884716971737,1.952166174121843,-0.39093282193219175,0.034039835769297415,-2.504293954429533,-3.1659074098141446,0.2552080516803498,-0.2316875791435772
2.745833333333333,1,896,-0.6771334873632108,-0.16819872973884784,2.0948021117873026,1.9661747716221774,-0.10199935009648879,-0.05306497512083013,2.0507656478359415,1.9519873644218222,-0.24615385318675104,0.03516436280767162,-2.5043892103088057,-3.1531591147224076,0.34965652675390674,-0.23934152168500192
2.75,1,896,-0.6892518189201504,-0.17365035188537595,2.0946494453632125,1.9527870090408834,-0.10301680334337443,-0.05478490602645014,2.047196467764438,1.951806135728007,-0.3859608857713908,0.036304102801086854,-2.50469788879379,-3.1402383566898413,0.2309930434889333,-0.247099009165584
2.7541666666666664,1,896,-0.6918057978823359,-0.1791738067687891,2.094511758893339,1.93922284398687,-0.1085451602957152,-0.05652749942423912,2.0512207977946977,1.9516225190930014,-0.24361988665047388,0.037458860460962425,-2.5051476209915218,-3.1271473496218207,0.33024494463015613,-0.2549587123797779
2.7583333333333333,1,896,-0.7031921027329086,-0.18476814797352895,2.0944141605619584,1.9254846006099873,-0.10854370468755577,-0.058292456729789575,2.0484642062335467,1.9514365459785703,-0.38320402272215104,0.03862843792551825,-2.502584612427144,-3.113888336595011,0.23637526283151075,-0.2629192846079012
2.7625,1,896,-0.7076000805559368,-0.19043241693802918,2.0943207074598043,1.9115746328875152,-0.11703939229143802,-0.060079475526753065,2.05144371532989,1.9512482482502498,-0.23940623181989015,0.03981263479367665,-2.502822609958967,-3.100463589473039,0.3328292070725632,-0.270979361846883
2.7666666666666666,1,896,-0.7199102995969051,-0.1961656431189619,2.0945085052171146,1.8974953242208155,-0.11820782846419826,-0.061888249618658145,2.0480308407750285,1.951057658171886,-0.3782806464593407,0.04101124815940043,-2.503560275160901,-3.086875408517214,0.21601786112718324,-0.2791375630439809
2.7708333333333335,1,896,-0.7226742380386708,-0.201966844157537,2.094423275971427,1.8832490870269447,-0.12390223819429427,-0.06371846908137613,2.052329979464417,1.9508648084001075,-0.23525699975868072,0.04222407264646008,-2.505208377260105,-3.0731261219923884,0.37154441365728913,-0.28739249033342007
2.775,1,896,-0.739693269954893,-0.20783502604781984,2.0940802495400734,1.8688383623253093,-0.13288480195776686,-0.06556982031622369,2.0454444439630493,1.9506697319787303,-0.3741786280538289,0.043450900443623125,-2.506051261017112,-3.0592180857680287,0.2424075950350541,-0.29574272927590417
2.779166666666667,1,896,-0.7445431407716627,-0.21376918330705436,2.0949183197818444,1.8542656193193972,-0.14099203503348864,-0.06744198610369792,2.0468864995165488,1.9504724623330947,-0.23318654899638083,0.044691521340262524,-2.5063999902474428,-3.0451536829145414,0.33308275731472026,-0.3041868491009794
2.783333333333333,1,896,-0.7569933777866336,-0.21976829914794194,2.0947657824732415,1.839533354973705,-0.14157020400874107,-0.06933464565782864,2.0425363636742957,1.9502730332643392,-0.37559088732586554,0.04594572276237408,-2.4928344831108027,-3.030935323294954,0.2303030320669795,-0.3127234029521822
2.7875,1,896,-0.7614380034935759,-0.22583134565286825,2.0946290645452854,1.824644093585883,-0.14906918635839322,-0.07124747468114517,2.0449233209693256,1.9500714789436078,-0.23508065623780472,0.04721328980900108,-2.494332510877814,-3.0165654431519875,0.39267259417022493,-0.3213509281349586
2.7916666666666665,1,896,-0.7804993240040247,-0.23195728395002582,2.0937103966357467,1.8096003863542234,-0.1603905445664461,-0.07318014542024115,2.036221892028768,1.9498678339061957,-0.3707753574478439,0.04849400528905521,-2.4949520578327524,-3.002046504690632,0.26095418690782185,-0.33006794636728104
2.7958333333333334,1,896,-0.786746419070634,-0.23814506439142522,2.0940850475646897,1.7944048109405117,-0.16962356537493453,-0.07513232672193529,2.0358652887409723,1.9496621330456319,-0.2341344792020007,0.0497876497585324,-2.495072969280033,-2.9873809956562454,0.341088664854201,-0.3388729640329526
2.8,1,896,-0.7991991572994596,-0.24439362673274134,2.094074587459114,1.779059971028371,-0.1687515473527231,-0.07710368409001099,2.0308987310549,1.9494544116077,-0.3773364293397547,0.05109400155811224,-2.496518679453929,-2.9725714289083065,0.1968124886457312,-0.34776447243752295
2.8041666666666667,1,896,-0.8003019960404929,-0.25070190031498585,2.095091449054455,1.7635684958771223,-0.17013595306029292,-0.07909387974253222,2.0361963913386467,1.9492447051843986,-0.24102622542927338,0.05241283685113924,-2.498188172622349,-2.9576203419898337,0.3554821492863932,-0.35674094806680223
2.808333333333333,1,896,-0.817052185871756,-0.2570688042479544,2.0948772918218417,1.7479330398712847,-0.17724498459391427,-0.08110257266971907,2.0295238806075626,1.949033049707844,-0.37749722198686436,0.053743929661975075,-2.4844487873371395,-2.9425302966926052,0.2641907132097295,-0.3658008528479007
2.8125,1,896,-0.8255524060483191,-0.2634932475954362,2.0946943153828337,1.732156282065751,-0.19046310478654238,-0.08312941869237962,2.028375432378568,1.9488194814441129,-0.23589256043088228,0.05508705191471935,-2.4871943404040016,-2.9273038786181966,0.4205471736626774,-0.3749426344127764
2.8166666666666664,1,896,-0.8466259539375908,-0.2699741295621355,2.0930775843882197,1.7162409257267546,-0.20379822138099288,-0.08517407052088179,2.0174784784712005,1.9486040369870272,-0.3712212148371782,0.056441973472288215,-2.4885367921244415,-2.9119436967349612,0.29098942710843906,-0.38416472636421845
2.8208333333333333,1,896,-0.8550521491384584,-0.2765103396822922,2.0929359999057033,1.700189697868669,-0.21541545635923834,-0.08723617781466098,2.0146920389183274,1.9483867532518857,-0.2374116835602596,0.057808462175848174,-2.489590518478209,-2.8964523829309883,0.35969430009463965,-0.39346554854424814
2.825,1,896,-0.867985016732576,-0.2831007580099502,2.092098692730221,1.6840053487867572,-0.21366408571197795,-0.08931538724224801,2.008505632643592,1.9481676674691382,-0.38278144607930603,0.05918628388459447,-2.4912122543882,-2.8808325915631494,0.1992655891998621,-0.4028435073048649
2.8291666666666666,1,896,-0.8689706373472192,-0.2897442553108558,2.0926786039030265,1.667690651585919,-0.21352249932328918,-0.091411342541811,2.0128646280688094,1.9479468171780052,-0.24986879016551666,0.0605752025158702,-2.4912725309484225,-2.8650869990022865,0.2852131014750422,-0.4122969957811118
2.8333333333333335,1,896,-0.8786730388877694,-0.29643969325594866,2.0920077137284547,1.6512484017055278,-0.2078375787725319,-0.09352368458219984,2.011484204897082,1.9477242402200474,-0.39134460767747453,0.06197498008561834,-2.484044165201909,-2.8492183031746228,0.15199878318479593,-0.4218243941664071
2.8375,1,896,-0.8795258127037386,-0.30318592461640403,2.0920438512038806,1.6346814164404586,-0.20908487925147926,-0.0956520514244799,2.0180627927380654,1.9474999747326809,-0.2537139906992506,0.06338537674915815,-2.4858755723064663,-2.8332292230994995,0.2950397785446747,-0.4314240699900831
2.841666666666667,1,896,-0.8942840503524938,-0.309981793460209,2.090051707700992,1.6179925344583472,-0.2132962301178365,-0.09779607838394995,2.014762802563865,1.947274059142642,-0.3887152723593359,0.0648061508422823,-2.479957371552021,-2.817122498423472,0.17761572626885988,-0.4410943783971082
2.845833333333333,1,896,-0.8994686191056656,-0.3168261353502212,2.0889101054054087,1.6011846153132092,-0.22170288210204542,-0.0999553980926276,2.0173858222280323,1.9470465321594044,-0.25017314258874357,0.06623705892266386,-2.483065621497706,-2.8009008889509,0.3176297995048551,-0.45083366242991796
2.85,1,896,-0.9166920692511448,-0.3237177775436938,2.0857636135217374,1.5842605389554603,-0.22949303960328574,-0.10212964056219732,2.0111571984035743,1.9468174327685452,-0.3868677569661152,0.06767785581156983,-2.480724286125977,-2.7845671741710536,0.19315338614894198,-0.4606402533123331
2.8541666666666665,1,896,-0.9230906527709392,-0.33065553919321405,2.0838010016660107,1.567223205238461,-0.23919140079410459,-0.10431843324740468,2.011801121406316,1.9465868002250657,-0.2510770105555506,0.06912829463587032,-2.4832091665110925,-2.768124152781877,0.3417925998865952,-0.47051247073548874
2.8583333333333334,1,896,-0.9421021315469275,-0.3376382315490402,2.079558727537702,1.550075533421633,-0.24911375688358497,-0.10652140110989133,2.003297239774158,1.9463546740466648,-0.38807826817458413,0.07058812687033987,-2.47986338945944,-2.751574642210434,0.20853180801079046,-0.4804486231457534
2.8625,1,896,-0.9491849975389249,-0.34466465816278263,2.0767565779504293,1.5328204616702688,-0.2591530213560152,-0.10873816668245453,2.0025120190569523,1.9461210940069684,-0.2536901058913336,0.07205710238024009,-2.4823239548504312,-2.7349214781301665,0.3567795017279825,-0.49044700803456104
2.8666666666666667,1,896,-0.9686827599437227,-0.351733615092415,2.071504969439298,1.5154609465520794,-0.26892870648446493,-0.1109683501337259,1.9926549911811773,1.9458861001287135,-0.3920796180840761,0.07353496946418,-2.477411969958343,-2.718167513975006,0.22622143727143507,-0.5005059122301353
2.870833333333333,1,896,-0.9767881734117733,-0.3588438911085567,2.0677067565625125,1.4979999625306182,-0.2799324167994541,-0.11321156933325147,1.9904018033135307,1.9456497326768918,-0.258175414094841,0.07502147489724248,-2.480596298604787,-2.701315620450464,0.37324617054122605,-0.5106236121910229
2.875,1,896,-0.9968970515335885,-0.3659942679020178,2.0614025869245225,1.480440501455603,-0.28972476087633825,-0.11546743991697012,1.9793985592854764,1.9454120321518489,-0.3971416789434379,0.07651636397437449,-2.4719514540175718,-2.6843686850417385,0.24377041880335404,-0.5207983743014244
2.8791666666666664,1,896,-1.0059462255914713,-0.37318352029254337,2.0565157828337624,1.4627855720502971,-0.30175581910689325,-0.11773557535307003,1.976171603335866,1.9451730392823465,-0.263338000834362,0.078019380554028,-2.4736272138651754,-2.667329611518973,0.3862503149070971,-0.5310284551682293
2.8833333333333333,1,896,-1.0261627282115455,-0.38041041643874834,2.0489615219860027,1.4450381993959622,-0.3110782330722721,-0.12001558700822115,1.964685654337301,1.9449327950185822,-0.4007025735657419,0.07953026710205002,-2.4673246413392116,-2.6502013194396934,0.24087454076379897,-0.5413121019197481
2.8875,1,896,-1.0343427155441065,-0.3876737180491814,2.0433493321503673,1.427201424413541,-0.3212783706311473,-0.12230708421416363,1.9617555743125323,1.9446913405251738,-0.26915374890706845,0.08104876473580841,-2.4693585898775545,-2.6329867436485737,0.37257595141087596,-0.5516475525060491
2.8916666666666666,1,896,-1.0529808138629169,-0.39497218059450223,2.0351112576757195,1.4092783033426046,-0.3274930219266953,-0.12460967433464763,1.9514023992531975,1.9444487171741058,-0.4081639643426684,0.08257461326855071,-2.4612901366801245,-2.6156888337745565,0.24518378270979432,-0.5620330360008804
2.8958333333333335,1,896,-1.062196019320278,-0.40230455352072797,2.028315760993849,1.3912719072176762,-0.3394626522660908,-0.12692296283271026,1.9482127354782264,1.9442049665376404,-0.27553701351562476,0.08410755125398624,-2.4628778423513715,-2.598310553725445,0.38473533047226477,-0.5724667729051117
2.9,1,896,-1.0821288771843243,-0.4096695804635035,2.018697457130075,1.3731853213420384,-0.34760106205899005,-0.12924655333827584,1.937290297495539,1.9439601303811944,-0.4111565348888384,0.08564731603108251,-2.4535822244096677,-2.580854881180066,0.24531318534993946,-0.5829469754516357
2.904166666666667,1,896,-1.0914162122764282,-0.41706599946337863,2.0109456001495527,1.3550216447590673,-0.35941849330889586,-0.13158004771607343,1.9340121652549347,1.9437142506561824,-0.27973671019039104,0.08719364376907196,-2.4560010329580684,-2.563324807078043,0.3762932126356914,-0.5934718479117002
2.908333333333333,1,896,-1.110594206547224,-0.4244925431820334,2.0004592783767143,1.3367839897212417,-0.36590351101156476,-0.13392304613385395,1.9237731637965703,1.9434673694928302,-0.4161434354564774,0.08874626951265693,-2.443812236733013,-2.5457233351073336,0.23967523713735253,-0.6040395869025893
2.9125,1,896,-1.1200087048823382,-0.43194793911943474,1.991658296068565,1.3184754811568622,-0.37805292588501244,-0.13627514713090058,1.9208686988082677,1.9432195291929535,-0.2859186345529042,0.09030492722740946,-2.4460225457300706,-2.528053481189544,0.367896684368099,-0.6146483816966316
2.9166666666666665,1,896,-1.1389601807168541,-0.4394309098318681,1.9800752379888005,1.3000992561346212,-0.38414800389704223,-0.13863594768681584,1.9115481689666947,1.942970772222712,-0.4203894579322722,0.09186934984535386,-2.4332430146737956,-2.51031827296318,0.23147928932135442,-0.6252964145314518
2.9208333333333334,1,896,-1.148530945779667,-0.4469401731508256,1.970219616228479,1.2816584633260721,-0.396629675517313,-0.14100504329057828,1.909023972276716,1.9427211412053322,-0.2913019329487827,0.09343926931072848,-2.4353935720645317,-2.492520749264868,0.3574577507574615,-0.6359818609214416
2.925,1,896,-1.1673458708315008,-0.45447444240269386,1.9575277075054458,1.2631562624661332,-0.4024621403163394,-0.14338202800985186,1.9005124747881605,1.9424706789138038,-0.4239401724752921,0.0950144166259146,-2.4216386220443322,-2.4746639596086757,0.2219049749076079,-0.6467028899703687
2.9291666666666667,1,896,-1.1771517647709693,-0.46203242662922483,1.9465752105608944,1.2445958238116677,-0.41541469733508146,-0.14576649456054225,1.8983282906344348,1.9422194282635505,-0.2961063326515912,0.09659452189752898,-2.4237419967326037,-2.4567509636635783,0.34530791680841383,-0.6574576646851003
2.933333333333333,1,896,-1.1958728577217868,-0.4696128308087281,1.9327454286780796,1.2259803275982941,-0.42107246597381726,-0.14815803437658065,1.890627075374717,1.9419674323050786,-0.4268051029129957,0.09817931438266739,-2.409214452209334,-2.4387848307292197,0.21084755389966517,-0.6682443422903519
2.9375,1,896,-1.20594057630069,-0.4772143560779733,1.9206782621460594,1.2073129634954516,-0.4345025374903999,-0.15055623767993184,1.888780639876617,1.9417147342165977,-0.30034495826352164,0.09976852253529638,-2.411062520273719,-2.4207686392099843,0.3341121577796685,-0.6790610745444485
2.9416666666666664,1,896,-1.2248146565531077,-0.48483569995473647,1.9056029593213046,1.1885969300598835,-0.44037294031711877,-0.15296069355080522,1.8816569292316803,1.9414613772966245,-0.4288766508076078,0.1013618740527799,-2.3962529477438608,-2.4027054760875455,0.20504482775328958,-0.6899060080560004
2.9458333333333333,1,896,-1.235673868004417,-0.492475556560981,1.892216324677719,1.1698354341875643,-0.45517919102634624,-0.15537098999806603,1.8797484620583718,1.941207404956563,-0.30343232445139795,0.1029590959225384,-2.398521359240017,-2.3845984363919097,0.32307355829387036,-0.700777284601483
2.95,1,896,-1.2546583907466502,-0.5001326168466066,1.875940175498758,1.1510316905642295,-0.46103051291846736,-0.15778671402982603,1.8730225798886493,1.9409528607132664,-0.43011185245716665,0.10455991446882681,-2.3830238882490082,-2.366450622671117,0.18976954389914064,-0.7116730414436242
2.9541666666666666,1,896,-1.2654622300309957,-0.507805568813751,1.8615574777765522,1.1321889211145493,-0.47558114900547,-0.16020745172420825,1.8715306411485793,1.9406977881815801,-0.30595425571845336,0.10616405539962812,-2.3847633131931576,-2.3482651444596243,0.2932785942957773,-0.7225914116505796
2.9583333333333335,1,896,-1.2831012979842416,-0.5154930977415969,1.8445993848245115,1.1133103544500615,-0.4789984198143589,-0.16263278830027128,1.8666851426974809,1.9404422310668696,-0.43168983048777976,0.10777124385365228,-2.3701918604350873,-2.3300451177455006,0.15595100554005784,-0.7335305244158243
2.9625,1,896,-1.292874859065902,-0.5231938864116363,1.8296594742032843,1.094399225315981,-0.49166560604709075,-0.16506230818907802,1.8665638084742477,1.9401862331575306,-0.31095174661637054,0.10938120444743123,-2.3733267338790873,-2.3117936644365304,0.27088342814213157,-0.7444885053786988
2.966666666666667,1,896,-1.3110324032231009,-0.5309066153333761,1.811543859222246,1.0754587740369266,-0.49599784731701546,-0.16749559510490317,1.8625519476164467,1.939929838317487,-0.4336041164218187,0.11099366132250564,-2.3529856996853153,-2.2935139118252748,0.13578756776133263,-0.7554634769455788
2.970833333333333,1,896,-1.3212437720534194,-0.5386299629704191,1.7953451838150447,1.0564922459617225,-0.5095404336242875,-0.16993223211655983,1.8628255558192601,1.939673090478675,-0.3126722663274177,0.11260833819269059,-2.355159118058425,-2.2752089920532432,0.23564316024062207,-0.7664535586115836
2.975,1,896,-1.3382857152348908,-0.5463626059669091,1.7764461878137803,1.0375028909073114,-0.5119155500315392,-0.17237180171884034,1.8604428705604916,1.9394160336335147,-0.4335903245080286,0.11422495839141705,-2.3374319681166673,-2.256882041574202,0.10463239069664103,-0.777456867282799
2.9791666666666665,1,896,-1.3482026345006144,-0.5541032193742752,1.7593476254749159,1.0184939626019276,-0.5249162549630553,-0.17481388590405192,1.8615633759720653,1.9391587118273734,-0.31511099371737206,0.1158432449191361,-2.3400994672692166,-2.23853620061677,0.21427102419883684,-0.7884715175989272
2.9833333333333334,1,896,-1.3660596869589279,-0.5618504768782598,1.7390141025612282,0.9994687181275745,-0.5287118166304147,-0.17725806623364165,1.8595398413901674,1.9389011691510178,-0.4320610876643442,0.1174629204907824,-2.319731569833492,-2.2201746126463497,0.08343195924171208,-0.7994956222563421
2.9875,1,896,-1.37650089898857,-0.5696030510261715,1.7206703862943609,0.9804304173619547,-0.5423729649028257,-0.17970392390989232,1.8605652559365164,1.9386434497330596,-0.31486125501923984,0.1190837075832846,-2.3227110502474098,-2.2018004238265156,0.19199142375484823,-0.8105272923314608
2.9916666666666667,1,896,-1.3947913719295721,-0.577359613454342,1.6990732115445675,0.9613823224198899,-0.5466008946519006,-0.18215103984768294,1.8589600090500826,1.9383855977323945,-0.42875603232291104,0.12070532848311859,-2.3006150875173286,-2.183416782479928,0.06071702966782278,-0.8215646376044097
2.995833333333333,1,896,-1.4055292986857872,-0.585118835115728,1.6796364016892849,0.9423276970943939,-0.5603293497834757,-0.18459899474629476,1.860079360224878,1.9381276573306354,-0.3133549020579972,0.12232750533389089,-2.3036640779905033,-2.165026838548898,0.1661653169866839,-0.8326057668828939
3.0,1,896,-1.4239206231482722,-0.5928793865076446,1.6569430109985068,0.9232698062974178,-0.564304633728899,-0.1870473691612586,1.8590526576705988,1.937869672724542,-0.4246439158183953,0.12394996018394953,-2.2811677629656426,-2.1466337430556397,0.03483868336094718,-0.843648788326254
3.0041666666666664,1,896,-1.4347959814765305,-0.6006399378995604,1.6365526507953452,0.904211915500444,-0.5777783138001966,-0.18949574357622218,1.860476999553679,1.9376116881184486,-0.3106836862798238,0.12557241503400798,-2.283938961938617,-2.128240647562384,0.13237812450773953,-0.8546918097696129
3.0083333333333333,1,896,-1.4527083746606309,-0.6083991595609475,1.6131050487269438,0.8851572901749454,-0.580473884934,-0.19194369847483433,1.8603811500545653,1.9373537477166893,-0.4200875993458319,0.12719459188478052,-2.26238914348567,-2.109850703631351,-0.003721172285753819,-0.8657329390480986
3.0125,1,896,-1.4628936152776166,-0.6161557219891178,1.5922796392478535,0.866109195232881,-0.5922665671161331,-0.19439081441262493,1.8627185124990544,1.9370958957160243,-0.3084375472934172,0.12881621278461447,-2.265171265359816,-2.0914670622847638,0.09282255816370576,-0.8767702843210472
3.0166666666666666,1,896,-1.4803502901778682,-0.6239082961370295,1.568213840143852,0.8470708944672609,-0.5938024763565866,-0.1968366720888756,1.8638203279881234,1.936838176298066,-0.41550549477446896,0.13043699987711668,-2.2426853476794633,-2.07309287346493,-0.033550627434086495,-0.8878019543961659
3.0208333333333335,1,896,-1.4909404437899438,-0.6316555536410142,1.5463299754151294,0.8280456499929079,-0.6060352066510997,-0.19928085241846533,1.8663501158283746,1.9365806336217104,-0.30397474077707565,0.132056675448763,-2.24535565610319,-2.0547312854945092,0.06861971735953143,-0.8988260590535809
3.025,1,896,-1.5092988761152857,-0.6393961670483801,1.5208959670724214,0.809036721687524,-0.6086961814067439,-0.20172293660367688,1.8674320396980182,1.9363233118155692,-0.4062608873006238,0.13367496197648204,-2.222080143890666,-2.036385444537078,-0.05279331536896329,-0.9098407093697091
3.029166666666667,1,896,-1.5209413000812817,-0.6471288100448702,1.4977099558559537,0.7900473666331129,-0.622067574300673,-0.2041625062059574,1.8695484900163468,1.9360662549704089,-0.2946622003327154,0.1352915821752085,-2.2214911131027844,-2.018058494058036,0.04252929512694209,-0.9208440180409244
3.033333333333333,1,896,-1.5394168481575412,-0.6548521576819133,1.471195820160366,0.7710808385579089,-0.6244923551454594,-0.20659914321761408,1.8706992826392108,1.9358095071315968,-0.39504741713759195,0.13690625904539347,-2.2014518905551017,-1.9997535742860049,-0.07426841080330844,-0.9318340997069293
3.0375,1,896,-1.5519371165157638,-0.662564886603653,1.4470695670122844,0.7521403872788546,-0.638425554931296,-0.20903243013343922,1.8727305641225427,1.9355531122915532,-0.2839604204504323,0.13851871592046786,-2.198072757777982,-1.9814738216747496,0.007232539150372914,-0.9428090712738093
3.0416666666666665,1,896,-1.569840945081112,-0.6702656752736925,1.4201671629636996,0.7332292581447739,-0.6392363475294223,-0.21146195002224596,1.874613194130027,1.9352971143822142,-0.38182246127135594,0.14012867651424682,-2.1812794228361656,-1.9632223683657786,-0.13215099066973743,-0.9537670522366838
3.0458333333333334,1,896,-1.5802043932977072,-0.6779532042015384,1.3971723414382882,0.7143506914802862,-0.6483705598736555,-0.213887286598309,1.8787176461921518,1.9350415572675037,-0.27679748827059686,0.14173586496827098,-2.175935412646383,-1.9450023416516549,-0.048289716877169396,-0.9647061650019285
3.05,1,896,-1.5966951874257655,-0.6856261561686827,1.370537269902362,0.695507922030606,-0.6466545203528663,-0.2163080242926912,1.8825537253316906,1.9347864847358174,-0.37145188505528337,0.14334000589907225,-2.1578223188060717,-1.9268168634401626,-0.1920552939382552,-0.9756245352088838
3.0541666666666667,1,896,-1.6051497023681003,-0.6932832164543083,1.3479424323223896,0.6767041784072709,-0.6528230516393647,-0.21872374832445124,1.888544546970847,1.9345319404925208,-0.268855103836592,0.14494082444536072,-2.1546963637649292,-1.9086690497193695,-0.11828617919758729,-0.9865202920510252
3.058333333333333,1,896,-1.6194326797618193,-0.7009230730605519,1.3221367071264032,0.6579426825349541,-0.6473833980343766,-0.22113404477171175,1.8943033249214019,1.9342779681524593,-0.36301861230364546,0.146538046315119,-2.1339568121218018,-1.8905620100237364,-0.24886641872462592,-0.9973915685965064
3.0625,1,896,-1.6271179515403258,-0.7085444169373161,1.2995129559631344,0.6392266490993836,-0.6527134111611348,-0.22353850064258543,1.9010472257382351,1.9340246112324861,-0.26130917916484075,0.1481313978326027,-2.1283030686743407,-1.872498846901295,-0.1530272288074005,-1.0082365021080595
3.0666666666666664,1,896,-1.6426097118832823,-0.7161459422065604,1.2721477398431362,0.6205592849965433,-0.6501443999128409,-0.22593670394593635,1.9066509101873457,1.9337719131440054,-0.34830306585521337,0.14972060598523151,-2.1062131889050413,-1.8544826553820617,-0.267771174913837,-1.019053234362155
3.0708333333333333,1,896,-1.6519279040615715,-0.7237263463860645,1.2473064402160927,0.6019437887831676,-0.6591767596360474,-0.22832824376197502,1.9123184200591845,1.9335199171855333,-0.24231788511029376,0.1513053984703701,-2.1031586949075387,-1.8365165224477014,-0.1800015565588497,-1.0298399119674078
3.075,1,896,-1.6680657043123863,-0.7312843306125955,1.2187045893019084,0.5833833501287022,-0.6574895236673771,-0.23071271031266538,1.9180149362983496,1.93326866653528,-0.3279010247837588,0.1528855037419845,-2.083401286885681,-1.8186035265026042,-0.27509420515184063,-1.0405946866821392
3.0791666666666666,1,896,-1.6798807568211036,-0.7388185998644637,1.1918403623785958,0.5648811492687631,-0.6700999098351468,-0.233089695031939,1.9221771203547042,1.9330182042437516,-0.22042998499530497,0.15446065105717063,-2.0780600796528175,-1.8007467368464112,-0.20307359295039712,-1.0513157157310666
3.0833333333333335,1,896,-1.6965703958876999,-0.7463278631834213,1.162347153514363,0.546440356460214,-0.6686702412010186,-0.23545879063570144,1.9275019755681586,1.9327685732263717,-0.3032341323354,0.15603057052254526,-2.060658530732339,-1.7829492131480993,-0.32081602450474705,-1.0620011621210563
3.0875,1,896,-1.7067067566129424,-0.7538108338958546,1.1363592611213214,0.5280641314379733,-0.6776759241817066,-0.23781959119161666,1.9333943881749718,1.9325198162561303,-0.20158682159789296,0.15759499314048964,-2.050749907619406,-1.7652140049217357,-0.24587729344166218,-1.0726491949558765
3.091666666666667,1,896,-1.7222073845318113,-0.761266229833256,1.1068966393988784,0.5097556228735936,-0.674602602788004,-0.24017169218866333,1.9392088146434516,1.9322719759562537,-0.28298983958858076,0.15915365085524216,-2.035289836636249,-1.7475441510039456,-0.3540731941036213,-1.0832579897499188
3.095833333333333,1,896,-1.7321961019762446,-0.7686927735519107,1.0805255096350024,0.49151796783576795,-0.6837826377710712,-0.24251469060644384,1.945338162059373,1.9320250947929014,-0.18162563799052678,0.16070627659882714,-2.0250701870778225,-1.729942679033236,-0.27488555790180014,-1.093825728740808
3.1,1,896,-1.7478666567013708,-0.7760891925517858,1.0502751746523697,0.47335429125279727,-0.6812907871650499,-0.2448481849842414,1.9514726207155664,1.9317792150678894,-0.26170703448030647,0.16225260433681657,-2.0135063700400733,-1.712412604931214,-0.38320177767761765,-1.1043506012008721
3.1041666666666665,1,896,-1.7580256456671077,-0.7834542194945613,1.02352177368215,0.455267705377159,-0.690640435597044,-0.24717177548980698,1.9582571091206982,1.9315343789114434,-0.16082803671500814,0.16379236911391284,-1.9968289261198844,-1.6949569323858342,-0.29996288214538025,-1.1148308037473964
3.1083333333333334,1,896,-1.7738046518263102,-0.7907865924207871,0.9922295677473711,0.4372613092522306,-0.6889929769120635,-0.24948506398786963,1.9643308978540923,1.931290628274978,-0.23728256677415696,0.1653253070993484,-1.9862688275944134,-1.6775786523367227,-0.3813485324574027,-1.1252645406516277
3.1125,1,896,-1.7865640001506196,-0.7980850549661079,0.9629642172024568,0.4193381881812943,-0.7028041380072446,-0.25178765410835363,1.9701932212311928,1.93104800492391,-0.13219749216711554,0.1668511556320907,-1.9734056376208604,-1.6602807424627057,-0.3202532552938324,-1.1356500241464589
3.1166666666666667,1,896,-1.8024888731756958,-0.8053483565765409,0.9312771140618322,0.401501413198873,-0.7009653096992395,-0.25407915131429615,1.9763781446354711,1.9308065504305016,-0.20674657209387026,0.16836965326584907,-1.963925079472929,-1.643066166671586,-0.44577550447061914,-1.14598547473276
3.120833333333333,1,896,-1.8104077652279453,-0.8125752527227451,0.9049358947647695,0.3837540405445403,-0.70812743831926,-0.256359162969447,1.9845405844570734,1.9305663061667373,-0.11345829931489104,0.1698805398138709,-1.9445776789080191,-1.6259378745923088,-0.3626049416411032,-1.1562691214842775
3.125,1,896,-1.8243357459516196,-0.8197645051132715,0.8733834227959008,0.36609911113923266,-0.7054671343998055,-0.25862729840554716,1.9913188293912132,1.930327313297235,-0.186059347352922,0.1713835563935246,-1.9356932803661466,-1.608898801069541,-0.4572510876231961,-1.1664992023510836
3.1291666666666664,1,896,-1.8333015614459076,-0.8269148819067318,0.8450593394252423,0.3485396500642195,-0.7163769751437211,-0.26088316898926556,1.9994028934955077,1.930089612772192,-0.08811266760283668,0.17287844547065645,-1.9220444418863571,-1.5919518656608176,-0.38127359067180494,-1.1766739644614839
3.1333333333333333,1,896,-1.8475920201001317,-0.8340251579228743,0.8126579500834861,0.3310786660427558,-0.7149197884852765,-0.2631263881887914,2.006569802965293,1.9298532453203703,-0.15758935306309915,0.1743649509037191,-1.9117331332579413,-1.5750999721362735,-0.49609757886484884,-1.1867916644223728
3.1375,1,896,-1.8537797683447772,-0.8410941148525066,0.7851251278225939,0.3137191509245669,-0.7241315510310129,-0.2653565716400627,2.015694577402666,1.9296182514421154,-0.0645652488052682,0.175842817987659,-1.8957689111674696,-1.5583460079811131,-0.42818942008621347,-1.196850568617947
3.1416666666666666,1,896,-1.8646044966392064,-0.848120541466249,0.753629452463588,0.2964640791732025,-0.7204839990662731,-0.26757333721262594,2.023802562580398,1.929384671402419,-0.13616712381843155,0.1773117934975592,-1.8847247952136479,-1.541692843900846,-0.530773097553905,-1.2068489535067546
3.1458333333333335,1,896,-1.868468013923239,-0.8551032338220752,0.7258633675552475,0.27931640735637453,-0.7302401595155387,-0.2697763050751126,2.033608840241319,1.9291525452240181,-0.04321555344331008,0.1787716257320288,-1.871523707285965,-1.5251433333294027,-0.46862938483589256,-1.2167851059170194
3.15,1,896,-1.8767418643774723,-0.8620409954715954,0.6947016285542593,0.2622790736393754,-0.7264122985926871,-0.2719650977603199,2.0423315592044915,1.9289219126805386,-0.11145958271837539,0.18022206455632922,-1.8585986321098018,-1.5087003119402262,-0.5643215688290337,-1.2266573233401747
3.154166666666667,1,896,-1.8780994144529928,-0.8689326376650682,0.6667291931556538,0.24535499728162558,-0.7370191057135291,-0.2741393402298897,2.0525108579644233,1.9286928132896792,-0.018333648008175506,0.18166286144523527,-1.8469368173100065,-1.4923665971603794,-0.5011021773470028,-1.2364639142225904
3.158333333333333,1,896,-1.8843943428214838,-0.8757769795550804,0.6352861477124425,0.22854707813648822,-0.7340328425628645,-0.27629865993856734,2.061602562233284,1.9284652863064418,-0.08207196804530614,0.1830937695256168,-1.8362228283674955,-1.4761449876878072,-0.6060467501294078,-1.2462031982554
3.1625,1,896,-1.8819151990003302,-0.8825728483988853,0.6080745212726695,0.21185819615437662,-0.7436093298906191,-0.27844268689803736,2.0724821907499096,1.928239370716403,0.0039019091589151942,0.18451454361874095,-1.82144814229063,-1.4600382630117803,-0.5554592352833115,-1.255873506662425
3.1666666666666665,1,896,-1.8834424011988393,-0.8893190797593405,0.5777738630897812,0.1952912108893079,-0.7410074030656325,-0.28057105374031743,2.081729618477822,1.9280151052290364,-0.04657909554106083,0.18592494028228074,-1.810213855093616,-1.4440491829366566,-0.6593173152945198,-1.2654731824861007
3.1708333333333334,1,896,-1.875286254234196,-0.8960145177044336,0.5519939902916244,0.17884896100891634,-0.7482185078970875,-0.28268339578070634,2.092720848383874,1.9277925282710786,0.02479337493082516,0.18732471785202892,-1.7973124709926647,-1.428180487108993,-0.59905748962897,-1.2750005808713964
3.175,1,896,-1.8746670796861935,-0.9026580150053392,0.5217851412013181,0.162534263808078,-0.7466682077386716,-0.2847793510802693,2.10257802636907,1.9275716779799457,-0.013387597151891337,0.18871363648330464,-1.7805712248705399,-1.41243489454813,-0.6629640647792071,-1.2844540693476432
3.1791666666666667,1,896,-1.866043866277276,-0.9092484333329971,0.4913819220410741,0.1463499147261662,-0.7569477636197688,-0.28685856050785635,2.1003553452733636,1.927352592197198,0.03955284331084903,0.19009145819205092,-1.7856421865913605,-1.3968151031802911,-0.6091673356086673,-1.29383202810826
3.183333333333333,1,896,-1.8685823968823059,-0.9157846434531532,0.45815613822828427,0.13029868686808221,-0.7589433634010802,-0.28892066780163533,2.098444413229148,1.9271353084620566,0.01611483283041623,0.19145794689561077,-1.76123470921832,-1.3813237893763195,-0.7178329023075731,-1.3031328502882886
3.1875,1,896,-1.8560530744171209,-0.922265525419853,0.4305537437844864,0.11438333052908467,-0.7659726031236007,-0.2909653196301376,2.097214617441318,1.926919864004971,0.06469545409622489,0.19281286845317971,-1.7556195209728347,-1.3659636074930832,-0.6932942893055677,-1.3123549422397314
3.1916666666666664,1,896,-1.8508530955748947,-0.9286899687673343,0.40149020813030223,0.09860657272355189,-0.7651184844985454,-0.29299216565279806,2.09598939115346,1.9267062957412397,0.04952297050862197,0.1941559907059239,-1.738795450655534,-1.3507371894186755,-0.8050402026479837,-1.3214967238046065
3.1958333333333333,1,896,-1.830689221201281,-0.9350568727003035,0.3786388840699752,0.0829711167177134,-0.767710066688797,-0.29500085857998504,2.0951253297909,1.9264946402646852,0.08716442632319202,0.19548708351675986,-1.729603887163344,-1.3356471441214461,-0.767156496812463,-1.3305566285857058
3.2,1,896,-1.823094337395864,-0.941365146282548,0.35205304550467453,0.06747964156646447,-0.7645820478216298,-0.29699105423250627,2.0943724100698877,1.9262849338413839,0.08316493106119495,0.19680591880978685,-1.7127548062667242,-1.3206960572029733,-0.8776385866062443,-1.339533104214985
3.2041666666666666,1,896,-1.79968722099021,-0.9476137086238641,0.33201353707509823,0.05213480165432394,-0.7633099741780157,-0.298962411600582,2.0948851552305405,1.926077212403452,0.10927586466487005,0.1981122706093667,-1.703103906312919,-1.305886490455034,-0.8278208223772942,-1.3484246126195554
3.2083333333333335,1,896,-1.7933387107795322,-0.9538014890652636,0.30629748918437993,0.036939226240611855,-0.7584010214268437,-0.3009145929022762,2.0942076850093745,1.9258715115428882,0.11708173228192685,0.19940591507884392,-1.6880665165013884,-1.2912209814206475,-0.9362090229242407,-1.3572296302852271
3.2125,1,896,-1.768702674927446,-0.9599274273624211,0.2875867845737884,0.02189551900895248,-0.7542200989155441,-0.30284726364137216,2.0945217812958337,1.925667866505476,0.1314619155150403,0.20068663055889804,-1.6736088608155952,-1.276702042959292,-0.84567248913111,-1.3659466485175495
3.216666666666667,1,896,-1.7708688449443553,-0.9659904738673474,0.2592021067546257,0.007006257621130274,-0.7495149239815878,-0.3047600926646886,2.0940628575148366,1.9254663121847446,0.15399307219422065,0.20195419760552502,-1.6680374374121814,-1.262332162816326,-0.9469879602916894,-1.3745741737003259
3.220833333333333,1,896,-1.7498039882274254,-0.971989589708235,0.2391092052788643,-0.00772600672456214,-0.7464432715020877,-0.3066527522188194,2.094250567804236,1.9252668831159891,0.15613045522715507,0.20320839902763657,-1.6518692212389214,-1.248113803196738,-0.8992204911157563,-1.3831107275515286
3.225,1,896,-1.7504747241293597,-0.9779237469674695,0.21292343170409742,-0.0222987497304743,-0.7417268111231856,-0.3085249180062936,2.0970093744914573,1.9250696134703535,0.18395248311400378,0.20444901992427597,-1.6405217763684492,-1.2340494003432507,-1.0057368003514633,-1.391554847376604
3.2291666666666665,1,896,-1.7245707704073494,-0.9837919288577524,0.19442229351842297,-0.03670947443210926,-0.7396843704405502,-0.31037626924114115,2.095968827534116,1.9248745370489764,0.1756338159334926,0.20567584772143901,-1.6285798021699656,-1.2201413641188914,-0.9443955618260673,-1.399905086319088
3.2333333333333334,1,896,-1.7299501746743182,-0.9895931298963274,0.16789049929410557,-0.050955711625980005,-0.731780928466585,-0.31220648870385914,2.095180121678165,1.924681687277198,0.2128507990045543,0.20688867220849866,-1.620432033633393,-1.2063920775940655,-1.0472723326345155,-1.408160013608527
3.2375,1,896,-1.7018844354032223,-0.9953263560772602,0.15009217747810616,-0.06503502029267993,-0.7316126454297157,-0.3140152627957642,2.0927694240909918,1.924491097198834,0.1978805618582259,0.20808728557422243,-1.6045545506671892,-1.1928038966382406,-0.9811191054947325,-1.416318214805625
3.2416666666666667,1,896,-1.7142019180171149,-1.0009906250417604,0.12435087163664336,-0.07894498801515226,-0.7195183189765259,-0.3158022815927278,2.0960673411115947,1.9243027994705135,0.24613736405812986,0.20927148244238086,-1.5943658554425595,-1.1793791495162682,-1.0863456318299332,-1.424378292044607
3.245833333333333,1,896,-1.678351975176553,-1.0065849662464996,0.10757918950723494,-0.09268323139203316,-0.7263505960390416,-0.31756723889827804,2.09511324542799,1.9241168263560824,0.21895798273923472,0.21044105990693657,-1.5806768708619396,-1.16612013648946,-1.0208887269905906,-1.4323388642727295
3.25,1,896,-1.7014775715924249,-1.0121084211299132,0.0812073364722099,-0.10624739644604819,-0.7043413576594865,-0.31930983229606713,2.0944886521773776,1.9239332097210768,0.27305297892367286,0.21159581756681226,-1.57746080880553,-1.153029129421438,-1.1345429911395646,-1.440198567486924
3.2541666666666664,1,896,-1.6489214001794255,-1.017560043276441,0.06557078303388963,-0.11963515902734034,-0.7263295734201666,-0.32102976320168697,2.0899741126002835,1.9237519810272616,0.23835303005044373,0.21273555756022736,-1.5591934583667082,-1.140108371388873,-1.0722696627033754,-1.4479560549675052
3.2583333333333333,1,896,-1.7011898876907128,-1.0229388985786936,0.0412901413411102,-0.13284422521171546,-0.6736773052323215,-0.3227267369138314,2.0940435633972503,1.9235731713272408,0.30111855828264583,0.21386008459860167,-1.549241281498329,-1.1273600762971347,-1.1889046446788432,-1.4556099975089307
3.2624999999999997,1,896,-1.5936282170143594,-1.028244065397505,0.027227738488238028,-0.14587233169367986,-0.7507196052819023,-0.32440046266479056,2.091110096195225,1.923396811259136,0.2585006878176482,0.214969206000016,-1.5383030479993145,-1.1147864285009623,-1.1231548506477134,-1.463159083647547
3.2666666666666666,1,896,-1.7508003333447215,-1.0334746347198525,0.004782555809369459,-0.15871724617425942,-0.5858476383206683,-0.3260506536702737,2.0987343359253616,1.9232229310413365,0.31887145206670825,0.21606273172222823,-1.5208125732254008,-1.1023895824301726,-1.2366925282979195,-1.4706020198863081
3.2708333333333335,1,896,-1.431391360263864,-1.0386297103146094,-0.010353732787954152,-0.17137676774348298,-0.8903055097733763,-0.32767702717854713,2.0973127919225965,1.9230515604673228,0.2977004117650579,0.2171404743952352,-1.522675902929451,-1.0901716622205222,-1.1753885402938116,-1.4779375309164058
3.275,1,896,-1.8480580269305307,-1.0437084088861104,-0.028028237232362408,-0.1838487272574989,-0.48007828893112764,-0.32927930451888254,2.096345894810229,1.9228827289005608,0.34705830053857495,0.21820224935337806,-1.5083647642486333,-1.0781347613497427,-1.2962690786760285,-1.485164359835787
3.279166666666667,1,896,-1.4317096301358732,-1.0487098602255016,-0.047254292965172674,-0.19613098771025328,-0.8869506296008034,-0.3308572111493066,2.0901877680374974,1.9227164652694697,0.31365992279108124,0.21924787466698395,-1.5071900485788414,-1.0662809422788295,-1.242840873681723,-1.4922812683645224
3.283333333333333,1,896,-1.8474292250667113,-1.0536332073598422,-0.06117635186193009,-0.2082214445996442,-0.47961485331860965,-0.33241047670364093,2.090312844273374,1.9225527980624673,0.3738972547363943,0.22027717117353807,-1.4893463490826644,-1.0546122360986594,-1.3368293404695795,-1.4992870370569713
3.2875,1,896,-1.4315926348995165,-1.0584776066989476,-0.09052985115500002,-0.22011802628812838,-0.8859755239671854,-0.3339388350378294,2.0859925463903224,1.9223917553230867,0.3283865569632455,0.22128996250838304,-1.4880838197163166,-1.0431306421819628,-1.2552382910315163,-1.5061804655107358
3.2916666666666665,1,896,-1.8463001152024336,-1.0632422281799288,-0.11395655818207462,-0.23181869435767366,-0.48175216551358907,-0.335442024275539,2.0822871524715016,1.9222333646451724,0.4032624278011488,0.22228607513493734,-1.4947191573021004,-1.0318381278407531,-1.3653003422114538,-1.5129603725723364
3.2958333333333334,1,896,-1.4296440759932558,-1.0679262554094247,-0.16452266897384374,-0.24332144395904542,-0.8880389945535765,-0.33691978685303275,2.0770261883828844,1.9220776531681514,0.3432694126348003,0.22326533837443058,-1.4714303762289467,-1.0207366279892254,-1.3012032813896954,-1.5196255965396026
3.3,1,896,-1.8452101253820739,-1.0725288858034816,-0.20973545281526668,-0.2546243041553127,-0.48420894088152683,-0.3383718695633002,2.0599443280649847,1.921924647572384,0.42566374179718813,0.22422758443514776,-1.5257753903578715,-1.009828044812231,-1.4084458625039438,-1.526174995360719
3.3041666666666667,1,896,-1.443983494821341,-1.077049330725077,-0.2977332057812046,-0.26572533825957034,-0.8929319101488734,-0.33979802359944455,2.0514433687423557,1.921774374074591,0.3843630785573136,0.2251726484411802,-1.459355940994371,-0.999114247439338,-1.3594133823394778,-1.5326074468299153
3.308333333333333,1,896,-1.6726403501517277,-1.0814868156192439,-0.3900076285652061,-0.27662264416677074,-0.5609403304746664,-0.34119800459731325,2.0024404595703724,1.9216268584233631,0.275375662962738,0.2261003684606755,-1.5308693412425172,-0.9885970716245738,-1.3685888889139681,-1.5389218487797451
3.3125,1,896,-1.5304313696319558,-1.085840580145791,-0.5189051039984568,-0.2873143546796486,-0.743572880213159,-0.3425715726773699,1.997170286350892,1.9214821258947472,0.509799229865414,0.22701058553358444,-1.4761267514701064,-0.9782783194318685,-1.6384405286693666,-1.5451171192699424
3.3166666666666664,1,896,-1.6058089713329018,-1.0901098783095788,-0.6031988568545545,-0.2977986378286457,-0.5517226127473022,-0.34391849248579454,1.923774162119541,1.9213402012879175,0.33820210345609847,0.22790314369889714,-1.50934537738644,-0.9681597589262925,-1.5285981919764533,-1.5511921967728006
3.3208333333333333,1,896,-1.5490414225883868,-1.0942939785883465,-0.7074456242189248,-0.3080736971858209,-0.6098208929769018,-0.34523853323481246,1.90052165056608,1.9212011089209244,0.5180695915157035,0.2287778900213671,-1.462716325559825,-0.9582431238710956,-1.7047678869609928,-1.5571460403550654
3.3249999999999997,1,896,-1.5684854472698457,-1.09839216405805,-0.7834394195552217,-0.3181377721726464,-0.5026192015550827,-0.3465314687422366,1.8289359819214281,1.9210648726265291,0.3759001243956186,0.22963467461771497,-1.4778137296075313,-0.9485301134306452,-1.6149275074721139,-1.5629776298562885
3.3291666666666666,1,896,-1.5268015928389624,-1.1024037325157074,-0.8668071448380507,-0.3279891383616862,-0.5392277704266552,-0.34779707747022404,1.8025267057918892,1.9209315157481193,0.5447683660007865,0.23047335068231112,-1.431881628652377,-0.9390223918792757,-1.7922971842853985,-1.568685966063631
3.3333333333333335,1,896,-1.540248523228484,-1.1063279965997153,-0.926511039028597,-0.33762610777205726,-0.4410424470881978,-0.34903514256323454,1.7311934962643984,1.9208010611357094,0.39824573416705095,0.2312937745123293,-1.4372410521025825,-0.9297215883161298,-1.7388872617519027,-1.57427007088307
3.3375,1,896,-1.5057161401611039,-1.1101642839076238,-0.9916577772763306,-0.34704702915866115,-0.46436748436769315,-0.35024545188518774,1.7071302715076386,1.9206735311420258,0.5612309197139214,0.2320958055323697,-1.3971860767974058,-0.9206292963860188,-1.9300187332665084,-1.5797289875069906
3.341666666666667,1,896,-1.5196429773360662,-1.1139119371113533,-1.0361607276873788,-0.35625028829511995,-0.3603240722551415,-0.3514277980558124,1.638231137326396,1.9205489476186766,0.39059732165568234,0.23287930631854603,-1.3955458890751844,-0.9117470740063554,-1.8418841051703925,-1.5850617805781335
3.345833333333333,1,896,-1.4793316998387733,-1.1175703140698192,-1.0883320140094555,-0.3652343082503564,-0.3970224212624682,-0.3525819784861786,1.6242621927442358,1.9204273319124068,0.5772664015050621,0.23364414262203193,-1.3636653721272587,-0.9030764431002205,-2.0338183094464894,-1.590267536349858
3.35,1,896,-1.4925991939091294,-1.121138787938964,-1.1210917926535584,-0.37399754965880394,-0.29167359999950815,-0.35370779541341163,1.5629507682946502,1.9203087048614416,0.39130293455063647,0.23439018339206436,-1.353499281567491,-0.8946188893355815,-1.8971747603766536,-1.5953453628427132
3.3541666666666665,1,896,-1.4446917274237945,-1.1246167472791602,-1.162617212119483,-0.3825385109841575,-0.3482334076736083,-0.35480505593457645,1.5622138074809304,1.920193086791916,0.612906968660937,0.23511730079839782,-1.3362059306296625,-0.8863758618707385,-2.0870587986668165,-1.6002943899972688
3.3583333333333334,1,896,-1.4558514589451124,-1.12800359615998,-1.181996621023077,-0.3908557287766654,-0.2605655318729411,-0.3558735720397317,1.5041049159176416,1.9200804975143901,0.37072973507764884,0.23582537025320807,-1.389945847252777,-0.8783487731060107,-1.8819600041253708,-1.6051137698232008
3.3625,1,896,-1.392882413494032,-1.131298754262302,-1.198096639738611,-0.3989477779238739,-0.37581015395975476,-0.3569131606441432,1.530734480397551,1.919970956320458,0.5480790153564324,0.23651427043243908,-1.4024557901397279,-0.8705389984417358,-1.9878904149910268,-1.6098026765445852
3.3666666666666667,1,896,-1.3851950300862315,-1.1345016569777506,-1.1918225950172057,-0.4068132718948223,-0.3425720418728433,-0.3579236436196558,1.5229330307202482,1.9198644819794388,0.35569603053450793,0.23718388329659176,-1.3691324296715102,-0.862947876042595,-1.9825552870055019,-1.614360306741395
3.370833333333333,1,896,-1.3456454883889453,-1.1376117555054326,-1.1944161864671827,-0.414450862977608,-0.40634227368887954,-0.35890484782521326,1.5485549794224365,1.9197610927351627,0.48718966987778445,0.2378340941109488,-1.380492038627242,-0.8555767066083355,-2.1225753748424143,-1.6187858794871575
3.375,1,896,-1.3499842234312538,-1.1406285169459771,-1.1783605366543917,-0.4218592425103189,-0.34022864584013235,-0.3598566051365265,1.5486848156358743,1.9196608063028446,0.27284740706449623,0.2384647914652347,-1.3334050334504661,-0.8484267531508904,-1.97233291815854,-1.6230786364827667
3.3791666666666664,1,896,-1.29919388087383,-1.1435514243928409,-1.1820462300351293,-0.42903714110525915,-0.43605809288693465,-0.36077875247487967,1.584337969656268,1.9195636398660483,0.4772399405855843,0.2390758672927044,-1.3673887479457303,-0.8414992407779787,-2.143534301657824,-1.6272378421864098
3.3833333333333333,1,896,-1.3097726548607669,-1.1463799770208807,-1.1590283591314825,-0.4359833288664574,-0.35724364187204993,-0.36167113183507366,1.5898831929890305,1.9194696100737427,0.2533659531487457,0.23966721688866088,-1.3084418044047907,-0.8347953564831809,-1.9749896540721563,-1.6312627839396017
3.3874999999999997,1,896,-1.2611204086634087,-1.1491136901721648,-1.1609993155755274,-0.4426966156003993,-0.4520915712867105,-0.3625335903124991,1.6269307480527828,1.9193787330374485,0.4646270992497168,0.24023873892839503,-1.36042001655257,-0.82831624894256,-2.1455184672469927,-1.6351527720892929
3.3916666666666666,1,896,-1.2736289893864163,-1.1517520954390181,-1.1335487288891388,-0.4491758510199637,-0.3718712198618539,-0.36336598012933585,1.6380646403117487,1.919291024328478,0.24432463845986693,0.24079033548454762,-1.293124278463758,-0.8220630283178378,-1.9717920361747334,-1.6389071401060402
3.3958333333333335,1,896,-1.2274955009068154,-1.1542947407442807,-1.133345829277312,-0.45541992494151673,-0.4639725922983974,-0.3641681586598739,1.6761013652039136,1.919206498975267,0.4533891878472395,0.24132191204388836,-1.3521253860801699,-0.8160367660661776,-2.139534661509058,-1.6425252446982113
3.4,1,896,-1.241106917872804,-1.1567411904187686,-1.103531651494689,-0.46142776747513503,-0.38570184100806965,-0.36493998845495157,1.689681120027097,1.9191251714608,0.23857955825811825,0.2418333775235103,-1.2912696207640502,-0.810238494756593,-1.964157912062429,-1.6460064659222098
3.404166666666667,1,896,-1.1973692062307533,-1.1590910252759252,-1.1005733314300812,-0.46719834920793124,-0.4745524033378748,-0.3656813372655071,1.730006462782588,1.9190470557201271,0.4419775294499332,0.24232464428643666,-1.3470432938164305,-0.8046692078930224,-2.128752273641205,-1.6493502072887014
3.408333333333333,1,896,-1.211488053064984,-1.161343842683644,-1.0690505751878554,-0.4727306813804302,-0.39959277793584524,-0.3663920780652381,1.7452783902879734,1.9189721651379792,0.23483928194987053,0.24279562815663655,-1.2879907675662212,-0.7993298597441001,-1.9550300144766752,-1.6525558958648157
3.4125,1,896,-1.1702011806956998,-1.1634992566332603,-1.0640154427520916,-0.478023816055996,-0.4853356725821615,-0.36707208907236744,1.7858499998584076,1.9189005125464713,0.43084071523968764,0.2432462484334485,-1.341242113085266,-0.7942213651796437,-2.116687958633167,-1.6556229823723183
3.4166666666666665,1,896,-1.1849319405894145,-1.1655568978056896,-1.031325914291643,-0.4830768462832511,-0.4134421141948725,-0.36772125377050985,1.801434110149914,1.9188321102229067,0.23064499300841013,0.2436764279054079,-1.2834187621494855,-0.7893445995138983,-1.9447727830525388,-1.6585509412817259
3.4208333333333334,1,896,-1.14583678714379,-1.1675164136347098,-1.0247534571365844,-0.4878889062514786,-0.4969275002744621,-0.3683394609286362,1.8410745218150946,1.9187669698876708,0.41953145665065034,0.24408609286347674,-1.3346243197383536,-0.7847003983555552,-2.1041967266077304,-1.6613392709023524
3.425,1,896,-1.1614178604445327,-1.1693774683673712,-0.991225654314581,-0.4924591714389752,-0.42743663121495307,-0.3689266046201323,1.8560721885747766,1.9187051027022253,0.22520358867889928,0.2444751731136734,-1.277805534572321,-0.7802895574645747,-1.9337265554486487,-1.6639874934682712
3.4291666666666667,1,896,-1.1242266939977776,-1.1711397431215265,-0.9835231013152732,-0.4967868587543305,-0.5094959457959475,-0.36948258424094954,1.8940994029844234,1.9186465192671935,0.407685123978043,0.2448436019891001,-1.3271682938707452,-0.7761128326158357,-2.0915289681013354,-1.6664951552201797
3.433333333333333,1,896,-1.1410002503981838,-1.1728029359404681,-0.9494976391339724,-0.5008712266706001,-0.44163189410305637,-0.3700073045268419,1.9078038533504829,1.9185912296205456,0.21817526378289634,0.24519131636136565,-1.2745373175132542,-0.7721709394696399,-1.9220673650505467,-1.6688618264831452
3.4375,1,896,-1.1054215570470394,-1.1743667618446694,-0.9407108252241089,-0.5047115753523692,-0.5227317392184528,-0.3705006755696897,1.9445189946051606,1.9185392432358779,0.3948662571882575,0.24551825665140242,-1.3185503948877157,-0.7684645534490846,-2.0785482314777273,-1.6710871017402311
3.4416666666666664,1,896,-1.1236696494481329,-1.1758309528806117,-0.9065858196633662,-0.5083072467756602,-0.45594032356931036,-0.37096261283290455,1.956339941384469,1.9184905690207896,0.2098198390245313,0.24582436683967476,-1.2741505715673354,-0.7649943096243343,-1.9102794440751765,-1.6731705997019772
3.4458333333333333,1,896,-1.089484347106133,-1.177195258166699,-0.8966925746032888,-0.5116576248406868,-0.5362256797693137,-0.3713930371659146,1.9921453576269184,1.9184452153153573,0.3812334898375403,0.24610959447577785,-1.3085679747657724,-0.7617608026038027,-2.0657312517914184,-1.6751119633717346
3.4499999999999997,1,896,-1.1095410917516235,-1.1784594439362432,-0.8628531362912846,-0.5147621354774135,-0.46985455899231426,-0.371791874817726,2.001490045807325,1.9184031898907046,0.20046845776175698,0.24637389068742446,-1.2766785352750827,-0.7587645864322727,-1.8990498648722343,-1.6769108601068314
3.4541666666666666,1,896,-1.0765397340161018,-1.179623293577522,-0.8518251427482844,-0.5176202467439261,-0.5492995843743232,-0.3721590574495606,2.0367429326085746,1.9183644999476717,0.36717964377838486,0.2466172101888195,-1.2973064940041037,-0.7560061744959596,-2.0538613821142824,-1.678566981675574
3.4583333333333335,1,896,-1.0987909589366616,-1.1806866076708902,-0.8186067968184623,-0.5202314689175731,-0.4825331845007486,-0.3724945221465646,2.0430320623116023,1.918329152115581,0.1905633679333465,0.2468395112884189,-1.2819666233979665,-0.7534860394345491,-1.8892347994446659,-1.6800800443100565
3.4625,1,896,-1.0667168700640905,-1.1816492040229518,-0.8064343506729172,-0.522595354578876,-0.5610506855983314,-0.3727982114285891,2.077998293311454,1.918297152451102,0.35327177776545937,0.24704075589607372,-1.2851617238084323,-0.7512046130602101,-2.043895096537319,-1.6814497887547861
3.466666666666667,1,896,-1.0915697308659367,-1.1825109176977775,-0.7740978925639492,-0.5247114986881973,-0.4929153595233693,-0.373070073260039,2.0807092799661175,1.9182685064372123,0.18066655295306905,0.2472209095295564,-1.2897006165890235,-0.7491622862836071,-1.881776350032933,-1.6826759803111038
3.470833333333333,1,896,-1.0600632312675127,-1.183271601045165,-0.7608054091968448,-0.5265795386551368,-0.570464903515274,-0.37331006105878906,2.115540294800866,1.9182432189822587,0.3402135641655906,0.24737994132046923,-1.2727865033252437,-0.7473594090469198,-2.036848669888526,-1.6837584088773982
3.475,1,896,-1.0884304354398986,-1.1839311237259391,-0.7301012133587965,-0.5281991544006646,-0.4990869175698252,-0.3735181337041655,2.111311773259994,1.9182212944191166,0.16850748249243938,0.24751782401953368,-1.3044170033668878,-0.7457962902638804,-1.8756466862112815,-1.684696888985108
3.4791666666666665,1,896,-1.0626684841075822,-1.1844893727342833,-0.7237998458827729,-0.5295700684119584,-0.5681703568970052,-0.37369425554399155,2.107929045575001,1.9182027365044472,0.30265466496014337,0.24763453400125893,-1.324754653230521,-0.7444731977668462,-2.01772543951472,-1.6854912598304967
3.4833333333333334,1,896,-1.0905731918467534,-1.1849462524171044,-0.6965022553351657,-0.5306920457899609,-0.49595395676671455,-0.3738383964006967,2.0880293360835562,1.9181875484180533,0.13869708176397108,0.24773005126799055,-1.2967198965612485,-0.7433903582609052,-1.8609613099088755,-1.6861413853022102
3.4875,1,896,-1.0579409307418761,-1.1853016844904203,-0.6904779511843677,-0.531564894289625,-0.5780803684633221,-0.37395053157648733,2.0925598574612363,1.9181757327623354,0.29372678726659707,0.2478043594533366,-1.3019029244571818,-0.7425479572850313,-2.0163826007790058,-1.686647154004596
3.4916666666666667,1,896,-1.0908965893474158,-1.1855556080527752,-0.6629769741925786,-0.5321884643528523,-0.4988187871042377,-0.3740306418575781,2.073760320874812,1.9181672915618455,0.12493880709891021,0.24785744582497196,-1.2983075229260437,-0.7419461391802966,-1.8549346485759748,-1.6870084792767897
3.495833333333333,1,896,-1.055546766411647,-1.1857079795956738,-0.6556555834842511,-0.5325626491341238,-0.5849562775140871,-0.37407871351748495,2.084671963189436,1.9181622262629396,0.28729287509306795,0.24788930128682024,-1.280865455968245,-0.741585007065134,-2.0145565741663862,-1.687225299207567
3.5,1,896,-1.093396439492511,-1.1857587730110368,-0.6284840683620292,-0.5326873845188032,-0.4998097469934681,-0.37409473831937634,2.0652298523233465,1.9181605377335307,0.11575587315092588,0.24789992038061204,-1.3060855525309611,-0.7414646228176727,-1.8517887664901262,-1.6872975766459484
3.5041666666666664,1,896,-1.055020548616972,-1.18579861396103,-0.6195447007099005,-0.5327569974982624,-0.5897176783258256,-0.37404730165550826,2.0820002006886713,1.9181462347392735,0.28372567477476346,0.24788529273783108,-1.261077418104717,-0.741402529534228,-2.015676288593835,-1.6872860285460396
3.5083333333333333,1,896,-1.0984552743386602,-1.1859181095060125,-0.5930218155237695,-0.5329657887273823,-0.4979468932729563,-0.37390502417462385,2.060131069721523,1.91810333555906,0.1101436048074286,0.24784141983454386,-1.3192735353562508,-0.7412162922395283,-1.8529889718104022,-1.6872513921608039
3.5124999999999997,1,896,-1.056766277901362,-1.186117177749707,-0.5826786324344291,-0.5333136151110833,-0.5915099318598309,-0.37366800338660167,2.0819160493173254,1.9180318695938452,0.28312594982642025,0.2477683317390468,-1.2543693378740253,-0.740906038571313,-2.0214193520071553,-1.6871936912282897
3.5166666666666666,1,896,-1.1057550149931432,-1.1863956822606825,-0.5559407541521075,-0.5338002382665366,-0.49205836838245853,-0.3733364017336503,2.05938372772304,1.917931885822832,0.10897979344416511,0.24766607854226974,-1.324011653885287,-0.7404719811619486,-1.8602019012909157,-1.687112965293834
3.5208333333333335,1,896,-1.0607396073842743,-1.1867534321658593,-0.5454509361732637,-0.5344253246865385,-0.5893501064901268,-0.3729104464789788,2.082840472573212,1.9178034527699026,0.285617446395043,0.24753473032344606,-1.2649443250044756,-0.7399144174927017,-2.032502489098482,-1.6870092696829595
3.525,1,896,-1.1155502163397673,-1.1871901822813218,-0.517891171951121,-0.5351884459680806,-0.48076224253934957,-0.3723904295510419,2.0621287324433175,1.9176466584566565,0.1106133590519736,0.247374377102084,-1.3381344537258395,-0.7392337296898606,-1.8716058358371674,-1.6868826754634587
3.529166666666667,1,896,-1.0652946752804016,-1.1877056332803575,-0.5070051426255865,-0.5360890791059554,-0.583470639616324,-0.37177670734346646,2.088027372460212,1.9174616103420834,0.28863477997691883,0.2471851287762716,-1.2823316365201907,-0.7384303842628439,-2.0450371485047945,-1.6867332693966859
3.533333333333333,1,896,-1.125743076937554,-1.1882994318985987,-0.478695681608806,-0.5371266068511976,-0.4660617487126966,-0.3710697004707975,2.0701265836670903,1.917248435248918,0.11412678929846998,0.24696711504735824,-1.3509875951256358,-0.7375049317844796,-1.884946294971012,-1.6865611538780965
3.5375,1,896,-1.0684007014147892,-1.1889711711761337,-0.46754888190481525,-0.5383003181341166,-0.5762476395352297,-0.3702698934802297,2.0977795698639916,1.9170072792767208,0.29223012200368687,0.2467204853310637,-1.294433371909818,-0.7364580065136688,-2.0585005638307763,-1.6863664468670692
3.5416666666666665,1,896,-1.1360356563764362,-1.1897203907364156,-0.43909640222269825,-0.539609408551627,-0.4485369440195158,-0.36937783451952333,2.081068858432982,1.9167383077017492,0.1173113818909272,0.24644540865507608,-1.3614783285037277,-0.7352903259606971,-1.8979282744355923,-1.6861492818060635
3.5458333333333334,1,896,-1.0689062847956032,-1.190546577101782,-0.428179167664151,-0.5410529809185474,-0.5699042245738607,-0.36839413496133044,2.1097787280994758,1.916441704863685,0.2966578697593335,0.24614207354320872,-1.3052212003180628,-0.7340026903954884,-2.072869861911708,-1.685909807529165
3.55,1,896,-1.1467860511950518,-1.191449164045367,-0.3997066603314085,-0.5426300458824852,-0.42800855164826274,-0.36731946898419154,2.0934292056225554,1.916117674039298,0.11990620289639199,0.24581068788619537,-1.3699997445598806,-0.7325959822991406,-1.9102569926590587,-1.6856481881600809
3.5541666666666667,1,896,-1.0658558787645576,-1.1924275329791654,-0.3894566808548658,-0.5443395226018908,-0.5658898497858089,-0.3661545731104865,2.1227554042547125,1.9157664373031293,0.30224214789500053,0.24545147879921222,-1.3132585925768667,-0.7310711657591159,-2.0881851530834035,-1.6853646029996583
3.558333333333333,1,896,-1.1589356419734518,-1.1934810133779796,-0.361119265738738,-0.5461802394868104,-0.40368167247508163,-0.3649002457016594,2.10552472224806,1.9153882353752936,0.12151457886713424,0.2450646924662247,-1.3772446016121573,-0.7294292858085049,-1.9214414887615208,-1.6850592464030012
3.5625,1,896,-1.0642710160602307,-1.1946088832389672,-0.3592480373574113,-0.5481509350018374,-0.5579352333024036,-0.363557346411061,2.1032991539473858,1.9149833274565,0.2944744457469063,0.2446505939712649,-1.3720857607930526,-0.7276714677098116,-2.096944079629897,-1.6847323276462678
3.5666666666666664,1,896,-1.1715189975909732,-1.195810369576464,-0.33322900802506955,-0.5502502585307039,-0.37428568946214574,-0.36212679559478606,2.070980227591336,1.9145519910504112,0.10833605285134967,0.2442094671167567,-1.3715652281628083,-0.7257989161837565,-1.923374674259518,-1.684384070783244
3.5708333333333333,1,896,-1.0453730550363605,-1.1970846489517497,-0.33234562033268356,-0.5524767713019272,-0.5711408515363702,-0.3606095736809061,2.0766993834093754,1.9140945217734535,0.30060706905890766,0.2437416142290113,-1.3386637285713099,-0.7238129145836187,-2.110688976554572,-1.684014714491788
3.5749999999999997,1,896,-1.189055995634711,-1.198430848037392,-0.3072827407909084,-0.5548289473748701,-0.34261244299569127,-0.3590067204975344,2.0396597436474733,1.9136112331522188,0.09302371612209913,0.2432473559510283,-1.3745163257845807,-0.7217148240156929,-1.9203968846083497,-1.6836245119102522
3.5791666666666666,1,896,-1.0188346346924761,-1.1998480442157822,-0.3077997081456564,-0.5573051746855465,-0.5991525937602832,-0.35731933456017806,2.053496520204605,1.913102456408587,0.3138827557486792,0.24272703102274257,-1.3033623158021095,-0.7195060824064514,-2.128035900701406,-1.683213730463995
3.5833333333333335,1,896,-1.2169702870084969,-1.2013352662114498,-0.28346811206123784,-0.559903756151448,-0.30400928907823227,-0.35554857231887194,2.0061756591613005,1.9125685402327242,0.07968809017723308,0.24218099604886917,-1.3822483490075557,-0.7171882035170647,-1.9170864507517862,-1.6827826516821003
3.5875,1,896,-0.9815848731575285,-1.2028914947567273,-0.2887126561370774,-0.5626229108346394,-0.6485463811422265,-0.3536956473656049,2.0253154795557036,1.9120098505441077,0.3420514191682013,0.24160962525450422,-1.315006426849023,-0.714762775905943,-2.154642988932228,-1.6823315710044329
3.591666666666667,1,896,-1.2561747009027289,-1.2045156632903053,-0.26204544424837783,-0.5654607751623263,-0.256423109066138,-0.35176182960258384,1.9693359250541107,1.9114267702407428,0.07333101890802643,0.24101331022864947,-1.4119032371502387,-0.7122314618400176,-1.9183545818230467,-1.6818607975791566
3.595833333333333,1,896,-0.9226782956520205,-1.2062066586881999,-0.27462311035347137,-0.5684154042040523,-0.6730897757328047,-0.34974844437190766,1.991735350520751,1.910819698936744,0.32197049547633616,0.2403924596558371,-1.348810611176284,-0.7095959961555082,-2.153178938454514,-1.6813706540508622
3.6,1,896,-1.2489782754010403,-1.2079633220266324,-0.2557879282868059,-0.57148477300466,-0.256423109066138,-0.3476568715472421,1.937624696288527,1.9101890526884595,0.07448956931899461,0.2397474990360375,-1.4556331796869306,-0.7068581850689495,-1.9358855486503346,-1.6808614763394403
3.6041666666666665,1,896,-0.8956956416462258,-1.209784449376298,-0.27996013670479547,-0.5746667779720911,-0.6730897757328047,-0.34548854458812533,1.9612646700346863,1.9095352637093257,0.2953933097706837,0.23907887039304304,-1.3929864834715044,-0.7040199049393043,-2.153106477346845,-1.6803336134098603
3.6083333333333334,1,896,-1.2151447728095282,-1.2116687926274785,-0.2753882516916959,-0.5779592383190862,-0.256423109066138,-0.34324494955754425,1.9128917115081592,1.908858780073652,0.05725210893427563,0.2383870319715268,-1.4944418523674063,-0.7010831009819978,-1.9493453443628406,-1.679787427033007
3.6125,1,896,-0.886109621497791,-1.2136150603454345,-0.3135168728146661,-0.581359897557785,-0.6730897757328047,-0.3409276241034632,1.938301934122489,1.908160065409531,0.312630348627398,0.23767245792298486,-1.4305730583752823,-0.6980497859357659,-2.1789570148515183,-1.6792232915377403
3.6166666666666667,1,896,-1.1762870565479557,-1.2156219186554909,-0.3205708496755819,-0.5848664250462127,-0.256423109066138,-0.33853815640499507,1.889524125398417,1.9074395985810917,0.03772258578480849,0.23693563798077624,-1.5232205778832966,-0.6949220386832236,-1.9587343404209496,-1.6786415935543497
3.620833333333333,1,896,-0.8953373004765223,-1.2176879921572061,-0.37227800101656416,-0.5884764175855829,-0.6730897757328047,-0.33607818408394413,1.9172412765196483,1.9066978733603104,0.3564828140060546,0.23617707712448446,-1.459471167302812,-0.6917020028261036,-2.2097366403801524,-1.6780427317495763
3.625,1,896,-1.1435149101152364,-1.2198118648670053,-0.3886938376181279,-0.592187401067333,-0.2956281919756073,-0.3335493930824605,1.8696646315723644,1.9059353980886033,0.09322385018855803,0.23539729523382932,-1.5487115077605549,-0.6883918852161377,-1.9958983958602379,-1.6774271165533874
3.6291666666666664,1,896,-0.9598914079843074,-1.2219920811886225,-0.44939580161297044,-0.5959968321687517,-0.5889796777713269,-0.33095351650758115,1.8988947415855215,1.9051526953284355,0.3649743823808139,0.2345968267323679,-1.4938188373244377,-0.6849939544425921,-2.207072287681003,-1.676795169877688
3.6333333333333333,1,896,-1.1047163578265047,-1.2242271469106953,-0.48049992998558105,-0.5999021000960482,-0.34793274309276306,-0.328292333443443,1.8699259920226112,1.9043503015051813,0.15186761899653578,0.23377622022122657,-1.5376601863218073,-0.6815105392774881,-2.0326444253424962,-1.6761473248271626
3.6374999999999997,1,896,-1.0187676379904789,-1.2265155302308217,-0.5372584870719266,-0.6039005283736566,-0.5019079250131442,-0.3255676677319897,1.8967940082798183,1.9035287665394873,0.36166668445818145,0.23293603810311808,-1.4658057323880176,-0.6779440270795799,-2.199148232946477,-1.6754840254024488
3.6416666666666666,1,896,-1.096232198611232,-1.2288556628053817,-0.5751290248666522,-0.6079893766785625,-0.35621318965893667,-0.3227813867229993,1.8746335951858106,1.902688653470382,0.1884518869179241,0.23207685619689794,-1.5052229524537781,-0.674296862158176,-2.0517112574922654,-1.6748057261958396
3.6458333333333335,1,896,-1.0486803889762952,-1.231245940824401,-0.6240544256748438,-0.6121658427183796,-0.449624989192651,-0.3199353999942977,1.898731688258189,1.9018305380693987,0.3673358542442268,0.23119926334292767,-1.433093342569501,-0.670571544097934,-2.200268433088591,-1.6741128920797292
3.65,1,896,-1.1013221579544943,-1.2336847261107216,-0.6595853157445454,-0.616427064151903,-0.33794168119151546,-0.31703165804302896,1.8784641578538195,1.9009550084459692,0.2053292375071386,0.23030386099951278,-1.4684508459219037,-0.666770626045769,-2.060290078232556,-1.6734059978880131
3.654166666666667,1,896,-1.0648755081332448,-1.2361703472427292,-0.7014861815545005,-0.6207701205508158,-0.4124989146022886,-0.31407215094888064,1.902423485309986,1.9000626646443637,0.3762140336212485,0.22939126283069286,-1.3944984465009873,-0.662896712961053,-2.206454255920408,-1.6726855280906603
3.658333333333333,1,896,-1.1079180060952454,-1.238701100699859,-0.7329234887299778,-0.6251920354012018,-0.31326505969343094,-0.311058907010185,1.8816886523377536,1.8991541182324503,0.21394220939769584,0.22846209428566774,-1.4340826114508003,-0.6589524598303088,-2.06577554423791,-1.6719519764616817
3.6625,1,896,-1.075791139778367,-1.2412752520301056,-0.7684658828476586,-0.6296897781435031,-0.3803301014619755,-0.3079939913538222,1.907188094000013,1.898229991882557,0.3850178232588413,0.22751699217014498,-1.3610088874328579,-0.6549405698476116,-2.2146995340401765,-1.6712058457407215
3.6666666666666665,1,896,-1.113945195644542,-1.2438910370387288,-0.795273924020938,-0.6342602662495103,-0.2871334101849745,-0.30487950451988777,1.8867060270102862,1.8972909189447227,0.2202085753580042,0.22655660420990587,-1.4038822617652311,-0.6508637925619581,-2.07192506278871,-1.6704476472885064
3.6708333333333334,1,896,-1.0842524820101476,-1.2465466629973454,-0.824799457911737,-0.6389003673349776,-0.3498181733520997,-0.3017175810220848,1.9144635102353569,1.896337543012631,0.3931872984788269,0.22558158860688565,-1.331893146424981,-0.6467249219928592,-2.224418039535114,-1.6696779007363824
3.675,1,896,-1.1194309929424897,-1.2492403098725744,-0.8470992108378061,-0.6436069013063982,-0.26040195932104554,-0.29851038788483797,1.8946242965239959,1.8953705174825242,0.22566869621474217,0.2245926135880758,-1.3781059777270113,-0.6425267947154629,-2.0794317540932856,-1.6688971336301868
3.6791666666666667,1,896,-1.0913623444982132,-1.2519701315733989,-0.8709454680531771,-0.6483766425404858,-0.32001679859224064,-0.29526012315811984,1.9248099734597168,1.8943905051053962,0.40066235279643686,0.22359035694755353,-1.307422194535501,-0.638272287916503,-2.2353380435728925,-1.6681058810686937
3.683333333333333,1,896,-1.124547608705505,-1.2547342572163818,-0.8889751831661202,-0.6532063220948512,-0.2333239733066714,-0.29196901441102047,1.90586023264673,1.8933981775327775,0.23083745432441605,0.22257550558195666,-1.356447478027864,-0.633964317422423,-2.0883535277059386,-1.6673046853368851
3.6875,1,896,-1.097674623605202,-1.2575307924078793,-0.9074896860948438,-0.658092629948377,-0.2905643552103737,-0.28863931720507996,1.9383031776602742,1.8923942148564186,0.407352396434317,0.221548755019718,-1.2870718662054859,-0.6296058357010108,-2.2471421678766346,-1.6664940955342948
3.6916666666666664,1,896,-1.129416421302607,-1.260357820542361,-0.9215474570410754,-0.6630322172697358,-0.2060729490640259,-0.28527331354844176,1.9202822811342126,1.891379305142189,0.23583363690137865,0.22051080894438574,-1.3383836814514578,-0.625199829837928,-2.0984637731149234,-1.6656746671986837
3.6958333333333333,1,896,-1.1034777227632486,-1.2632134041159566,-0.9350871608397868,-0.6680216987125165,-0.26139771407228274,-0.28187331033187585,1.95460639123957,1.8903541439585108,0.41319813572671243,0.21946237871235322,-1.2703194427957907,-0.6207493194895075,-2.259515357723868,-1.6648469619253017
3.6999999999999997,1,896,-1.134115177779108,-1.2660955860543242,-0.9454708116145277,-0.6730576547353672,-0.17879838927540426,-0.2784416377477537,1.937430711506642,1.8893194338996515,0.24063524696400632,0.2184041828653314,-1.3232815904768922,-0.6162573548132351,-2.109461726539142,-1.6640115469819983
3.7041666666666666,1,896,-1.1089261535037191,-1.2690023910539323,-0.9543905430074593,-0.6781366339455825,-0.23257501941435013,-0.2749806476930477,1.9731508480857123,1.8882758841042002,0.4181859184595516,0.2173369466378955,-1.2564498760961273,-0.61172701437732,-2.2721911255844085,-1.6631689949204458
3.7083333333333335,1,896,-1.1386921494268165,-1.2719318269358313,-0.9613916878115153,-0.6832551554645122,-0.15164228807837554,-0.2714927121574615,1.9566189982680025,1.8872242097690604,0.24514839393076734,0.2162614014604463,-1.3105296583988317,-0.6071614030508024,-2.1210353848542196,-1.6623198831837405
3.7125,1,896,-1.1141011122827518,-1.2748818860109967,-0.9660380678563811,-0.6884097113131822,-0.20421383957258055,-0.2679802215977854,1.9932146536047437,1.8861651316592893,0.42234870867382646,0.21517828445792392,-1.244821016031128,-0.6025636498756282,-2.284972023244247,-1.6614647937106533
3.716666666666667,1,896,-1.1431835722249817,-1.2778505464562975,-0.9699337296310611,-0.6935967688164908,-0.12472725917263636,-0.2644455832995952,1.9770526999859437,1.8850993756141208,0.24927171221907365,0.2140883379446187,-1.2995816236019626,-0.59793690592216,-2.1329161526355223,-1.6606043125367955
3.720833333333333,1,896,-1.1190511313895841,-1.2808357737001514,-0.9706405260845701,-0.6988127730243233,-0.17643737851552047,-0.26089121972742235,2.0140156841530312,1.884027672049513,0.42575455669006956,0.21299230891542703,-1.2348809075703904,-0.5932843421295934,-2.2977277811160524,-1.6597390293929826
3.725,1,896,-1.1476250690883811,-1.2838355218169222,-0.9716936323916996,-0.7040541491479424,-0.09815159362100995,-0.25731956686451385,1.9979105807068556,1.882950755457556,0.25291887944014524,0.21189094853389748,-1.2899865680750857,-0.58860914713275,-2.1448963888455177,-1.6588695373010587
3.7291666666666665,1,896,-1.1238143332472545,-1.2868477349290903,-0.9687799484835621,-0.7093173050099639,-0.14935195740381538,-0.25373307254333477,2.0347795146976084,1.881869363903089,0.4284943693986848,0.21078501161742152,-1.2261484649329082,-0.5839145250767507,-2.310388380904756,-1.657996432167472
3.7333333333333334,1,896,-1.1520588064486794,-1.2898703486162528,-0.9672489032418035,-0.7145986335062621,-0.07199109857059093,-0.25013419476794263,2.018399691836012,1.8807842385178664,0.2560297501172587,0.20967525611991877,-1.2813946361125832,-0.5792036934210498,-2.1568317314608216,-1.6571203123748683
3.7375,1,896,-1.1284313166837936,-1.292901291329971,-0.9610217751942145,-0.7198945150780924,-0.1230419245791378,-0.24652540002939757,2.054778241807711,1.8796961229926241,0.4306732526173124,0.2085624426123739,-1.218283839683105,-0.5744798807343541,-2.322934017910326,-1.6562417783719905
3.7416666666666667,1,896,-1.1565401052228448,-1.295938485813508,-0.9571642234286335,-0.725201320192762,-0.04629622864630921,-0.2429091616153492,2.0378046002678927,1.8786057630673905,0.2585769345631545,0.20744733376157842,-1.2735387483909861,-0.5697463244819181,-2.168640035532881,-1.65536143226216
3.745833333333333,1,896,-1.1329527838503142,-1.298979850525476,-0.9479213129362305,-0.7305154118311248,-0.09756495423262372,-0.2392879579149722,2.0733710495840225,1.8775139060203938,0.4324027597410559,0.20633069380743801,-1.2110022996925083,-0.5650062688067519,-2.3353829833010744,-1.6544798773906266
3.75,1,896,-1.1611367706658475,-1.302023301066421,-0.942003597591289,-0.7358331479802179,-0.021101744495821285,-0.23566427072039892,2.05550411138391,1.8764213001559147,0.26055653273842233,0.20521328803919964,-1.2662401939168644,-0.5602629623062432,-2.1802835065556816,-1.6535977179310646
3.7541666666666664,1,896,-1.1374386741117004,-1.305066751607366,-0.9300362827601072,-0.7411508841293106,-0.0729640144208105,-0.23204058352582593,2.090014629494319,1.8753286942914353,0.43379476910396836,0.20409588227096134,-1.204147875066987,-0.5555196558057349,-2.34777781279327,-1.6527155584715023
3.7583333333333333,1,896,-1.165929223165817,-1.3081081163193342,-0.922333304284192,-0.746464975767674,0.0035730497229280694,-0.2284193798254486,2.070997562730556,1.8742368372444387,0.2619909232567434,0.20297924231682085,-1.2593697929826877,-0.5507796001305683,-2.1917641868693605,-1.651834003599969
3.7624999999999997,1,896,-1.1419570398763181,-1.311145310802871,-0.9079279027749406,-0.7517717808823429,-0.04926812059075378,-0.22480314141140065,2.1042834541891104,1.8731464773192052,0.4349589375427097,0.2018641334660255,-1.1975839974970441,-0.5460460438781327,-2.360177680809385,-1.6509536574901387
3.7666666666666666,1,896,-1.1710040585284935,-1.3141762535165893,-0.8987272290921442,-0.7570676624541739,0.02771336364609993,-0.22119434667285515,2.0838979815380516,1.8720583617939628,0.2629139137819716,0.2007513199584805,-1.2528513306046274,-0.5413222311914364,-2.203103410727251,-1.6500751234872606
3.7708333333333335,1,896,-1.1465759288916808,-1.3171988672037518,-0.8821650348180251,-0.7623489909504719,-0.02650750669690419,-0.217595468897463,2.1158605180022048,1.8709732364087401,0.4360000183385638,0.19964156446097772,-1.191263928762872,-0.5366113995357356,-2.3726481997504862,-1.6491990036946569
3.775,1,896,-1.1764504791822255,-1.32021108031592,-0.871761479102506,-0.7676121468124936,0.051309323333773006,-0.21400897457628396,2.0939385790783573,1.8698918448542732,0.2633730310035349,0.1985356275445018,-1.2466303546762358,-0.5319167774797362,-2.214338096103972,-1.6483258985610703
3.779166666666667,1,896,-1.1513584167027031,-1.3232108284326907,-0.853315973181489,-0.7728535229361126,-0.004714130325427629,-0.21043732171337545,2.1245409486106555,1.868814928262316,0.43701737716149275,0.1974342671629722,-1.18513295968611,-0.5272415824828929,-2.3852562104420025,-1.6474564064691464
3.783333333333333,1,896,-1.1823518725344586,-1.3261960556765446,-0.8420099901874352,-0.7780695271439452,0.07434660727314113,-0.20688295814120256,2.100952761900733,1.8677432246977084,0.2634167445316463,0.19633823813378054,-1.2406843870078967,-0.5225890186903264,-2.225503582171905,-1.6465911233253334
3.7875,1,896,-1.15608947922891,-1.3291647161218454,-0.8294015726820311,-0.7832565846472539,0.01979512211872995,-0.20334831984301238,2.0996416895414507,1.8666774686525398,0.4119843475722644,0.19524829162047533,-1.2343559770281194,-0.5179622747368581,-2.3801182209235034,-1.6457306421514757
3.7916666666666665,1,896,-1.1860330126556327,-1.3321147751970108,-0.8180619728379477,-0.7884111404959238,0.10187349741350081,-0.19983582928333624,2.0680519059126397,1.8656183905427688,0.23786205693987733,0.1941651746179529,-1.2098887477121425,-0.513364521561684,-2.217337369189351,-1.6448755526783885
3.7958333333333334,1,896,-1.151584884372976,-1.3350442110789098,-0.8026910173490542,-0.7935296620148533,0.02864324072972726,-0.19634789374775008,2.0723794237493167,1.864566716207629,0.41170876839319404,0.19308962944050376,-1.1961126450803068,-0.5087989102351662,-2.3904556846757803,-1.6440264409416832
3.8,1,896,-1.1853997500865339,-1.3379510160785175,-0.791715209150158,-0.7986086412250682,0.11472250232869657,-0.19288690369304448,2.039060400965722,1.8635231664121779,0.22409091478935525,0.19202239321306797,-1.1894323443096793,-0.5042685697992517,-2.215759276531907,-1.6431838888801307
3.8041666666666667,1,896,-1.1485181295384908,-1.3408331980168855,-0.7738020251688993,-0.8036445972479196,0.034024341859102906,-0.18945523110892193,2.0483250353132574,1.8624884563533184,0.41038911610328416,0.19096419736604603,-1.1559833999205167,-0.4997766051229788,-2.397286083853941,-1.6423484739368273
3.808333333333333,1,896,-1.1861039710853485,-1.343688781590481,-0.763906781666716,-0.8086340786906996,0.1230037432441175,-0.18605522789235637,2.011156856402739,1.8614632951696402,0.21178688571867704,0.1899157671340136,-1.1798445542410254,-0.4953260947745587,-2.214195357376955,-1.6415207686634452
3.8125,1,896,-1.14784876376124,-1.3465158097249628,-0.7429914119949075,-0.8135736660120589,0.03667958708898705,-0.18268922423571787,2.0267229029946066,1.8604483854554106,0.4106616007642814,0.18887782105868128,-1.110582784463041,-0.49092008891147554,-2.4049146903090572,-1.640701340327834
3.8166666666666664,1,896,-1.1893944694714889,-1.3493123449164601,-0.7352848541616236,-0.8184599738655842,0.12780877880538796,-0.17935952702977767,1.9816311118435006,1.8594444227790519,0.20216445784682138,0.1878510704964427,-1.185047932263734,-0.4865616071900637,-2.215258422246896,-1.6398907505252438
3.8208333333333333,1,896,-1.15062842286488,-1.3520764705594432,-0.7126141926417369,-0.8232896534199502,0.037426562610229246,-0.176068418282678,2.0026087013355256,1.8584520952064332,0.41391983979876695,0.18683621913084575,-1.1152134894419097,-0.4822536366959833,-2.4158203284812307,-1.6390895547934352
3.8249999999999997,1,896,-1.1993696145762394,-1.3548062922602673,-0.7041850593162083,-0.8280593946540372,0.13822926614743747,-0.1728181535559602,1.9595752768756676,1.857472082829305,0.20112110664503147,0.18583396249032358,-1.1935244592465042,-0.4779991298970238,-2.2252246536260465,-1.6382983022319422
3.8291666666666666,1,896,-1.1598359842013037,-1.3574999391354967,-0.6799920776237269,-0.8327659286254584,0.04489799746290761,-0.16961096041871296,1.9839148470348726,1.8565050572991981,0.4188797604846081,0.18484498747151357,-1.1272170295863608,-0.473801002619627,-2.4293546007845728,-1.6375175351257465
3.8333333333333335,1,896,-1.2143229397557846,-1.3601555650941133,-0.6707517902379873,-0.8374060297109256,0.15355114489643026,-0.1664490369209101,1.9435549039869946,1.8555516813671065,0.2039203988879618,0.1838699718684934,-1.2039889889540132,-0.46966213205052826,-2.238859843080434,-1.6367477885736226
3.8375,1,896,-1.1726762507746635,-1.3627713501027365,-0.6450101664273141,-0.841976517816933,0.056052745367460556,-0.1633345500869756,1.9703332501378796,1.8546126084292722,0.42484802552429857,0.18290958390825424,-1.139760074245367,-0.4655853547648746,-2.444136309358188,-1.6359895901214074
3.841666666666667,1,896,-1.232009618059556,-1.3653455014329832,-0.6351294732123517,-0.8464742605592341,0.17125499096236751,-0.1602696344306128,1.9321484071823338,1.8536884820793789,0.2084067961189225,0.1819644817927315,-1.2114698043276866,-0.46157346478217753,-2.2536829411780746,-1.6352434594004472
3.845833333333333,1,896,-1.1867042114372797,-1.3678762548901129,-0.608006231891851,-0.8508961754096203,0.06773548666884603,-0.15725639049191714,1.9601749832153086,1.8527799356674655,0.43155529945518395,0.1810353132477064,-1.147605925172286,-0.4576292116514333,-2.4596614929036145,-1.6345099077714687
3.85,1,896,-1.2509115090865792,-1.3703618760221203,-0.5979696747146699,-0.8552392318085329,0.18931775425695677,-0.15429688339776887,1.9225683890877818,1.85188759186586,0.21247857344414814,0.18012271507888647,-1.2160505471963967,-0.45375529856671737,-2.267803600762597,-1.6337894379741158
3.8541666666666665,1,896,-1.2002680089001,-1.3728006613084411,-0.5696808723358072,-0.8595004532420565,0.07742249279481257,-0.15139314144650007,1.9510579581875076,1.8510120622424306,0.4388095119805957,0.17922731273547154,-1.1527212025794775,-0.4499543805145523,-2.475530914727149,-1.6330825437823997
3.8583333333333334,1,896,-1.270615815007147,-1.3751909393274602,-0.5597984062207183,-0.8636769192818735,0.20707565331776068,-0.1485471547177985,1.913064197860474,1.8501539468414472,0.21550695071651715,0.1783497198815013,-1.2177905878891313,-0.4462290624543103,-2.280717947423223,-1.6323897096662894
3.8625,1,896,-1.2126572933258521,-1.3775310719020202,-0.5304972823898771,-0.8677657675867789,0.0839397207069072,-0.1457608737088084,1.941479353281165,1.849313833772342,0.4467431264931918,0.17749053797528128,-1.1546595127746606,-0.4425818975329069,-2.4916721957054846,-1.6317114104596802
3.8666666666666667,1,896,-1.2912798044456175,-1.3798194552221468,-0.5211117995880244,-0.8717641958643878,0.2244309284808034,-0.14303620799735484,1.902044606666812,1.848492298806648,0.21712336180843647,0.1766503558571727,-1.2170314544828391,-0.43901538533499823,-2.292036957743093,-1.6310481110349664
3.870833333333333,1,896,-1.2233931625707664,-1.3820545209442194,-0.49088753214176867,-0.8756694637916838,0.08619238985479874,-0.14037502493321696,1.9300167829470125,1.847689904983394,0.4559204648365836,0.17582974934603146,-1.154198641489495,-0.43553197016989453,-2.5082806386652527,-1.6304002659844412
3.875,1,896,-1.3137327136293728,-1.3842347372658368,-0.48230126372957516,-0.8794788948931029,0.24198636549419117,-0.1377791483583373,1.8881684780599521,1.8469072022232258,0.21725327455196658,0.17502928084456992,-1.2139098748310573,-0.4321340393963486,-2.301539904727128,-1.6297683193087416
3.8791666666666664,1,896,-1.2320846963041088,-1.3863586099756358,-0.4511311307343993,-0.8831898783748526,0.08298102494551915,-0.1352503573568539,1.9153861924879785,1.846144726951519,0.4673654550631326,0.17424949895391487,-1.1514761411635797,-0.42882392178638296,-2.5258406106413904,-1.6291527041125526
3.8833333333333333,1,896,-1.3395368446735785,-1.3884246834773513,-0.4436650320484513,-0.8867998709142233,0.2609849554560626,-0.13279038503580273,1.8699086661887778,1.8454030017307375,0.2157559208846094,0.173490938097623,-1.2083112396158016,-0.4256038859292628,-2.308829765685511,-1.6285538423077792
3.8874999999999997,1,896,-1.2380528813871954,-1.3904315417874074,-0.4113700146658581,-0.8903063984026505,0.07227649245202662,-0.1304009173373348,1.8959923291861496,1.8446825349022984,0.4828019740623759,0.17275411815541447,-1.1465998574672749,-0.42247613867672074,-2.54522671924535,-1.6279721443243886
3.8916666666666666,1,896,-1.3715847943446267,-1.3923778095053636,-0.4053732543508714,-0.8937070576413497,0.2838755296171483,-0.12808359188325352,1.8451519368028113,1.843983820238177,0.21222134178218036,0.17203954410687244,-1.1995546753153834,-0.41944282363048857,-2.3131360268063617,-1.6274080088291218
3.8958333333333335,1,896,-1.2398286349293004,-1.3942621527565442,-0.3715086301755138,-0.8969995179883449,0.05022509948363451,-0.12583999685267247,1.8694241097026465,1.8433073366025035,0.5052804462727679,0.17134770568535618,-1.1391660856585297,-0.41650601967318196,-2.5680859485685605,-1.6268618224522686
3.9,1,896,-1.4155683468684297,-1.3960832801062097,-0.3673807453796891,-0.9001815229557759,0.3157466527449368,-0.12367166989355566,1.8102696545276278,1.8426535476233696,0.20544101227938294,0.17067907704236174,-1.185858690292247,-0.4136677395435368,-2.3127949149940252,-1.6263339595226887
3.904166666666667,1,896,-1.233864380901995,-1.3978399434446422,-0.3309656907283189,-0.9032508917563835,0.008661895095422308,-0.12158009706889011,1.8311838293101137,1.842022901375085,0.5408001256916191,0.17003411642256214,-1.1281214948026788,-0.4109299284569782,-2.5978329232105115,-1.6258247818112668
3.908333333333333,1,896,-1.4841906615128397,-1.3995309388425368,-0.32902670838656345,-0.9062055207981097,0.36864832780434476,-0.11956671183821393,1.7578915143083473,1.8414158300710863,0.1920663885546638,0.1694132658497498,-1.1628101120222363,-0.4082944627724686,-2.304017478449674,-1.6253346382829723
3.9125,1,896,-1.2094314562317792,-1.4011551073761148,-0.2876673462821088,-0.9090433851257964,-0.0480183388623219,-0.1176328940751929,1.7691839011685073,1.8408327497677215,0.5584179254888924,0.16881695082389503,-1.1169938779236157,-0.40576314870654334,-2.6123428819598646,-1.624863864857696
3.9166666666666665,1,896,-1.5797381785001818,-1.4027113359213923,-0.28828848304299437,-0.9117625398089879,0.36864832780434476,-0.11577996912192584,1.6891733385158079,1.840274060079105,0.27321815098573843,0.16824558002953005,-1.1605216679546975,-0.4033377210954216,-2.364501596492486,-1.6244127841800287
3.9208333333333334,1,896,-1.2538137523765442,-1.40419855791706,-0.2556432742802978,-0.9143611212748894,-0.0480183388623219,-0.11400920688061977,1.6773042039521464,1.8397401439032421,0.53543436688271,0.1676995450556567,-1.1098447535558562,-0.40101984220603487,-2.5919673062420223,-1.623981705398134
3.925,1,896,-1.6451146476849423,-1.40561575409545,-0.2643837490941577,-0.9168373485855656,0.36864832780434476,-0.1123218209432636,1.5981819227801082,1.8392313671596103,0.30770838159483116,0.16717922012737102,-1.1264217602697573,-0.3988111005967937,-2.396290140755535,-1.6235709239518767
3.9291666666666667,1,896,-1.2714341443576638,-1.4069619531810924,-0.24245823736065783,-0.9191895246585089,-0.0480183388623219,-0.11071896775989165,1.5634986362698946,1.8387480785383756,0.47897138180801774,0.16668496184938794,-1.0912686716026736,-0.3967130100288675,-2.557400408164496,-1.6231807213703409
3.933333333333333,1,896,-1.6674843892162823,-1.408236232556378,-0.2616931354866209,-0.9214160374297318,0.36864832780434476,-0.10920174584601189,1.4864506246022389,1.838290609261418,0.2893470544445311,0.1662171089616426,-1.0824078161309258,-0.39472700842873004,-2.3986875345124195,-1.622811365078885
3.9375,1,896,-1.274746187983165,-1.4094377188938747,-0.25265266874178216,-0.9235153609585985,-0.0480183388623219,-0.10777119502973675,1.4351871429867962,1.8378592728553291,0.4220855660640604,0.16577598210713435,-1.065299695556643,-0.3928544569026746,-2.5267426719686856,-1.6224631082158611
3.9416666666666664,1,896,-1.65440437470731,-1.4105655887548625,-0.28397698279974537,-0.9254860564736254,0.36864832780434476,-0.10642829573913853,1.356623305828414,1.8374543649365358,0.2342512095381731,0.1653618836121746,-1.0350904143112518,-0.3910966388039816,-2.3771130933856455,-1.6221361894591277
3.9458333333333333,1,896,-1.2776997454873227,-1.411619069153677,-0.2873300280124954,-0.9273267733585453,-0.0480183388623219,-0.10517396833031128,1.296701506570884,1.8370761630086998,0.3940251824830204,0.16497509727918702,-1.0364389735378485,-0.38945475885337044,-2.514125726967891,-1.6218308328624707
3.9499999999999997,1,896,-1.6244870933212545,-1.4125974380874748,-0.3271488389719309,-0.9290362500779505,0.36864832780434476,-0.10400907245660634,1.2177334612680728,1.8367249262725314,0.1740405786420188,0.1646158881922039,-0.9813599159433615,-0.3879299423133459,-2.350470606813446,-1.621547247702048
3.9541666666666666,1,896,-1.2851001533024724,-1.41350002503106,-0.3374434964663414,-0.9306133150418886,-0.0480183388623219,-0.10293440647946733,1.155795510689166,1.836400895448144,0.3952006402839528,0.16428450253519056,-1.0051839130839182,-0.38652323421699786,-2.5171090572581902,-1.621285628332964
3.9583333333333335,1,896,-1.5992721555050953,-1.4143262113964266,-0.37692340704214744,-0.932056887408809,0.36864832780434476,-0.1019507069212745,1.0857583337480092,1.83610429261008,0.13965891047338136,0.16398116742332317,-0.9197370719706418,-0.3852355986517892,-2.3404683495863012,-1.6210461540560654
3.9625,1,896,-1.3014297719474504,-1.4150754309567084,-0.38599866300522495,-0.9333659778263192,-0.0480183388623219,-0.10105864796056807,1.0273752329863541,1.8358353210351084,0.4176187362315119,0.16370609074733555,-0.9511835822487529,-0.3840679180988175,-2.529809269382645,-1.6208289889950598
3.966666666666667,1,896,-1.5955878508018453,-1.4157471702342435,-0.4185678330158021,-0.9345396891092383,0.36864832780434476,-0.10025884097000026,0.9663189354967072,1.835594165062911,0.13783711056425968,0.16345946103104098,-0.8693925084753985,-0.38302099282800667,-2.351538660608046,-1.6206342819840325
3.970833333333333,1,896,-1.3331599100212228,-1.4163409688524846,-0.41777506931760666,-0.9355772168544806,-0.0480183388623219,-0.09955183409733132,0.9199635860417188,1.8353809899697457,0.4469445049631448,0.16324144730212764,-0.8996692219687383,-0.3820955403496423,-2.5433592627442665,-1.620462166465443
3.975,1,896,-1.6192234234675944,-1.4168564198515203,-0.43690501434159984,-0.9364778499923554,0.36864832780434476,-0.09893811188975588,0.8725284766868456,1.8351959418551727,0.15892482718959788,0.16305219897631526,-0.8315947414759775,-0.3812921949226257,-2.376321503636116,-1.6203127603986702
3.9791666666666665,1,896,-1.3779933523885863,-1.417293169966983,-0.42097629998713776,-0.9372409712738975,-0.0480183388623219,-0.09841809496181897,0.8395678120371007,1.8350391475419265,0.4651276870326209,0.1628918457549532,-0.8684653714406342,-0.3806115071197846,-2.546604563370555,-1.6201861661791694
3.9833333333333334,1,896,-1.6642707193554007,-1.4176509198721596,-0.42220715137169296,-0.9378660576938995,0.36864832780434476,-0.09799213970714749,0.8116735852782756,1.8349107144889971,0.18018435416345208,0.1627604975361295,-0.8108356015425666,-0.3800539434505377,-2.3955269286194154,-1.620082470568295
3.9875,1,896,-1.4205025757919931,-1.417929424383135,-0.38852656202068353,-0.9383526808493525,-0.0480183388623219,-0.09766053805419617,0.789885589132369,1.834810730717984,0.44049441405284867,0.16265824433935244,-0.8560381617892933,-0.3796198860411733,-2.5161336448671547,-1.6200017446338393
3.9916666666666667,1,896,-1.705672143798773,-1.4181284926268294,-0.3708769363601497,-0.9387005072330536,0.36864832780434476,-0.09742351726617393,0.7846015612653843,1.8347392647527692,0.1537933190235471,0.1625851562438554,-0.7909659505597969,-0.37930963237295795,-2.368534216900314,-1.619944043701325
3.995833333333333,1,896,-1.406838148332627,-1.418247988171812,-0.31764737318477854,-0.9389092984621734,-0.0480183388623219,-0.09728123978528957,0.7688459363888588,1.8346963655725557,0.29076728492752574,0.16254128334056817,-0.8381607745531798,-0.3791233950782584,-2.3855942895183304,-1.6199094073160893
4.0,1,896,-1.6622420745153226,-1.4182878291218053,-0.2850698534001088,-0.938978911441633,0.36864832780434476,-0.09723380312142144,0.7847464664154068,1.8346820625782985,-0.03765791911077484,0.1625266556977872,-0.7391280813909914,-0.3790613017948135,-2.1999501060445805,-1.6198978592161806
4.004166666666666,1,896,-1.2455754078486558,-1.4182878291218053,-0.21450164626342197,-0.938978911441633,-0.0480183388623219,-0.09723380312142145,0.7677699043152312,1.8346820625782985,-0.07337276545229644,0.1625266556977872,-0.8316748606727113,-0.3790613017948135,-2.081574540625327,-1.6198978592161806
4.008333333333333,1,896,-1.5212952170804797,-1.4182878291218053,-0.17567143164156124,-0.938978911441633,0.36864832780434476,-0.09723380312142145,0.7918507271166778,1.8346820625782985,0.011422684614799042,0.1625266556977872,-0.7276787698568494,-0.3790613017948135,-2.3359165136951185,-1.6198978592161806
4.0125,1,896,-1.104628550413813,-1.4182878291218053,-0.13788404322742653,-0.938978911441633,-0.031262861025463086,-0.09723380312142145,0.7082590155325211,1.8346820625782985,-0.3252871831608141,0.1625266556977872,-0.9119389370075961,-0.3790613017948135,-2.0833842609529585,-1.6198978592161806
4.016666666666667,1,896,-1.4982652157500453,-1.4182878291218053,-0.10361432673714838,-0.938978911441633,0.3854038056412036,-0.09723380312142145,0.726216891350925,1.8346820625782985,0.06610467349539219,0.1625266556977872,-0.7310121910094565,-0.3790613017948135,-2.481016999031199,-1.6198978592161806
4.020833333333333,1,896,-1.0815985490833786,-1.4182878291218053,-0.1056238592071882,-0.938978911441633,0.003501267976262384,-0.09723380312142145,0.5357078356075318,1.8346820625782985,-0.22116045828698022,0.1625266556977872,-1.091292505422146,-0.3790613017948135,-2.253855312590312,-1.6198978592161806
4.025,1,896,-1.4943554708043274,-1.4182878291218053,-0.05589397545334253,-0.938978911441633,0.42016793464292906,-0.09723380312142145,0.6056967435335626,1.8346820625782985,0.09962477713070281,0.1625266556977872,-0.8732265810961549,-0.3790613017948135,-2.5381411359195973,-1.6198978592161806
4.029166666666667,1,896,-1.0776888041376607,-1.4182878291218053,-0.04250554239939557,-0.938978911441633,0.04106301712314749,-0.09723380312142145,0.4686626280272842,1.8346820625782985,-0.18792501078726234,0.1625266556977872,-1.1216048760126376,-0.3790613017948135,-2.342828298797811,-1.6198978592161806
4.033333333333333,1,896,-1.4933931746323281,-1.4182878291218053,0.014650845239138328,-0.938978911441633,0.44053905574590624,-0.09723380312142145,0.5325868022058962,1.8346820625782985,0.04263042194231654,0.1625266556977872,-0.955964206773212,-0.3790613017948135,-2.55240168226554,-1.6198978592161806
4.0375,1,896,-1.0785777999071329,-1.4182878291218053,0.07284066441900895,-0.938978911441633,0.06757022372832222,-0.09723380312142145,0.5223544497774397,1.8346820625782985,-0.2071486409954771,0.1625266556977872,-1.0374829267807122,-0.3790613017948135,-2.4019288075755894,-1.6198978592161806
4.041666666666667,1,896,-1.4937200318003487,-1.4182878291218053,0.1441256845049489,-0.938978911441633,0.43083221092322094,-0.09723380312142145,0.5556083595203939,1.8346820625782985,-0.06566853483718184,0.1625266556977872,-0.9613845595852498,-0.3790613017948135,-2.5305332571708923,-1.6198978592161806
4.045833333333333,1,896,-1.083259190976367,-1.4182878291218053,0.26049886658999954,-0.938978911441633,0.10246761942002565,-0.09723380312142145,0.6716643369081183,1.8346820625782985,-0.25089840545907754,0.1625266556977872,-0.9111093530890328,-0.3790613017948135,-2.426714508689811,-1.6198978592161806
4.05,1,896,-1.3054532767306763,-1.4182878291218053,0.366953901812627,-0.938978911441633,0.16817319424624008,-0.09723380312142145,0.6602493607956837,1.8346820625782985,0.07922072473574485,0.1625266556977872,-1.08119831834126,-0.3790613017948135,-2.649962913302299,-1.6198978592161806
4.054166666666666,1,896,-1.1654590819646986,-1.4182878291218053,0.5008617244543301,-0.938978911441633,0.2886556448863494,-0.09723380312142145,0.7302306883486818,1.8346820625782985,-0.3374459419309218,0.1625266556977872,-1.0010964830339755,-0.3790613017948135,-2.365638183181887,-1.6198978592161806
4.058333333333334,1,896,-1.3156944855061141,-1.4182878291218053,0.6257818151787099,-0.938978911441633,0.10910859010102378,-0.09723380312142145,0.7211465807008557,1.8346820625782985,0.07922072473574485,0.1625266556977872,-0.9968506375272856,-0.3790613017948135,-2.711297021803878,-1.6198978592161806
4.0625,1,896,-1.2019961873422833,-1.4182878291218053,0.7255735868834896,-0.938978911441633,0.31456623135072925,-0.09723380312142145,0.6965817522332154,1.8346820625782985,-0.3374459419309218,0.1625266556977872,-1.0343391962134016,-0.3790613017948135,-2.3447212890566704,-1.6198978592161806
4.066666666666666,1,896,-1.3130882428054242,-1.4182878291218053,0.8596019566525748,-0.938978911441633,0.002421990593996863,-0.09723380312142145,0.7159637860317354,1.8346820625782985,0.07922072473574485,0.1625266556977872,-0.7777546803194609,-0.3790613017948135,-2.7214405594956705,-1.6198978592161806
4.070833333333333,1,896,-1.2057603287379648,-1.4182878291218053,0.92390759327843,-0.938978911441633,0.250254555151959,-0.09723380312142145,0.5726261484203895,1.8346820625782985,-0.3374459419309218,0.1625266556977872,-0.9653688851598028,-0.3790613017948135,-2.304773892829004,-1.6198978592161806
4.075,1,896,-1.3074986610822892,-1.4182878291218053,1.0536543501499898,-0.938978911441633,-0.1122377018576437,-0.09723380312142145,0.6088482118553676,1.8346820625782985,0.07922072473574485,0.1625266556977872,-0.6287122894186672,-0.3790613017948135,-2.612872551973469,-1.6198978592161806
4.079166666666667,1,896,-1.2025362798575474,-1.4182878291218053,1.1203243371423068,-0.938978911441633,0.23038227027972963,-0.09723380312142145,0.42577582431678335,1.8346820625782985,-0.3374459419309218,0.1625266556977872,-0.8633781243738826,-0.3790613017948135,-2.1962058853068025,-1.6198978592161806
4.083333333333333,1,896,-1.306909277672156,-1.4182878291218053,1.2647045827785168,-0.938978911441633,-0.1521271695186332,-0.09723380312142145,0.49561346846632526,1.8346820625782985,0.07922072473574485,0.1625266556977872,-0.5036060882696902,-0.3790613017948135,-2.3956218767103024,-1.6198978592161806
4.0875,1,896,-1.2194240422932658,-1.4182878291218053,1.3435831194669776,-0.938978911441633,0.2310356839103418,-0.09723380312142145,0.2922360549658261,1.8346820625782985,-0.3374459419309218,0.1625266556977872,-0.7822133546132948,-0.3790613017948135,-2.1497833747513146,-1.6198978592161806
4.091666666666667,1,896,-1.307420691854665,-1.4182878291218053,1.5145508392926177,-0.938978911441633,-0.1727015021521152,-0.09723380312142145,0.3980569886496487,1.8346820625782985,0.07922072473574485,0.1625266556977872,-0.42178781433065043,-0.3790613017948135,-2.274099130312668,-1.6198978592161806
4.095833333333333,1,896,-1.2229988980884254,-1.4182878291218053,1.608046797979568,-0.938978911441633,0.24396516451455147,-0.09723380312142145,0.17813991914871818,1.8346820625782985,-0.29405205821407304,0.1625266556977872,-0.721102470563193,-0.3790613017948135,-2.2074347510626495,-1.6198978592161806
4.1,1,896,-1.2700600689973733,-1.4182878291218053,1.8050257195151105,-0.938978911441633,-0.16059713415424687,-0.09723380312142145,0.31407467710729753,1.8346820625782985,0.12261460845259362,0.1625266556977872,-0.34230201873900057,-0.3790613017948135,-2.351598366998689,-1.6198978592161806
4.104166666666667,1,896,-1.16793498649799,-1.4182878291218053,1.9031556912328407,-0.938978911441633,0.2560695325124198,-0.09723380312142145,0.05133750408008796,1.8346820625782985,-0.17946227248065033,0.1625266556977872,-0.7094827677431005,-0.3790613017948135,-2.4003339762941116,-1.6198978592161806
4.108333333333333,1,896,-1.133524967518539,-1.4182878291218053,2.122973866186458,-0.938978911441633,-0.14921504687758405,-0.09723380312142145,0.23372761044800502,1.8346820625782985,0.23720439418601633,0.1625266556977872,-0.2928161010764338,-0.3790613017948135,-2.3679954085398616,-1.6198978592161806
4.1125,1,896,-1.010498013366562,-1.4182878291218053,2.11749111345299,-0.938978911441633,0.2674516197890826,-0.09723380312142145,0.20541026833955964,1.8346820625782985,-0.17946227248065033,0.1625266556977872,-0.3114644672361835,-0.3790613017948135,-2.5004077759778562,-1.6198978592161806
4.116666666666666,1,896,-1.0568493191278632,-1.4182878291218053,2.1128720241794174,-0.938978911441633,-0.14919571996696454,-0.09723380312142145,0.1887036901488114,1.8346820625782985,0.1961491158629254,0.1625266556977872,-0.28935846229858414,-0.3790613017948135,-2.562243270945885,-1.6198978592161806
4.120833333333334,1,896,-0.970631405287133,-1.4182878291218053,2.109176658034533,-0.938978911441633,0.2674709466997021,-0.09723380312142145,0.18125757895513445,1.8346820625782985,-0.22051755080374125,0.1625266556977872,-0.30029335764072335,-0.3790613017948135,-2.362914070087019,-1.6198978592161806
4.125,1,896,-1.0181912672111788,-1.4182878291218053,2.1062203282358483,-0.938978911441633,-0.14919571996696454,-0.09723380312142145,0.1742858418120673,1.8346820625782985,0.08795777282574756,0.1625266556977872,-0.2669324976602088,-0.3790613017948135,-2.328154684180348,-1.6198978592161806
4.129166666666666,1,896,-0.9479141794597914,-1.4182878291218053,2.1038552812665903,-0.938978911441633,0.2674709466997021,-0.09723380312142145,0.16994294034976504,1.8346820625782985,-0.3287088938409191,0.1625266556977872,-0.3151399677927783,-0.3790613017948135,-2.435946599396368,-1.6198978592161806
4.133333333333333,1,896,-1.0040278429546734,-1.4182878291218053,2.1019632769629024,-0.938978911441633,-0.14919571996696454,-0.09723380312142145,0.16105652827982678,1.8346820625782985,-0.026857100657034647,0.1625266556977872,-0.300463009515293,-0.3790613017948135,-2.2484051169624752,-1.6198978592161806
4.1375,1,896,-0.9468108110540863,-1.4182878291218053,2.10044964255151,-0.938978911441633,0.2674709466997021,-0.09723380312142145,0.1627349804673172,1.8346820625782985,-0.43589943858034697,0.1625266556977872,-0.3172392727224815,-0.3790613017948135,-2.3434918291569447,-1.6198978592161806
4.141666666666667,1,896,-1.006922999319545,-1.4182878291218053,2.099237687111804,-0.938978911441633,-0.14919571996696454,-0.09723380312142145,0.15566254305463606,1.8346820625782985,-0.06055086786997417,0.1625266556977872,-0.335825932785156,-0.3790613017948135,-2.308001607396753,-1.6198978592161806
4.145833333333333,1,896,-0.9554137015657834,-1.4182878291218053,2.0982691698014295,-0.938978911441633,0.2674709466997021,-0.09723380312142145,0.1586833981755602,1.8346820625782985,-0.43506772326660004,0.1625266556977872,-0.33178163348197615,-0.3790613017948135,-2.5417824888582885,-1.6198978592161806
4.15,1,896,-1.0141773329663117,-1.4182878291218053,2.097492072625387,-0.938978911441633,-0.14919571996696454,-0.09723380312142145,0.15360152174177788,1.8346820625782985,-0.018401056599933376,0.1625266556977872,-0.3573767826693629,-0.3790613017948135,-2.4178088632738075,-1.6198978592161806
4.154166666666667,1,896,-0.9579223673303603,-1.4182878291218053,2.0968726784695737,-0.938978911441633,0.2674709466997021,-0.09723380312142145,0.16227186340099023,1.8346820625782985,-0.3730519253669413,0.1625266556977872,-0.3347997962727312,-0.3790613017948135,-2.5637591257954613,-1.6198978592161806
4.158333333333333,1,896,-1.013164482252584,-1.4182878291218053,2.096377151454846,-0.938978911441633,-0.14919571996696454,-0.09723380312142145,0.15714004314666072,1.8346820625782985,0.04361474129972534,0.1625266556977872,-0.35641382027840346,-0.3790613017948135,-2.478335769392573,-1.6198978592161806
4.1625,1,896,-0.9526483115735915,-1.4182878291218053,2.0959807415696283,-0.938978911441633,0.2674709466997021,-0.09723380312142145,0.1614748244401452,1.8346820625782985,-0.3422600857546649,0.1625266556977872,-0.34936037242211077,-0.3790613017948135,-2.6102898163606536,-1.6198978592161806
4.166666666666667,1,896,-1.0066143736421609,-1.4182878291218053,2.095663358351118,-0.938978911441633,-0.14919571996696454,-0.09723380312142145,0.1560445293350201,1.8346820625782985,0.06134722700360121,0.1625266556977872,-0.36895909482195705,-0.3790613017948135,-2.4887814887250843,-1.6198978592161806
4.170833333333333,1,896,-0.9452885868823936,-1.4182878291218053,2.0954097071153654,-0.938978911441633,0.2674709466997021,-0.09723380312142145,0.16200753661394343,1.8346820625782985,-0.3150711531733501,0.1625266556977872,-0.35666205113082744,-0.3790613017948135,-2.6104811227157816,-1.6198978592161806
4.175,1,896,-0.9978158300877387,-1.4182878291218053,2.0952067744997764,-0.938978911441633,-0.14919571996696454,-0.09723380312142145,0.15673215128797235,1.8346820625782985,0.09217546557279158,0.1625266556977872,-0.37370135665182785,-0.3790613017948135,-2.4922299097787266,-1.6198978592161806
4.179166666666666,1,896,-0.9346594715655755,-1.4182878291218053,2.095044438748806,-0.938978911441633,0.2674709466997021,-0.09723380312142145,0.1616210781568167,1.8346820625782985,-0.294565167153989,0.1625266556977872,-0.36698149951171727,-0.3790613017948135,-2.602897288504492,-1.6198978592161806
4.183333333333334,1,896,-0.9867562405160722,-1.4182878291218053,2.094914561793078,-0.938978911441633,-0.14919571996696454,-0.09723380312142145,0.15635385014214845,1.8346820625782985,0.10521690155973379,0.1625266556977872,-0.3703407978462426,-0.3790613017948135,-2.4871384474393374,-1.6198978592161806
4.1875,1,896,-0.9246567539213983,-1.4182878291218053,2.0948107077005913,-0.938978911441633,0.2674709466997021,-0.09723380312142145,0.16064489244144503,1.8346820625782985,-0.2873934501634115,0.1625266556977872,-0.3687240496361922,-0.3790613017948135,-2.599251127009946,-1.6198978592161806
4.191666666666666,1,896,-0.9778650398506615,-1.4182878291218053,2.094725230806696,-0.938978911441633,-0.14919571996696454,-0.09723380312142145,0.1554430786479776,1.8346820625782985,0.08829366152410993,0.1625266556977872,-0.3833691333099999,-0.3790613017948135,-2.431349548512226,-1.6198978592161806
4.195833333333333,1,896,-0.917185866232101,-1.4182878291218053,2.0946592231582657,-0.938978911441633,0.2674709466997021,-0.09723380312142145,0.16399837452955504,1.8346820625782985,-0.271953847451703,0.1625266556977872,-0.3679298679997879,-0.3790613017948135,-2.5456841576570537,-1.6198978592161806
4.2,1,896,-0.9703591679651051,-1.4182878291218053,2.094606390565452,-0.938978911441633,-0.14919571996696454,-0.09723380312142145,0.15890604264396085,1.8346820625782985,0.12560565190826506,0.1625266556977872,-0.38089919928909116,-0.3790613017948135,-2.421198054498162,-1.6198978592161806
4.204166666666667,1,896,-0.9071890671245767,-1.4182878291218053,2.094564131319361,-0.938978911441633,0.2674709466997021,-0.09723380312142145,0.16347861026468183,1.8346820625782985,-0.26425558506791724,0.1625266556977872,-0.3788428733241801,-0.3790613017948135,-2.528912659165846,-1.6198978592161806
4.208333333333333,1,896,-0.9616705702050184,-1.4182878291218053,2.094530319190185,-0.938978911441633,-0.14919571996696454,-0.09723380312142145,0.15768058122704848,1.8346820625782985,0.1140450694944717,0.1625266556977872,-0.37815398840550357,-0.3790613017948135,-2.3954412390779334,-1.6198978592161806
4.2125,1,896,-0.9020802540567581,-1.4182878291218053,2.09450331450852,-0.938978911441633,0.2674709466997021,-0.09723380312142145,0.1619556864929238,1.8346820625782985,-0.2757864180231079,0.1625266556977872,-0.37848135217696205,-0.3790613017948135,-2.5070138587113053,-1.6198978592161806
4.216666666666667,1,896,-0.9589638474441997,-1.4182878291218053,2.09448166562189,-0.938978911441633,-0.14919571996696454,-0.09723380312142145,0.15630688449978297,1.8346820625782985,0.10048991759599808,0.1625266556977872,-0.3766796875993223,-0.3790613017948135,-2.376592185679038,-1.6198978592161806
4.220833333333333,1,896,-0.9029795462471624,-1.4182878291218053,2.0944644003958994,-0.938978911441633,0.2674709466997021,-0.09723380312142145,0.16084264260656977,1.8346820625782985,-0.28770426212043354,0.1625266556977872,-0.37579887600288764,-0.3790613017948135,-2.4924459861294563,-1.6198978592161806
4.225,1,896,-0.9613064258368715,-1.4182878291218053,2.0944494378820155,-0.938978911441633,-0.14919571996696454,-0.09723380312142145,0.15554960958156366,1.8346820625782985,0.08419255939416814,0.1625266556977872,-0.39202177637951935,-0.3790613017948135,-2.2172282824197524,-1.6198978592161806
4.229166666666667,1,896,-0.9025349088570905,-1.4182878291218053,2.094438566092889,-0.938978911441633,0.2674709466997021,-0.09723380312142145,0.17203659257669057,1.8346820625782985,-0.22616870525277985,0.1625266556977872,-0.3494922899224801,-0.3790613017948135,-2.309049131309017,-1.6198978592161806
4.233333333333333,1,896,-0.9566036822772139,-1.4182878291218053,2.094429858836633,-0.938978911441633,-0.14919571996696454,-0.09723380312142145,0.16512902190720055,1.8346820625782985,0.18871702564575035,0.1625266556977872,-0.4073972100162541,-0.3790613017948135,-2.1596093751159393,-1.6198978592161806
4.2375,1,896,-0.8856015181966465,-1.4182878291218053,2.0944229118689646,-0.938978911441633,0.2674709466997021,-0.09723380312142145,0.18357544026038514,1.8346820625782985,-0.10490945361520758,0.1625266556977872,-0.34293781859402395,-0.3790613017948135,-2.322126733603083,-1.6198978592161806
4.241666666666666,1,896,-0.9338203322509072,-1.4182878291218053,2.094417354351276,-0.938978911441633,-0.14919571996696454,-0.09723380312142145,0.17517327032741886,1.8346820625782985,0.3060667920648662,0.1625266556977872,-0.37100226106431783,-0.3790613017948135,-2.204149091944007,-1.6198978592161806
4.245833333333334,1,896,-0.8520501558112933,-1.4182878291218053,2.0944128903838637,-0.938978911441633,0.2674709466997021,-0.09723380312142145,0.17914924533547555,1.8346820625782985,-0.09276489387404908,0.1625266556977872,-0.36411446847461837,-0.3790613017948135,-2.301735250440209,-1.6198978592161806
4.25,1,896,-0.9018743669890024,-1.4182878291218053,2.094409273333554,-0.938978911441633,-0.14919571996696454,-0.09723380312142145,0.16959781459163603,1.8346820625782985,0.26841182540187536,0.1625266556977872,-0.3677837902901305,-0.3790613017948135,-2.1412675944139914,-1.6198978592161806
4.254166666666666,1,896,-0.828228358342528,-1.4182878291218053,2.0944064146573322,-0.938978911441633,0.2674709466997021,-0.09723380312142145,0.17171736324326642,1.8346820625782985,-0.13459702270521975,0.1625266556977872,-0.3754379844197709,-0.3790613017948135,-2.234268520825727,-1.6198978592161806
4.258333333333333,1,896,-0.8819486265918665,-1.4182878291218053,2.094404056957308,-0.938978911441633,-0.14919571996696454,-0.09723380312142145,0.16248653217497364,1.8346820625782985,0.20083521682504374,0.1625266556977872,-0.37054190490890965,-0.3790613017948135,-2.0614527479579423,-1.6198978592161806
4.2625,1,896,-0.8189055530883513,-1.4182878291218053,2.0944022344088147,-0.938978911441633,0.2674709466997021,-0.09723380312142145,0.16614570445793342,1.8346820625782985,-0.1879929263881392,0.1625266556977872,-0.3742916419358233,-0.3790613017948135,-2.1683519686028143,-1.6198978592161806
4.266666666666667,1,896,-0.8759445447946975,-1.4182878291218053,2.094400802400055,-0.938978911441633,-0.14919571996696454,-0.09723380312142145,0.15994253755559268,1.8346820625782985,0.17716298005851736,0.1625266556977872,-0.36614653590845153,-0.3790613017948135,-2.027886004792896,-1.6198978592161806
4.270833333333333,1,896,-0.8174436808139021,-1.4182878291218053,2.094399688175091,-0.938978911441633,0.2674709466997021,-0.09723380312142145,0.1639803744310019,1.8346820625782985,-0.2158835057483987,0.1625266556977872,-0.3717713484310521,-0.3790613017948135,-2.1408134959724263,-1.6198978592161806
4.275,1,896,-0.8780274934924955,-1.4182878291218053,2.0943987656954013,-0.938978911441633,-0.14919571996696454,-0.09723380312142145,0.15804978834401173,1.8346820625782985,0.14904038588553353,0.1625266556977872,-0.3659994706174031,-0.3790613017948135,-2.0023360861101898,-1.6198978592161806
4.279166666666667,1,896,-0.8244616532138598,-1.4182878291218053,2.0943980762718604,-0.938978911441633,0.2674709466997021,-0.09723380312142145,0.16229920213516913,1.8346820625782985,-0.24213670963584116,0.1625266556977872,-0.3702289774138293,-0.3790613017948135,-2.11724058083696,-1.6198978592161806
4.283333333333333,1,896,-0.8880486556900951,-1.4182878291218053,2.0943974761051583,-0.938978911441633,-0.14919571996696454,-0.09723380312142145,0.15673634390313812,1.8346820625782985,0.1290280902329967,0.1625266556977872,-0.3665742902500185,-0.3790613017948135,-1.9851985649203234,-1.6198978592161806
4.2875,1,896,-0.8381139644172533,-1.4182878291218053,2.094397037421102,-0.938978911441633,0.2674709466997021,-0.09723380312142145,0.16119813004195133,1.8346820625782985,-0.2613437219169958,0.1625266556977872,-0.3689722509183084,-0.3790613017948135,-2.101940258990734,-1.6198978592161806
4.291666666666667,1,896,-0.9040941969472464,-1.4182878291218053,2.0943966447538056,-0.938978911441633,-0.14919571996696454,-0.09723380312142145,0.15583634346627545,1.8346820625782985,0.11427675948160446,0.1625266556977872,-0.3671843027518206,-0.3790613017948135,-1.9743410768407201,-1.6198978592161806
4.295833333333333,1,896,-0.8569392491899235,-1.4182878291218053,2.0943962885944747,-0.938978911441633,0.2674709466997021,-0.09723380312142145,0.16044820636717963,1.8346820625782985,-0.275414912649453,0.1625266556977872,-0.368134803562585,-0.3790613017948135,-2.0922415052109646,-1.6198978592161806
4.3,1,896,-0.9248085167654664,-1.4182878291218053,2.094396046552534,-0.938978911441633,-0.14919571996696454,-0.09723380312142145,0.1552372384682164,1.8346820625782985,0.10338615543052579,0.1625266556977872,-0.36765574113459787,-0.3790613017948135,-1.9677335061771575,-1.6198978592161806
4.304166666666666,1,896,-0.8794986692963295,-1.4182878291218053,2.094395857967305,-0.938978911441633,0.2674709466997021,-0.09723380312142145,0.16006318199489092,1.8346820625782985,-0.284475921118975,0.1625266556977872,-0.3703735356229017,-0.3790613017948135,-2.0377677923543307,-1.6198978592161806
4.308333333333334,1,896,-0.9485894324787139,-1.4182878291218053,2.0943957011499843,-0.938978911441633,-0.14919571996696454,-0.09723380312142145,0.15471466653782723,1.8346820625782985,0.08086905934424657,0.1625266556977872,-0.372569015241454,-0.3790613017948135,-1.8702409664357051,-1.6198978592161806
4.3125,1,896,-0.9047833607891247,-1.4182878291218053,2.094395590124536,-0.938978911441633,0.2674709466997021,-0.09723380312142145,0.1614667611068417,1.8346820625782985,-0.29185909744533983,0.1625266556977872,-0.36714261958623673,-0.3790613017948135,-1.9790188956171189,-1.6198978592161806
4.316666666666666,1,896,-0.9741761479682643,-1.4182878291218053,2.0943954872834114,-0.938978911441633,-0.14919571996696454,-0.09723380312142145,0.15644554077058284,1.8346820625782985,0.09279735410001548,0.1625266556977872,-0.3762326610230975,-0.3790613017948135,-1.8470797717710847,-1.6198978592161806
4.320833333333333,1,896,-0.9288776322600462,-1.4182878291218053,2.094395417423156,-0.938978911441633,0.2674709466997021,-0.09723380312142145,0.162939592553315,1.8346820625782985,-0.28349572507047843,0.1625266556977872,-0.3689731653613577,-0.3790613017948135,-1.9676395062194976,-1.6198978592161806
4.325,1,896,-0.9982057140883375,-1.4182878291218053,2.0943953497661907,-0.938978911441633,-0.14919571996696454,-0.09723380312142145,0.1577518886516311,1.8346820625782985,0.10647716706505617,0.1625266556977872,-0.3772028252762624,-0.3790613017948135,-1.8475775947257915,-1.6198978592161806
4.329166666666667,1,896,-0.9518249583363274,-1.4182878291218053,2.094395291347169,-0.938978911441633,0.2674709466997021,-0.09723380312142145,0.16290223271337004,1.8346820625782985,-0.2791440365262102,0.1625266556977872,-0.37474022990538125,-0.3790613017948135,-1.9660542497393636,-1.6198978592161806
4.333333333333333,1,896,-1.021422625845013,-1.4182878291218053,2.0943952487684596,-0.938978911441633,-0.14919571996696454,-0.09723380312142145,0.15738920285731917,1.8346820625782985,0.10227976581876076,0.1625266556977872,-0.3778923717208231,-0.3790613017948135,-1.841592553219607,-1.6198978592161806
4.3375,1,896,-0.9761296719598881,-1.4182878291218053,2.094395173014713,-0.938978911441633,0.2674709466997021,-0.09723380312142145,0.1618011095480242,1.8346820625782985,-0.28697202322651755,0.1625266556977872,-0.378704534544534,-0.3790613017948135,-1.9578885998711086,-1.6198978592161806
4.341666666666667,1,896,-1.0465197745080486,-1.4182878291218053,2.0943951540295216,-0.938978911441633,-0.14919571996696454,-0.09723380312142145,0.1562234691972411,1.8346820625782985,0.08810066960781653,0.1625266556977872,-0.3790768310505797,-0.3790613017948135,-1.8298594991260118,-1.6198978592161806
4.345833333333333,1,896,-1.0032291611155792,-1.4182878291218053,2.094395104178356,-0.938978911441633,0.2674709466997021,-0.09723380312142145,0.16087954505275076,1.8346820625782985,-0.2986456026358046,0.1625266556977872,-0.3787563101657341,-0.3790613017948135,-1.9484650491286735,-1.6198978592161806
4.35,1,896,-1.0744580094891478,-1.4182878291218053,2.094395099383022,-0.938978911441633,-0.14919571996696454,-0.09723380312142145,0.15547771215822523,1.8346820625782985,0.07839861027253343,0.1625266556977872,-0.3802157302405003,-0.3790613017948135,-1.8234558436481407,-1.6198978592161806
4.354166666666667,1,896,-1.0343636828523133,-1.4182878291218053,2.1131372604149585,-0.938978911441633,0.2674709466997021,-0.09723380312142145,0.19989548269690852,1.8346820625782985,-0.29786244505180454,0.1625266556977872,-0.35449488968673837,-0.3790613017948135,-1.9554587436222681,-1.6198978592161806
4.358333333333333,1,896,-1.121676352727025,-1.4182878291218053,2.1093888658895015,-0.938978911441633,-0.14919571996696454,-0.09723380312142145,0.18294697118852374,1.8346820625782985,0.11880422161486212,0.1625266556977872,-0.3907409990380302,-0.3790613017948135,-1.8867358897092545,-1.6198978592161806
4.3625,1,896,-1.069155755395569,-1.4182878291218053,2.106390141297687,-0.938978911441633,0.2674709466997021,-0.09723380312142145,0.18476508273997108,1.8346820625782985,-0.2437892020129895,0.1625266556977872,-0.36204593083748604,-0.3790613017948135,-2.02736039606506,-1.6198978592161806
4.366666666666666,1,896,-1.1455954478765111,-1.4182878291218053,2.103991125562326,-0.938978911441633,-0.14919571996696454,-0.09723380312142145,0.17378497681155541,1.8346820625782985,0.17287746465367715,0.1625266556977872,-0.37628099171114415,-0.3790613017948135,-1.956188015262005,-1.6198978592161806
4.370833333333334,1,896,-1.0917740563092633,-1.4182878291218053,2.1020718798563447,-0.938978911441633,0.2674709466997021,-0.09723380312142145,0.1730712327744887,1.8346820625782985,-0.23227642667494783,0.1625266556977872,-0.37770104482441486,-0.3790613017948135,-2.0648867722119135,-1.6198978592161806
4.375,1,896,-1.1656163207805796,-1.4182878291218053,2.1005365036277133,-0.938978911441633,-0.14919571996696454,-0.09723380312142145,0.1636486806444863,1.8346820625782985,0.1439214330208734,0.1625266556977872,-0.3706631319217443,-0.3790613017948135,-1.9360646875923657,-1.6198978592161806
4.379166666666666,1,896,-1.1188998595931972,-1.4182878291218053,2.0993082629860402,-0.938978911441633,0.2674709466997021,-0.09723380312142145,0.16548308226238065,1.8346820625782985,-0.24998199821399605,0.1625266556977872,-0.3719992594630436,-0.3790613017948135,-2.050223366800808,-1.6198978592161806
4.383333333333333,1,896,-1.1920811994498495,-1.4182878291218053,2.0983256206898804,-0.938978911441633,-0.14919571996696454,-0.09723380312142145,0.15823293496137458,1.8346820625782985,0.12783174705516448,0.1625266556977872,-0.3675320874150792,-0.3790613017948135,-1.9257483063512078,-1.6198978592161806
4.3875,1,896,-1.1489214092828033,-1.4182878291218053,2.0975394746089777,-0.938978911441633,0.2674709466997021,-0.09723380312142145,0.1614613861129414,1.8346820625782985,-0.26438926981581296,0.1625266556977872,-0.36826786808800327,-0.3790613017948135,-2.043303848598967,-1.6198978592161806
4.391666666666667,1,896,-1.222053366733226,-1.4182878291218053,2.0969106005053266,-0.938978911441633,-0.14919571996696454,-0.09723380312142145,0.15539751130968843,1.8346820625782985,0.11480369637374063,0.1625266556977872,-0.36577793401216685,-0.3790613017948135,-1.9187102497244584,-1.6198978592161806
4.395833333333333,1,896,-1.180671977778988,-1.4182878291218053,2.096407490755778,-0.938978911441633,0.2674709466997021,-0.09723380312142145,0.15957550425415312,1.8346820625782985,-0.27451724657595766,0.1625266556977872,-0.36952092920920365,-0.3790613017948135,-1.9759299914251744,-1.6198978592161806
4.4,1,896,-1.2536374012599867,-1.4182878291218053,2.096005001924142,-0.938978911441633,-0.14919571996696454,-0.09723380312142145,0.1538821519187569,1.8346820625782985,0.08574875499369988,0.1625266556977872,-0.37073511143200816,-0.3790613017948135,-1.7971950016147276,-1.6198978592161806
4.404166666666667,1,896,-1.213461322543183,-1.4182878291218053,2.0956830145481287,-0.938978911441633,0.2674709466997021,-0.09723380312142145,0.1614543873395473,1.8346820625782985,-0.28016022392333745,0.1625266556977872,-0.3625489141729231,-0.3790613017948135,-1.9070627668924027,-1.6198978592161806
4.408333333333333,1,896,-1.285506449483761,-1.4182878291218053,2.095425426205584,-0.938978911441633,-0.14919571996696454,-0.09723380312142145,0.15647121287624227,1.8346820625782985,0.10796139327660881,0.1625266556977872,-0.37467317991376076,-0.3790613017948135,-1.7762640746603195,-1.6198978592161806
4.4125,1,896,-1.2417748466445773,-1.4182878291218053,2.0952193555059497,-0.938978911441633,0.2674709466997021,-0.09723380312142145,0.1641563868029363,1.8346820625782985,-0.2610149674458326,0.1625266556977872,-0.36280766610056203,-0.3790613017948135,-1.9027338606088429,-1.6198978592161806
4.416666666666667,1,896,-1.3123938968957618,-1.4182878291218053,2.0950545029983383,-0.938978911441633,-0.14919571996696454,-0.09723380312142145,0.15900861745501724,1.8346820625782985,0.13708951351992302,0.1625266556977872,-0.3748287476750618,-0.3790613017948135,-1.7892671311727848,-1.6198978592161806
4.420833333333333,1,896,-1.2651585182339424,-1.4182878291218053,2.0949226208030143,-0.938978911441633,0.2674709466997021,-0.09723380312142145,0.16481349549140897,1.8346820625782985,-0.2459989758796604,0.1625266556977872,-0.3699230955049107,-0.3790613017948135,-1.9115498757925855,-1.6198978592161806
4.425,1,896,-1.334873813384469,-1.4182878291218053,2.0948171175202734,-0.938978911441633,-0.14919571996696454,-0.09723380312142145,0.15918911202524902,1.8346820625782985,0.1398517651348302,0.1625266556977872,-0.3744768340726668,-0.3790613017948135,-1.7904214839940296,-1.6198978592161806
4.429166666666666,1,896,-1.287467776358501,-1.4182878291218053,2.0947327117581533,-0.938978911441633,0.2674709466997021,-0.09723380312142145,0.1631726822793268,1.8346820625782985,-0.25401181102572445,0.1625266556977872,-0.3781490099348268,-0.3790613017948135,-1.904109976204363,-1.6198978592161806
4.433333333333334,1,896,-1.357491246276837,-1.4182878291218053,2.0946651968686396,-0.938978911441633,-0.14919571996696454,-0.09723380312142145,0.15734122918883464,1.8346820625782985,0.11471000680039695,0.1625266556977872,-0.3755027676426213,-0.3790613017948135,-1.7701425281256005,-1.6198978592161806
4.4375,1,896,-1.3128069359335406,-1.4182878291218053,2.0946111473260443,-0.938978911441633,0.2674709466997021,-0.09723380312142145,0.16171782760589906,1.8346820625782985,-0.27417914480400196,0.1625266556977872,-0.37798461921027793,-0.3790613017948135,-1.8869238899729517,-1.6198978592161806
4.441666666666666,1,896,-1.3835824965224623,-1.4182878291218053,2.0945679418926653,-0.938978911441633,-0.14919571996696454,-0.09723380312142145,0.15613422688549325,1.8346820625782985,0.09706185726973195,0.1625266556977872,-0.3771108659566699,-0.3790613017948135,-1.7570251404094355,-1.6198978592161806
4.445833333333333,1,896,-1.3404483727266925,-1.4182878291218053,2.094533331289742,-0.938978911441633,0.2674709466997021,-0.09723380312142145,0.16075340067857127,1.8346820625782985,-0.2904312262962947,0.1625266556977872,-0.37800841270325064,-0.3790613017948135,-1.8759485509147726,-1.6198978592161806
4.45,1,896,-1.4116552280173207,-1.4182878291218053,2.0945056807023423,-0.938978911441633,-0.14919571996696454,-0.09723380312142145,0.15536039111908956,1.8346820625782985,0.08389804443381409,0.1625266556977872,-0.37857043150591285,-0.3790613017948135,-1.7496106101694429,-1.6198978592161806
4.454166666666667,1,896,-1.3694042426653519,-1.4182878291218053,2.094483531838755,-0.938978911441633,0.2674709466997021,-0.09723380312142145,0.16013750176480138,1.8346820625782985,-0.30275767009745935,0.1625266556977872,-0.37832796317899137,-0.3790613017948135,-1.869765801563315,-1.6198978592161806
4.458333333333333,1,896,-1.4407670331186275,-1.4182878291218053,2.094465842527697,-0.938978911441633,-0.14919571996696454,-0.09723380312142145,0.1548661175063069,1.8346820625782985,0.07357881239559148,0.1625266556977872,-0.37995267421445994,-0.3790613017948135,-1.7455907922381901,-1.6198978592161806
4.4625,1,896,-1.3989831347968895,-1.4182878291218053,2.0944516957717467,-0.938978911441633,0.2674709466997021,-0.09723380312142145,0.1593856441803303,1.8346820625782985,-0.31462617453326247,0.1625266556977872,-0.3807918072955045,-0.3790613017948135,-1.8644738893942305,-1.6198978592161806
4.466666666666667,1,896,-1.4699838233308016,-1.4182878291218053,2.0944403650883916,-0.938978911441633,-0.14919571996696454,-0.09723380312142145,0.1545695017917916,1.8346820625782985,0.07106497654521161,0.1625266556977872,-0.38343044201598575,-0.3790613017948135,-1.7482965665058539,-1.6198978592161806
4.470833333333333,1,896,-1.427718152700723,-1.4182878291218053,2.094431314758294,-0.938978911441633,0.2674709466997021,-0.09723380312142145,0.1590466766465866,1.8346820625782985,-0.31884128579354737,0.1625266556977872,-0.38450858828001466,-0.3790613017948135,-1.8670387761106824,-1.6198978592161806
4.475,1,896,-1.4981781366803713,-1.4182878291218053,2.094424060212842,-0.938978911441633,-0.14919571996696454,-0.09723380312142145,0.1542674106603553,1.8346820625782985,0.06566248411237961,0.1625266556977872,-0.3870914994127635,-0.3790613017948135,-1.7500263235694746,-1.6198978592161806
4.479166666666667,1,896,-1.4557004950645043,-1.4182878291218053,2.0944182728064527,-0.938978911441633,0.2674709466997021,-0.09723380312142145,0.15889206941203954,1.8346820625782985,-0.3229871386501247,0.1625266556977872,-0.3873965475101989,-0.3790613017948135,-1.8693984033483277,-1.6198978592161806
4.483333333333333,1,896,-1.5256051137392828,-1.4182878291218053,2.0944136229328647,-0.938978911441633,-0.14919571996696454,-0.09723380312142145,0.15413459050033004,1.8346820625782985,0.06202021835382053,0.1625266556977872,-0.3908354494760421,-0.3790613017948135,-1.7530777628057643,-1.6198978592161806
4.4875,1,896,-1.482660571652631,-1.4182878291218053,2.0944099184577647,-0.938978911441633,0.2674709466997021,-0.09723380312142145,0.15902893376622315,1.8346820625782985,-0.3248058832920864,0.1625266556977872,-0.38953337707420477,-0.3790613017948135,-1.8738806506476697,-1.6198978592161806
4.491666666666666,1,896,-1.5518883150412546,-1.4182878291218053,2.094406933397166,-0.938978911441633,-0.14919571996696454,-0.09723380312142145,0.1542679589511575,1.8346820625782985,0.06222975064510367,0.1625266556977872,-0.3944395564978959,-0.3790613017948135,-1.759482042372766,-1.6198978592161806
4.495833333333334,1,896,-1.5080589201111376,-1.4182878291218053,2.0944045654721384,-0.938978911441633,0.2674709466997021,-0.09723380312142145,0.1594527145793933,1.8346820625782985,-0.32292779926512216,0.1625266556977872,-0.3912557084815976,-0.3790613017948135,-1.8818391989406102,-1.6198978592161806
4.5,1,896,-1.5764391763003085,-1.4182878291218053,2.0944026451131377,-0.938978911441633,-0.14919571996696454,-0.09723380312142145,0.15465239443968848,1.8346820625782985,0.06663670693891376,0.1625266556977872,-0.3976954275013118,-0.3790613017948135,-1.7696305006837185,-1.6198978592161806
4.504166666666666,1,896,-1.5211364612552882,-1.4182479881718122,2.094401131363089,-0.9389092984621735,0.2674709466997021,-0.09728123978528953,0.15768053155081652,1.8346963655725557,-0.3500299597277529,0.16254128334056817,-0.4034775932941537,-0.3791233950782583,-2.161352441816911,-1.6199094073160893
4.508333333333333,1,896,-1.5966750953225082,-1.4181284926268296,2.094399833786681,-0.9387005072330536,-0.14059736988013097,-0.09742351726617392,0.15609304853748654,1.8347392647527692,0.06052260030865209,0.1625851562438554,-0.3972495468547007,-0.3793096323729579,-1.7553573827907787,-1.619944043701325
4.5125,1,896,-1.538375052369951,-1.417929424383135,2.094398887507345,-0.9383526808493525,0.2748389734970292,-0.09766053805419615,0.17815734122932902,1.834810730717984,-0.3513411446546034,0.16265824433935244,-0.4827348515981053,-0.3796198860411733,-2.172024049457445,-1.6200017446338393
4.516666666666667,1,896,-1.6197161461519523,-1.4176509198721596,2.094398075697519,-0.9378660576938994,-0.1243702963320121,-0.09799213970714749,0.20500109421651203,1.8349107144889971,0.06532552201206324,0.1627604975361295,-0.31417377421638965,-0.3800539434505377,-1.7553573827907785,-1.620082470568295
4.520833333333333,1,896,-1.5459463692484983,-1.417293169966983,2.0782962368318403,-0.9372409712738975,0.29229637033465455,-0.09841809496181893,0.173980734916027,1.8350391475419263,-0.3513411446546034,0.16289184575495316,-0.61989134343134,-0.3806115071197845,-2.151224935193345,-1.6201861661791694
4.525,1,896,-1.593459068372915,-1.4168564198515203,2.159094008462187,-0.9364778499923553,-0.1243702963320121,-0.09893811188975594,0.4292481547740626,1.8351959418551727,0.06532552201206324,0.1630521989763153,-0.20322467676467335,-0.3812921949226258,-1.7345582685266783,-1.6203127603986702
4.529166666666667,1,896,-1.4508361049739547,-1.4163409688524846,2.1372545383035635,-0.9355772168544806,0.29229637033465455,-0.09955183409733133,0.36362977976483096,1.8353809899697457,-0.3513411446546034,0.16324144730212764,-0.2639267838648206,-0.3820955403496423,-1.9955053281650266,-1.620462166465443
4.533333333333333,1,896,-1.546824025952051,-1.4157471702342435,2.137254526507626,-0.9345396891092383,-0.08874014580310333,-0.10025884097000026,0.3483798807893341,1.835594165062911,0.06116617628069669,0.163459461031041,-0.14207681914070142,-0.38302099282800667,-1.7439390306163387,-1.6206342819840325
4.5375,1,896,-1.4319410817655562,-1.4150754309567086,2.1372545258097633,-0.9333659778263195,0.32792652086356333,-0.10105864796056797,0.33919785161024973,1.8358353210351082,-0.35550049038597,0.16370609074733553,-0.3672579885884943,-0.3840679180988174,-2.087855296151687,-1.6208289889950598
4.541666666666667,1,896,-1.5329918362462056,-1.4143262113964266,2.1372545270334222,-0.9320568874088089,-0.023177443215389795,-0.10195070692127459,0.35419005912506496,1.8361042926100801,0.018436389958087534,0.1639811674233232,-0.11433929951861575,-0.38523559865178936,-1.6711886294850202,-1.6210461540560654
4.545833333333333,1,896,-1.443241300295598,-1.41350002503106,2.1002689848293006,-0.9306133150418886,0.39348922345127685,-0.10293440647946736,0.2839155577051408,1.836400895448144,-0.39823027670857913,0.16428450253519053,-0.28978484649260317,-0.38652323421699786,-2.0698374105401602,-1.621285628332964
4.55,1,896,-1.5558701910083066,-1.412597438087475,2.0990942108546595,-0.9290362500779508,0.03324656692329574,-0.10400907245660623,0.2781180793000888,1.8367249262725311,-0.01712237437104577,0.16461588819220388,-0.10226476451283689,-0.3879299423133457,-1.6531707438734935,-1.621547247702048
4.554166666666666,1,896,-1.4942055285703406,-1.411619069153677,2.0592386678766643,-0.9273267733585454,0.4499132335899624,-0.10517396833031117,0.20108454676721127,1.8370761630086998,-0.43378904103771243,0.16497509727918697,-0.46870854055784844,-0.3894547588533702,-2.068622667300253,-1.6218308328624704
4.558333333333334,1,896,-1.5507837534700069,-1.4105655887548625,2.1575233720978746,-0.9254860564736254,0.03324656692329572,-0.10642829573913855,0.4780396166363373,1.8374543649365358,-0.01712237437104577,0.1653618836121746,-0.052041873891181784,-0.3910966388039816,-1.651956000633586,-1.6221361894591277
4.5625,1,896,-1.4305988849983957,-1.409437718893875,2.114814387194907,-0.9235153609585985,0.4499132335899624,-0.10777119502973678,0.34391104624566593,1.8378592728553291,-0.43378904103771243,0.16577598210713435,-0.46870854055784844,-0.3928544569026746,-2.068622667300253,-1.6224631082158611
4.566666666666666,1,896,-1.5244412051372631,-1.4082362325563782,2.110730530233926,-0.9214160374297321,0.16640180423225873,-0.10920174584601172,0.3522401234118774,1.838290609261418,-0.11551423812701331,0.16621710896164255,-0.21931926634842486,-0.3947270084287298,-1.717370080683603,-1.622811365078885
4.570833333333333,1,896,-1.4728794914709626,-1.4069619531810926,2.0481112422589627,-0.9191895246585091,0.5782769392032793,-0.1107189677598915,0.25571660048250033,1.8387480785383754,-0.4890196311382888,0.16668496184938789,-0.4611856852386106,-0.3967130100288673,-2.1340367473502697,-1.6231807213703409
4.575,1,896,-1.5483553463974478,-1.40561575409545,2.1378454007890437,-0.9168373485855656,0.16161027253661261,-0.1123218209432636,0.4540389079984611,1.8392313671596103,-0.07235296447162212,0.167179220127371,-0.04451901857194393,-0.3988111005967937,-1.717370080683603,-1.6235709239518767
4.579166666666667,1,896,-1.4568456269174888,-1.40419855791706,2.089882372751296,-0.9143611212748894,0.5782769392032793,-0.11400920688061976,0.3026529097483217,1.8397401439032421,-0.4890196311382888,0.16769954505565668,-0.4611856852386106,-0.4010198422060348,-2.1340367473502697,-1.623981705398134
4.583333333333333,1,896,-1.5125640906901212,-1.4027113359213925,2.228164843240886,-0.9117625398089882,0.16161027253661261,-0.11577996912192567,0.5678287815650086,1.840274060079105,-0.07235296447162212,0.16824558002953002,-0.04451901857194393,-0.4033377210954214,-1.717370080683603,-1.6244127841800287
4.5875,1,896,-1.3885066905938992,-1.4011551073761146,2.2269553059201086,-0.9090433851257962,0.5662665768387556,-0.11763289407519309,0.593630892168876,1.8408327497677215,-0.4369556803961802,0.16881695082389508,-0.1030745852668124,-0.40576314870654356,-2.1340367473502697,-1.6248638648576963
4.591666666666667,1,896,-1.4784526211872948,-1.3995309388425368,2.226955359109654,-0.9062055207981097,0.28841379214489393,-0.11956671183821392,0.5526854363681438,1.8414158300710863,-0.11793905876381539,0.16941326584974978,0.07077026399625133,-0.4082944627724686,-2.1755400373027745,-1.6253346382829723
4.595833333333333,1,896,-1.389251175726071,-1.3978399434446422,2.1869697872708,-0.9032508917563836,0.6654251745227431,-0.12158009706889013,0.5253054821100824,1.842022901375085,-0.4197382248289023,0.17003411642256214,-0.027358604231848445,-0.4109299284569782,-1.8355850847201542,-1.6258247818112668
4.6,1,896,-1.4817130826517846,-1.39608328010621,2.1869697872708,-0.9001815229557762,0.3501045721307631,-0.12367166989355544,0.5469443838011884,1.8426535476233696,-0.09208780975382896,0.17067907704236168,0.329173140995697,-0.41366773954353653,-2.252251751386821,-1.6263339595226887
4.604166666666667,1,896,-1.4127563360079194,-1.394262152756544,2.128815934214935,-0.8969995179883445,0.720751484355416,-0.1258399968526727,0.4560756527892517,1.8433073366025035,-0.3077075891131305,0.17134770568535626,-0.020301164741769233,-0.41650601967318224,-1.977713999347441,-1.6268618224522686
4.608333333333333,1,896,-1.4778191028886203,-1.3923778095053636,2.121931767849948,-0.8937070576413497,0.4556679324543311,-0.12808359188325355,0.5442456594329182,1.843983820238177,-0.02877577038052177,0.17203954410687244,0.3107185802430413,-0.41944282363048857,-2.394380666014108,-1.6274080088291218
4.6125,1,896,-1.4462678052135856,-1.3904315417874076,2.032742461248421,-0.8903063984026509,0.7950036560040932,-0.13040091733733455,0.3677827038140158,1.8446825349022982,-0.44544243704718844,0.17275411815541436,-0.10594808642362538,-0.42247613867672035,-1.977713999347441,-1.6279721443243886
4.616666666666666,1,896,-1.5155859744305156,-1.3884246834773515,2.1252303166654127,-0.8867998709142236,0.3783369893374265,-0.13279038503580248,0.6187181199546731,1.8454030017307375,-0.028775770380521783,0.17349093809762292,0.3107185802430413,-0.4256038859292624,-2.394380666014108,-1.6285538423077792
4.620833333333334,1,896,-1.4611390234520603,-1.3863586099756358,2.0759749247988077,-0.8831898783748526,0.7950036560040932,-0.13525035735685392,0.4802678832313044,1.846144726951519,-0.44544243704718844,0.17424949895391487,-0.10594808642362538,-0.42882392178638296,-1.977713999347441,-1.6291527041125526
4.625,1,896,-1.5516546173240562,-1.3842347372658368,2.2106241123204358,-0.8794788948931029,0.3783369893374265,-0.1377791483583373,0.7436966354848624,1.8469072022232258,-0.028775770380521783,0.17502928084456992,0.3107185802430413,-0.4321340393963486,-2.394380666014108,-1.6297683193087416
4.629166666666666,1,896,-1.5194679351443292,-1.3820545209442197,2.2048770231312598,-0.8756694637916843,0.7808048854678958,-0.14037502493321666,0.6266397195248241,1.8476899049833937,-0.44544243704718844,0.17582974934603135,-0.10594808642362538,-0.43553197016989414,-1.977713999347441,-1.630400265984441
4.633333333333333,1,896,-1.6618229651035599,-1.379819455222147,2.2048770231312598,-0.8717641958643882,0.6718644362602122,-0.14303620799735453,0.6463985031077288,1.8484922988066477,-0.29807578734757656,0.1766503558571726,0.15631645316654458,-0.43901538533499784,-2.394380666014108,-1.6310481110349664
4.6375,1,896,-1.7604315002436617,-1.3775310719020202,2.1553885894756717,-0.8677657675867789,0.8207384173594041,-0.14576087370880839,0.48428148848458,1.849313833772342,-0.6660804056091785,0.17749053797528128,-0.2603502135001221,-0.4425818975329068,-1.977713999347441,-1.6317114104596802
4.641666666666667,1,896,-1.9227264753751296,-1.3751909393274604,2.1553885894756717,-0.8636769192818736,0.5805487611076509,-0.1485471547177985,0.5155941840670735,1.8501539468414472,-0.40182091817519067,0.1783497198815013,0.07419185549915441,-0.44622906245431027,-2.394380666014108,-1.6323897096662894
4.645833333333333,1,896,-1.9920386125533818,-1.3728006613084414,2.061727046401548,-0.8595004532420568,0.9972154277743175,-0.1513931414464998,0.29740387255544115,1.8510120622424304,-0.8184875848418574,0.17922731273547146,-0.34247481116751227,-0.44995438051455194,-1.977713999347441,-1.6330825437823997
4.65,1,896,-2.107745920120321,-1.3703618760221201,2.157557464856448,-0.8552392318085326,0.5805487611076509,-0.15429688339776915,0.4256168001784098,1.8518875918658602,-0.40182091817519067,0.18012271507888655,-0.20363115394778739,-0.4537552985667177,-1.5610473326807743,-1.6337894379741158
4.654166666666667,1,896,-2.0936163929148477,-1.3678762548901129,2.110893966103549,-0.8508961754096201,0.9972154277743175,-0.15725639049191717,0.43795519968965646,1.8527799356674655,-0.8184875848418574,0.1810353132477064,-0.620297820614454,-0.45762921165143333,-1.977713999347441,-1.6345099077714687
4.658333333333333,1,896,-2.1929125161387413,-1.3653455014329832,2.107594193360839,-0.8464742605592341,0.9979388127223559,-0.16026963443061276,0.530699611620889,1.8536884820793789,-0.757963908021812,0.1819644817927315,-0.34996527743001804,-0.4615734647821775,-1.6480886611506949,-1.6352434594004472
4.6625,1,896,-2.330634811804246,-1.3627713501027368,2.0613596298629924,-0.8419765178169334,1.034104430812471,-0.16333455008697526,0.4376338682182464,1.854612608429272,-0.34129724135514533,0.18290958390825415,-0.7470611834451847,-0.46558535476487417,-2.0647553278173616,-1.6359895901214072
4.666666666666667,1,896,-2.3201491135052636,-1.360155565094113,2.0039940211949485,-0.8374060297109251,1.4507710974791377,-0.1664490369209104,0.6966743611566436,1.8555516813671067,-0.757963908021812,0.1838699718684935,-0.330394516778518,-0.4696621320505286,-1.6480886611506949,-1.6367477885736226
4.670833333333333,1,896,-2.470154685359948,-1.3574999391354967,2.076637570039799,-0.8327659286254584,1.034104430812471,-0.16961096041871299,0.6712359390000988,1.8565050572991981,-0.34129724135514533,0.1848449874715136,-0.7470611834451847,-0.473801002619627,-2.0647553278173616,-1.6375175351257465
4.675,1,896,-2.44258804754653,-1.3548062922602677,2.011047910173804,-0.8280593946540378,1.4507710974791377,-0.17281815355595984,0.9868929552661112,1.857472082829305,-0.757963908021812,0.18583396249032347,-0.330394516778518,-0.4779991298970233,-1.6480886611506949,-1.6382983022319422
4.679166666666666,1,896,-2.586262170680408,-1.3520764705594437,2.0440517874801385,-0.8232896534199508,1.1937921678152301,-0.17606841828267764,1.0285337587278411,1.858452095206433,-0.34129724135514533,0.1868362191308456,-0.7470611834451847,-0.4822536366959828,-2.0647553278173616,-1.6390895547934352
4.683333333333334,1,896,-2.6422915194369065,-1.3493123449164601,1.9592589362701711,-0.8184599738655842,1.4231782606191727,-0.17935952702977764,1.2538242693006072,1.8594444227790516,-0.757963908021812,0.1878510704964427,-0.330394516778518,-0.4865616071900637,-1.6480886611506949,-1.6398907505252438
4.6875,1,896,-2.79747274670492,-1.3465158097249628,1.928083807725666,-0.8135736660120589,1.3528073831083018,-0.18268922423571787,1.2652127783837928,1.8604483854554106,-0.34129724135514533,0.18887782105868128,-0.7470611834451847,-0.4909200889114755,-2.0647553278173616,-1.640701340327834
4.691666666666666,1,896,-2.899039263779257,-1.3436887815904812,1.8176329394260071,-0.8086340786907001,1.5350235504510483,-0.18605522789235604,1.4050779943966827,1.8614632951696402,-0.757963908021812,0.1899157671340135,-0.330394516778518,-0.49532609477455825,-1.6480886611506949,-1.6415207686634452
4.695833333333333,1,896,-3.052097925782779,-1.340833198016886,1.7572779998714063,-0.80364459724792,1.5272499955073602,-0.18945523110892154,1.380796717888058,1.8624884563533182,-0.34129724135514533,0.19096419736604592,-0.7470611834451847,-0.4997766051229783,-2.0647553278173616,-1.6423484739368273
4.7,1,896,-3.052097925782779,-1.3379510160785175,1.6348141015584536,-0.7986086412250682,1.7209602219243092,-0.1928869036930445,1.623440506706549,1.8635231664121779,-0.757963908021812,0.19202239321306797,-0.330394516778518,-0.5042685697992517,-1.6480886611506949,-1.6431838888801307
4.704166666666667,1,896,-3.052097925782779,-1.3350442110789098,1.567830108961647,-0.7935296620148533,1.7501375864449882,-0.19634789374775008,1.743782272459729,1.864566716207629,-0.34129724135514533,0.19308962944050376,-0.7208387685717359,-0.5087989102351662,-2.0647553278173616,-1.6440264409416832
4.708333333333333,1,896,-3.052097925782779,-1.332114775197011,1.4612328323741417,-0.7884111404959244,1.865917164681449,-0.19983582928333585,1.9501635608101628,1.8656183905427686,-0.755830493289554,0.1941651746179528,-0.3041721019050692,-0.5133645215616834,-1.6502848474520881,-1.6448755526783883
4.7125,1,896,-3.052097925782779,-1.3291647161218452,1.3740721385670422,-0.7832565846472532,1.9310960866809554,-0.20334831984301277,2.0228697155915096,1.86667746865254,-0.3391638266228873,0.19524829162047544,-0.7187087037393418,-0.5179622747368586,-2.0669515141187547,-1.645730642151476
4.716666666666667,1,896,-3.052097925782779,-1.3261960556765446,1.2699791453673623,-0.7780695271439453,2.035189207160074,-0.20688295814120256,2.1942125552932428,1.8677432246977084,-0.7493769665352374,0.19633823813378054,-0.30204203707267513,-0.5225890186903264,-1.6589573736139385,-1.6465911233253334
4.720833333333333,1,896,-3.0380842878282457,-1.3232108284326907,1.1661358553685732,-0.7728535229361126,2.1387948824506546,-0.21043732171337542,2.1942125552932428,1.868814928262316,-0.3425392440002337,0.1974342671629722,-0.7187087037393418,-0.5272415824828929,-2.07186732769859,-1.6474564064691464
4.725,1,896,-3.0380843780820017,-1.3202110803159202,1.0722230458448214,-0.7676121468124942,2.2546442221050205,-0.21400897457628354,2.1942125552932428,1.869891844854273,-0.7592059106669004,0.19853562754450166,-0.4765834051787323,-0.5319167774797358,-1.6552456570007963,-1.6483258985610703
4.729166666666667,1,896,-2.9898655034814956,-1.3171988672037516,0.9937466342473603,-0.7623489909504714,2.2492128950653867,-0.2175954688974634,2.12740495660128,1.8709732364087404,-0.34253924400023367,0.19964156446097783,-0.893250071845399,-0.5366113995357361,-2.071912323667463,-1.649199003694657
4.733333333333333,1,896,-2.970609826155364,-1.3141762535165893,0.907220825963839,-0.7570676624541739,2.3221425981806614,-0.22119434667285515,2.120802985759024,1.8720583617939628,-0.7592059106669004,0.20075131995848047,-0.5545252655542731,-0.5413222311914364,-1.6559655664156134,-1.6500751234872606
4.7375,1,896,-2.9001309182478012,-1.3111453108028712,0.8339153121459592,-0.7517717808823435,2.283687691333874,-0.22480314141140023,2.013974916919992,1.873146477319205,-0.34253924400023367,0.20186413346602539,-0.9711919322209397,-0.5460460438781323,-2.07263223308228,-1.6509536574901384
4.741666666666666,1,896,-2.858538778389167,-1.3081081163193344,0.74384883693405,-0.7464649757676746,2.3489566432341706,-0.2284193798254482,2.0211565301149568,1.8742368372444385,-0.7592059106669004,0.2029792423168207,-0.5545252655542731,-0.5507796001305677,-1.6559655664156134,-1.6518340035999688
4.745833333333334,1,896,-2.761336916441219,-1.305066751607366,0.6720818607660394,-0.7411508841293106,2.3034233637146477,-0.23204058352582596,1.9019688641099586,1.8753286942914353,-0.34253924400023367,0.20409588227096134,-0.9711919322209397,-0.5555196558057349,-2.07263223308228,-1.6527155584715023
4.75,1,896,-2.6962376768220953,-1.302023301066421,0.5809103583440743,-0.735833147980218,2.3779765909974535,-0.23566427072039886,1.8981757516417106,1.8764213001559145,-0.7592059106669004,0.2052132880391996,-0.5545252655542731,-0.5602629623062432,-1.6559655664156134,-1.6535977179310644
4.754166666666666,1,896,-2.5558603330532024,-1.2989798505254762,0.522517469470257,-0.7305154118311253,2.297167198809183,-0.23928795791497187,1.7651874250333537,1.8775139060203938,-0.34253924400023367,0.2063306938074379,-0.9711919322209397,-0.5650062688067514,-2.07263223308228,-1.6544798773906266
4.758333333333333,1,896,-2.4687308872955636,-1.2959384858135083,0.43583094545605106,-0.7252013201927626,2.385935417002997,-0.2429091616153488,1.749332135917827,1.8786057630673905,-0.7592059106669004,0.20744733376157828,-0.5545252655542731,-0.5697463244819175,-1.6559655664156134,-1.65536143226216
4.7625,1,896,-2.2779827052166053,-1.292901291329971,0.3991209275315854,-0.7198945150780924,2.260718777645551,-0.24652540002939755,1.6003778504956927,1.8796961229926241,-0.34253924400023367,0.20856244261237386,-0.9711919322209397,-0.5744798807343541,-2.07263223308228,-1.6562417783719905
4.766666666666667,1,896,-2.1938413364550025,-1.2898703486162528,0.31819865019226556,-0.7145986335062622,2.405350406295265,-0.25013419476794263,1.5717908384161428,1.8807842385178664,-0.7592059106669004,0.20967525611991877,-0.5545252655542731,-0.5792036934210498,-1.6559655664156134,-1.6571203123748683
4.770833333333333,1,896,-1.9375290052973142,-1.2868477349290905,0.31252846984760574,-0.7093173050099646,2.209381550232068,-0.2537330725433344,1.410253507894447,1.8818693639030888,-0.34253924400023367,0.21078501161742141,-0.9711919322209397,-0.5839145250767501,-2.07263223308228,-1.6579964321674718
4.775,1,896,-1.9098027203395431,-1.283835521816922,0.2381344684189905,-0.7040541491479418,2.4857121369805677,-0.25731956686451424,1.3692451179677434,1.8829507554575562,-0.7592059106669004,0.2118909485338976,-0.5545252655542731,-0.5886091471327506,-1.6559655664156134,-1.6588695373010587
4.779166666666667,1,896,-1.5058873674280073,-1.2808357737001514,0.2780988001048394,-0.6988127730243234,2.089300448458815,-0.26089121972742235,1.2065104155862816,1.884027672049513,-0.34253924400023367,0.21299230891542703,-0.9711919322209397,-0.5932843421295934,-2.07263223308228,-1.6597390293929826
4.783333333333333,1,896,-1.6438104505186297,-1.2778505464562975,0.2136399085817221,-0.6935967688164908,2.5059671151254816,-0.2644455832995952,1.1253312606282309,1.8850993756141208,-0.7592059106669004,0.21408833794461868,-0.5545252655542731,-0.59793690592216,-1.6559655664156134,-1.6606043125367955
4.7875,1,896,-1.227143783851963,-1.274881886010997,0.29650054060753706,-0.6884097113131826,2.089300448458815,-0.267980221597785,0.971900536366275,1.8861651316592891,-0.34253924400023367,0.2151782844579238,-0.9711919322209397,-0.6025636498756277,-2.07263223308228,-1.661464793710653
4.791666666666667,1,896,-1.419722947686825,-1.271931826935831,0.25507898966781584,-0.6832551554645117,2.5059671151254816,-0.2714927121574619,0.9145345440571054,1.8872242097690606,-0.7592059106669004,0.21626140146044642,-0.5545252655542731,-0.6071614030508028,-1.6559655664156134,-1.6623198831837407
4.795833333333333,1,896,-1.0030562810201582,-1.2690023910539323,0.3703352651916092,-0.6781366339455825,2.089300448458815,-0.2749806476930477,0.7827731260600317,1.8882758841042002,-0.34253924400023367,0.2173369466378955,-0.9711919322209397,-0.61172701437732,-2.07263223308228,-1.6631689949204458
4.8,1,896,-1.134834491678478,-1.2660955860543246,0.35880795992476183,-0.6730576547353677,2.5059671151254816,-0.2784416377477533,0.7471568936155055,1.8893194338996513,-0.7592059106669004,0.21840418286533125,-0.5545252655542731,-0.6162573548132345,-1.6559655664156134,-1.6640115469819983
4.804166666666666,1,896,-0.7454308578517476,-1.2632134041159568,0.511232336967859,-0.6680216987125169,2.089300448458815,-0.2818733103318755,0.6236037263116525,1.8903541439585108,-0.34253924400023367,0.2194623787123531,-0.9711919322209397,-0.6207493194895071,-2.07263223308228,-1.6648469619253017
4.808333333333334,1,896,-0.7762868909295857,-1.260357820542361,0.5367265703930375,-0.6630322172697358,2.5059671151254816,-0.2852733135484417,0.6056658074808697,1.891379305142189,-0.7592059106669004,0.22051080894438574,-0.5545252655542731,-0.625199829837928,-1.6559655664156134,-1.6656746671986837
4.8125,1,896,-0.4818703809323104,-1.2575307924078793,0.7328870107702972,-0.6580926299483771,2.089300448458815,-0.2886393172050799,0.46722838537065275,1.8923942148564186,-0.34253924400023367,0.22154875501971796,-0.9711919322209397,-0.6296058357010108,-2.07263223308228,-1.6664940955342948
4.816666666666666,1,896,-0.42403701188358894,-1.254734257216382,0.7714674828337416,-0.6532063220948517,2.5059671151254816,-0.29196901441102013,0.5240037346571529,1.8933981775327773,-0.7592059106669004,0.22257550558195655,-0.5545252655542731,-0.6339643174224225,-1.6559655664156134,-1.6673046853368851
4.820833333333333,1,896,-0.18893005426591875,-1.251970131573399,0.9972009622764122,-0.6483766425404862,2.089300448458815,-0.2952601231581195,0.3758517243213155,1.894390505105396,-0.34253924400023367,0.22359035694755341,-0.9711919322209397,-0.6382722879165026,-2.07263223308228,-1.6681058810686937
4.825,1,896,-0.0769125415851944,-1.2492403098725744,1.043941465381683,-0.6436069013063982,2.5059671151254816,-0.29851038788483797,0.49920484080250094,1.8953705174825242,-0.7592059106669004,0.2245926135880758,-0.5545252655542731,-0.6425267947154629,-1.6559655664156134,-1.6688971336301868
4.829166666666667,1,896,0.1321739632781507,-1.2465466629973454,1.295968953446254,-0.6389003673349776,2.089300448458815,-0.30171758102208485,0.31770066647845846,1.896337543012631,-0.34253924400023367,0.22558158860688565,-0.9711919322209397,-0.6467249219928592,-2.07263223308228,-1.6696779007363824
4.833333333333333,1,896,0.283893219632562,-1.243891037038729,1.347640084530755,-0.6342602662495108,2.5059671151254816,-0.3048795045198874,0.47147844576830616,1.8972909189447225,-0.7592059106669004,0.22655660420990575,-0.5545252655542731,-0.6508637925619576,-1.6559655664156134,-1.6704476472885064
4.8375,1,896,0.49630878286563124,-1.2412752520301054,1.6135436618203685,-0.6296897781435027,2.089300448458815,-0.30799399135382255,0.23558256025600605,1.8982299918825571,-0.34253924400023367,0.2275169921701451,-0.9711919322209397,-0.6549405698476121,-2.07263223308228,-1.6712058457407217
4.841666666666667,1,896,0.7113052567656168,-1.238701100699859,1.6584931823250502,-0.6251920354012019,2.5059671151254816,-0.311058907010185,0.41264409212657244,1.8991541182324503,-0.7592059106669004,0.22846209428566774,-0.5545252655542731,-0.6589524598303087,-1.6559655664156134,-1.6719519764616817
4.845833333333333,1,896,0.9618637746151547,-1.2361703472427292,1.9175603689947416,-0.6207701205508158,2.089300448458815,-0.31407215094888064,0.10224339148170956,1.9000626646443637,-0.34253924400023367,0.2293912628306929,-0.9711919322209397,-0.662896712961053,-2.07263223308228,-1.6726855280906603
4.85,1,896,1.2694176958494687,-1.233684726110722,1.8421194203131022,-0.6164270641519034,2.3129786872662903,-0.31703165804302863,0.35188666127703894,1.900955008445969,-0.7592059106669004,0.23030386099951267,-0.5545252655542731,-0.6667706260457685,-1.6559655664156134,-1.6734059978880131
4.854166666666667,1,896,1.5046999448311678,-1.2312459408244008,1.9548352784047482,-0.6121658427183791,1.8963120205996236,-0.31993539999429804,-0.003143062157065837,1.9018305380693987,-0.34253924400023367,0.23119926334292779,-0.9711919322209397,-0.6705715440979344,-2.07263223308228,-1.6741128920797292
4.858333333333333,1,896,1.8995923156522418,-1.228855662805382,1.8985626062696945,-0.6079893766785625,2.3129786872662903,-0.3227813867229993,0.23534187056553124,1.902688653470382,-0.7592059106669004,0.23207685619689794,-0.5545252655542731,-0.674296862158176,-1.6559655664156134,-1.6748057261958396
4.8625,1,896,2.1786852436594533,-1.226515530230822,2.0092314624173584,-0.603900528373657,1.8963120205996236,-0.32556766773198936,-0.18132479610113542,1.903528766539487,-0.34253924400023367,0.23293603810311797,-0.9711919322209397,-0.6779440270795793,-2.07263223308228,-1.6754840254024488
4.866666666666666,1,896,2.588029030355428,-1.2242271469106956,1.9812183650069302,-0.5999021000960485,2.3129786872662903,-0.32829233344344266,0.14513525959650317,1.9043503015051813,-0.7592059106669004,0.23377622022122646,-0.5545252655542731,-0.6815105392774876,-1.6559655664156134,-1.6761473248271626
4.870833333333334,1,896,2.8257203942632487,-1.2219920811886222,2.0702573506665143,-0.5959968321687517,1.8963120205996236,-0.33095351650758115,-0.25291879752320007,1.9051526953284355,-0.34253924400023367,0.2345968267323679,-0.9711919322209397,-0.6849939544425923,-2.07263223308228,-1.676795169877688
4.875,1,896,3.210008799523793,-1.2198118648670053,2.0650192015457525,-0.592187401067333,2.3129786872662903,-0.3335493930824605,-0.0186407953708665,1.9059353980886033,-0.7592059106669004,0.23539729523382935,-0.5582335296833709,-0.6883918852161377,-1.6559655664156134,-1.6774271165533874
4.879166666666666,1,896,3.210008799523793,-1.2176879921572064,2.133528810872761,-0.5884764175855832,1.8963120205996236,-0.3360781840839439,-0.4353074620375332,1.9066978733603102,-0.34253924400023367,0.23617707712448438,-0.9749001963500376,-0.6917020028261034,-2.07263223308228,-1.6780427317495763
4.883333333333333,1,896,3.2100088470821104,-1.215621918655491,2.125702115695714,-0.5848664250462131,1.6240592419343243,-0.3385381564049948,-0.6475499211130148,1.9074395985810915,-0.21321528255257818,0.23693563798077616,-0.8027966547697405,-0.6949220386832232,-2.139337383175143,-1.6786415935543497
4.8875,1,896,3.2100088470821104,-1.2136150603454345,2.1194407173504435,-0.581359897557785,1.5430310297752805,-0.3409276241034633,-0.8960772059374341,1.9081600654095308,-0.5203247520569299,0.23767245792298486,-1.2194633214364072,-0.6980497859357659,-1.7226707165084763,-1.6792232915377403
4.891666666666667,1,896,3.2100088470821104,-1.2116687926274785,2.0896039476844073,-0.5779592383190862,1.6070361150335495,-0.34324494955754425,-1.013719795642922,1.908858780073652,-0.1036580853902632,0.23838703197152677,-0.8027966547697406,-0.7010831009819978,-2.139337383175143,-1.679787427033007
4.895833333333333,1,896,3.2100088470821104,-1.2097844493762981,2.046220614959861,-0.5746667779720914,1.4766699716599434,-0.3454885445881251,-1.2626474823585505,1.9095352637093257,-0.5152600818463537,0.23907887039304299,-1.2183469617182037,-0.7040199049393041,-1.7274560279077829,-1.6803336134098603
4.9,1,896,3.2100088470821104,-1.2079633220266321,2.007769907014097,-0.5714847730046597,1.5753559622650455,-0.34765687154724234,-1.3765009980548077,1.9101890526884595,-0.10147173081315507,0.2397474990360376,-0.801680295051537,-0.7068581850689498,-2.1441226945744494,-1.6808614763394403
4.904166666666667,1,896,3.2100088470821104,-1.2062066586881999,1.9337050629050605,-0.5684154042040523,1.455899852697261,-0.34974844437190766,-1.615996123570869,1.910819698936744,-0.5164025097608445,0.2403924596558371,-1.1969096371486858,-0.7095959961555081,-1.7319870477508101,-1.6813706540508622
4.908333333333333,1,896,3.2100088470821104,-1.2045156632903053,1.8865478020982631,-0.5654607751623264,1.5960227314667932,-0.35176182960258384,-1.7185052347947198,1.9114267702407428,-0.1005696972736861,0.24101331022864947,-0.7802429704820192,-0.7122314618400176,-2.1486537144174767,-1.6818607975791566
4.9125,1,896,3.2100088470821104,-1.2028914947567275,1.786992523253103,-0.5626229108346398,1.496835756128098,-0.35369564736560466,-1.9388429546078068,1.9120098505441077,-0.5166480781400997,0.24160962525450413,-1.1574676563649178,-0.7147627759059427,-1.732310887331082,-1.6823315710044326
4.916666666666667,1,896,3.2022413856850376,-1.2013352662114496,1.7288605935598247,-0.5599037561514477,1.6938953557039964,-0.35554857231887216,-2.0259887144168993,1.9125685402327242,-0.09998141147343306,0.24218099604886922,-0.7408009896982511,-0.7171882035170649,-2.1489775539977485,-1.6827826516821003
4.920833333333333,1,896,3.2022413856850376,-1.1998480442157822,1.6007066517442543,-0.5573051746855466,1.6108032052116514,-0.357319334560178,-2.213719332233047,1.913102456408587,-0.5165855189029671,0.24272703102274257,-1.1232904867349809,-0.7195060824064514,-1.7323108873310817,-1.683213730463995
4.925,1,896,3.191821299763665,-1.1984308480373922,1.5279104049234993,-0.5548289473748703,1.8917457852018948,-0.3590067204975342,-2.213719332233047,1.9136112331522188,-0.09991885223630045,0.24324735595102825,-0.7066238200683143,-0.7217148240156925,-2.1303662216371055,-1.6836245119102522
4.929166666666666,1,896,3.191821299763665,-1.19708464895175,1.3690847817761822,-0.5524767713019274,1.8014247419073,-0.36060957368090596,-2.2137193644888273,1.9140945217734535,-0.4711568069298897,0.24374161422901125,-0.9468409760195278,-0.7238129145836185,-1.7345882322853046,-1.684014714491788
4.933333333333334,1,896,3.1830403714916558,-1.195810369576464,1.257988393649884,-0.5502502585307039,2.0130296120223585,-0.3621267955947861,-2.1247844051060625,1.9145519910504112,-0.05449014026322305,0.2442094671167567,-0.5301743093528611,-0.7257989161837565,-2.1512548989519713,-1.684384070783244
4.9375,1,896,3.1830403714916558,-1.1946088832389674,1.0825335429433576,-0.5481509350018374,1.8984955169489248,-0.363557346411061,-2.1187065887538856,1.9149833274565,-0.4370458949634558,0.2446505939712649,-0.8341315796555728,-0.7276714677098117,-1.7588541959509993,-1.6847323276462678
4.941666666666666,1,896,3.17312665721863,-1.1934810133779796,0.9550058123119762,-0.5461802394868105,2.0778016950807348,-0.36490024570165924,-1.9942168162221134,1.9153882353752933,-0.020379228296789145,0.24506469246622464,-0.41746491298890614,-0.7294292858085047,-2.175520862617666,-1.6850592464030012
4.945833333333333,1,896,3.17312665721863,-1.1924275329791654,0.7844766713659337,-0.544339522601891,1.9957507291498229,-0.3661545731104863,-2.033669267813845,1.9157664373031293,-0.4370213625366688,0.2454514787992122,-0.8340515527362187,-0.7310711657591157,-1.7588541959509991,-1.6853646029996583
4.95,1,896,3.1557803825341795,-1.191449164045367,0.6630711567707661,-0.5426300458824852,2.227323449628913,-0.3673194689841916,-1.910653281417769,1.916117674039298,-0.02035469587000213,0.24581068788619537,-0.417384886069552,-0.7325959822991406,-2.175520862617666,-1.6856481881600809
4.954166666666667,1,896,3.1557803825341795,-1.190546577101782,0.49455059429052717,-0.5410529809185474,2.197136513177276,-0.36839413496133044,-1.9321448558030976,1.916441704863685,-0.4362305841595645,0.24614207354320872,-0.8328736354611306,-0.7340026903954884,-1.7588541959509991,-1.685909807529165
4.958333333333333,1,896,3.1351196948896694,-1.1897203907364156,0.3655845213794899,-0.5396094085516272,2.446635270393362,-0.3693778345195232,-1.7837411722908088,1.916738307701749,-0.019563917492897844,0.24644540865507605,-0.4162069687944639,-0.7352903259606969,-2.175520862617666,-1.6861492818060635
4.9625,1,896,3.1351196948896694,-1.1889711711761335,0.1913850245548153,-0.5383003181341164,2.449289185104391,-0.3702698934802298,-1.7773793453743505,1.917007279276721,-0.4286744991559805,0.24672048533106372,-0.8290180155735771,-0.736458006513669,-1.7588541959509991,-1.6863664468670692
4.966666666666667,1,896,3.096790331528376,-1.1882994318985987,0.04519247441062514,-0.5371266068511976,2.705892993643526,-0.3710697004707975,-1.5940113434147127,1.917248435248918,-0.012007832489313832,0.24696711504735824,-0.41235134890691044,-0.7375049317844796,-2.175520862617666,-1.6865611538780965
4.970833333333333,1,896,3.096790331528376,-1.1877056332803575,-0.13594712917033466,-0.5360890791059554,2.739585079233056,-0.37177670734346646,-1.569292586836444,1.9174616103420834,-0.41820986682826317,0.24718512877627158,-0.8289452849373977,-0.7384303842628439,-1.7588541959509991,-1.6867332693966859
4.975,1,896,3.0878317037409078,-1.1871901822813218,-0.3008041782213703,-0.5351884459680807,2.965300991247827,-0.37239042955104185,-1.3547421742729604,1.9176466584566565,-0.001543200161596505,0.247374377102084,-0.41227861827073103,-0.7392337296898606,-2.175520862617666,-1.6868826754634587
4.979166666666667,1,896,3.0878317037409078,-1.186753432165859,-0.48899853755602113,-0.5344253246865385,3.036323788317154,-0.37291044647897886,-1.3341383076364648,1.9178034527699026,-0.41820986682826317,0.24753473032344608,-0.8279220287622618,-0.7399144174927017,-1.7884636125837365,-1.6870092696829595
4.983333333333333,1,896,3.0878317037409078,-1.1863956822606825,-0.6885750615538796,-0.5338002382665366,3.037926065283953,-0.3733364017336503,-1.1046973283872543,1.917931885822832,-0.16297486182417947,0.24766607854226974,-0.5682929509221128,-0.7404719811619486,-1.9629142188299618,-1.687112965293834
4.9875,1,896,3.0856447879247297,-1.186117177749707,-0.8813896893750721,-0.5333136151110834,2.948928303675209,-0.3736680033866016,-0.9822984354317691,1.9180318695938452,-0.5796415284908462,0.24776833173904678,-0.9849596175887795,-0.740906038571313,-1.546247552163295,-1.6871936912282897
4.991666666666666,1,896,3.0856447879247297,-1.1859181095060127,-1.05595049956069,-0.5329657887273824,3.026204684642288,-0.37390502417462385,-0.7722179104343099,1.91810333555906,-0.1957471588518845,0.24784141983454383,-0.5682929509221128,-0.7412162922395283,-1.9629142188299618,-1.6872513921608039
4.995833333333334,1,896,3.0856447879247297,-1.18579861396103,-1.2175191564404078,-0.5327569974982624,2.9300385418107218,-0.37404730165550826,-0.7719807728200043,1.9181462347392735,-0.6124138255185512,0.24788529273783105,-0.9847067968598677,-0.7414025295342279,-1.546694249304784,-1.6872860285460396
