time,triggered,bits_used,q0_real,q0_target,q1_real,q1_target,q2_real,q2_target,q3_real,q3_target,q4_real,q4_target,q5_real,q5_target,q6_real,q6_target
0.0,0,0,0.0,0.0,0.0,0.0,0.0,0.0,0.0,0.0,0.0,0.0,0.0,0.0,0.0,0.0
0.004166666666666667,0,0,-3.479932281456557e-08,-1.821589401849405e-16,-2.1066521989981656e-07,0.0001019170744153826,5.188977436770354e-08,-1.3454697245345574e-16,-4.103488711094138e-07,8.385526276473769e-05,7.665383756683999e-08,-5.445736523118677e-16,-1.7475610407846952e-07,-0.00015214578397362304,-9.374428911779278e-08,-2.809944060909777e-16
0.008333333333333333,1,56,2.3012966509979613e-06,-7.286045487428889e-16,1.3913042705334629e-05,0.0004076508346953716,-1.9279899419065036e-05,-5.381648358825735e-16,-5.616367509249468e-05,0.00033540668289125863,-4.3613527926055875e-05,-2.178201299354935e-15,-0.002557226731390644,-0.0006085570664974655,6.0915838997791355e-05,-1.1239294774186369e-15
0.0125,1,56,9.215160221751275e-05,-1.6392431950320759e-15,0.0005623857512431689,0.0009171488949341472,6.451867577631591e-05,-1.2107844324443939e-15,0.002166358205006666,0.0007546111583387822,0.00030772244518375327,-4.900603027442259e-15,0.018771499231295494,-0.0013691556438480018,-0.000674415937235324,-2.5286607813981745e-15
0.016666666666666666,1,56,-0.00021622415913514405,-2.9139188458083714e-15,-0.001298268765393636,0.0016303239552619522,-0.00046187386322643593,-2.1522905122336506e-15,-0.00671998161284627,0.0013413968605784793,-0.001612695388014203,-8.71131236705249e-15,-0.08793554283694273,-0.0024338111913745175,0.004409427100506158,-4.494947624552124e-15
0.020833333333333332,1,56,0.00019113625543944006,-4.552413091961036e-15,0.0012430194542299344,0.002547053816803619,-0.004623377224226521,-3.362521753030438e-15,0.00201782883619453,0.0020956632469010398,0.04361428088403115,-1.3609676372757788e-14,-0.06022255909370366,-0.003802341285829783,-0.4122572395661605,-7.022453093752341e-15
0.025,1,56,-0.006880593010476859,-6.5544451859360205e-15,0.000754061699386436,0.0036671814026167323,0.04596048219523531,-4.84127078794196e-15,-0.008735317741314013,0.0030172810776441577,-0.2912473000065313,-1.9594855735102734e-14,-0.18334208914229108,-0.005474511436627355,0.004409427100506156,-1.011074411394837e-14
0.029166666666666667,1,56,0.01596664528185123,-8.919672089840438e-15,0.004030704068647251,0.004990514784605854,-0.06525102969951876,-6.5882842409336515e-15,0.0017347012568915063,0.004106092438337004,-0.1175706851806778,-2.666582492441516e-14,-0.17278032964402867,-0.007450035126020192,-0.4122572395661605,-1.375929152237235e-14
0.03333333333333333,1,56,-0.003140923707534361,-1.1647688534220897e-14,0.0038440398630184905,0.006516827216408727,-0.05024332493224436,-8.603262770244268e-15,-0.006459431665920013,0.0053619107667583115,-0.37203459218936086,-3.482137236652704e-14,-0.2873257587115064,-0.009728573858194449,0.004409427100506156,-1.7967470159209198e-14
0.0375,1,56,0.016635706689502712,-1.4738027087502948e-14,0.009332915083564732,0.008245857172247321,-0.19758150314173664,-1.0885861119675526e-14,0.014007982959870185,0.006784520884902211,-0.14711304721248197,-4.406010065036732e-14,-0.14424048282845695,-0.012309737217267839,-0.4122572395661605,-2.2734558974712374e-14
0.041666666666666664,1,56,-0.030214417276290415,-1.819015823608502e-14,0.008399656213757118,0.010177308391740011,-0.14514748455504237,-1.3435688177751416e-14,0.007340021164077516,0.008373679035848774,-0.4088024426955482,-5.438042676740696e-14,-0.19298769475823432,-0.015193082934187009,0.004409427100506156,-2.8059741152755037e-14
0.04583333333333333,1,56,-0.03656361265935017,-2.20034904750661e-14,0.010422850371247796,0.012310849930663293,-0.2618118973956935,-1.625230704473184e-14,0.01637343463023602,0.010129112925529692,-0.18116029927935076,-6.578058238289401e-14,-0.14151369403716896,-0.018378116962506595,-0.4122572395661605,-3.394210425078459e-14
0.05,1,56,-0.07940416403382883,-2.6177370409598388e-14,0.008624972435483087,0.014646116217658123,-0.21110584522414003,-1.933523510747413e-14,0.005348597238442851,0.01205052176938509,-0.4401568232178417,-7.825861413885269e-14,-0.2651356789566934,-0.021864293563042664,0.004409427100506156,-4.038064035616708e-14
0.05416666666666667,1,56,-0.10408446754824878,-3.0711082866842295e-14,0.01339107015014384,0.017182707116868208,-0.263438938899151,-2.268394412212569e-14,0.024974796845151324,0.014137576343901012,-0.2537343116311249,-9.181238398877873e-14,-0.13738984742159693,-0.025651015397381603,-0.4122572395661605,-4.7374246258886526e-14
0.058333333333333334,1,56,-0.15357359541972165,-3.560385101850772e-14,0.012836582635228308,0.01992018799650128,-0.2086958804986188,-2.6297860304635942e-14,0.021611396619971076,0.016389919043020226,-0.40007180853941793,-1.0643956956398281e-13,-0.20769435449470228,-0.029737633630231054,0.004409427100506156,-5.4921723640574423e-14
0.0625,1,56,-0.1847036466003206,-4.0854836513960125e-14,0.016845848288816537,0.022858089803301323,-0.2516102784289063,-3.017636442907166e-14,0.04185646870691546,0.018807163939416425,-0.12388811635852633,-1.2213766457151825e-13,-0.045863473122611506,-0.034123448040594966,-0.4122572395661605,-6.302177927983627e-14
0.06666666666666667,1,56,-0.2391085354508941,-4.646313962386663e-14,0.016802077508277866,0.025995909142917883,-0.1433629421292221,-3.431879193371742e-14,0.038896546351368105,0.021388896850620443,-0.3457671846980253,-1.3890397922361833e-13,-0.10233184551015727,-0.03880770714175203,0.004409427100506156,-7.167302527383686e-14
0.07083333333333333,1,56,-0.23034360255304942,-5.242779939436155e-14,0.018384288145590975,0.029333108366160984,-0.2249655357490026,-3.872443303494602e-14,0.047977146495342446,0.024134675409989016,-0.08106783255174849,-1.567356406985824e-13,-0.07310741681750887,-0.043789608310020385,-0.4122572395661605,-8.087397927611279e-14
0.075,1,56,-0.2530898783311078,-5.874779381169888e-14,0.018100506387119693,0.032869115661123396,-0.14791121965373674,-4.339253284883471e-14,0.03973516728786886,0.027044029142501074,-0.3116291263349319,-1.7562959363301288e-13,-0.23840412668329822,-0.04906829792228134,0.004409427100506156,-9.062306475056163e-14
0.07916666666666666,1,56,-0.21471659096717502,-6.542203997737066e-14,0.023115296866030147,0.03660332515115856,-0.2561564682383415,-4.8322291520511813e-14,0.05910677028140796,0.030116459545371954,-0.05693259119712426,-1.9558260064534088e-13,-0.16000566740087052,-0.05464287150224461,-0.4122572395661605,-1.009186112415758e-13
0.08333333333333333,1,56,-0.21648357363407864,-7.244939429365572e-14,0.0249963817859169,0.04053509699869424,-0.19585348581965592,-5.3512864361207606e-14,0.057385877293028964,0.03335144017346915,-0.2915684378368944,-2.165912428905339e-13,-0.29911934287367076,-0.060512373875425456,0.004409427100506156,-1.1175885466026605e-13
0.0875,1,56,-0.17570976861945373,-7.982865265956893e-14,0.029648013940107795,0.04466375751486519,-0.3004850223554257,-5.896336199298696e-14,0.07562351743451681,0.03674841672951576,-0.04776647081699831,-2.3865192064589604e-13,-0.21654810644625327,-0.06667579933280851,-0.4122572395661605,-1.2314193758672833e-13
0.09166666666666666,1,56,-0.19544551021374465,-8.755855067717758e-14,0.034438140356599686,0.048988599274946254,-0.21896540809734616,-6.467285050113978e-14,0.08636670556588125,0.0403068071590665,-0.28106666257027946,-2.6176085392786196e-13,-0.21795855100861883,-0.0731320918031709,0.004409427100506156,-1.3506590958830313e-13
0.09583333333333333,1,56,-0.19948627530557148,-9.563776386825011e-14,0.03719566352807558,0.05350888123956626,-0.23878309085694782,-7.06403515942028e-14,0.09928167124419987,0.044026001750239976,-0.07592616870725735,-2.859140831396793e-13,-0.14445422944719102,-0.079880145034035,-0.4122572395661605,-1.4752872755377295e-13
0.1,1,56,-0.21215861061144967,-1.0406490790119823e-13,0.038792798861957946,0.05822382888168108,-0.13881744184349148,-7.686484277158455e-14,0.09445640879436996,0.047905363238189475,-0.33835517480419086,-3.1110746974986393e-13,-0.30327667228959326,-0.08691880278121883,0.004409427100506156,-1.605282560434383e-13
0.10416666666666667,1,56,-0.1712659435079287,-1.1283853882827458e-13,0.043549662779002664,0.06313263431928468,-0.20746596644690682,-8.334525749876532e-14,0.11120198578601478,0.05194422691429491,-0.12191878788671415,-3.3733669700131525e-13,-0.24833379360019145,-0.09424685900695227,-0.4122572395661605,-1.7406226765501372e-13
0.10833333333333334,1,56,-0.18392670849660647,-1.2195715333298697e-13,0.049408185456843584,0.06823445645383609,-0.11105262172912908,-9.008048539004314e-14,0.12226001687684265,0.05614190074005764,-0.3639332276341573,-3.6459727065097315e-13,-0.2912807194320011,-0.10186305808652625,0.004409427100506156,-1.8812844340528337e-13
0.1125,1,56,-0.16582682486621023,-1.3141918898768266e-13,0.05424138865588253,0.07352842111437681,-0.1609312865478771,-9.706937239879181e-14,0.14084932992560611,0.0604976654656773,-0.1360341353612827,-3.928845197398803e-13,-0.16825050680582643,-0.10976609502343673,-0.4122572395661605,-2.0272437312744522e-13
0.11666666666666667,1,56,-0.17855419311334714,-1.4122302452126294e-13,0.05653531997524661,0.07901362120731564,-0.10909045930529518,-1.043107210152013e-13,0.13799458129582787,0.06501077475329167,-0.3363591883788482,-4.2219359739352854e-13,-0.31196091873985926,-0.11795461567298951,0.004409427100506156,-2.178475558840814e-13
0.12083333333333333,1,56,-0.1665544997140596,-1.5136698009697928e-13,0.06179746490308991,0.08468911687185447,-0.1816813665523459,-1.1180329047146464e-13,0.15493324308121378,0.06968045530485784,-0.08494710804041386,-4.5251948165234504e-13,-0.264478053749926,-0.1264272169743258,-0.4122572395661605,-2.3349540039568075e-13
0.125,1,56,-0.18181544178401335,-1.6184931760026517e-13,0.06751283867582282,0.0905539356410288,-0.15436498199816273,-1.1954579695437746e-13,0.16381529771919423,0.07450590699465291,-0.25588098300871215,-4.838569763321806e-13,-0.3354291385416384,-0.13518244719082984,0.004409427100506156,-2.4966522548464176e-13
0.12916666666666665,1,56,-0.17626341501092813,-1.7266824093655245e-13,0.0722824727180537,0.0966070726083346,-0.23994037211661312,-1.2753691382531234e-13,0.18054757656233286,0.07948630300637129,0.006887960631316788,-5.162007119146471e-13,-0.25328012347515,-0.1442188061588759,-0.4122572395661605,-2.6635426053467764e-13
0.13333333333333333,1,56,-0.2009123872099208,-1.8382189633902367e-13,0.07975589898892496,0.1028474905999143,-0.19923134440012152,-1.3577527184753196e-13,0.1941501082545767,0.0846207899747956,-0.17934563178643742,-5.495451464671594e-13,-0.3025727268912009,-0.1535347455448743,0.004409427100506156,-2.835596459655484e-13
0.1375,1,56,-0.19716699996964662,-1.953083726862446e-13,0.0864985358888003,0.1092741203522707,-0.2120056057438168,-1.4425945942080033e-13,0.21384097313527844,0.08990848813201613,-0.09470151981018196,-5.838845665925139e-13,-0.22266083573232537,-0.16312866911056978,-0.4122572395661605,-3.012784337230336e-13
0.14166666666666666,1,56,-0.19533033595389854,-2.0712570182962556e-13,0.09195582441123934,0.11588586069548003,-0.14761613206010482,-1.5298802282325332e-13,0.21687248686249835,0.09534849145817473,-0.41675352327061266,-6.192130884078514e-13,-0.2945757279325153,-0.17299893298654878,0.004409427100506156,-3.1950758778406746e-13
0.14583333333333334,1,56,-0.19729099782135978,-2.1927185893065409e-13,0.09374875332621431,0.12268157874187208,-0.17252474544857388,-1.619594664604871e-13,0.22108365218893364,0.1009398678367069,-0.2751302996921057,-6.555246585528322e-13,-0.24126131501642467,-0.18314384595390884,-0.4122572395661605,-3.3824398467694633e-13
0.15,1,56,-0.19147074286884028,-2.3174476280783887e-13,0.09368902121836713,0.12966011008014372,-0.17000837393869073,-1.7117225312181904e-13,0.21101553416441846,0.10668165921405437,-0.40528576752392764,-6.928130552268425e-13,-0.33922001879027386,-0.19356166973403868,0.004409427100506156,-3.574844140165168e-13
0.15416666666666667,1,56,-0.20042693649681773,-2.4454227629331177e-13,0.09436422182918085,0.13682025897487599,-0.22601643243143524,-1.8062480424368268e-13,0.21194915475759313,0.11257288176382371,-0.13070283133005392,-7.31071889255075e-13,-0.3062937584388288,-0.2042506192864651,-0.4122572395661605,-3.772255790542624e-13
0.15833333333333333,1,56,-0.1988158059338677,-2.576622065990186e-13,0.09735197750890677,0.14416079857141623,-0.19487257438586364,-1.9031550018010502e-13,0.20664354623791423,0.118612526055359,-0.30514791092424415,-7.702946051832752e-13,-0.43629734484993293,-0.21520886311470896,0.004409427100506156,-3.9746409724318135e-13
0.1625,1,56,-0.18407876522546024,-2.7110230569244305e-13,0.09829765404017075,0.15168047110609367,-0.25861744252774405,-2.0024268048022506e-13,0.20508117553469488,0.12479955722670301,-0.06444019736733986,-8.104744824009877e-13,-0.4470167754792831,-0.22643452358010338,-0.4122572395661605,-4.1819650081737e-13
0.16666666666666666,1,56,-0.20036228053161256,-2.8486027068179536e-13,0.10695855527649731,0.15937798812173107,-0.20361507718818306,-2.1040464417280385e-13,0.22000547945069304,0.13113291516191555,-0.2360087434015696,-8.516046362930985e-13,-0.4039792922958789,-0.2379256772235177,0.004409427100506156,-4.39419237386207e-13
0.17083333333333334,1,56,-0.19553395555330033,-2.9893374421060087e-13,0.10624643986467194,0.16725203068841463,-0.22770122510425067,-2.2079965005767656e-13,0.20840814301771143,0.13761151467271868,-0.029089233293313838,-8.936780194194767e-13,-0.5325193243277613,-0.24968035509493172,-0.4122572395661605,-4.611286705430362e-13
0.175,1,56,-0.21032122413906565,-3.133203148616206e-13,0.11531117520610429,0.17530124962948615,-0.14507570405544531,-2.3142591700409827e-13,0.21998455414470214,0.14423424568443793,-0.2188362025573788,-9.366874227225172e-13,-0.5719254031521941,-0.26169654309080514,0.004409427100506156,-4.83321080488246e-13
0.17916666666666667,1,56,-0.1987303645271948,-3.2801751757003603e-13,0.11872433796086344,0.18352426575271769,-0.17061207765697378,-2.4228162425593214e-13,0.22267444588118285,0.15099997342620858,-0.014714642263716559,-9.806254767623778e-13,-0.552398486693757,-0.2739721822991847,-0.4122572395661605,-5.059926646666399e-13
0.18333333333333332,1,56,-0.18413292424482208,-3.4302283404582443e-13,0.12173528623058757,0.19191967008662875,-0.13422357582294117,-2.533649117436258e-13,0.21183864546827488,0.15790753862541207,-0.17439995731111405,-1.0254846529796926e-12,-0.7287302042759247,-0.2865051693524871,0.004409427100506156,-5.291395384189825e-13
0.1875,1,56,-0.18292023244576489,-3.583336932052552e-13,0.129509311372819,0.20048602412190628,-0.14614206156914475,-2.646738804029251e-13,0.224679215735379,0.1649557577063117,-0.07171613154593516,-1.0712572649855518e-12,-0.6756535068609203,-0.29929335678790076,-0.4122572395661605,-5.527577356476163e-13
0.19166666666666665,1,56,-0.18344712957829032,-3.739474716114317e-13,0.13625071335773478,0.209221860057886,-0.0991747009904724,-2.7620659250026893e-13,0.22720757613216866,0.1721434229928523,-0.2822691003350356,-1.1179354698785262e-12,-0.6972070337474007,-0.31233455341534216,0.004409427100506156,-5.768432094960332e-13
0.19583333333333333,1,56,-0.19116414669888127,-3.8986149392380433e-13,0.14277837017441822,0.2181256810540527,-0.13922934238441212,-2.8796107196481017e-13,0.2378626424624211,0.1794693029155893,-0.10401878840885244,-1.1655112695885084e-12,-0.5461301979806789,-0.3256265246929058,-0.4122572395661605,-6.013918330422818e-13
0.2,1,56,-0.1914434569103459,-4.060730333565752e-13,0.14619746308487003,0.22719596148651544,-0.11823151434110131,-2.9993530472700464e-13,0.2273240700945682,0.18693214222271157,-0.28447596605227427,-1.2139765122471376e-12,-0.6475216097608599,-0.3391669931097403,0.004409427100506156,-6.263994000060937e-13
0.20416666666666666,1,56,-0.20118999016429603,-4.2257931214591996e-13,0.15273526569931495,0.23643114720941621,-0.17687934203165986,-3.1212723906371217e-13,0.23526849295695598,0.19453066219512274,-0.07314973230178785,-1.2633228935845853e-12,-0.5596072657356261,-0.3529536385762891,-0.4122572395661605,-6.518616254696094e-13
0.20833333333333334,1,56,-0.18864628641814568,-4.393775020259425e-13,0.15705632842561384,0.24582965582122424,-0.17801427001462572,-3.2453478594974834e-13,0.2238793544474517,0.20226356086554276,-0.2353674682426094,-1.3135419583524445e-12,-0.7229666771615167,-0.36698409882182526,0.004409427100506156,-6.777741466115755e-13
0.2125,1,56,-0.20109766631965176,-4.564647247132841e-13,0.16574686128598068,0.25538987693587245,-0.22932806266962277,-3.3715581941582845e-13,0.23527734864390454,0.21012951324159349,-0.03646179340838356,-1.3646251017724956e-12,-0.6975899956161474,-0.38125596979921467,-0.4122572395661605,-7.041325234548921e-13
0.21666666666666667,1,56,-0.19329740680374358,-4.73838052400303e-13,0.17554044663242266,0.26511017245868923,-0.1966584192009697,-3.4998817691284155e-13,0.23971949539801646,0.2181271715328295,-0.20927099431041823,-1.4165635710110914e-12,-0.7806564607425706,-0.39576680609683745,0.004409427100506156,-7.309322396273811e-13
0.22083333333333333,1,56,-0.20510410473651675,-4.914945082567372e-13,0.18545026396508033,0.27498887686707646,-0.2193483540744928,-3.6302965968239107e-13,0.2534629517246165,0.2262551653816743,-0.03404157995913058,-1.4693484666789053e-12,-0.7191225833642283,-0.41051412135759535,-0.4122572395661605,-7.581687031356403e-13
0.225,1,56,-0.19597741592943146,-5.094310669397724e-13,0.19576123447642438,0.2850242974958901,-0.16371941042325028,-3.76278033133543e-13,0.2571875345861956,0.23451210209822534,-0.21618795106247074,-1.5229707443558051e-12,-0.7882654443918696,-0.4254953887049385,0.004409427100506156,-7.858372471518627e-13
0.22916666666666666,1,56,-0.20594085991094987,-5.276446551124151e-13,0.20558266090678434,0.29521471482746736,-0.18536908089559886,-3.8973102722570865e-13,0.26887170783524056,0.24289656689888267,-0.025992827341904303,-1.5774212161405564e-12,-0.7274831296941752,-0.44070804117583023,-0.4122572395661605,-8.139331308134681e-13
0.23333333333333334,1,56,-0.1934098506918761,-5.461321519700967e-13,0.2130680450706546,0.3055583827862594,-0.15216798531445175,-4.033863368576071e-13,0.26429259438352093,0.25140712314876645,-0.16804373523382443,-1.6326905522251333e-12,-0.8160032215457103,-0.4561494721605851,0.004409427100506156,-8.424515400354301e-13
0.2375,1,56,-0.19602211704634348,-5.648903897754038e-13,0.22197102182241096,0.31605352903801043,-0.16661046992502782,-4.1724162226223016e-13,0.2715294935703525,0.2600423126078754,-0.06751506891376051,-1.6887692824933232e-12,-0.7819761100797222,-0.47181703584949614,-0.4122572395661605,-8.713875883351409e-13
0.24166666666666667,1,56,-0.19097351450807706,-5.83916154400856e-13,0.23019404847839361,0.3266983552934394,-0.1267343650383321,-4.3129450940775103e-13,0.268291608702484,0.2688006556809498,-0.26312105888737775,-1.7456477981433886e-12,-0.8946611204595528,-0.48770804768618203,0.004409427100506156,-9.007363176696875e-13
0.24583333333333332,1,56,-0.203584390765971,-6.032061858796302e-13,0.23858368198503335,0.33749103761636734,-0.1630972568029396,-4.45542590404302e-13,0.2740122913960893,0.2776806516709923,-0.10109439109872516,-1.8033163533344852e-12,-0.8955831157365567,-0.5038197848275722,-0.4122572395661605,-9.304926992853868e-13
0.25,1,56,-0.19483198571485844,-6.227571789641376e-13,0.24867043224203222,0.3484297267362391,-0.13948797202642182,-4.599834239165536e-13,0.2795792004098923,0.28668077903640443,-0.23590463023005356,-1.86176506685656e-12,-0.926413094799569,-0.5201494866104506,0.004409427100506156,-9.606516345794348e-13
0.25416666666666665,1,56,-0.20431116803771146,-6.425657836923619e-13,0.2569316698270063,0.35951254836498636,-0.19102901883120696,-4.746145355820251e-13,0.2867043658880288,0.2957994956516946,-0.03307281304366284,-1.9209839238234442e-12,-0.8807380112735397,-0.5366943550244823,-0.4122572395661605,-9.912079559735274e-13
0.2583333333333333,1,56,-0.1931431263378011,-6.62628605961858e-13,0.2642073437999779,0.37073760351817764,-0.18199191216700103,-4.894334184350536e-13,0.2818580004102044,0.3050352390717143,-0.1354303689357292,-1.9809627773888573e-12,-1.0173792675484488,-0.5534515551916377,0.004409427100506156,-1.0221564277992983e-12
0.2625,1,56,-0.19672415647978403,-6.829422081113137e-13,0.276134111421972,0.3821029688403992,-0.21420731764646103,-5.044375333363502e-13,0.2990420308932053,0.3143864267993742,-0.03337109072728833,-2.041691350485012e-12,-0.9275150710005567,-0.5704182158519345,-0.4122572395661605,-1.053491747195423e-12
0.26666666666666666,1,56,-0.1821745250952227,-7.035031095095752e-13,0.2865950572882773,0.39360669693481204,-0.17254482365948157,-5.196243094080681e-13,0.30113615101498775,0.32385145655679715,-0.2270247015242155,-2.1031592375835405e-12,-1.0391214454138964,-0.5875914298554133,0.004409427100506156,-1.0852085450162378e-12
0.2708333333333333,1,56,-0.19054972870679662,-7.24307787152036e-13,0.2984748644058135,0.40524681669682855,-0.205520614540381,-5.349911444743087e-13,0.3183340769387108,0.3334287065598603,-0.08352622955363859,-2.1653559064784253e-12,-0.9501948561719574,-0.6049682546602624,-0.4122572395661605,-1.1173013867517147e-12
0.275,1,56,-0.18457875313593872,-7.453526762642851e-13,0.309322088955361,0.41702133365185134,-0.16460661628723466,-5.505354055069929e-13,0.32230400824910554,0.34311653579607976,-0.23236829230947925,-2.2282707000906427e-12,-1.0790147030952126,-0.6225457128370081,0.004409427100506156,-1.1497647734586373e-12
0.2791666666666667,1,56,-0.19792114055438917,-7.666341709129116e-13,0.32126406710371525,0.42892823029701505,-0.19499795313599422,-5.662544290770138e-13,0.3393768105423471,0.3529132843057885,-0.06291311593024669,-2.29189283829419e-12,-1.017651034029133,-0.6403207925786799,-0.4122572395661605,-1.182593142702814e-12
0.2833333333333333,1,56,-0.19013554735799548,-7.881486246233653e-13,0.3331311082868777,0.44096546644687645,-0.16711123217083532,-5.821455218106049e-13,0.34901633732457954,0.3628172734665633,-0.16070528536202872,-2.356211419763215e-12,-1.0486778382768063,-0.6582904482168708,0.004409427100506156,-1.2157808695121762e-12
0.2875,1,56,-0.19477912308180137,-8.098923510047598e-13,0.34570782718456267,0.45313097958298937,-0.18437399877388974,-5.982059608508339e-13,0.3673490848484164,0.3728268062808475,-0.061250339789850186,-2.4212154238398972e-12,-0.9290897597105802,-0.6764516007435956,-0.4122572395661605,-1.2493222673405867e-12
0.2916666666666667,1,56,-0.18705869924193055,-8.31861624381517e-13,0.3557330990800443,0.4654226852073063,-0.15286118672450824,-6.144329943241509e-13,0.3676064612877592,0.38294016766672273,-0.22276501275644947,-2.4868937124227792e-12,-1.0634488079543638,-0.6948011383388625,0.004409427100506156,-1.283211589042199e-12
0.29583333333333334,1,56,-0.20016839535178294,-8.540526804317412e-13,0.367994937922626,0.4778384771993461,-0.1861083918273132,-6.308238418119069e-13,0.38396852036018003,0.3931556247517789,-0.06720001493298579,-2.5532350318752244e-12,-1.0332412505954007,-0.7133359169038681,-0.4122572395661605,-1.3174430278562016e-12
0.3,1,56,-0.19267819579654377,-8.764617168322185e-13,0.3804329217342709,0.4903762281770676,-0.1640825426181999,-6.473756948267652e-13,0.39290248722929344,0.403471427170034,-0.1719860841010953,-2.620228014953671e-12,-1.1176082244593808,-0.7320527605997228,0.004409427100506156,-1.3520107184017782e-12
0.30416666666666664,1,56,-0.19811660634793224,-8.990848939099233e-13,0.39408270039327636,0.5030337898613852,-0.18377528206201726,-6.640857172939208e-13,0.4115406872562198,0.4138858073618494,-0.08908982560888018,-2.687861182755349e-12,-1.0696723598026723,-0.7509484623916136,-0.4122572395661605,-1.386908737683108e-12
0.30833333333333335,1,56,-0.1864470508487518,-9.219183352999286e-13,0.4077982497496841,0.5158089934442662,-0.15396996078362657,-6.809510460370478e-13,0.42229585107208534,0.4243969808767929,-0.24062410064189538,-2.7561229466851333e-12,-1.1508565960655683,-0.7700197845983142,0.004409427100506156,-1.4221311061042443e-12
0.3125,1,56,-0.19556905209369088,-9.44958128609598e-13,0.42118830478991925,0.5286996499603428,-0.1856929062825342,-6.979687912688884e-13,0.4401228107400066,0.43500314667939405,-0.09679689645978146,-2.825001610441185e-12,-1.116208239638761,-0.7892634594469435,-0.4122572395661605,-1.4576717884936814e-12
0.31666666666666665,1,56,-0.19033873005126642,-9.68200326088958e-13,0.4349620188287634,0.5417035506619828,-0.1685123304314553,-7.151360370864053e-13,0.4515294463253283,0.4457024874577435,-0.1824090538296554,-2.89448537201906e-12,-1.2252673398340834,-0.8086761896328833,0.004409427100506156,-1.4935246951384574e-12
0.3208333333333333,1,56,-0.1966745784343123,-9.91640945307121e-13,0.4494839870171251,0.554818467397745,-0.18845564971756762,-7.324498419704044e-13,0.47017536886451444,0.4564931699348791,-0.10241463464394072,-2.964562325733913e-12,-1.2289023996857718,-0.8282546488847528,-0.4122572395661605,-1.5296836828275886e-12
0.325,1,56,-0.18628293280030248,-1.0152759698346571e-12,0.46672050381135827,0.5680421529941626,-0.16171686862201387,-7.49907239289551e-13,0.49075450670913734,0.4673733451829091,-0.22038945755058967,-3.0352204642604842e-12,-1.2440366105020007,-0.8479954825343498,0.004409427100506156,-1.5661425559046827e-12
0.32916666666666666,1,56,-0.19496889088094502,-1.039101349931787e-12,0.48320413412261687,0.5813723416407844,-0.18942860635678685,-7.675052378086852e-13,0.5158719044298867,0.47834114893981594,-0.07307457097683415,-3.106447680690486e-12,-1.1884010032058543,-0.8678953080914544,-0.4122572395661605,-1.6028950673295283e-12
0.3333333333333333,1,56,-0.18939908565032093,-1.0631130032422837e-12,0.49990054370317116,0.5948067492784095,-0.17291402812494688,-7.85240822201355e-13,0.5333052633632807,0.4893947019288882,-0.13466750727242377,-3.178231770607059e-12,-1.3111212902892246,-0.8879507158234015,0.004409427100506156,-1.6399349197484943e-12
0.3375,1,56,-0.19491599489021072,-1.0873068154929656e-12,0.5172714584768398,0.6083430739904502,-0.18829440122739358,-8.031109535664787e-13,0.5572277971418449,0.5005321101807253,-0.050509851291129934,-3.2505604341759457e-12,-1.3568329065471314,-0.9081582693393226,-0.4122572395661605,-1.6772557665735521e-12
0.3416666666666667,1,56,-0.18857934705501556,-1.1116786411986535e-12,0.5386691315097383,0.621978996397352,-0.1651094076011889,-8.21112569949042e-13,0.5877202763746175,0.5117514653577588,-0.12705567663162315,-3.3234212782529907e-12,-1.3543642531568092,-0.928514506178951,0.004409427100506156,-1.7148512130697253e-12
0.3458333333333333,1,56,-0.19265420905107727,-1.1362243043724782e-12,0.5580351905013472,0.6357121800540081,-0.1728173715196665,-8.392425868647501e-13,0.6143922626006244,0.5230508450812361,-0.06764815790532724,-3.3968018185076477e-12,-1.4518550056205994,-0.9490159384058982,-0.4122572395661605,-1.7527148174507982e-12
0.35,1,56,-0.1862106850705298,-1.1609395992414179e-12,0.5808066893468862,0.6495402718500981,-0.14983083114236342,-8.574978978285386e-13,0.6472787544562836,0.5344283132606115,-0.1381107346142393,-3.470689481562112e-12,-1.379164837410712,-0.9696590532052943,0.004409427100506156,-1.7908400919830838e-12
0.3541666666666667,1,56,-0.18946416019076492,-1.1858202909669305e-12,0.5998464195084817,0.6634609024132798,-0.15565809339916162,-8.758753748868523e-13,0.6708667464146826,0.5458819204252835,-0.08167674121309262,-3.545071607145692e-12,-1.3898204651935477,-0.9904403134856894,-0.4122572395661605,-1.82922050409706e-12
0.35833333333333334,1,56,-0.18251253753740934,-1.210862116370575e-12,0.6204407398016675,0.6774716865151696,-0.13398708748613758,-8.943718691536045e-13,0.6960124589488248,0.5574097040586278,-0.16066853616489704,-3.6199354502640885e-12,-1.2795404277173088,-1.0113561584851163,0.004409427100506156,-1.8678494775066934e-12
0.3625,1,56,-0.1844090596647141,-1.2360607846644846e-12,0.6341771424281193,0.6915702234800396,-0.13870413541983817,-9.129842113497232e-13,0.7017557958844642,0.5690096889342641,-0.10643504265354992,-3.695268183383185e-12,-1.4123580095363988,-1.0324030043812098,-0.4122572395661605,-1.906720393336253e-12
0.36666666666666664,1,56,-0.177351955983495,-1.2614119781865696e-12,0.6510360548786853,0.70575409759616,-0.11809812641293256,-9.317092123461893e-13,0.71490344666165,0.5806798874545007,-0.18109775153758395,-3.7710568986269744e-12,-1.3973569469341423,-1.0535772449052747,0.004409427100506156,-1.9458265912544198e-12
0.37083333333333335,1,56,-0.17964717090250942,-1.2869113531403298e-12,0.6637443876326846,0.7200208785297206,-0.12258677071198508,-9.505436637104793e-13,0.717695572441697,0.5924182999909,-0.13373583369279063,-3.8472886099892636e-12,-1.4856189904057635,-1.0748752519602032,-0.4122572395661605,-1.9851613706155005e-12
0.375,1,56,-0.17317541283644247,-1.3125545403391356e-12,0.6798135064568427,0.7343681217412528,-0.10232619423736641,-9.694843382563108e-13,0.728621810273072,0.6042229152269025,-0.19859873524281738,-3.923950255558747e-12,-1.4497435203132465,-1.0962933762421276,0.004409427100506156,-2.0247179916075454e-12
0.37916666666666665,1,56,-0.18026751769185848,-1.3383371459548736e-12,0.6916411151899072,0.7487933689044928,-0.11714679282436116,-9.88527990596608e-13,0.7302121928900049,0.6160917105024585,-0.0615789073332165,-4.001028699757115e-12,-1.5329583384646948,-1.117827947865714,-0.4122572395661605,-2.0644896764071865e-12
0.3833333333333333,1,56,-0.1758229985381928,-1.3642547522708007e-12,0.7071178958323429,0.7632941483276008,-0.10101810207152026,-1.0076713576995796e-12,0.7399818004783506,0.6280226521605983,-0.047378376242137116,-4.078510735589757e-12,-1.5109721797304547,-1.139475276992975,0.004409427100506156,-2.10446961034098e-12
0.3875,1,56,-0.1727197107962605,-1.3903029184384988e-12,0.7200704951518209,0.7778679753766725,-0.09094896856568248,-1.0269111594478225e-12,0.7403287368614522,0.6400136958958892,-0.07819988663499262,-4.1563830869087095e-12,-1.6228246480983761,-1.1612316544655052,-0.4122572395661605,-2.1446509430530625e-12
0.39166666666666666,1,56,-0.1714673288553487,-1.4164771812387909e-12,0.7356103683561959,0.7925123529014694,-0.08226775666908027,-1.046244099200354e-12,0.7505911901241688,0.6520627871047172,-0.032412959138502374,-4.234632410687462e-12,-1.6311050681570614,-1.1830933524400267,0.004409427100506156,-2.1850267896789272e-12
0.3958333333333333,1,56,-0.170530823630525,-1.4427730558464914e-12,0.7515798585912691,0.8072247716632918,-0.07607762788214077,-1.065666864357473e-12,0.7602829075102082,0.6641678612373325,-0.05040477010590289,-4.313245299307211e-12,-1.6098782712649458,-1.2050566250271355,-0.4122572395661605,-2.22559023202511e-12
0.4,1,56,-0.16970821933336847,-1.469186036598859e-12,0.765107365325932,0.822002710764925,-0.06897795574413046,-1.0851761269283598e-12,0.7630884186013049,0.6763268441515998,-0.0005703367720704384,-4.3922082828541976e-12,-1.7434182908621356,-1.227117708933142,0.004409427100506156,-2.2663343197545886e-12
0.4041666666666667,1,56,-0.16921899943910176,-1.4957115977676156e-12,0.7810758624594893,0.836843638082581,-0.06330379160046072,-1.1047685441013063e-12,0.7714613676618467,0.6885376524683914,-0.024563560176056327,-4.47150783142769e-12,-1.7948465704536782,-1.2492728241048892,-0.4122572395661605,-2.3072520715776794e-12
0.4083333333333333,1,56,-0.16883888208454467,-1.522345194334408e-12,0.8001086718226732,0.8517450106997647,-0.05661487888057844,-1.1244407588164913e-12,0.79027166060542,0.7007981939285631,0.055767876390333204,-4.5511303574582744e-12,-1.659998225306553,-1.2715181743774466,0.004409427100506156,-2.3483364764482523e-12
0.4125,1,56,-0.16805910735917817,-1.5490822627695763e-12,0.8163065362934101,0.8667042753429912,-0.051396103565934555,-1.1441894003411971e-12,0.7981609159138293,0.7131063677514538,0.05902098963471822,-4.631062218036016e-12,-1.7263650311688181,-1.2938499481245656,-0.4122572395661605,-2.3895804947650375e-12
0.4166666666666667,1,56,-0.1630503920865423,-1.5759182218140858e-12,0.8337440700345508,0.8817188688192743,-0.03425906092512967,-1.1640110848473645e-12,0.8087449868764591,0.7254600649948413,0.06218401989407486,-4.7112897172480935e-12,-1.7509842804076148,-1.3162643189117782,0.004409427100506156,-2.4309770595778206e-12
0.42083333333333334,1,56,-0.16239978854258774,-1.6028484732645061e-12,0.8522351564273217,0.8967862184553168,-0.02894465810108587,-1.183902415991395e-12,0.8213175151255114,0.7378571689162998,0.05087130428253955,-4.791799108525529e-12,-1.7503174284940808,-1.3387574461520393,-0.4122572395661605,-2.47251907779833e-12
0.425,1,56,-0.1609951730248481,-1.6298684027608889e-12,0.8693671157625257,0.9119037425383257,-0.020796073589472833,-1.203859985496099e-12,0.8303159195945394,0.7502955553358931,0.12294927511950851,-4.8725765969985916e-12,-1.842642323927596,-1.3613254757637918,0.004409427100506156,-2.5141994314156044e-12
0.42916666666666664,1,56,-0.15994889817648766,-1.6569733805774136e-12,0.8899098424994619,0.9270688507583748,-0.014438623428815491,-1.2238803737346827e-12,0.8465210046387787,0.762773093000141,0.108081054991668,-4.953608341860474e-12,-1.7786858943702362,-1.383964540831342,-0.4122572395661605,-2.556010978715621e-12
0.43333333333333335,1,56,-0.15904910792692797,-1.6841587624156694e-12,0.9091760982712618,0.942278944652241,-0.007265585521833557,-1.2439601503166882e-12,0.859592602073488,0.7752876439471997,0.19313955001599437,-5.034880458738851e-12,-1.809675132944884,-1.4066707622674373,0.004409427100506156,-2.597946555504998e-12
0.4375,1,56,-0.15808700794181493,-1.711419890200427e-12,0.9312716809914001,0.9575314180486364,-0.0010825428784659713,-1.2640958746757669e-12,0.877941943760917,0.7878370638731886,0.19032407625405465,-5.116379022074878e-12,-1.7126025494963784,-1.4294402494779253,-0.4122572395661605,-2.639998976338535e-12
0.44166666666666665,1,56,-0.15558747448180718,-1.738752092877782e-12,0.9500730671395514,0.972823657514765,0.01052197817093394,-1.2842840966592102e-12,0.8853807041660987,0.8004192024996086,0.2225908264896592,-5.198090067509286e-12,-1.864510383035315,-1.4522691010283908,0.004409427100506156,-2.6821610357504094e-12
0.4458333333333333,1,56,-0.1508324687221197,-1.766150687215513e-12,0.9726731160199656,0.9881530428041194,0.026230258472075177,-1.304521357119111e-12,0.8996885957094525,0.8130319039417795,0.09010862868918236,-5.279999594275094e-12,-1.8794603218532617,-1.4751534053126445,-0.4122572395661605,-2.724425509488794e-12
0.45,1,56,-0.14778659075580292,-1.7936109786055278e-12,0.997206834946833,1.0035169473054457,0.03876526850337037,-1.3248041885050702e-12,0.9207245190832325,0.8256730070782388,0.09670409019437701,-5.362093567596557e-12,-1.7932065604997236,-1.4980892412229554,0.004409427100506156,-2.7667851557536896e-12
0.45416666666666666,1,56,-0.14819982164049297,-1.8211282618682628e-12,1.020180844173168,1.0189127384928012,0.04149646652840282,-1.3451291154583467e-12,0.9356375594013501,0.8383403459210409,0.06238432362073193,-5.4443579210939696e-12,-1.846922901990856,-1.5210726788219144,-0.4122572395661605,-2.809232716437778e-12
0.4583333333333333,1,56,-0.14749168221499387,-1.8486978220588902e-12,1.04406550235886,1.0343377783766237,0.04768094207426839,-1.3654926554073394e-12,0.9550546419248064,0.8510317499868866,0.14029828631262575,-5.526778559193856e-12,-1.8100810748354241,-1.5440997800158078,0.004409427100506156,-2.8517609183700554e-12
0.46249999999999997,1,56,-0.1474924392199699,-1.8763149352752e-12,1.0665674989366716,1.0497894239557375,0.0512082007138878,-1.3858913191643105e-12,0.9682623218906936,0.863745044669025,0.12972479633307454,-5.609341359544181e-12,-1.9156934536776102,-1.56716659922939,-0.4122572395661605,-2.894362474562057e-12
0.4666666666666667,1,56,-0.14561832453149928,-1.9039748694670163e-12,1.0899440784351508,1.065265027670218,0.060094665357595715,-1.4063216115232378e-12,0.9857245617341508,0.8764780516098606,0.2249150073595511,-5.692032175434142e-12,-1.9363332503251844,-1.5902691840819374,0.004409427100506156,-2.937030085456444e-12
0.4708333333333333,1,56,-0.14153843060064805,-1.9316728852470076e-12,1.1130253078112824,1.0807619378550368,0.07360529867997581,-1.4267800318587002e-12,0.9976851993926902,0.8892285890742032,0.13306554916129534,-5.774836838218124e-12,-1.8977748502921474,-1.613403576064467,-0.4122572395661605,-2.9797564401777405e-12
0.475,1,56,-0.1389890278222224,-1.9594042367027614e-12,1.1326462013145975,1.096277499194413,0.08530051112196092,-1.4472630747256947e-12,1.001183876682152,0.9019944723230989,0.17581039197272333,-5.857741159743445e-12,-2.0285725842526223,-1.6365658112180097,0.004409427100506156,-3.0225342177850234e-12
0.4791666666666667,1,56,-0.13796103258665376,-1.987164172209967e-12,1.1534671586682936,1.111809053176785,0.0923236208116273,-1.4677672304602725e-12,1.0049661594099237,0.9147735139881717,0.11725148414460546,-5.940730934781401e-12,-2.092935231032823,-1.6597519208128115,-0.4122572395661605,-3.0653560885263194e-12
0.48333333333333334,1,56,-0.13664124184169127,-2.014947935246582e-12,1.1743626291665317,1.127353938550334,0.10046004530728918,-1.4882889857809035e-12,1.0112914481894688,0.9275635244464188,0.22585409634244108,-6.023791943461269e-12,-2.111788428538692,-1.6829579320283548,0.004409427100506156,-3.1082147150945235e-12
0.4875,1,56,-0.13336572514403158,-2.042750765207843e-12,1.1955914096074547,1.1429094917789773,0.11289891672539168,-1.5088248243904608e-12,1.0138133443797,0.9403623121953916,0.12260450779670383,-6.106909953706816e-12,-2.098568726593678,-1.7061798686340837,-0.4122572395661605,-3.1511027538846116e-12
0.49166666666666664,1,56,-0.13129674045389972,-2.0705678982219653e-12,1.2165507203767385,1.158473047498749,0.12298524190951456,-1.5293712275787169e-12,1.0179544299924792,0.9531676842286975,0.1985510920813721,-6.1900707236748766e-12,-2.0977340017529422,-1.7294137516707069,0.004409427100506156,-3.194012856251924e-12
0.49583333333333335,1,56,-0.12781896599181752,-2.0983945679664103e-12,1.2378030077170863,1.1740419389744983,0.136067597990423,-1.5499246748252591e-12,1.0184090813689985,0.965977446411761,0.06939058032324227,-6.2732600041956316e-12,-2.097066221880354,-1.7526556001319753,-0.412044441010137,-3.2369376697713235e-12
0.5,1,56,-0.12551160048506538,-2.1262260064845673e-12,1.2595208081979423,1.189613498556819,0.1464981172632128,-1.5704816444027103e-12,1.0227810001014455,0.9787894038577765,0.12274795790275729,-6.356463541214119e-12,-2.096531997982283,-1.7759014316468031,0.004622225656529675,-3.279869839496989e-12
0.5041666666666667,1,56,-0.12454637813661487,-2.154057445002725e-12,1.281969430544833,1.2051850581391397,0.1527305202233532,-1.5910386139801614e-12,1.0252562172797608,0.991601361303792,0.05980214081356769,-6.4396670782326066e-12,-2.0961046188638264,-1.799147263161631,-0.41185501069170155,-3.3228020092226546e-12
0.5083333333333333,1,56,-0.12338527475348614,-2.1818841147471698e-12,1.304541039939901,1.2207539496148891,0.15978513314426887,-1.6115920612267037e-12,1.0305338429175142,1.0044111234868556,0.16685975933657796,-6.522856358753362e-12,-2.095762715569061,-1.8223891116228996,0.00481165597496511,-3.365726822742054e-12
0.5125,1,56,-0.12292633694368722,-2.209701247761291e-12,1.327933192670291,1.2363175053346604,0.16448823591460274,-1.6321384644149593e-12,1.034287505832343,1.017216495520161,0.1492058130751748,-6.60601712872142e-12,-2.0954891929332486,-1.8456229946595224,-0.4116195064761501,-3.408636925109366e-12
0.5166666666666666,1,56,-0.12183388405549554,-2.2375040777225527e-12,1.3514200291517755,1.2518730585633038,0.1714637148190684,-1.6526743030245168e-12,1.0405551289671282,1.0300152832691338,0.29453025646413267,-6.689135138966968e-12,-2.095270374824599,-1.8688449312652513,0.005047160190516573,-3.451524963899454e-12
0.5208333333333334,1,56,-0.11879718366705738,-2.265287840759169e-12,1.3753821114658111,1.2674179439368536,0.1831467440953781,-1.6731960583451487e-12,1.043696784869028,1.0428052937273815,0.2250240681398063,-6.77219614764684e-12,-2.095095320337679,-1.8920509424807954,-0.4112922524859643,-3.49438359046766e-12
0.525,1,56,-0.11417056530714097,-2.2930477762663737e-12,1.398341687896398,1.282949497919225,0.20073562050418192,-1.6937002140797258e-12,1.0463390786859708,1.055584335392454,0.24340895880127683,-6.855185922684794e-12,-2.094955276748143,-1.9152370520755966,0.005374414180702367,-3.5372054612089547e-12
0.5291666666666667,1,56,-0.11148597347962613,-2.3207791277221274e-12,1.4220547423205943,1.2984650592586011,0.2111436623811535,-1.7141832569467203e-12,1.0460985318094669,1.0683502186413498,0.07465762649389077,-6.938090244210115e-12,-2.0948432418765144,-1.9383992872291393,-0.41092723407189646,-3.5799832388162375e-12
0.5333333333333333,1,56,-0.11184234592775011,-2.348477143502119e-12,1.4464943210909564,1.3139619694434201,0.21292692416409573,-1.734641677282183e-12,1.0500709556881207,1.0811007561056925,0.0989843293349316,-7.020894906994097e-12,-2.0947536139792113,-1.961533679211669,0.0057394325947701975,-3.6227095935375345e-12
0.5375,1,56,-0.11455898147024,-2.376137077693935e-12,1.4719029273612152,1.3294375731579007,0.20644581014737373,-1.75507196964111e-12,1.0527158407457624,1.093833763046528,0.014585201674364147,-7.103585722884057e-12,-2.094681911661369,-1.9846362640642163,-0.410636717426671,-3.6653772044319205e-12
0.5416666666666666,1,56,-0.11698023665003367,-2.4037541909102445e-12,1.4971970527470588,1.3448892187370143,0.20029660045188205,-1.7754706333980809e-12,1.058628950444991,1.1065470577286662,0.1031259269846196,-7.1861485232343826e-12,-2.0946245498070954,-2.0077030832777982,0.006029949239995645,-3.707978760623922e-12
0.5458333333333333,1,56,-0.12035328058821905,-2.4313237511008723e-12,1.5229339238120554,1.360314258620837,0.1905283451652061,-1.795834173347074e-12,1.0624695814226284,1.1192384617945121,0.0703723030359009,-7.26856916133427e-12,-2.0945786603236765,-2.030730184471692,-0.4103146608457402,-3.7505069625562004e-12
0.55,1,56,-0.12038897491815624,-2.4588410343636076e-12,1.547917570120447,1.3757100498081927,0.19106383515523356,-1.8161591003003507e-12,1.0693431804341726,1.1319058006373144,0.19503326823635975,-7.350833514831683e-12,-2.094541948736941,-2.053713622070651,0.006352005820926463,-3.792954523240289e-12
0.5541666666666667,1,56,-0.11997035174596948,-2.4863013257536225e-12,1.5731815701079002,1.391073954309519,0.19264193622245043,-1.83644193168631e-12,1.0745479202009445,1.1445469037737737,0.18997698055246245,-7.432927488153146e-12,-2.094512579467553,-2.0766494579809622,-0.4098757658146137,-3.835314169505185e-12
0.5583333333333333,1,56,-0.11714968529472382,-2.513699920091353e-12,1.597800807301815,1.406403339598873,0.20239817430466073,-1.85667919214621e-12,1.0810857717758595,1.1571596052159443,0.3023106616494033,-7.514837014918953e-12,-2.0944890840520425,-2.0995337622652155,0.006790900852052948,-3.877578643243569e-12
0.5625,1,56,-0.11576551808880456,-2.5410321227687083e-12,1.6234081645023843,1.4216955790650019,0.20636143332067705,-1.8768674141296536e-12,1.0849313941602254,1.1697417438423643,0.21423186983107148,-7.596548060353362e-12,-2.094470287719634,-2.1223626138156813,-0.40929231168194463,-3.919740702655444e-12
0.5666666666666667,1,56,-0.11403354695236315,-2.568293250553466e-12,1.6491514801227398,1.4369480524613973,0.2121593375328636,-1.8970031384887328e-12,1.0904283542266024,1.1822911637683535,0.2204859194171829,-7.67804662368939e-12,-2.0944552506537075,-2.1451321010261695,0.007374354984722029,-3.9617931234889805e-12
0.5708333333333333,1,56,-0.11445870911970797,-2.5954786323917213e-12,1.6763255756743278,1.4521581463552633,0.20986475755537887,-1.917082915070738e-12,1.0948037626915095,1.1948057147154119,0.0727805223583799,-7.759318740567763e-12,-2.094443221000966,-2.167838322462264,-0.40872424043343747,-4.003728700278357e-12
0.575,1,56,-0.11598631864760327,-2.6225836102082456e-12,1.7040589084989777,1.467323254575312,0.20466142546842517,-1.9371033033093212e-12,1.1033416299219008,1.2072832523796597,0.10925616106901657,-7.840350485429646e-12,-2.0944335972787727,-2.190477387529814,0.007942426233229192,-4.045540247578373e-12
0.5791666666666666,1,56,-0.11911665946059874,-2.649603539704629e-12,1.7328051857043378,1.4824407786583214,0.19365767310358536,-1.9570608728140256e-12,1.1106412444679834,1.219721638799253,0.03261710689719132,-7.921127973902709e-12,-2.094425898301018,-2.2130454171415668,-0.40825919773587505,-4.087220601195648e-12
0.5833333333333334,1,56,-0.11850688603068484,-2.6765337911550497e-12,1.761049469977096,1.497508128294364,0.19425131888422656,-1.9769522039580564e-12,1.1216395255711955,1.2321187427207119,0.11841784312598186,-8.001637365180145e-12,-2.0944197391188144,-2.2355385443818285,0.008407468930791615,-4.128762619416158e-12
0.5875,1,56,-0.11778110207143945,-2.703369750199559e-12,1.789708097423131,1.512522721770647,0.19494618566836094,-1.9967738884642236e-12,1.1304827818710175,1.2444724399640992,0.08013739583465074,-8.081864864392224e-12,-2.0944148117730514,-2.257952915169041,-0.4077425384071301,-4.170159184228941e-12
0.5916666666666667,1,56,-0.11520304344238019,-2.730106818634727e-12,1.8172766250693668,1.5274819864138736,0.2018616165661143,-2.0165225299889297e-12,1.1409408725717374,1.25678061378699,0.20461319037400819,-8.161796724969965e-12,-2.094410869896441,-2.28028468891616,0.008924128259536566,-4.2114032025457265e-12
0.5958333333333333,1,56,-0.11417030635733251,-2.75674041520152e-12,1.844988904160371,1.5423833590310574,0.2038935309236516,-2.0361947447041146e-12,1.1471792510908547,1.2690411552471617,0.12628534176603237,-8.24141925100055e-12,-2.094407716395153,-2.3025300391887176,-0.4070413701216374,-4.2524876074163e-12
0.6,1,56,-0.11463232726112554,-2.783265976370276e-12,1.8725651331182405,1.5572242863487133,0.20222269319283606,-2.055787161877061e-12,1.1559096396482256,1.2812519635639532,0.2238887157427091,-8.320718799574042e-12,-2.094405193594122,-2.3246851543604645,0.00962529654502928,-4.29340535923939e-12
0.6041666666666666,1,56,-0.11506751176522624,-2.8096789571226434e-12,1.9002681117762092,1.5720022254503463,0.1998422058200801,-2.0752964244479472e-12,1.1613674401147567,1.2934109464782204,0.11865272953136118,-8.399681783121026e-12,-2.094403175353298,-2.3467462382664706,-0.4062490045330072,-4.3341494469688675e-12
0.6083333333333333,1,56,-0.11637918523003435,-2.8359748317303446e-12,1.9279870283103762,1.586714644212169,0.19556054374625367,-2.094719189605067e-12,1.1703647590353201,1.3055160206108358,0.19137657110397477,-8.478294671740779e-12,-2.0944015607606383,-2.36870951085358,0.010417662133659442,-4.374712889315051e-12
0.6125,1,56,-0.11642496889386897,-2.862149094530637e-12,1.9555237806437424,1.6013590217369662,0.19430109565149603,-2.1140521293575987e-12,1.1775485388924123,1.317565111819664,0.13972618004288864,-8.556543995519532e-12,-2.0944002690865107,-2.390571208828102,-0.4054601889924494,-4.415088735940917e-12
0.6166666666666667,1,56,-0.11417043710511483,-2.8881972606983346e-12,1.9824140371907346,1.6159328487860376,0.20048523777857924,-2.1332919311058414e-12,1.1877298611926697,1.3295561555549549,0.25224801348035425,-8.634416346838482e-12,-2.0943992357472085,-2.4123275863006315,0.011206477674217261,-4.455270068652999e-12
0.6208333333333333,1,56,-0.11380114142880093,-2.9141148670142614e-12,2.0098854798786325,1.6304336282091454,0.20050867314870802,-2.1524352982088125e-12,1.1947057639861525,1.3414870972130943,0.16422437135298243,-8.711898382671122e-12,-2.094398409075767,-2.4339749154278922,-0.40450107970404103,-4.495250002586791e-12
0.625,1,56,-0.11469006955098258,-2.9398974726299993e-12,2.0375233630364002,1.6448588753723854,0.19781458344508157,-2.17147895054911e-12,1.2050573659778432,1.3533558924886504,0.2524946772234447,-8.788976826869492e-12,-2.0943977477386135,-2.455509487051479,0.012165586962625628,-4.535021687386433e-12
0.6291666666666667,1,56,-0.11546708046056958,-2.965540659828806e-12,2.0654905689881167,1.6592061185839178,0.19442386195322683,-2.1904196250949417e-12,1.2125752716060383,1.3651605077246531,0.13908781152271366,-8.865638472438977e-12,-2.094397218668891,-2.4769276113334033,-0.4034718772802541,-4.5745783083784784e-12
0.6333333333333333,1,56,-0.11365073741379454,-2.9910400347825652e-12,2.0928987633079834,1.6734728995174781,0.19936646798397875,-2.2092540764592315e-12,1.2235448206858723,1.3768989202610522,0.19723846583664606,-8.941870183801265e-12,-2.094396795413113,-2.498225618388332,0.013194789386412584,-4.613913087739558e-12
0.6375,1,56,-0.11408964366352466,-3.0163912283046505e-12,2.1209815333981816,1.6876567736335986,0.19750726222244191,-2.2279790774556975e-12,1.2313465108263106,1.3885691187812887,0.06176180660995537,-9.017658899045053e-12,-2.0943964568084903,-2.5193998589123967,-0.4025009510639592,-4.653019285657725e-12
0.6416666666666666,1,56,-0.11001952652353102,-3.0415898965985595e-12,2.1156642471965452,1.7017553105984682,0.21552054784134753,-2.2465914196518157e-12,1.1990462148370502,1.400169103656925,0.0939236537421901,-9.092991632164148e-12,-2.094396263795597,-2.5404467048084896,0.014165715602707438,-4.691890201487284e-12
0.6458333333333334,1,56,-0.11208501369876375,-3.0666317220022046e-12,2.111410418235236,1.7157660947003583,0.21640754281644464,-2.2650879139185683e-12,1.1701447147449189,1.4116968872902695,0.02286904686265407,-9.167855475282546e-12,-2.0943960400246904,-2.561362549807917,-0.40016238913967567,-4.7305191748969185e-12
0.65,1,56,-0.11498897305866455,-3.0915124137277176e-12,2.1080073550661886,1.7296867252635402,0.21422879841789516,-2.283465390976882e-12,1.150798916589832,1.4231504944549416,0.12797534307872657,-9.242237600866127e-12,-2.0943958610226487,-2.5821438100883123,0.016504277526990994,-4.768899587010895e-12
0.6541666666666667,1,56,-0.1194807680248087,-3.116227708596657e-12,2.1052849045309507,1.7435148170596302,0.20593432987385651,-2.3017207019406707e-12,1.1354688108320403,1.434527962634317,0.11406691819314911,-9.316125263920591e-12,-2.094395719395815,-2.6027869248877082,-0.3977069671236307,-4.80702486154318e-12
0.6583333333333333,1,56,-0.12227758664205558,-3.140773371770482e-12,2.103106944102761,1.7572480007162865,0.20155986206353166,-2.319850718856379e-12,1.1296150536304315,1.4458273423577943,0.26451834922022444,-9.389505804175249e-12,-2.094395604505974,-2.6232883571146557,0.018959699543035977,-4.844888465924253e-12
0.6625,1,56,-0.12332642362829968,-3.165145197476169e-12,2.1013645757602086,1.7708839231231879,0.20088248681560625,-2.3378523352389417e-12,1.1257922779372842,1.4570466975348275,0.20459075136951624,-9.462366648252292e-12,-2.0943955108935453,-2.6436445939542836,-0.3952255928848216,-4.882483912420426e-12
0.6666666666666666,1,56,-0.12307976366387781,-3.1893390097268512e-12,2.099970681086167,1.7844202478352285,0.20456272552006088,-2.3557224666040653e-12,1.1275848241410973,1.4681841057866647,0.23489286489575817,-9.534695311821178e-12,-2.0943954348334564,-2.663852147470205,0.02144107378184504,-4.919804759245484e-12
0.6708333333333333,1,56,-0.12382046669413205,-3.213350663037348e-12,2.0988555653469336,1.7978546554728538,0.20428496015417152,-2.3734580509967356e-12,1.1292120357190765,1.479237658775737,0.07440637233344882,-9.606479401737753e-12,-2.0943953756652953,-2.6839075552021523,-0.39276218120279427,-4.95684461166445e-12
0.675,1,56,-0.12623564101583284,-3.237176043134478e-12,2.0979634727555467,1.8111848441194756,0.1997979282688527,-2.3910560495158698e-12,1.1374180768387625,1.490205462532644,0.10095630332861814,-9.677706618167756e-12,-2.094395329773378,-2.703807380759257,0.02390448546387239,-4.993597123089296e-12
0.6791666666666667,1,56,-0.13047492167955616,-3.2608110676620145e-12,2.097249798682437,1.8244085297158934,0.18928274302201156,-2.4085134468350165e-12,1.1455960418966094,1.501085637780674,0.016405634595021996,-9.748364756694327e-12,-2.0943952927425915,-2.723548214408854,-0.39087869264834,-5.0300559961663904e-12
0.6833333333333333,1,56,-0.1299065054172457,-3.2842516868801776e-12,2.0966788594239496,1.8375234464516557,0.19220659264687057,-2.425827251719016e-12,1.1607066732995097,1.5118763202578098,0.09570003144830042,-9.818441710409181e-12,-2.0943952578862812,-2.743126673660724,0.02578797401832664,-5.066214983855522e-12
0.6875,1,56,-0.12967538499170325,-3.307493884359537e-12,2.0962221080171597,1.8505273471532953,0.19379118888890173,-2.4429944975365318e-12,1.1752936771925178,1.5225756610361587,0.05364468764609543,-9.887925471987052e-12,-2.094395232356809,-2.7625394038466626,-0.3893194888644717,-5.102067890500296e-12
0.6916666666666667,1,56,-0.12757927940643304,-3.3305336776692065e-12,2.0958567068917278,1.863418003669372,0.200916149023364,-2.460012242768373e-12,1.1948956069591232,1.53318182683876,0.17548552447119573,-9.956804135743105e-12,-2.094395209327854,-2.781783078695292,0.027347177802194953,-5.137608572889734e-12
0.6958333333333333,1,56,-0.1299216318991357,-3.3533671190592117e-12,2.0955643859913824,1.876193207252253,0.1954566140250659,-2.4768775715115e-12,1.2130683794235169,1.5436930003537035,0.17858928914620575,-1.0025065899672889e-11,-2.094395193620773,-2.8008544009019927,-0.38700061372300987,-5.17283094131087e-12
0.7,1,56,-0.12652052748092008,-3.3759902961369165e-12,2.0953305292711057,1.8888507689365706,0.2066975302125613,-2.4935875939786554e-12,1.2350994263346307,1.554107380545519,0.25436387179227343,-1.0092699067474567e-11,-2.094395175812407,-2.8197501026938836,0.029666052943656793,-5.2077289605922e-12
0.7041666666666666,1,56,-0.1265529014562837,-3.398399332537394e-12,2.0951434438948846,1.9013885199142921,0.20783596886090627,-2.5101394469935136e-12,1.2544846706553685,1.564423182963774,0.13701409360605693,-1.0159692050553014e-11,-2.0943951646331356,-2.838466946389738,-0.3843506874474274,-5.242296651137777e-12
0.7083333333333334,1,56,-0.1282165959121127,-3.4205903885876184e-12,2.094993775593908,1.9138043119063322,0.20551835279424746,-2.5265302944812698e-12,1.278210853186114,1.5746386400488304,0.1994013284618569,-1.0226033370005461e-11,-2.0943951549731885,-2.857001724954744,0.03231597921923926,-5.27652808995178e-12
0.7125,1,56,-0.13038247691351704,-3.442559661964376e-12,2.094874040953126,1.9260960175306492,0.20106299871616054,-2.542757327954587e-12,1.299998984998159,1.5847520014347056,0.06493720485218006,-1.0291711658588343e-11,-2.094395146914247,-2.8753512625500113,-0.3821180226180041,-5.310417411653392e-12
0.7166666666666667,1,56,-0.13251072810453787,-3.4643033883457696e-12,2.094778253240501,1.9382615306667617,0.1974012725491784,-2.5588177669948156e-12,1.3269486067747138,1.5947615342489896,0.10956164601821718,-1.0356715662665023e-11,-2.0943951401636687,-2.8935124150767355,0.03454864404866256,-5.343958809481802e-12
0.7208333333333333,1,56,-0.13718081780876817,-3.485817842056224e-12,2.0947016230704008,1.9502987668166234,0.18657811729548623,-2.574708859728407e-12,1.3530939094400334,1.6046655234097646,0.040977491276103395,-1.042103424413405e-11,-2.0943951353021815,-2.9114820707149267,-0.3801174527133427,-5.377146536291165e-12
0.725,1,56,-0.1365986196226772,-3.5070993367048503e-12,2.094640318934321,1.9622056634617868,0.18951322720735497,-2.590427883298428e-12,1.3852406609337191,1.6144622719194732,0.13479485056151788,-1.0484656382337597e-11,-2.0943951291320837,-2.9292571504565985,0.03654921395332397,-5.4099749055353414e-12
0.7291666666666666,1,56,-0.1373010745731642,-3.5281442258170993e-12,2.0945912756254566,1.9739801804168098,0.1891415477081163,-2.605972144331112e-12,1.4141072355694217,1.6241501011556927,0.10527186339812557,-1.0547571175949815e-11,-2.0943951242993752,-2.946834608633344,-0.3786155202083775,-5.442438292242264e-12
0.7333333333333333,1,56,-0.13570069411333924,-3.5489489034595592e-12,2.094185098233619,1.9856203001788257,0.19562401770581356,-2.6213389793973523e-12,1.4446984755935544,1.6337273511587556,0.23647210951955505,-1.0609767844844697e-11,-2.0943951199175004,-2.9642114334381926,0.03805114645828914,-5.474531133977739e-12
0.7375,1,56,-0.1344396369394406,-3.5695098048578222e-12,2.0942370654411055,1.9971240282732394,0.20088293962430182,-2.636525755469071e-12,1.4711879695014758,1.643192380916179,0.15996051088716245,-1.0671235731943228e-11,-2.094395116412,-2.9813846474416725,-0.37684279367935114,-5.5062479317985566e-12
0.7416666666666667,1,56,-0.13522697036803913,-3.5898234070072777e-12,2.0947804923078563,2.008489393595461,0.20234700755150564,-2.6515298703703675e-12,1.499548259702888,1.652543568643839,0.25629463109163403,-1.0731964305039383e-11,-2.0943951136076002,-2.9983513081019693,0.03982387298731552,-5.537583251194681e-12
0.7458333333333333,1,56,-0.1382381614409011,-3.609886229276773e-12,2.094703414324285,2.0197144487486516,0.1976682682061066,-2.6663487532233955e-12,1.5223196475615388,1.6617793120638582,0.15161732397926606,-1.0791943158604794e-11,-2.0943951117855724,-3.0151085082691242,-0.3742503287121702,-5.568531723020451e-12
0.75,1,56,-0.14074647284445055,-3.6296948340049975e-12,2.094641751937428,2.0307972703773993,0.19530934491058202,-2.680979864888867e-12,1.5471824092712763,1.6708980286791486,0.21994338510946337,-1.0851162015571679e-11,-2.09439510997266,-3.0316533766831557,0.04241633795449648,-5.5990880444145435e-12
0.7541666666666667,1,56,-0.14203492755165628,-3.649245827089505e-12,2.0945924220279424,2.041735959497271,0.1948820355483381,-2.6954206984011187e-12,1.5678317800363801,1.6798981560445607,0.08653108843188725,-1.0909610729093754e-11,-2.0943951085217356,-3.0479830784660344,-0.3722726241992215,-5.6292469797085915e-12
0.7583333333333333,1,56,-0.14084891089433108,-3.668535858568279e-12,2.0945140750366487,2.052528641820199,0.2014948028304904,-2.7096687793976696e-12,1.591315275205673,1.688778152034603,0.1276401091986596,-1.096727928428485e-11,-2.0943951072953886,-3.064094815607424,0.04439404246744513,-5.65900336132429e-12
0.7625,1,56,-0.1449957447239031,-3.687561623193731e-12,2.094490280507319,2.0631734680756275,0.19511173134256882,-2.7237216665431904e-12,1.6111469235320524,1.6975364951076775,0.056195680500432284,-1.1024157799934915e-11,-2.0943951066147046,-3.0799858274441103,-0.37020985798142975,-5.688352090658837e-12
0.7666666666666666,1,56,-0.14473224802012258,-3.706319860999039e-12,2.0941680779439906,2.073668614327379,0.1997109645395415,-2.7375769519478136e-12,1.6336441754524464,1.7061716845667865,0.1495321819975664,-1.1080236530203105e-11,-2.0943951057697636,-3.095653391133021,0.04645680868523691,-5.717288138958548e-12
0.7708333333333334,1,56,-0.14951519862013193,-3.7248073578567204e-12,2.09536199757503,2.084012282286171,0.19189998408491776,-2.751232261579712e-12,1.6539093795313131,1.7146822408166704,0.12331729187601805,-1.1135505866287682e-11,-2.094395105093811,-3.111094822117776,-0.3685998053993568,-5.74580654818051e-12
0.775,1,56,-0.1493283958744328,-3.743020946029363e-12,2.095168618538024,2.0942026996177483,0.1965616239404934,-2.7646852556718778e-12,1.6755867865752863,1.7230667056173277,0.2559226433996877,-1.1189956338072433e-11,-2.0943951046801192,-3.126307474588668,0.048066861267309885,-5.773902431842116e-12
0.7791666666666667,1,56,-0.15247093826960442,-3.760957504712398e-12,2.095013915308419,2.104238120246562,0.19231029593481982,-2.7779336291230298e-12,1.6924857878657134,1.731323642333879,0.18335346892633966,-1.1243578615749334e-11,-2.094395104298582,-3.1412887419360116,-0.3659728633909365,-5.801570975858339e-12
0.7833333333333333,1,56,-0.15186766935208854,-3.778613960568833e-12,2.0948792255962942,2.1141168246549493,0.1979165501986184,-2.7909751118925795e-12,1.7117911462150306,1.7394516361827237,0.277002921235236,-1.129636351141715e-11,-2.094395103916866,-3.1560360571967694,0.05069380327573017,-5.828807439366598e-12
0.7875,1,56,-0.15475225063663892,-3.795987288255851e-12,2.0947824009550353,2.123837120177766,0.19388346565136272,-2.8038074693895923e-12,1.726372434040418,1.7474492944739595,0.1702432039214947,-1.1348301980655744e-11,-2.094395103662187,-3.1705468934943917,-0.36320381335302526,-5.855607155539086e-12
0.7916666666666666,1,56,-0.15416328909961102,-3.8130745109431926e-12,2.0947049412420284,2.133397341292414,0.19910808578934075,-2.816428502855672e-12,1.7435648753591153,1.7553152468500102,0.23454889212882155,-1.1399385124075794e-11,-2.094395103415263,-3.184818764471781,0.053462853313641395,-5.8819655323824025e-12
0.7958333333333333,1,56,-0.15720013877959932,-3.829872700823216e-12,2.0946429734716228,2.142795849904222,0.1944054516636152,-2.828836049741709e-12,1.7560619012299872,1.7630481455204303,0.10204060646558229,-1.1449604188843654e-11,-2.094395103254339,-3.1988492247173177,-0.36057951210691425,-5.9078780535243696e-12
0.8,1,56,-0.15634701160810696,-3.8463789796125605e-12,2.0945933992552983,2.152031035627123,0.19977026759195476,-2.8410279840784164e-12,1.7716388410640176,1.7706466654928417,0.14378435225586303,-1.1498950570181103e-11,-2.0943951030878383,-3.2126358701838664,0.05608715455975241,-5.933340278987885e-12
0.8041666666666667,1,56,-0.1608623491931151,-3.8625905190453314e-12,2.0945537398822385,2.161101316059586,0.1924731815180292,-2.853002216840611e-12,1.7811470101074218,1.778109504799964,0.06935676352363941,-1.1547415812839733e-11,-2.09439510298369,-3.226176338600701,-0.3585008749635202,-5.958347845951697e-12
0.8083333333333333,1,56,-0.16082988687661426,-3.878504541357704e-12,2.094065964515251,2.1700051370557523,0.19637331905551336,-2.864756696305152e-12,1.7910335953303642,1.785435384722701,0.16023778023256452,-1.1594991612549714e-11,-2.094395102864952,-3.2394683098782644,0.05816579170314648,-5.982896469497946e-12
0.8125,1,56,-0.16581661090431046,-3.89411831976388e-12,2.0947883856408316,2.1787409729917324,0.1881870955331712,-2.876289408402496e-12,1.796348735913076,1.7926230500092415,0.12885904725424743,-1.1641669817442689e-11,-2.094395102769962,-3.252509506505706,-0.3566950260845789,-6.0069819433463625e-12
0.8166666666666667,1,56,-0.16585266145157795,-3.909429178923311e-12,2.094709728990665,2.1873073270270096,0.19215273273041852,-2.887598377061795e-12,1.8023266534177185,1.799671269090141,0.25779492202201676,-1.1687442429448547e-11,-2.0943951027111627,-3.2652976939411196,0.05997164058208773,-6.0306001405749965e-12
0.8208333333333333,1,56,-0.16692976753662023,-3.924434495399099e-12,2.094646803670532,2.1957027313609205,0.1925991310720149,-2.8986816645494887e-12,1.802370592871487,1.8065788342893445,0.17819113661579916,-1.1732301605665861e-11,-2.094395102656306,-3.277830680994422,-0.35417115806480864,-6.0537470143273385e-12
0.825,1,56,-0.16507134552199082,-3.939131698107514e-12,2.0945964634144256,2.2039257474841523,0.20100865261379564,-2.9095373718013223e-12,1.804285681861838,1.813344562031115,0.26705753257280024,-1.1776239659705721e-11,-2.0943951026114305,-3.2901063202028014,0.06249550860185801,-6.076418598505733e-12
0.8291666666666666,1,56,-0.1677772176607301,-3.953518268758534e-12,2.0945561912095405,2.2119749664252235,0.19728684156888718,-2.920163638747744e-12,1.8007072130436275,1.8199672930428341,0.1554253161247596,-1.1819249063008761e-11,-2.094395102587014,-3.3021225081986745,-0.35133374343306917,-6.098611008450941e-12
0.8333333333333334,1,56,-0.16935131304998255,-3.96759174228734e-12,2.0945239734456322,2.2198490089919076,0.19696768389826644,-2.9305586446326173e-12,1.7996346985594676,1.8264458925536378,0.21813913220634168,-1.1861322446135142e-11,-2.09439510256758,-3.3138771860700893,0.06533292323359749,-6.120320441607773e-12
0.8375,1,56,-0.17377973874319494,-3.9813497072766925e-12,2.094498199234506,2.227546526007545,0.1883224289712931,-2.940720608325196e-12,1.7938480832001327,1.83277925048885,0.0828402508223611,-1.1902452600027251e-11,-2.094395102556083,-3.325368339713503,-0.34877572103217497,-6.1415431781766085e-12
0.8416666666666667,1,56,-0.17337724765549675,-3.994789806370117e-12,2.094477579865605,2.235066198542222,0.1915744313384437,-2.950647788625316e-12,1.791969999002167,1.838966281660194,0.1223165534699185,-1.1942632477244963e-11,-2.094395102533994,-3.3365940001788976,0.06789094563449169,-6.162275581750797e-12
0.8458333333333333,1,56,-0.175139721850111,-4.0079097366758235e-12,2.094461084370484,2.242406738138762,0.18945629551587675,-2.960338484561738e-12,1.7870279222664895,1.8450059259517293,0.044378194517979495,-1.1981855193173164e-11,-2.0943951025424252,-3.347552244007141,-0.3467520929524657,-6.182514099939716e-12
0.85,1,56,-0.17330758487786846,-4.020707250161297e-12,2.094447887974387,2.2495668870334944,0.19618943059626393,-2.9697910356836016e-12,1.7853353270373575,1.8508971485014987,0.13464671253289154,-1.2020114027201397e-11,-2.0943951025290737,-3.358241193559568,0.06991457371420098,-6.202255264977462e-12
0.8541666666666666,1,56,-0.17431657087774924,-4.033180154038482e-12,2.0944373308575095,2.256545418371766,0.19623326271776165,-2.979003822344934e-12,1.7804670474918018,1.8566389398788463,0.1017892877171125,-1.2057402423875408e-11,-2.0943951025419447,-3.3686590173396977,-0.3446184325023276,-6.221495694317033e-12
0.8583333333333333,1,56,-0.17209524598882459,-4.045326311139509e-12,2.0944288851640076,2.263341136418158,0.2043891195135011,-2.987975265982167e-12,1.7784351533539249,1.8622303162573781,0.23183409076665323,-1.2093713994020386e-11,-2.0943951025279546,-3.378803930307057,0.07204823416433906,-6.24023209120991e-12
0.8624999999999999,1,56,-0.1743765219307885,-4.05714364028289e-12,2.094422128609206,2.2699528767613675,0.20095641772347303,-2.9967038293846204e-12,1.7714265424467834,1.867670319583537,0.15676946537791564,-1.2129042515835726e-11,-2.0943951025343615,-3.3886741941830367,-0.3418950034743102,-6.2584612452709445e-12
0.8666666666666667,1,56,-0.17572698021924535,-4.068630116630112e-12,2.0944167233653648,2.2763795065137242,0.20046549967385793,-3.0051880169578893e-12,1.767249777185774,1.8729580177407577,0.2518344373741529,-1.2163381935961081e-11,-2.094395102536183,-3.3982681177487324,0.07477166319235648,-6.276180033028431e-12
0.8708333333333333,1,56,-0.17985460748186732,-4.0797837720325824e-12,2.0944123991702916,2.282619924505304,0.19184606368772208,-3.0134263749801084e-12,1.7588833108093351,1.8780925047091817,0.145232940040209,-1.2196726370513592e-11,-2.094395102540451,-3.4075840571347307,-0.33914193832265427,-6.293385418459301e-12
0.875,1,56,-0.1790789780633893,-4.0906026953688705e-12,2.094408939814233,2.2886730614726094,0.19514336265030077,-3.0214174918510436e-12,1.7571427018930643,1.8830729007209002,0.21122165300941964,-1.222907010609606e-11,-2.0943951025525704,-3.416620416102777,0.07752472834401239,-6.310074453509337e-12
0.8791666666666667,1,56,-0.17901715620717995,-4.101085032872156e-12,2.0944061723293865,2.294537880241784,0.19538702919738365,-3.0291599983339565e-12,1.753695730389354,1.8878983524106954,0.07890406871220705,-1.2260407600775895e-11,-2.0943951025709833,-3.425375646319281,-0.33653902446952516,-6.326244278598298e-12
0.8833333333333333,1,56,-0.1759314784155999,-4.111228988447872e-12,2.094403958341509,2.300213375906323,0.2035766791339591,-3.0366525677902193e-12,1.7561586347534628,1.8925680329622614,0.12322474312127289,-1.229073348503471e-11,-2.0943951025941447,-3.433848247620617,0.0801276421971415,-6.341892123109897e-12
0.8875,1,56,-0.1785750294871333,-4.1210328239814526e-12,2.094402187151207,2.3056985759992616,0.19802826488990546,-3.0438939164066287e-12,1.7569736518030403,1.8970811422498757,0.053915574576511305,-1.2320042562688359e-11,-2.0943951026535252,-3.44203676827017,-0.3340795181418491,-6.357015305866533e-12
0.8916666666666666,1,56,-0.17943071937913127,-4.1304948596361485e-12,2.0944007701989658,2.310992540659802,0.19664672136612651,-3.0508828034153775e-12,1.762686668670729,1.9014369069754955,0.1541663076472092,-1.2348329811777267e-11,-2.094395102665512,-3.44993980520708,0.08258714852481755,-6.3716112355886955e-12
0.8958333333333334,1,56,-0.18384638812141693,-4.139613474140861e-12,2.0943996366371724,2.3160943627943538,0.18627499230312294,-3.0576180313066553e-12,1.7667787658750402,1.905634580801258,0.13187855539243015,-1.2375590385426923e-11,-2.0943951026807994,-3.4575560042866544,-0.3316398681159344,-6.385677411338964e-12
0.9,1,56,-0.1832901437056835,-4.148387105067937e-12,2.09413236092595,2.3210031682319574,0.18817709804937577,-3.0640984460338367e-12,1.7718607455989996,1.9096734444773638,0.26843391843372955,-1.2401819612678377e-11,-2.0943951026226397,-3.464884060512388,0.08502679855073228,-6.399211422950541e-12
0.9041666666666667,1,56,-0.18365946135857325,-4.156814249100886e-12,2.094482562766684,2.3257181158740723,0.18693351974616831,-3.070322937211218e-12,1.7717254220944345,1.9135528059653133,0.19557910122855038,-1.242701299928856e-11,-2.0943951025761116,-3.471922718259572,-0.3292676134794412,-6.412210951440207e-12
0.9083333333333333,1,56,-0.18116752512160447,-4.164893462291958e-12,2.0944650706913475,2.3302383978386922,0.19383390897305225,-3.076290438304281e-12,1.7730428008207337,1.9172720005564867,0.2900011690303044,-1.2451166228500378e-11,-2.094395102561067,-3.4786707714904357,0.08739905318722543,-6.4246737694056754e-12
0.9125,1,56,-0.18069540969084066,-4.172623360309566e-12,2.094451077031078,2.334563239598773,0.19504778125903144,-3.081999926812434e-12,1.7691353024656093,1.9208303909860374,0.18129976669246411,-1.2474275161782344e-11,-2.0943951025452017,-3.485127063960798,-0.32651026699712565,-6.43659774140725e-12
0.9166666666666666,1,56,-0.17796475524499747,-4.18000261867548e-12,2.0944398821028622,2.338691900114944,0.20302921582642117,-3.087450424444213e-12,1.7677010908248176,1.9242273675420838,0.2452761958399625,-1.2496335839537705e-11,-2.094395102532425,-3.491290489418181,0.090156399669541,-6.447980824333713e-12
0.9208333333333333,1,56,-0.1800485751667224,-4.187029972991765e-12,2.09443092616029,2.34262367196248,0.19864225066710212,-3.092640997284909e-12,1.7612201482108985,1.9274623481701811,0.11257782405518398,-1.2517344481782899e-11,-2.094395102541149,-3.4971599917913623,-0.3237290089433422,-6.458821067752403e-12
0.9249999999999999,1,56,-0.18074648921715386,-4.1937042191574365e-12,2.0944237614062318,2.346357881452515,0.19814991574464116,-3.0975707559565863e-12,1.7608715383291447,1.930534778573052,0.15846056590212296,-1.2537297488795226e-11,-2.094395102577699,-3.5027345653713255,0.09293765772332443,-6.469116614243417e-12
0.9291666666666667,1,56,-0.18546826803274427,-4.200024213574774e-12,2.0944180296029855,2.349893888747477,0.18750571931476212,-3.1022388557704746e-12,1.7596884006078568,1.933444132305564,0.0892764374642911,-1.2556191441729656e-11,-2.0943951026199645,-3.5080132549835863,-0.321168066458806,-6.478865699717865e-12
0.9333333333333333,1,56,-0.1846367013733024,-4.2059888733452685e-12,2.0944134441603883,2.3532310879707206,0.1900515513014558,-3.1066444968717034e-12,1.7639935191943539,1.9361899108649328,0.18645809175353725,-1.2574023103204621e-11,-2.0943951026029035,-3.5129951561518546,0.09549860020786063,-6.488066653720142e-12
0.9375,1,56,-0.18601955457060668,-4.211597176455175e-12,2.0944097758063105,2.356368907310337,0.18719512860696397,-3.110786924376349e-12,1.7668468835955684,1.9387716437761366,0.16015217020504002,-1.2590789417856721e-11,-2.094395102613695,-3.5176794152530118,-0.318693737013866,-6.496717899714143e-12
0.9416666666666667,1,56,-0.18400277212786753,-4.216848161950627e-12,2.0944068411230483,2.359306809117137,0.19331051979696984,-3.114665428500785e-12,1.7708155624795807,1.9411888886725328,0.2945826976499289,-1.2606487512864257e-11,-2.0943951025712852,-3.5220652296633754,0.09797292965280066,-6.504817955353404e-12
0.9458333333333333,1,56,-0.18377889883242407,-4.2217409301022934e-12,2.0944044933764387,2.36204428999677,0.19427826490899067,-3.1182793446832953e-12,1.769243457826492,1.9434412313716523,0.2204889060663833,-1.2621114698439462e-11,-2.0943951025514833,-3.5261518478962253,-0.3159498373270389,-6.5123654327350926e-12
0.95,1,56,-0.18015362286928205,-4.226274642559537e-12,2.094402615179151,2.3645808808959803,0.20397289403577132,-3.121628053697947e-12,1.7679283743486893,1.945528285946168,0.2352663517203669,-1.2634668468289388e-11,-2.0943951025252594,-3.529938569730564,0.10071682933962775,-6.519359038637812e-12
0.9541666666666666,1,56,-0.1816764579746764,-4.230448522494069e-12,2.0944011126213207,2.366916147182975,0.20050481165014256,-3.124710981760689e-12,1.7615657104029294,1.9474496947900233,0.05958652005178703,-1.2647146500045345e-11,-2.0943951025371774,-3.5334247463311,-0.3132030054216636,-6.525797574743194e-12
0.9583333333333334,1,56,-0.18203621333382697,-4.234261854733051e-12,2.0943999105750564,2.3690496887218986,0.20045533082825406,-3.1275276006276697e-12,1.7617804259298535,1.9492051286797045,0.06818490153781291,-1.2658546655660834e-11,-2.094395102588728,-3.53660978035942,0.10346366124500303,-6.531679937841224e-12
0.9625,1,56,-0.18671387401930603,-4.237713985881633e-12,2.094398948938045,2.3709811399413914,0.18984536797628454,-3.1300774276857456e-12,1.7614534221164986,1.9507942868306511,-0.010161147674701637,-1.2668866981777874e-11,-2.0943951026616716,-3.539493126076339,-0.31108110787299864,-6.537005120019267e-12
0.9666666666666667,1,56,-0.1858697422155155,-4.240804324434915e-12,2.094398179628436,2.3727101698972297,0.1919580407835084,-3.1323600260351768e-12,1.7666434578592853,1.9522168969487947,0.07867897816990403,-1.2678105710061712e-11,-2.094395102636432,-3.5420742894354125,0.10558555879366802,-6.54177220883477e-12
0.9708333333333333,1,56,-0.18711800116777208,-4.243532340879295e-12,2.094397564180749,2.3742364823290325,0.18944414541804042,-3.134375004564487e-12,1.7674009069619248,1.953472715277216,0.04326578041291839,-1.2686261257503824e-11,-2.094395102628144,-3.5443528281675865,-0.30944446649014073,-6.545980387471606e-12
0.975,1,56,-0.184570733490551,-4.2458975677832e-12,2.0943970718225993,2.375559815711022,0.1962773570384407,-3.136122018017479e-12,1.7702612975602714,1.954561526637909,0.16974694362241577,-1.2693332226693137e-11,-2.0943951025828302,-3.5463283518569795,0.10722220017652592,-6.549628934880031e-12
0.9791666666666666,1,56,-0.187713671965795,-4.247899599877174e-12,2.0943966779360794,2.3766799432968346,0.1899508463809892,-3.1376007670523904e-12,1.7686384941223174,1.955483144468652,0.1702671039080576,-1.2699317406055481e-11,-2.094395102593535,-3.548000522007777,-0.3070550750788713,-6.552717225900226e-12
0.9833333333333333,1,56,-0.18562639325016067,-4.249538094123327e-12,2.0942596369194355,2.377596673158376,0.19612592439452584,-3.138810998293187e-12,1.7676348030240563,1.9562374108549745,0.26481743798320917,-1.2704215770061186e-11,-2.094395102552828,-3.549369052102232,0.10961159158779535,-6.5552447313694266e-12
0.9874999999999999,1,56,-0.1854392658320253,-4.250812769774104e-12,2.095075435807925,2.3783098482187044,0.19670666843295112,-3.1397525043729768e-12,1.7625251440386835,1.9568241965572144,0.15659277875913488,-1.2708026479400797e-11,-2.0943951025202625,-3.5504337076497587,-0.3047052949937744,-6.557211018212581e-12
0.9916666666666667,1,56,-0.18473774509101837,-4.251723408420392e-12,2.09493936912434,2.378819346278943,0.19940182698247216,-3.1404251239695383e-12,1.762015138142068,1.9572434010326618,0.2241322958850375,-1.2710748881128884e-11,-2.0943951025869407,-3.551194306227109,0.11196137167289225,-6.55861574951656e-12
0.9958333333333333,1,56,-0.1873574909049951,-4.25226985402895e-12,2.0948305157774723,2.379125080039223,0.19271099585175497,-3.1408287418329673e-12,1.759031113876028,1.9574949524527885,0.09498390133391006,-1.2712382508775929e-11,-2.094395102600303,-3.551650717509633,-0.3019291787584453,-6.559458684587888e-12
1.0,1,56,-0.18552808706078286,-4.2524520129691355e-12,2.094743433099978,2.3792269971136384,0.197051086653537,-3.140963288805421e-12,1.7618879847013678,1.9575788077155531,0.14077178442079377,-1.271292708242824e-11,-2.0943951025952274,-3.5518028632936067,0.11473748790822133,-6.559739678993979e-12
1.0041666666666667,1,56,-0.18871211090084225,-4.252927646510859e-12,2.0946737669579822,2.37927188700798,0.18913336669989786,-3.1417694764062817e-12,1.7630585395856242,1.957610541968836,0.07190385699653998,-1.271268198677075e-11,-2.094395102635225,-3.5518127906603825,-0.29949500099245635,-6.55946192874713e-12
1.0083333333333333,1,56,-0.18703797962610233,-4.25435422116056e-12,2.0946180340443856,2.379406525925713,0.19289211263002906,-3.1441874866881532e-12,1.7689797224500623,1.957705722979613,0.16946874541418158,-1.27119468677746e-11,-2.0943951026091727,-3.5518425659569886,0.1171716656742103,-6.5586288683627275e-12
1.0125,1,56,-0.18781299978021873,-4.2567307592152305e-12,2.0945734477135085,2.3796308215920496,0.19102653576167059,-3.1482156624675695e-12,1.7701928831601197,1.957864285515574,0.1417120533648639,-1.2710722229253634e-11,-2.094395102591527,-3.5518921687769236,-0.2973765623636983,-6.557241068778746e-12
1.0166666666666666,1,56,-0.18552137989387613,-4.2600556319144e-12,2.0945377786488066,2.379944620285943,0.19739723608668144,-3.1538512430340635e-12,1.7727361754121014,1.9580861209058762,0.27526548855944777,-1.2709008910513918e-11,-2.094395102554926,-3.5519615651248926,0.11929010430296835,-6.555299481123701e-12
1.0208333333333333,1,56,-0.18754282611322942,-4.264326560556401e-12,2.094509243397045,2.3803477069454435,0.19257977138237933,-3.1610903660422192e-12,1.7693197368168905,1.958371077115625,0.20231399611398787,-1.2706808085778536e-11,-2.0943951025471916,-3.5520507074401055,-0.29458436209567096,-6.552805436064784e-12
1.025,1,56,-0.18478126375638773,-4.269540618060081e-12,2.094486415195636,2.3808398053150888,0.1994980338368404,-3.169928070158729e-12,1.7666136616561987,1.9587189588500677,0.21714345388315814,-1.2704121263382826e-11,-2.094395102516034,-3.552159534628872,0.1220823045709957,-6.549760642895899e-12
1.0291666666666666,1,56,-0.18656301068689418,-4.275694230970873e-12,2.0944681526345086,2.3814205781352373,0.19472658309245897,-3.1803582984626435e-12,1.7591420210010997,1.9591295276884406,0.041152194338249654,-1.270095028474065e-11,-2.0943951025324634,-3.552287972106473,-0.29196025660850344,-6.546167188366193e-12
1.0333333333333332,1,56,-0.18424923624037573,-4.282783181909869e-12,2.094453542585607,2.382089627373209,0.20032657230045395,-3.1923739025964855e-12,1.7589081820043868,1.9596025022473704,0.046909841187922276,-1.2697297323082374e-11,-2.0943951025665446,-3.5524359318482768,0.12470641005816321,-6.542027535249904e-12
1.0375,1,56,-0.1873291794639232,-4.290802612464197e-12,2.0944418545464853,2.3828464944960754,0.19304176291654848,-3.2059666476653752e-12,1.7580882363674482,1.96013755837372,-0.025253894614270283,-1.2693164881965451e-11,-2.0943951026665406,-3.5526033124500667,-0.28988895267503156,-6.537344520658498e-12
1.0416666666666667,1,56,-0.18553134413525668,-4.2997470265167334e-12,2.094432504115188,2.3836906607849166,0.19699629138841906,-3.2211272178808136e-12,1.7629844198250333,1.9607343293667467,0.06959928709042879,-1.2688555793558603e-11,-2.0943951026552865,-3.55278999919754,0.1267777139916351,-6.532121354096252e-12
1.0458333333333334,1,56,-0.18837823633480788,-4.30961029401287e-12,2.0944250237701505,2.384621547690326,0.18987732522797668,-3.2378452229452636e-12,1.7659206877415585,1.9613924062294217,0.04331969763178005,-1.2683473216700791e-11,-2.0943951027044343,-3.552995864144925,-0.2878466427520462,-6.5263616152606274e-12
1.05,1,56,-0.18648633318898009,-4.3203856551617474e-12,2.0944190394941202,2.3856385172289167,0.1939270065867994,-3.256109205173136e-12,1.7733087493323176,1.9621113379487347,0.1781774902181301,-1.2677920634736317e-11,-2.0943951026661174,-3.5532207662026694,0.12882002391462047,-6.5200692515889155e-12
1.0541666666666667,1,56,-0.18705592917047945,-4.332065725069074e-12,2.094414252073296,2.386740872420566,0.19251790783212697,-3.2759066473433192e-12,1.775818230769837,1.9628906318047972,0.18281508928886173,-1.2671901853127501e-11,-2.094395102635626,-3.5534645512341374,-0.2856692700684198,-6.513248575552866e-12
1.0583333333333333,1,56,-0.1833158100467849,-4.344642498798369e-12,2.0942477024994917,2.3879278577660896,0.20168298663073161,-3.2972239812778536e-12,1.7774416842995786,1.963729753708526,0.2577121587531721,-1.2665420996846611e-11,-2.0943951025865006,-3.5537270521612454,0.13099739659824686,-6.505904261703135e-12
1.0625,1,56,-0.1849766977267798,-4.358107356857142e-12,2.095579397051805,2.389198659765023,0.196995817233822,-3.3200465971408848e-12,1.77442212019027,1.9646281285676843,0.1347792383834863,-1.2658482507548817e-11,-2.0943951025472005,-3.5540080890789705,-0.2833458940918263,-6.4980413434655765e-12
1.0666666666666667,1,56,-0.18525467764769968,-4.3724510711042635e-12,2.095342538119444,2.390552407473154,0.19664542297448498,-3.344358853451515e-12,1.7728582271784412,1.9655851406810179,0.1869196127529846,-1.26510911405281e-11,-2.094395102593611,-3.554307469378647,0.13332077257484035,-6.489665209691591e-12
1.0708333333333333,1,56,-0.18981790073581156,-4.387663811074473e-12,2.0951530509735554,2.391988173099424,0.18572152714291937,-3.3701440878036948e-12,1.7679849724554595,1.9666001341602282,0.12172450726459097,-1.2643251961458205e-11,-2.094395102598301,-3.5546249878799725,-0.28085937153263446,-6.4807816009648685e-12
1.075,1,56,-0.1890829018820176,-4.403735150715689e-12,2.095001461256844,2.393504972641792,0.18769801825895396,-3.397384628285799e-12,1.7662355835435826,1.9676724133794845,0.22147972367134255,-1.2634970342920895e-11,-2.0943951025607688,-3.554960426971626,0.1358072951340322,-6.471396605667085e-12
1.0791666666666666,1,56,-0.18881324940546526,-4.420654075534503e-12,2.0948801894834754,2.3951017665616163,0.18726320243806446,-3.4260618055920765e-12,1.7627957235750273,1.968801243452172,0.11838179080701547,-1.2626251960723838e-11,-2.094395102571452,-3.55531355676041,-0.27823788739235084,-6.461516655805226e-12
1.0833333333333333,1,56,-0.18554026290488435,-4.438408990144962e-12,2.0947831720647803,2.396777460496107,0.19472224093179577,-3.4561559658176593e-12,1.764916210712633,1.9699858507345445,0.1881875427803706,-1.2617102790010698e-11,-2.094395102585474,-3.5556841352288067,0.13842877927431582,-6.451148522603412e-12
1.0875,1,56,-0.18545268224612094,-4.45698772621547e-12,2.0947055581298244,2.3985309060083435,0.19448216887184916,-3.4876464839283654e-12,1.7661062629825865,1.9712254233559436,0.13897484881490182,-1.260752910116607e-11,-2.0943951026082743,-3.556071908400844,-0.27562513227226637,-6.440299311862242e-12
1.0916666666666666,1,56,-0.18238526420957785,-4.476377550808355e-12,2.0946434669818594,2.4003609013743583,0.20202824155481602,-3.5205117778960677e-12,1.7716916544830088,1.9725191117752126,0.255458241130953,-1.2597537455518074e-11,-2.09439510260021,-3.55647661051616,0.1410415343944003,-6.428976459088824e-12
1.0958333333333332,1,56,-0.18416404649799914,-4.496565175106382e-12,2.0945937940634876,2.402266192406738,0.197352087385119,-3.5547293234899395e-12,1.7711188036064824,1.9738660293629298,0.1680146850310678,-1.2587134700841542e-11,-2.094395102588219,-3.5568979642121397,-0.2728628927053975,-6.4171877244008635e-12
1.1,1,56,-0.1849641762255192,-4.5175367635202525e-12,2.09455405572879,2.4042454733141807,0.19599956269044852,-3.590275669713437e-12,1.772276940881031,1.9752652530090609,0.2512682418192806,-1.25763279666649e-11,-2.094395102572062,-3.5573356807140075,0.14380377396126917,-6.404941187208252e-12
1.1041666666666667,1,56,-0.18606420009469643,-4.5392779431708215e-12,2.0945222650610322,2.4062973875964193,0.19280894234991328,-3.6271264548764338e-12,1.7684666633957045,1.9767158237556115,0.13146772924453107,-1.2565124659383944e-11,-2.094395102552898,-3.5577894600327373,-0.2703347798592117,-6.3922452406758566e-12
1.1083333333333334,1,56,-0.18377745848946453,-4.561773813739552e-12,2.0944968325268256,2.4084205289739002,0.19870502453907782,-3.6652564232915195e-12,1.7675902016584897,1.9782167474538495,0.18482570292832057,-1.2553532457185868e-11,-2.094395102538797,-3.558258991170651,0.14633188680745493,-6.379108585971251e-12
1.1125,1,56,-0.1870277993255492,-4.585008957680452e-12,2.0944764864994605,2.410613442351577,0.19123629794903318,-3.704639442582977e-12,1.7633179987769625,1.9797669954456452,0.12178045287231905,-1.2541559304787013e-11,-2.0943951025676,-3.5587439523345594,-0.2677346532483193,-6.365540226301381e-12
1.1166666666666667,1,56,-0.18546529337708373,-4.608967450786483e-12,2.0944602096775684,2.412874624816158,0.19541077715213828,-3.745248521596609e-12,1.7650031720004826,1.9813655052684611,0.22539019828472268,-1.2529213407987963e-11,-2.0943951025738907,-3.559244011156306,0.14893201341834736,-6.351549460742208e-12
1.1208333333333333,1,56,-0.185135769053639,-4.633632873103226e-12,2.094447188220055,2.4152025266661314,0.19559561171737422,-3.78705582889813e-12,1.7644286559089044,1.9830111813835125,0.12597621271334417,-1.2516503228049693e-11,-2.0943951025829057,-3.5597588249205527,-0.2650383057232837,-6.337145877865594e-12
1.125,1,56,-0.18188739663073866,-4.6589883201822884e-12,2.0944367710540437,2.417595552473851,0.20355237126236655,-3.830032711847434e-12,1.7689121299987256,1.9847028959265933,0.19874321644610152,-1.2503437475894643e-11,-2.0943951025897096,-3.560288040799661,0.15162836094338297,-6.322339349167765e-12
1.1291666666666667,1,56,-0.18351971459147678,-4.6850164146667775e-12,2.094428437321235,2.4200520621789616,0.19928930225720742,-3.874149716235693e-12,1.7673186859161212,1.9864394894810589,0.07329454003356867,-1.2490025106136692e-11,-2.0943951025907555,-3.560831296095502,-0.2625104669666603,-6.30714002230389e-12
1.1333333333333333,1,56,-0.1839616950739148,-4.711699318200863e-12,2.094421770334988,2.422570372212417,0.1985871771563505,-3.919376606471793e-12,1.7684307315656707,1.9882197718724315,0.12349645521214961,-1.2476275310944109e-11,-2.0943951025889977,-3.5613882184880326,0.15415619970000635,-6.291558314133378e-12
1.1375,1,56,-0.18867113340643335,-4.739018743655306e-12,2.0944164367459903,2.4251487566503127,0.18754070451689855,-3.965682386304299e-12,1.765735271620117,1.9900425229840872,0.0564527057846295,-1.2462197513739703e-11,-2.0943951026122605,-3.5619584262904636,-0.2603194353599413,-6.275604903580685e-12
1.1416666666666666,1,56,-0.18767872379558206,-4.7669559676605345e-12,2.094412169874792,2.4277854483967483,0.18981783630401322,-4.0130353200647385e-12,1.7691400441709035,1.991906493593463,0.15561052796707808,-1.2447801362742474e-11,-2.0943951026102967,-3.5625415287108493,0.15634723130672537,-6.259290724316512e-12
1.1458333333333333,1,56,-0.18885021713312278,-4.795491843438711e-12,2.0944087563778337,2.430478640394906,0.18713890377853923,-4.061402954417646e-12,1.7687728256910407,1.99381040622821,0.12945307379649293,-1.2433096724355212e-11,-2.0943951026080168,-3.5631371261199183,-0.2581422920360854,-6.242626957264417e-12
1.15,1,56,-0.18646514999696484,-4.824606813925977e-12,2.094406025580267,2.433226486865519,0.19358229915277853,-4.110752140602451e-12,1.7704667772261216,1.9957529560417113,0.2643472073313024,-1.2418093676402557e-11,-2.0943951025803416,-3.5637448103249563,0.15852437463058125,-6.225625022937963e-12
1.1541666666666666,1,56,-0.18587162513768213,-4.854280925175883e-12,2.0944038409422134,2.436027104571873,0.19498180003380616,-4.16104905715199e-12,1.7671629982112382,1.9977328117073572,0.19091530036105508,-1.2402802501224154e-11,-2.094395102568084,-3.5643641648495645,-0.25543464432923324,-6.208296573613671e-12
1.1583333333333332,1,56,-0.18298925300464494,-4.884493840034836e-12,2.094402093231771,2.438878574110488,0.20306580229004245,-4.212259233072047e-12,1.7663479313722783,1.9997486163309703,0.2856718263912448,-1.238723367862766e-11,-2.0943951025572343,-3.564994765219088,0.16123202233743342,-6.190653485345134e-12
1.1625,1,56,-0.18495885248368024,-4.915224852080161e-12,2.094400695063417,2.4417789412265747,0.19863899610709895,-4.264347571466056e-12,1.7604479908316841,2.0017989883807537,0.17969794859530297,-1.2371397878706404e-11,-2.09439510256018,-3.565636179251534,-0.25241013890217,-6.172707849823758e-12
1.1666666666666667,1,56,-0.1857084495180103,-4.9464528998112476e-12,2.0943995765287333,2.444726218153389,0.1978599550280012,-4.3172783735887445e-12,1.7605240344936275,2.003882522634122,0.24904153439747984,-1.2355305954526634e-11,-2.0943951025895933,-3.5662879673537637,0.16425652776449665,-6.154471966091727e-12
1.1708333333333334,1,56,-0.18932522823757802,-4.978156581084057e-12,2.0943986817009868,2.4477183849745443,0.18870901593833886,-4.371015363312294e-12,1.7586049255721607,2.0059977911407736,0.12120202223011031,-1.2338968934689374e-11,-2.0943951026070122,-3.5669496828227687,-0.2494251007650841,-6.135958332112845e-12
1.175,1,56,-0.18810098824884258,-5.010314167779081e-12,2.0943979658387892,2.4507533910083645,0.19169385281044726,-4.425521711988171e-12,1.7626202757394247,2.0081433442013337,0.16774776020614524,-1.232239801577197e-11,-2.0943951026098415,-3.5676208721518208,0.16724156590158257,-6.117179636207068e-12
1.1791666666666667,1,56,-0.18913448051896048,-5.0429036206927045e-12,2.0943973931490314,2.4538291562133154,0.18903951427157287,-4.480760063687645e-12,1.7657976132128246,2.0103177113609076,0.09730461646276531,-1.2305604554654508e-11,-2.0943951026369567,-3.56830107534128,-0.24690827581275743,-6.09814874835455e-12
1.1833333333333333,1,56,-0.18642596208115364,-5.0759026046417815e-12,2.094396934997225,2.456943572613563,0.19571702360964965,-4.536692560803678e-12,1.7736841937301413,2.0125194024168556,0.1944133666295155,-1.2288600060736389e-11,-2.094395102632454,-3.5689898262138566,0.16975839085390923,-6.078878711375213e-12
1.1875,1,56,-0.18701513785152,-5.109288503771047e-12,2.09439656847578,2.460094505743676,0.19492314108344078,-4.593280869996639e-12,1.7769870391929299,2.014746908440106,0.16689730534747405,-1.227139618804835e-11,-2.0943951026192544,-3.569686652734108,-0.24449154958440125,-6.059382731989842e-12
1.1916666666666667,1,56,-0.18496104921219272,-5.143038437052903e-12,2.094396275258624,2.4632797961114794,0.2015047453982422,-4.6504862084660556e-12,1.7816878308228927,2.0169987028092957,0.3009909107458869,-1.225400472726538e-11,-2.0943951025894028,-3.570391077331943,0.1721751170822654,-6.0396741717688615e-12
1.1958333333333333,1,56,-0.18737984486346285,-5.177129273968924e-12,2.094396040684899,2.466497260678064,0.1964477619716754,-4.7082693705304105e-12,1.780631045197511,2.019273242257044,0.22850688798369634,-1.2236437597625975e-11,-2.0943951025759193,-3.57110261722993,-0.24144900921678464,-6.019766537974984e-12
1.2,1,56,-0.1877786663841627,-5.211537650362364e-12,2.0943958530259192,2.469744694353931,0.1965506328256509,-4.766590754496758e-12,1.7800478092706533,2.02156896792763,0.24599092314635645,-1.2218706838763293e-11,-2.094395102558606,-3.5718207847741645,0.17521765744988202,-5.999673474306001e-12
1.2041666666666666,1,56,-0.1914531548272964,-5.246239984450777e-12,2.0943957028987352,2.4730198715102527,0.18752995420840243,-4.825410389801747e-12,1.7748354615113096,2.023884306445352,0.07105349812305162,-1.220082460245379e-11,-2.09439510255964,-3.5725450877684852,-0.23865519797188256,-5.979408751544082e-12
1.2083333333333333,1,56,-0.1904226106524213,-5.281212492987802e-12,2.094395582796988,2.4763205475042045,0.19063520674439463,-4.884687964405444e-12,1.7739515967006172,2.0262176709928443,0.07564666549438072,-1.2182803144288988e-11,-2.094395102553216,-3.5732750298117995,0.1780114686947841,-5.958986258117962e-12
1.2125,1,56,-0.19236155158641463,-5.316431207563002e-12,2.0943954867155905,2.479644460217333,0.18701727358850986,-4.944382852419199e-12,1.7710322484029728,2.0285674623986,0.0066890923276382575,-1.2164654815276128e-11,-2.094395102598447,-3.5740101106382927,-0.23670400097511288,-5.9384199905845085e-12
1.2166666666666666,1,56,-0.1903856400000075,-5.3518719910286215e-12,2.0943954098504722,2.4829893316058977,0.19285809398797782,-5.004454141948592e-12,1.771588769859373,2.0309320702329643,0.10413487572475877,-1.2146392053373383e-11,-2.094395102592797,-3.5747498264602835,0.17996266569155378,-5.917724044036182e-12
1.2208333333333332,1,56,-0.19127061086602032,-5.38751055404198e-12,2.0943953483583777,2.486352869262128,0.19209640715450252,-5.064860663132407e-12,1.7690450400198556,2.033309873911843,0.07744337990841853,-1.2128027374965516e-11,-2.094395102619516,-3.5754936703134983,-0.23462890486130622,-5.896912602440961e-12
1.225,1,56,-0.1889202470210081,-5.423322471712176e-12,2.0943952991647024,2.4897327679853287,0.19938216728763133,-5.125561016358402e-12,1.7695263885738477,2.0356992438073673,0.21255773404340206,-1.2109573366285771e-11,-2.094395102608596,-3.576241132404515,0.18203776180536044,-5.8759999289213575e-12
1.2291666666666667,1,56,-0.19091361545576974,-5.45928320033968e-12,2.0943952598097617,2.4931267113617426,0.19565645478681898,-5.186513600636519e-12,1.7651942565965881,2.0380985423647635,0.14171597234647984,-1.2091042674789901e-11,-2.0943951026152487,-3.5769917004601535,-0.23190480752969192,-5.855000355979194e-12
1.2333333333333334,1,56,-0.18918621282132617,-5.49536809423737e-12,2.0943952283258094,2.496532373352112,0.2012701194252658,-5.247676642110147e-12,1.7670236095190106,2.0405061252246477,0.23947068502382687,-1.2072448000488227e-11,-2.0943951026263354,-3.57774486007856,0.18476185913697474,-5.833928275672812e-12
1.2375,1,56,-0.19161844872615663,-5.53155242262145e-12,2.0943952031386477,2.499947419885825,0.1960672938181464,-5.309008222685821e-12,1.7637817867851762,2.0429203423499893,0.13561060356268548,-1.2053802087241691e-11,-2.094395102623346,-3.578500095081753,-0.22907837057864477,-5.81279812975348e-12
1.2416666666666667,1,56,-0.19015825111193918,-5.567811386560693e-12,2.0943951829889182,2.503369510460572,0.20079425863417327,-5.370466308761797e-12,1.766659572048057,2.045339539156963,0.20413524888758108,-1.203511771402785e-11,-2.0943951026319296,-3.579256887869387,0.18758829608802188,-5.791624399767735e-12
1.2458333333333333,1,56,-0.1928858135982197,-5.604120135972391e-12,2.0943951668691345,2.5067962997464117,0.19471791332445598,-5.4320087800357775e-12,1.7642040122185008,2.047762057648919,0.07463907600737739,-1.2016407686182796e-11,-2.0943951026331753,-3.580014719773487,-0.22643584682815973,-5.770421597132459e-12
1.25,1,56,-0.1911280480320785,-5.640453786653358e-12,2.0943951539733074,2.510225439193139,0.1996496399811186,-5.4935934583720664e-12,1.768337975724174,2.050186237552691,0.12024654810691283,-1.1997684826625028e-11,-2.0943951026491208,-3.5807730714139203,0.19023081983850693,-5.749204253189475e-12
1.2541666666666667,1,56,-0.19470816419172202,-5.676787437334327e-12,2.094395143656646,2.513654578639866,0.1919222400656228,-5.555178136708355e-12,1.7683228529454154,2.0526104174564623,0.049815148251558486,-1.197896196706726e-11,-2.0943951026735137,-3.5815314230543542,-0.224136489260105,-5.72798690924649e-12
1.2583333333333333,1,56,-0.1936094361634029,-5.713096186746024e-12,2.094395135403317,2.5170813679257056,0.19559513027391653,-5.616720607982335e-12,1.7713118352166237,2.0550329359484185,0.14496018741351674,-1.1960251939222207e-11,-2.0943951026391865,-3.582289254958454,0.19253017740656167,-5.706784106611215e-12
1.2625,1,56,-0.19496619806131052,-5.749355150685267e-12,2.0943951288006537,2.520503458500453,0.19362247251070258,-5.678178694058311e-12,1.770833218249818,2.0574521327553925,0.1155904196209428,-1.1941567566008365e-11,-2.0943951026429946,-3.583046047746088,-0.22187445643026696,-5.68561037662547e-12
1.2666666666666666,1,56,-0.19302122891281073,-5.785539479069347e-12,2.094395123518523,2.5239185050341657,0.20010930146099998,-5.739510274633986e-12,1.772815093229787,2.0598663498807337,0.24794505052927687,-1.192292165276183e-11,-2.0943951026207066,-3.583801282749281,0.1947922102363997,-5.664480230706137e-12
1.2708333333333333,1,56,-0.19549780595448712,-5.821624372967038e-12,2.0943951192928183,2.527324167024535,0.19526470631437204,-5.800673316107613e-12,1.7698039574607174,2.062273932740618,0.17449582088952117,-1.1904326978460155e-11,-2.094395102617816,-3.5845544423676876,-0.21896838679879488,-5.643408150399755e-12
1.275,1,56,-0.19422387399515462,-5.857585101594541e-12,2.0943951159122545,2.530718110400949,0.20014220820458525,-5.861625900385731e-12,1.7698774711627783,2.064673231298014,0.26816890871556426,-1.1885796286964285e-11,-2.0943951025993104,-3.585305010423326,0.19769827986787178,-5.622408577457592e-12
1.2791666666666666,1,56,-0.19876514625452643,-5.893397019264734e-12,2.0943951132078036,2.534098009124149,0.18998458839324203,-5.922326253611722e-12,1.7648553565306029,2.0670626011935385,0.12333001268487297,-1.1867342278284542e-11,-2.094395102606208,-3.586052472514343,-0.21586523478332917,-5.60149590393799e-12
1.2833333333333332,1,56,-0.19636934664203692,-5.929035582278093e-12,2.0943951110442427,2.53746154678038,0.19485261771974152,-5.982732774795538e-12,1.7670535418265434,2.069440404872417,0.15425390679192877,-1.1848977599876675e-11,-2.0943951026146315,-3.586796316367557,0.2008014318833375,-5.580684462342768e-12
1.2875,1,56,-0.19654936028919223,-5.9644763657437144e-12,2.0943951093133943,2.5408064181689447,0.19161078265743486,-6.042804064324934e-12,1.7657571218336001,2.0718050127067817,0.030323412926581937,-1.1830714837973928e-11,-2.094395102635078,-3.5875360321895484,-0.2134494032744002,-5.559988515794441e-12
1.2916666666666667,1,56,-0.1911051140783029,-5.999695080318915e-12,2.0943951079287153,2.5441303308820733,0.20025506818548222,-6.1024989523386885e-12,1.7711101942499898,2.0741548041125375,0.07999703851254569,-1.1812566508961068e-11,-2.094395102657724,-3.5882711130160416,0.20321726339226645,-5.539422248260987e-12
1.2958333333333334,1,56,-0.19355146084948166,-6.03466758885594e-12,2.094395106820972,2.547431006876025,0.19064146026407683,-6.161776526942386e-12,1.7714869077422075,2.07648816866003,-0.023647853590434278,-1.1794545050796267e-11,-2.094395102713456,-3.589001055059356,-0.21115483809044058,-5.5189997548348675e-12
1.3,1,56,-0.19109119905963798,-6.069369922944353e-12,2.094395105934778,2.5507061840323466,0.19296126721485354,-6.220596162247374e-12,1.7753859487400678,2.078803507177752,0.042176648386366214,-1.1776662814486763e-11,-2.094395102676567,-3.5897253580536765,0.20551182857622607,-5.498735032072948e-12
1.3041666666666667,1,56,-0.19259947328640148,-6.103778299337792e-12,2.0943951052258223,2.553953617708214,0.18640124800155367,-6.278917546213723e-12,1.7749865782416843,2.0810992328483375,-0.050563478397447854,-1.175893205562408e-11,-2.094395102713705,-3.590443525597911,-0.20931677005728394,-5.478641968403965e-12
1.3083333333333333,1,56,-0.1895901898000472,-6.1378691362538135e-12,2.0943951046586577,2.5571710822747984,0.19062423305256554,-6.336700708278077e-12,1.7780906090228248,2.083373772296086,0.025228247028662602,-1.1741364925984676e-11,-2.094395102685904,-3.591155065495898,0.20734989660938272,-5.458734334610088e-12
1.3125,1,56,-0.1910381963898451,-6.171619069535669e-12,2.094395104204926,2.5603563726426017,0.18485715377770795,-6.393906046747493e-12,1.7768266949174838,2.085625566665276,-0.058348733253565745,-1.1723973465201706e-11,-2.0943951027299135,-3.591859490093733,-0.20754344306190803,-5.439025774389108e-12
1.3166666666666667,1,56,-0.18788957911419388,-6.2050049686649355e-12,2.094395103841941,2.5635073057727147,0.1899498072637772,-6.4504943559404545e-12,1.7793436163732321,2.087853072688526,0.02557043004773693,-1.1706769592513667e-11,-2.094395102704411,-3.5925563166139844,0.20912322360475863,-5.419529795003736e-12
1.3208333333333333,1,56,-0.1891985900001981,-6.2380039526140124e-12,2.0943951035515527,2.5666217221729624,0.1850800405469506,-6.506426853056488e-12,1.777517106654827,2.090054763744474,-0.05089896281175435,-1.1689765098595548e-11,-2.094395102743859,-3.5932450674865613,-0.20576639212160627,-5.400259758024399e-12
1.325,1,56,-0.18617435004933075,-6.270593405527636e-12,2.094395103319242,2.5696974873779133,0.1904396191241486,-6.561665204755962e-12,1.779397056131707,2.0922291309040477,0.03950146326703074,-1.1672971637478088e-11,-2.0943951027183845,-3.5939252706760203,0.21090027454506038,-5.381228870171882e-12
1.3291666666666666,1,56,-0.187604357575595,-6.302750992222659e-12,2.094395103133394,2.5727324934117335,0.18580712195446478,-6.616171553431839e-12,1.7772647349091273,2.0943746839646082,-0.031158281876922555,-1.1656400718560682e-11,-2.094395102753366,-3.5945964600050724,-0.20388103658061119,-5.362450174266104e-12
1.3333333333333333,1,56,-0.1847507975505938,-6.334454673495469e-12,2.094395102984715,2.575724660232889,0.1913597414453372,-6.6699085431553876e-12,1.7787559435209521,2.0964899524712597,0.06437408028916516,-1.1640063698723422e-11,-2.094395102724685,-3.5952581754740773,0.21278563008605547,-5.343936540287223e-12
1.3375,1,56,-0.18639120697034023,-6.365682721226555e-12,2.094395102865772,2.578671937159703,0.18678531807519055,-6.722839345278076e-12,1.7763043029793746,2.098573486724628,-0.001775855832796544,-1.1623971774543652e-11,-2.094395102750482,-3.595909963576307,-0.20185141320173192,-5.325700656555191e-12
1.3416666666666666,1,56,-0.18383624790214295,-6.396413733271879e-12,2.0943951027706174,2.58157230427579,0.19231294247904374,-6.774927683672082e-12,1.777363085857412,2.1006238587744113,0.09777671104821381,-1.1608135974622395e-11,-2.0943951027203993,-3.5965513776087525,0.21481525346493474,-5.3077550210338155e-12
1.3458333333333332,1,56,-0.1858259230769366,-6.426626648130832e-12,2.094395102694494,2.5844237738144042,0.1875258701301819,-6.8261378595921405e-12,1.7745677150570431,2.1026396633980244,0.03517232901838676,-1.1592567152025902e-11,-2.094395102737667,-3.5971819779782765,-0.19963522596191763,-5.290111932765279e-12
1.35,1,56,-0.18371676186071403,-6.45630075938074e-12,2.094395102633595,2.587224391520759,0.19275007781860057,-6.876434776141681e-12,1.7754251492685247,2.1046195190636703,0.13805353874107912,-1.1577275976847499e-11,-2.0943951027111254,-3.597801332502885,0.21703144070474903,-5.2727834834409864e-12
1.3541666666666667,1,56,-0.1860165531491957,-6.4854157298680056e-12,2.094395102584876,2.589972237991372,0.18769434307490304,-6.925783962326487e-12,1.7725615957331802,2.106562068877172,0.07828015940075982,-1.1562272928894844e-11,-2.094395102719808,-3.598409016707923,-0.19721178847272616,-5.255781549114532e-12
1.3583333333333334,1,56,-0.18436952822694871,-6.513951605646182e-12,2.094395102545901,2.5926654299895295,0.192489289750169,-6.9741515966793935e-12,1.7731830667125719,2.1084659815119187,0.18375156711602875,-1.1547568290507582e-11,-2.094395102693881,-3.599004614116992,0.2194548781939405,-5.239117782062437e-12
1.3625,1,56,-0.1871633077069825,-6.541888829651411e-12,2.0943951025147207,2.595302121735965,0.18678948064929385,-7.021504530439834e-12,1.7704964980659041,2.1103299521212944,0.12643232499529133,-1.1533172139510353e-11,-2.0943951026984498,-3.5995877165373775,-0.19453918624114633,-5.222803602798265e-12
1.3666666666666667,1,56,-0.18769417749235479,-6.569208255105853e-12,2.0943951024897767,2.597880506173861,0.18697161849851204,-7.06781031027234e-12,1.7704373223854866,2.11215270323295,0.19655278913790136,-1.1519094342305947e-11,-2.094395102685355,-3.6001579243398085,0.22212748042552033,-5.206850192245571e-12
1.3708333333333333,1,56,-0.19052575273078062,-6.59589115863994e-12,2.0943951024698215,2.600398816207316,0.18067629009157407,-7.1130372005084396e-12,1.7657229941802532,2.1139329856243227,0.028342525311483718,-1.1505344547113364e-11,-2.0943951026793237,-3.600714846732339,-0.19197056691229394,-5.191268484075058e-12
1.375,1,56,-0.19051803091846745,-6.621919253124428e-12,2.0943951024538574,2.6028553259124267,0.1815560610585451,-7.157154204896699e-12,1.7676523934348753,2.115669579178788,0.0028006184799820918,-1.1491932177355413e-11,-2.0943951027357732,-3.60125810202818,0.2246960997543727,-5.176069157211184e-12
1.3791666666666667,1,56,-0.19598481838830295,-6.647274700203491e-12,2.094395102441086,2.6052483517201463,0.17020842009494627,-7.200131087846003e-12,1.767818661325152,2.117361293721869,-0.04402715242634736,-1.1478866425200363e-11,-2.094395102819571,-3.6017873179072883,-0.19020774497808257,-5.161262628513355e-12
1.3833333333333333,1,56,-0.19737304397572444,-6.671940122520234e-12,2.0943951024308687,2.60757625357012,0.16823875004170671,-7.2419383951475235e-12,1.7704815424556504,2.1190069698369203,0.03319550726595325,-1.1466156245262093e-11,-2.0943951027905237,-3.602302131671535,0.22645892168858409,-5.146859045636741e-12
1.3875,1,56,-0.19967245130629166,-6.695898615626265e-12,2.0943951024226948,2.609837436034701,0.16215153380169037,-7.282547474161156e-12,1.7692987341180237,2.1206054796597367,-0.05168613136075591,-1.1453810348463043e-11,-2.094395102803674,-3.6028021904932817,-0.1886008487268784,-5.132868280077569e-12
1.3916666666666666,1,56,-0.19716637589882513,-6.719133759567164e-12,2.094395102416156,2.6120303494123776,0.1655982049488431,-7.321930493452613e-12,1.7711163949826052,2.122155727651532,-0.007808472374530436,-1.1441837196064188e-11,-2.0943951027900787,-3.6032871516571903,0.22806581793978825,-5.119299920407698e-12
1.3958333333333333,1,56,-0.1969036441414106,-6.741629630135895e-12,2.0943951024109246,2.6141534907898585,0.1623259176889724,-7.360060461867698e-12,1.7691292125179063,2.12365665134977,-0.12076406334928182,-1.1430244993866112e-11,-2.0943951028315313,-3.6037566827951037,-0.18715531704497698,-5.1061632657030925e-12
1.4,1,56,-0.19242011804549486,-6.7633708097864644e-12,2.0943951024067395,2.616205405072097,0.1672177686781923,-7.396911247030697e-12,1.7703371884706873,2.1251072220963207,-0.10095034600819565,-1.1419041686585157e-11,-2.0943951028357284,-3.6042104621138336,0.22951134962168968,-5.093467319170697e-12
1.4041666666666666,1,56,-0.19238803472191818,-6.7843423982003336e-12,2.0943951024033916,2.6181846859795392,0.16249194183721882,-7.432457593254191e-12,1.7672884532427504,2.126506445742452,-0.2336629021419093,-1.1408234952408514e-11,-2.0943951029301155,-3.6046481786157014,-0.18616624789445027,-5.0812207819780864e-12
1.4083333333333332,1,56,-0.1905954145584239,-6.8045300224983606e-12,2.0943951024007132,2.6200899770119195,0.16168753787865248,-7.466675138848064e-12,1.7688050332140688,2.127853363330169,-0.15162370780315984,-1.1397832197731982e-11,-2.0943951029991195,-3.6050695323116813,0.23040156118125119,-5.069432047290125e-12
1.4125,1,56,-0.19184169398259204,-6.823919847091247e-12,2.0943951023985705,2.6219199723779343,0.15446870363776544,-7.499540432815767e-12,1.7661123339239264,2.1291470517494377,-0.23081770297724102,-1.1387840552083986e-11,-2.094395103078024,-3.605474234426997,-0.18565088350687786,-5.0581091945167075e-12
1.4166666666666667,1,56,-0.19051994725961666,-6.842498583161755e-12,2.0943951023968563,2.6236734178901706,0.152466782691839,-7.531030950926472e-12,1.770504760014559,2.130386624370837,-0.10150830866120418,-1.1378266863239358e-11,-2.094395103190853,-3.6058620075990344,0.2310157831597888,-5.047259983775537e-12
1.4208333333333334,1,56,-0.1921028184195515,-6.860253497772214e-12,2.094395102395485,2.6253491118246615,0.1445064528072067,-7.561125111152056e-12,1.7703474072928875,2.1315712316532096,-0.13979208599760068,-1.1369117692526218e-11,-2.094395103183244,-3.606232586067431,-0.1848396312074106,-5.0368918505737235e-12
1.425,1,56,-0.19015190283277061,-6.877172422591028e-12,2.094395102394388,2.6269459057444857,0.14456013241768328,-7.589802288458335e-12,1.7726209061549616,2.132700061725897,-0.05468515778542049,-1.136039931032916e-11,-2.0943951031110175,-3.606585715856215,0.23182703545925606,-5.027011900711865e-12
1.4291666666666667,1,56,-0.191500293652812,-6.8932437622322435e-12,2.0943951023935106,2.6284627052868537,0.13737187028601955,-7.617042828940438e-12,1.7708713541349737,2.1337723409451534,-0.13106839049181437,-1.135211769179185e-11,-2.094395103108058,-3.6069211549478686,-0.18373203520703785,-5.017626905414081e-12
1.4333333333333333,1,56,-0.18965350561531003,-6.9084565022024534e-12,2.0943951023928085,2.629898470913124,0.13747197378880166,-7.642828063292618e-12,1.7719219027040742,2.134787334424364,-0.07893837526479107,-1.1344278512721956e-11,-2.0943951030625554,-3.607238673449194,0.2329346314596288,-5.008743296687358e-12
1.4375,1,56,-0.19108863442999904,-6.922800216449575e-12,2.0943951023922467,2.631252218621255,0.13033673129575427,-7.667140319603248e-12,1.768885372847246,2.1357443465376975,-0.1842634311514518,-1.1336887145701239e-11,-2.0943951030787553,-3.6075380537488706,-0.18279626870645585,-5.000367162913373e-12
1.4416666666666667,1,56,-0.18921059003919274,-6.936265074508348e-12,2.0943951023917973,2.632523020620188,0.13063096333939772,-7.68996293546628e-12,1.769155597196671,2.1366427213968553,-0.1574612525181612,-1.1329948656403445e-11,-2.0943951030618266,-3.6078190906665957,0.2338703979602108,-4.992504244675815e-12
1.4458333333333333,1,56,-0.19042077793014756,-6.948841848237643e-12,2.094395102391438,2.6337100059657117,0.12425374945036693,-7.711280269400813e-12,1.7654822624171,2.1374818433005847,-0.2850405382324878,-1.1323467800122555e-11,-2.094395103122508,-3.6080815915937037,-0.18232663642355484,-4.985159930826083e-12
1.45,1,56,-0.1890116962325631,-6.9605219181449695e-12,2.0943951023911502,2.634812361157361,0.12308689599494291,-7.731077711570997e-12,1.769087234741261,2.138261137156647,-0.19828049584825877,-1.1317449018513739e-11,-2.0943951032541803,-3.6083253766251717,0.23406665011233,-4.978339254790034e-12
1.4541666666666666,1,56,-0.19136755956779036,-6.971297279293847e-12,2.09439510239092,2.6358293306959517,0.11395559762842901,-7.74934169379887e-12,1.7692170824056401,2.13898006887596,-0.1949789168795221,-1.1311896436549265e-11,-2.0943951032955925,-3.608550278682916,-0.18238946043849963,-4.972046891118322e-12
1.4583333333333333,1,56,-0.18849489133439837,-6.981160546789984e-12,2.0943951023907363,2.636760217601361,0.11648784117985374,-7.76605969886332e-12,1.7706529401102153,2.139638145738635,-0.15259253427979413,-1.1306813859691453e-11,-2.094395103187417,-3.608756143630301,0.23411288969464691,-4.966287152282697e-12
1.4625,1,56,-0.18946357654428703,-6.990104960842519e-12,2.094395102390589,2.6376043838902024,0.11076353896339004,-7.781220269078757e-12,1.7678116090346454,2.1402349167316617,-0.26589137178638667,-1.1302204771284605e-11,-2.0943951032103163,-3.6089428303777744,-0.1821143389657094,-4.961063985720452e-12
1.4666666666666666,1,56,-0.1879751349411892,-6.998124391396848e-12,2.094395102390471,2.6383612510130687,0.11008844279821144,-7.794813014147647e-12,1.7693046574050004,2.140769972858011,-0.16748706332415542,-1.1298072330167682e-11,-2.0943951032103314,-3.6091102109795643,0.2341487242013359,-4.956380971129046e-12
1.4708333333333332,1,56,-0.1894780732365888,-7.005213342335844e-12,2.094395102390377,2.63903030025104,0.10316269893738969,-7.80682861828149e-12,1.766608231929682,2.141242947416941,-0.23235936749405506,-1.1294419368509406e-11,-2.0943951032263497,-3.6092581707213682,-0.18221134921334176,-4.952241318012756e-12
1.475,1,56,-0.18849486282538672,-7.011366955246636e-12,2.0943951023903016,2.639611073071189,0.10136585133507119,-7.817258846585404e-12,1.76796480658071,2.141653516255314,-0.09155387792138248,-1.129124838986723e-11,-2.094395103208312,-3.609386608198969,0.23422115583824352,-4.94864786348305e-12
1.4791666666666667,1,56,-0.19040958979821104,-7.016581012750316e-12,2.094395102390241,2.6401031714408343,0.09358498793934364,-7.826096550701914e-12,1.7653868804538342,2.1420013979897568,-0.11953755753387628,-1.128856156747152e-11,-2.094395103191844,-3.6094954353877355,-0.1817389586445566,-4.945603070314165e-12
1.4833333333333334,1,56,-0.18856799613409048,-7.0208519413923176e-12,2.0943951023901928,2.6405062581003347,0.09409467000269099,-7.83333567371007e-12,1.7683328810073853,2.142286354199505,-0.023984188384336323,-1.1286360742736138e-11,-2.094395103199834,-3.6095845777029485,0.23492770802211005,-4.943109025255248e-12
1.4875,1,56,-0.19011524086071566,-7.0241768140914865e-12,2.094395102390154,2.640820056794228,0.08709464367033266,-7.838971254276564e-12,1.7670369335926521,2.1425081895898077,-0.0912890124270826,-1.1284647423996422e-11,-2.0943951031584307,-3.6096539740509175,-0.18067869285326937,-4.941167437600202e-12
1.4916666666666667,1,56,-0.1884934250244075,-7.026553352146157e-12,2.0943951023901235,2.6410443524605647,0.08735667023405082,-7.84299943005598e-12,1.7682176221987014,2.1426667521257685,-0.031208736323032928,-1.1283422785475455e-11,-2.094395103102182,-3.6097035768708525,0.23598797381339728,-4.9397796380162225e-12
1.4958333333333333,1,56,-0.19027075762912407,-7.027979926795858e-12,2.0943951023900986,2.6411789913782977,0.0799732326235853,-7.84541744033785e-12,1.7653888939630413,2.1427619331365455,-0.1294804976698921,-1.1282687666479306e-11,-2.094395103085088,-3.6097333521674586,-0.17967205763190713,-4.9389465776318194e-12
1.5,1,56,-0.18841786420806675,-7.0284555603375814e-12,2.094395102390079,2.6412238812726394,0.08073019836529706,-7.846223627938712e-12,1.7683153412281065,2.1427936673898285,-0.09554257611385289,-1.1282442570821816e-11,-2.094395103119988,-3.6097432795342344,0.23699460903475952,-4.93866882738497e-12
1.5041666666666667,1,56,-0.1873004466143897,-7.0284555603375814e-12,2.0944242352107674,2.6412238812726394,0.07703470979083768,-7.846223627938712e-12,1.7463152454099293,2.1427936673898285,-0.22610227939258837,-1.1282442570821816e-11,-2.0943951029739907,-3.6097432795342344,0.30095205831526567,-4.93866882738497e-12
1.5083333333333333,1,56,-0.18957085750036226,-7.0284555603375814e-12,2.0907776434064376,2.6412238812726394,0.0649548983382803,-7.846223627938712e-12,1.7301399980055818,2.1427936673898285,-0.30178451632342423,-1.1282442570821816e-11,-2.080227892831221,-3.6097432795342344,-0.11571460835140099,-4.93866882738497e-12
1.5125,1,56,-0.18629854291751122,-7.0284555603375814e-12,2.0820749727655654,2.6412238812726394,0.05586621983636569,-7.846223627938712e-12,1.7163666362153642,2.1427936673898285,-0.2748025971551485,-1.1282442570821816e-11,-2.0784544015907778,-3.6097432795342344,-0.18763546960608576,-4.93866882738497e-12
1.5166666666666666,1,56,-0.2056798746961132,-7.0284555603375814e-12,2.0651178197261477,2.6412238812726394,0.019845542502952583,-7.846223627938712e-12,1.6780798580537772,2.1427936673898285,-0.46053903637380966,-1.1282442570821816e-11,-2.255717380947858,-3.6097432795342344,-0.6043021362727524,-4.93866882738497e-12
1.5208333333333333,1,56,-0.21876830031542713,-7.0284555603375814e-12,2.0571864742414006,2.6412238812726394,-0.015676954054123178,-7.846223627938712e-12,1.6525773995816277,2.1427936673898285,-0.558008272470111,-1.1282442570821816e-11,-2.255717371879946,-3.6097432795342344,-1.020968802939419,-4.93866882738497e-12
1.525,1,56,-0.22572437166317427,-7.0284555603375814e-12,2.0479438196774526,2.6412238812726394,-0.0451181519241811,-7.846223627938712e-12,1.6368553606557146,2.1427936673898285,-0.5893824548609797,-1.1282442570821816e-11,-2.2558062918647694,-3.6097432795342344,-1.4376354696060858,-4.93866882738497e-12
1.5291666666666666,1,56,-0.2253590898622779,-7.0284555603375814e-12,2.0395442146164022,2.6412238812726394,-0.06865284025088265,-7.846223627938712e-12,1.6308377785673407,2.1427936673898285,-0.5068882130683666,-1.1282442570821816e-11,-2.255810306151824,-3.6097432795342344,-1.8543021362727525,-4.93866882738497e-12
1.5333333333333332,1,56,-0.2249290047913044,-7.0284555603375814e-12,2.0328391855533687,2.6412238812726394,-0.08692437941413168,-7.846223627938712e-12,1.6400784994995488,2.1427936673898285,-0.47311124385520725,-1.1282442570821816e-11,-2.2318936559964744,-3.6097432795342344,-2.2709688029394193,-4.93866882738497e-12
1.5375,1,56,-0.20829967037083882,-7.0284555603375814e-12,2.0259821647851286,2.6412238812726394,-0.08268901358680225,-7.846223627938712e-12,1.654228122559314,2.1427936673898285,-0.3383412090011173,-1.1282442570821816e-11,-2.231901443369652,-3.6097432795342344,-2.315639242172723,-4.93866882738497e-12
1.5416666666666667,1,56,-0.18254260585743787,-7.0284555603375814e-12,2.020154491984685,2.6412238812726394,-0.06618559691176257,-7.846223627938712e-12,1.6766707829027123,2.1427936673898285,-0.14327243602940176,-1.1282442570821816e-11,-2.23194728832766,-3.6097432795342344,-2.158576328267215,-4.93866882738497e-12
1.5458333333333334,1,56,-0.1570465292838943,-7.0284555603375814e-12,2.0153770377868323,2.6412238812726394,-0.048975235872243714,-7.846223627938712e-12,1.7085574170106554,2.1427936673898285,0.030031273595730816,-1.1282442570821816e-11,-2.2026192045393924,-3.6097432795342344,-2.412074864232606,-4.93866882738497e-12
1.55,1,56,-0.11876788637860379,-7.0284555603375814e-12,2.006453666040676,2.6412238812726394,-0.00984052695346518,-7.846223627938712e-12,1.748563589411357,2.1427936673898285,0.24372777610505142,-1.1282442570821816e-11,-2.1971987095568175,-3.6097432795342344,-2.311806367364074,-4.93866882738497e-12
1.5541666666666667,1,56,-0.07297520837329184,-7.0284555603375814e-12,1.9969536736662215,2.6412238812726394,0.04469314833265138,-7.846223627938712e-12,1.7973130228063028,2.1427936673898285,0.4594041838434581,-1.1282442570821816e-11,-2.1909359739998093,-3.6097432795342344,-2.198940269008913,-4.93866882738497e-12
1.5583333333333333,1,56,-0.02237809594981149,-7.0284555603375814e-12,1.9864980154791472,2.6412238812726394,0.10887287748119705,-7.846223627938712e-12,1.8497636548031,2.1427936673898285,0.6858712743568665,-1.1282442570821816e-11,-2.1909359739998093,-3.6097432795342344,-1.9884730111288542,-4.93866882738497e-12
1.5625,1,56,0.02974127154451999,-7.0284555603375814e-12,1.9736845361347481,2.6412238812726394,0.18178405736806297,-7.846223627938712e-12,1.899588680759067,2.1427936673898285,0.870252736420771,-1.1282442570821816e-11,-2.1909359739998093,-3.6097432795342344,-1.7320809655199425,-4.93866882738497e-12
1.5666666666666667,1,56,0.08054556258784233,-7.0284555603375814e-12,1.9592281694583769,2.6412238812726394,0.25734610768849703,-7.846223627938712e-12,1.943189326018207,2.1427936673898285,0.9997846175399584,-1.1282442570821816e-11,-2.1909359739998093,-3.6097432795342344,-1.4407108142773921,-4.93866882738497e-12
1.5708333333333333,1,56,0.12809063586961755,-7.0284555603375814e-12,1.9443458154189246,2.6412238812726394,0.32910468939437304,-7.846223627938712e-12,1.9751542221828744,2.1427936673898285,1.0452002808376601,-1.1282442570821816e-11,-2.1909359739998093,-3.6097432795342344,-1.1207000084016034,-4.93866882738497e-12
1.575,1,56,0.17142646786829407,-7.0284555603375814e-12,1.9299985658930232,2.6412238812726394,0.3931742836966084,-7.846223627938712e-12,1.9937449992389225,2.1427936673898285,0.9934344811213486,-1.1282442570821816e-11,-2.189501097547085,-3.6097432795342344,-0.7774022504632931,-4.93866882738497e-12
1.5791666666666666,1,56,0.20897252916802847,-7.0284555603375814e-12,1.9180541759029988,2.6412238812726394,0.4466838997771777,-7.846223627938712e-12,2.006014340698687,2.1427936673898285,0.8896435635347746,-1.1282442570821816e-11,-2.188278026742546,-3.6097432795342344,-0.4209749673133369,-4.93866882738497e-12
1.5833333333333333,1,56,0.23814738861966367,-7.0284555603375814e-12,1.9102094242657286,2.6412238812726394,0.4866994867779904,-7.846223627938712e-12,2.0160632427282326,2.1427936673898285,0.7573353481620987,-1.1282442570821816e-11,-2.187083186831835,-3.6097432795342344,-0.19610619471118237,-4.93866882738497e-12
1.5875,1,56,0.25861075918365195,-7.0284555603375814e-12,1.9074427862547794,2.6412238812726394,0.5138119657071366,-7.846223627938712e-12,2.0248283466549037,2.1427936673898285,0.5872602093742638,-1.1282442570821816e-11,-2.185656946360991,-3.6097432795342344,-0.19115636534527405,-4.93866882738497e-12
1.5916666666666666,1,56,0.2714283114923455,-7.0284555603375814e-12,1.910066004152215,2.6412238812726394,0.5278221527978095,-7.846223627938712e-12,2.0378024932466814,2.1427936673898285,0.4284864591644009,-1.1282442570821816e-11,-2.18597860766051,-3.6097432795342344,-0.266151411862792,-4.93866882738497e-12
1.5958333333333332,1,56,0.2802862961639924,-7.0284555603375814e-12,1.9159928745729542,2.6412238812726394,0.5319481433851326,-7.846223627938712e-12,2.054545456350467,2.1427936673898285,0.3142519171251599,-1.1282442570821816e-11,-2.18597860766051,-3.6097432795342344,-0.17646586268126474,-4.93866882738497e-12
1.6,1,56,0.28239829038307057,-7.0284555603375814e-12,1.926305609751721,2.6412238812726394,0.5239652141827202,-7.846223627938712e-12,2.071114230799063,2.1427936673898285,0.19653119207385963,-1.1282442570821816e-11,-2.186114773508339,-3.6097432795342344,-0.2635805402424719,-4.93866882738497e-12
1.6041666666666667,1,56,0.28435227813847797,-7.0284555603375814e-12,1.937455786253152,2.6412238812726394,0.5132494909732156,-7.846223627938712e-12,2.0890091452071844,2.1427936673898285,0.11664906825617616,-1.1282442570821816e-11,-2.185600579463479,-3.6097432795342344,-0.19550352573071209,-4.93866882738497e-12
1.6083333333333334,1,56,0.28187004073623223,-7.0284555603375814e-12,1.9516010502586507,2.6412238812726394,0.4931424462474015,-7.846223627938712e-12,2.106851824773869,2.1427936673898285,0.05368785266383454,-1.1282442570821816e-11,-2.1858711970293583,-3.6097432795342344,-0.29062804297599776,-4.93866882738497e-12
1.6125,1,56,0.2791847732665165,-7.0284555603375814e-12,1.9637272776054369,2.6412238812726394,0.47030468556114846,-7.846223627938712e-12,2.103864806825403,2.1427936673898285,0.046631193199113796,-1.1282442570821816e-11,-2.1857372467186913,-3.6097432795342344,-0.21352135100229552,-4.93866882738497e-12
1.6166666666666667,1,56,0.2745742122637808,-7.0284555603375814e-12,1.9776726930172859,2.6412238812726394,0.4426924455038882,-7.846223627938712e-12,2.10143641078104,2.1427936673898285,0.058920200008180885,-1.1282442570821816e-11,-2.186200314677322,-3.6097432795342344,-0.029214858890920847,-4.93866882738497e-12
1.6208333333333333,1,56,0.2665194343892911,-7.0284555603375814e-12,1.9939043660512863,2.6412238812726394,0.41292232416625346,-7.846223627938712e-12,2.0991357942166013,2.1427936673898285,0.03123467395259138,-1.1282442570821816e-11,-2.1862723001092115,-3.6097432795342344,-0.05254044864238812,-4.93866882738497e-12
1.625,1,56,0.25809604628717314,-7.0284555603375814e-12,2.010998762051002,2.6412238812726394,0.37852899857867084,-7.846223627938712e-12,2.097631711657216,2.1427936673898285,0.04955592059586633,-1.1282442570821816e-11,-2.186372608241331,-3.6097432795342344,0.0624460146050885,-4.93866882738497e-12
1.6291666666666667,1,56,0.24660992287692218,-7.0284555603375814e-12,2.029940864053936,2.6412238812726394,0.34248089396029213,-7.846223627938712e-12,2.096272629850479,2.1427936673898285,0.02761535515231833,-1.1282442570821816e-11,-2.186648982309887,-3.6097432795342344,-0.00019686776050981594,-4.93866882738497e-12
1.6333333333333333,1,56,0.23516067419603207,-7.0284555603375814e-12,2.0494654679227073,2.6412238812726394,0.302415286832896,-7.846223627938712e-12,2.0952489770869853,2.1427936673898285,0.05124428208697356,-1.1282442570821816e-11,-2.188348584920861,-3.6097432795342344,0.09795263126042696,-4.93866882738497e-12
1.6375,1,56,0.22089065149083795,-7.0284555603375814e-12,2.070478301772529,2.6412238812726394,0.26101862519644403,-7.846223627938712e-12,2.0943635318323865,2.1427936673898285,0.03552147911070741,-1.1282442570821816e-11,-2.190195240377239,-3.6097432795342344,0.02280679079827089,-4.93866882738497e-12
1.6416666666666666,1,56,0.20689443762011214,-7.0284555603375814e-12,2.0920878219098413,2.6412238812726394,0.21575570680812114,-7.846223627938712e-12,2.0950454153279483,2.1427936673898285,0.06586564075831151,-1.1282442570821816e-11,-2.191360722854065,-3.6097432795342344,0.11498583688576267,-4.93866882738497e-12
1.6458333333333333,1,56,0.19011435820435227,-7.0284555603375814e-12,2.1147097633095946,2.6412238812726394,0.16936348793241635,-7.846223627938712e-12,2.0943008417206035,2.1427936673898285,0.055051383189017374,-1.1282442570821816e-11,-2.1921793288287974,-3.6097432795342344,0.04396743847245748,-4.93866882738497e-12
1.65,1,56,0.18289101896859591,-7.0284555603375814e-12,2.1105291343107697,2.6412238812726394,0.13874952445546657,-7.846223627938712e-12,2.0880311972912575,2.1427936673898285,0.08038591611646367,-1.1282442570821816e-11,-2.193060646460063,-3.6097432795342344,0.1417078569614668,-4.93866882738497e-12
1.6541666666666666,1,56,0.17705045053625415,-7.0284555603375814e-12,2.1071706362488922,2.6412238812726394,0.11527538685742059,-7.846223627938712e-12,2.082428773819335,2.1427936673898285,0.06274845885401784,-1.1282442570821816e-11,-2.193899857122239,-3.6097432795342344,0.07201504179379536,-4.93866882738497e-12
1.6583333333333332,1,56,0.17564562728915,-7.0284555603375814e-12,2.1045119554097265,2.6412238812726394,0.09629671766219768,-7.846223627938712e-12,2.0792527717020692,2.1427936673898285,0.08949984606471287,-1.1282442570821816e-11,-2.1968571491664064,-3.6097432795342344,0.1647575367272357,-4.93866882738497e-12
1.6624999999999999,1,56,0.17505811860252987,-7.0284555603375814e-12,2.102347895299904,2.6412238812726394,0.08375351346855112,-7.846223627938712e-12,2.076039984349277,2.1427936673898285,0.07154974909251459,-1.1282442570821816e-11,-2.198406458574603,-3.6097432795342344,0.09718442535952199,-4.93866882738497e-12
1.6666666666666667,1,56,0.17809233393915128,-7.0284555603375814e-12,2.1006340624823654,2.6412238812726394,0.07470441251534232,-7.846223627938712e-12,2.074822969562862,2.1427936673898285,0.09623765405569931,-1.1282442570821816e-11,-2.199150451902245,-3.6097432795342344,0.19844828392816558,-4.93866882738497e-12
1.6708333333333334,1,56,0.17882542691555742,-7.0284555603375814e-12,2.0992577853124943,2.6412238812726394,0.06822888593126651,-7.846223627938712e-12,2.073067563178631,2.1427936673898285,0.06060188046312313,-1.1282442570821816e-11,-2.199766554967061,-3.6097432795342344,0.13186177687119183,-4.93866882738497e-12
1.675,1,56,0.18216824428063882,-7.0284555603375814e-12,2.098150028385512,2.6412238812726394,0.06259835869976103,-7.846223627938712e-12,2.072978687097707,2.1427936673898285,0.07109973643592336,-1.1282442570821816e-11,-2.200529009831062,-3.6097432795342344,0.22739245715824086,-4.93866882738497e-12
1.6791666666666667,1,56,0.18243122764858336,-7.0284555603375814e-12,2.0972705619241285,2.6412238812726394,0.05689875792266034,-7.846223627938712e-12,2.07249638766655,2.1427936673898285,0.02988657864134181,-1.1282442570821816e-11,-2.2015559602645065,-3.6097432795342344,0.14953540528081197,-4.93866882738497e-12
1.6833333333333333,1,56,0.18515323860781013,-7.0284555603375814e-12,2.0965634007405245,2.6412238812726394,0.05145466027364705,-7.846223627938712e-12,2.073558145978911,2.1427936673898285,0.03573522314979354,-1.1282442570821816e-11,-2.2027479078568657,-3.6097432795342344,0.23321927170523707,-4.93866882738497e-12
1.6875,1,56,0.1848069047660372,-7.0284555603375814e-12,2.0960005616521347,2.6412238812726394,0.045343942434101406,-7.846223627938712e-12,2.074246639574771,2.1427936673898285,-0.003891360556749926,-1.1282442570821816e-11,-2.203820033041029,-3.6097432795342344,0.14817186283598635,-4.93866882738497e-12
1.6916666666666667,1,56,0.1872514468514816,-7.0284555603375814e-12,2.0955478850633087,2.6412238812726394,0.040200128732305815,-7.846223627938712e-12,2.076316607542058,2.1427936673898285,0.0031695933344892337,-1.1282442570821816e-11,-2.205005814283955,-3.6097432795342344,0.22834199292905574,-4.93866882738497e-12
1.6958333333333333,1,56,0.18686907861941107,-7.0284555603375814e-12,2.0951875593576785,2.6412238812726394,0.03475678079826198,-7.846223627938712e-12,2.078097857180917,2.1427936673898285,-0.035568823330402954,-1.1282442570821816e-11,-2.206064858824779,-3.6097432795342344,0.14196792059131652,-4.93866882738497e-12
1.7,1,56,0.18910137687306625,-7.0284555603375814e-12,2.0949039320721576,2.6412238812726394,0.029792165133309675,-7.846223627938712e-12,2.081005488911453,2.1427936673898285,-0.02774721882091718,-1.1282442570821816e-11,-2.2079061140636784,-3.6097432795342344,0.22558024948141212,-4.93866882738497e-12
1.7041666666666666,1,56,0.18855092323049188,-7.0284555603375814e-12,2.094666302161048,2.6412238812726394,0.0249983596557176,-7.846223627938712e-12,2.083339418343657,2.1427936673898285,-0.06928477713890378,-1.1282442570821816e-11,-2.2092416902480836,-3.6097432795342344,0.14364392298086112,-4.93866882738497e-12
1.7083333333333333,1,56,0.1906349098412115,-7.0284555603375814e-12,2.0944944425120258,2.6412238812726394,0.020602443497258583,-7.846223627938712e-12,2.086677877642602,2.1427936673898285,-0.06276286183244867,-1.1282442570821816e-11,-2.2093677365053694,-3.6097432795342344,0.21906452973023366,-4.93866882738497e-12
1.7125,1,56,0.18997941511775024,-7.0284555603375814e-12,2.0943400152263414,2.6412238812726394,0.01610942625628486,-7.846223627938712e-12,2.0895777579102344,2.1427936673898285,-0.10299887014544838,-1.1282442570821816e-11,-2.210272022752885,-3.6097432795342344,0.13159126149350286,-4.93866882738497e-12
1.7166666666666666,1,56,0.19193796911238706,-7.0284555603375814e-12,2.0963549633434804,2.6412238812726394,0.011912954572189627,-7.846223627938712e-12,2.0937091665282526,2.1427936673898285,-0.09503375047568731,-1.1282442570821816e-11,-2.211504720348457,-3.6097432795342344,0.20484999084942263,-4.93866882738497e-12
1.7208333333333332,1,56,0.19131146027265544,-7.0284555603375814e-12,2.0958309619522315,2.6412238812726394,0.008290873042079728,-7.846223627938712e-12,2.0967425394848336,2.1427936673898285,-0.13717236340527203,-1.1282442570821816e-11,-2.212373162198985,-3.6097432795342344,0.11571723714627133,-4.93866882738497e-12
1.7249999999999999,1,56,0.19313921359846198,-7.0284555603375814e-12,2.0953903454184943,2.6412238812726394,0.004469295994849491,-7.846223627938712e-12,2.095715961563984,2.1427936673898285,-0.13033482366444907,-1.1282442570821816e-11,-2.213688681920847,-3.6097432795342344,0.1858200033499581,-4.93866882738497e-12
1.7291666666666667,1,56,0.19406020471135285,-7.0284555603375814e-12,2.0950243487170215,2.6412238812726394,0.0019477760913415966,-7.846223627938712e-12,2.0948514222867014,2.1427936673898285,-0.15318328837004713,-1.1282442570821816e-11,-2.214478797608129,-3.6097432795342344,0.10547008819808612,-4.93866882738497e-12
1.7333333333333334,1,56,0.1973283681213185,-7.0284555603375814e-12,2.0947359425104253,2.6412238812726394,-0.0006175692264921852,-7.846223627938712e-12,2.094175866945112,2.1427936673898285,-0.12889053502311226,-1.1282442570821816e-11,-2.2157168698600587,-3.6097432795342344,0.19062463905101934,-4.93866882738497e-12
1.7375,1,56,0.1975446661446622,-7.0284555603375814e-12,2.094536043892318,2.6412238812726394,-0.003046078929174289,-7.846223627938712e-12,2.094037924525143,2.1427936673898285,-0.1478582900178442,-1.1282442570821816e-11,-2.216618295714663,-3.6097432795342344,0.11839042916361947,-4.93866882738497e-12
1.7416666666666667,1,56,0.1980143687884245,-7.0284555603375814e-12,2.094383140429387,2.6412238812726394,-0.008341083812579211,-7.846223627938712e-12,2.0946667506737278,2.1427936673898285,-0.11955491452020822,-1.1282442570821816e-11,-2.2179911038540046,-3.6097432795342344,0.20885709948272724,-4.93866882738497e-12
1.7458333333333333,1,56,0.19400755317936397,-7.0284555603375814e-12,2.0963127657399077,2.6412238812726394,-0.01426005781682679,-7.846223627938712e-12,2.0940186279847772,2.1427936673898285,-0.15218862402376335,-1.1282442570821816e-11,-2.2188439806032902,-3.6097432795342344,0.1286251064281247,-4.93866882738497e-12
1.75,1,56,0.19344439326918,-7.0284555603375814e-12,2.0958046780173185,2.6412238812726394,-0.018380006925404976,-7.846223627938712e-12,2.093531790392037,2.1427936673898285,-0.13775309265890165,-1.1282442570821816e-11,-2.220071256272845,-3.6097432795342344,0.20855851687810448,-4.93866882738497e-12
1.7541666666666667,1,56,0.19051214407842362,-7.0284555603375814e-12,2.0953910306835426,2.6412238812726394,-0.020622735214623066,-7.846223627938712e-12,2.0934393928725794,2.1427936673898285,-0.1841230537743501,-1.1282442570821816e-11,-2.221057183077898,-3.6097432795342344,0.12021279441238204,-4.93866882738497e-12
1.7583333333333333,1,56,0.1903052102272204,-7.0284555603375814e-12,2.095073609842208,2.6412238812726394,-0.023084337512930493,-7.846223627938712e-12,2.0942623633880952,2.1427936673898285,-0.1806226863068207,-1.1282442570821816e-11,-2.22241559639161,-3.6097432795342344,0.18929900935453947,-4.93866882738497e-12
1.7625,1,56,0.189410240302628,-7.0284555603375814e-12,2.094806536524183,2.6412238812726394,-0.02459035110364179,-7.846223627938712e-12,2.0953466870654602,2.1427936673898285,-0.20087757540393503,-1.1282442570821816e-11,-2.2233547199334622,-3.6097432795342344,0.10937216247135388,-4.93866882738497e-12
1.7666666666666666,1,56,0.19080211047866388,-7.0284555603375814e-12,2.0945663512777526,2.6412238812726394,-0.02973163705738899,-7.846223627938712e-12,2.094582720245237,2.1427936673898285,-0.14158510311390324,-1.1282442570821816e-11,-2.2247309042857815,-3.6097432795342344,0.20991525517190576,-4.93866882738497e-12
1.7708333333333333,1,56,0.18958325130605297,-7.0284555603375814e-12,2.094387927729299,2.6412238812726394,-0.03288216022196562,-7.846223627938712e-12,2.0940060847263076,2.1427936673898285,-0.1471254775679375,-1.1282442570821816e-11,-2.2255420054877497,-3.6097432795342344,0.14888809285053084,-4.93866882738497e-12
1.775,1,56,0.1912151507957775,-7.0284555603375814e-12,2.0964835057764453,2.6412238812726394,-0.033757169748399644,-7.846223627938712e-12,2.094506597678855,2.1427936673898285,-0.12219322693923138,-1.1282442570821816e-11,-2.2266624282033183,-3.6097432795342344,0.24326361541638994,-4.93866882738497e-12
1.7791666666666666,1,56,0.18967693487851783,-7.0284555603375814e-12,2.0959011720186886,2.6412238812726394,-0.034266552663899226,-7.846223627938712e-12,2.0939005661756847,2.1427936673898285,-0.15911451392982429,-1.1282442570821816e-11,-2.227840113948469,-3.6097432795342344,0.16434760380132948,-4.93866882738497e-12
1.7833333333333332,1,56,0.1903751770977908,-7.0284555603375814e-12,2.095473937083574,2.6412238812726394,-0.03584868695538699,-7.846223627938712e-12,2.0940734054443615,2.1427936673898285,-0.14608286846652696,-1.1282442570821816e-11,-2.2291272881693307,-3.6097432795342344,0.24009167353588637,-4.93866882738497e-12
1.7874999999999999,1,56,0.18821976321902706,-7.0284555603375814e-12,2.095127197634914,2.6412238812726394,-0.03672539647341239,-7.846223627938712e-12,2.094694913842856,2.1427936673898285,-0.1941308318413562,-1.1282442570821816e-11,-2.23013914804815,-3.6097432795342344,0.14693548398880435,-4.93866882738497e-12
1.7916666666666667,1,56,0.1886043948372711,-7.0284555603375814e-12,2.094838888369494,2.6412238812726394,-0.03819700670920707,-7.846223627938712e-12,2.0941230488499727,2.1427936673898285,-0.19087456742872394,-1.1282442570821816e-11,-2.231554389222834,-3.6097432795342344,0.20875958028440364,-4.93866882738497e-12
1.7958333333333334,1,56,0.1861267173817286,-7.0284555603375814e-12,2.094617090019346,2.6412238812726394,-0.040820184585440296,-7.846223627938712e-12,2.0938581836714825,2.1427936673898285,-0.22948453784004527,-1.1282442570821816e-11,-2.2324880720346716,-3.6097432795342344,0.11611953018400653,-4.93866882738497e-12
1.8,1,56,0.18646907634268853,-7.0284555603375814e-12,2.094451246569755,2.6412238812726394,-0.046268740635365686,-7.846223627938712e-12,2.0937373951525076,2.1427936673898285,-0.18646164191618483,-1.1282442570821816e-11,-2.2339417573616145,-3.6097432795342344,0.20214555270619522,-4.93866882738497e-12
1.8041666666666667,1,56,0.18447472472350648,-7.0284555603375814e-12,2.0943458628346123,2.6412238812726394,-0.04960253137635926,-7.846223627938712e-12,2.094770168360345,2.1427936673898285,-0.2059923159741734,-1.1282442570821816e-11,-2.2358540278093737,-3.6097432795342344,0.10793678509145331,-4.93866882738497e-12
1.8083333333333333,1,56,0.1852004398741745,-7.0284555603375814e-12,2.0963681428489185,2.6412238812726394,-0.055657080748462276,-7.846223627938712e-12,2.0940816320560005,2.1427936673898285,-0.14602759968098714,-1.1282442570821816e-11,-2.2372247902389977,-3.6097432795342344,0.20307150053928655,-4.93866882738497e-12
1.8125,1,56,0.18371350305766165,-7.0284555603375814e-12,2.0958461702383766,2.6412238812726394,-0.058788692189917224,-7.846223627938712e-12,2.093754990483154,2.1427936673898285,-0.1534874612255773,-1.1282442570821816e-11,-2.238181134746101,-3.6097432795342344,0.148582947499393,-4.93866882738497e-12
1.8166666666666667,1,56,0.18497218879143204,-7.0284555603375814e-12,2.0954195965770044,2.6412238812726394,-0.06046537404879288,-7.846223627938712e-12,2.0940719952799056,2.1427936673898285,-0.12313809706194048,-1.1282442570821816e-11,-2.2395221365932656,-3.6097432795342344,0.248472376107047,-4.93866882738497e-12
1.8208333333333333,1,56,0.1830594007649599,-7.0284555603375814e-12,2.0950814412394876,2.6412238812726394,-0.06156163372280051,-7.846223627938712e-12,2.0947976177349976,2.1427936673898285,-0.15712482737337513,-1.1282442570821816e-11,-2.240472660273018,-3.6097432795342344,0.1776435082064325,-4.93866882738497e-12
1.825,1,56,0.18362092386139242,-7.0284555603375814e-12,2.094783818454972,2.6412238812726394,-0.06314275862860635,-7.846223627938712e-12,2.0941630514985943,2.1427936673898285,-0.1415316564066689,-1.1282442570821816e-11,-2.241516929875478,-3.6097432795342344,0.2614444187582855,-4.93866882738497e-12
1.8291666666666666,1,56,0.18126264706133005,-7.0284555603375814e-12,2.094575630629231,2.6412238812726394,-0.06393654456486245,-7.846223627938712e-12,2.0939267147938305,2.1427936673898285,-0.18763027168329516,-1.1282442570821816e-11,-2.2423214167504915,-3.6097432795342344,0.169331669784072,-4.93866882738497e-12
1.8333333333333333,1,56,0.18128170720148018,-7.0284555603375814e-12,2.094404077295571,2.6412238812726394,-0.06568496772942556,-7.846223627938712e-12,2.0944084161159036,2.1427936673898285,-0.18363671786471172,-1.1282442570821816e-11,-2.2438666318042975,-3.6097432795342344,0.2437878134222277,-4.93866882738497e-12
1.8375,1,56,0.17836235628789548,-7.0284555603375814e-12,2.09423731732087,2.6412238812726394,-0.06864633855831656,-7.846223627938712e-12,2.093835217364798,2.1427936673898285,-0.22213342696798963,-1.1282442570821816e-11,-2.244473730131908,-3.6097432795342344,0.15323364373463272,-4.93866882738497e-12
1.8416666666666666,1,56,0.17845069784812526,-7.0284555603375814e-12,2.096491235431683,2.6412238812726394,-0.0740577573368962,-7.846223627938712e-12,2.0938978403159276,2.1427936673898285,-0.17845034421603093,-1.1282442570821816e-11,-2.2459125643359608,-3.6097432795342344,0.2474242323098952,-4.93866882738497e-12
1.8458333333333332,1,56,0.17605158576978389,-7.0284555603375814e-12,2.095944144680939,2.6412238812726394,-0.07732134870561354,-7.846223627938712e-12,2.094165666651627,2.1427936673898285,-0.20142651486772326,-1.1282442570821816e-11,-2.2469214443606775,-3.6097432795342344,0.1810191970189827,-4.93866882738497e-12
1.8499999999999999,1,56,0.17622174390629805,-7.0284555603375814e-12,2.095499759550461,2.6412238812726394,-0.08356800902682598,-7.846223627938712e-12,2.0945228940204577,2.1427936673898285,-0.14320274261516258,-1.1282442570821816e-11,-2.248026286292906,-3.6097432795342344,0.2903581025271959,-4.93866882738497e-12
1.8541666666666667,1,56,0.17417295762541066,-7.0284555603375814e-12,2.0951469137752143,2.6412238812726394,-0.08691410370996633,-7.846223627938712e-12,2.0940052892663985,2.1427936673898285,-0.15318046436856358,-1.1282442570821816e-11,-2.248670701361392,-3.6097432795342344,0.2284276793688612,-4.93866882738497e-12
1.8583333333333334,1,56,0.17293879132420645,-7.0284555603375814e-12,2.094852242111722,2.6412238812726394,-0.09061111227806405,-7.846223627938712e-12,2.093757699516703,2.1427936673898285,-0.14191604458203888,-1.1282442570821816e-11,-2.250833736932795,-3.6097432795342344,0.2464597144206654,-4.93866882738497e-12
1.8625,1,56,0.1694432982774172,-7.0284555603375814e-12,2.094626359232144,2.6412238812726394,-0.09259367452010965,-7.846223627938712e-12,2.0939460098264573,2.1427936673898285,-0.19001683184812587,-1.1282442570821816e-11,-2.2517571754811208,-3.6097432795342344,0.13137621564580987,-4.93866882738497e-12
1.8666666666666667,1,56,0.16879316208447628,-7.0284555603375814e-12,2.0944502175482187,2.6412238812726394,-0.09469440633313267,-7.846223627938712e-12,2.0949453102892477,2.1427936673898285,-0.18555442825966678,-1.1282442570821816e-11,-2.252714936010848,-3.6097432795342344,0.1949480750865296,-4.93866882738497e-12
1.8708333333333333,1,56,0.16725100542770627,-7.0284555603375814e-12,2.0942712382038913,2.6412238812726394,-0.0960219276281791,-7.846223627938712e-12,2.0942584312784502,2.1427936673898285,-0.20886785792889645,-1.1282442570821816e-11,-2.25345313381785,-3.6097432795342344,0.1154782111505881,-4.93866882738497e-12
1.875,1,56,0.16827660876260056,-7.0284555603375814e-12,2.096596539012531,2.6412238812726394,-0.10054789077361206,-7.846223627938712e-12,2.094222031686757,2.1427936673898285,-0.14909165274158107,-1.1282442570821816e-11,-2.2545768888058966,-3.6097432795342344,0.2205365887542167,-4.93866882738497e-12
1.8791666666666667,1,56,0.16646275220128726,-7.0284555603375814e-12,2.0960327324814583,2.6412238812726394,-0.10322677073893205,-7.846223627938712e-12,2.0944672505863724,2.1427936673898285,-0.1588710420234856,-1.1282442570821816e-11,-2.2552295787228065,-3.6097432795342344,0.16924727110602664,-4.93866882738497e-12
1.8833333333333333,1,56,0.1673926575328355,-7.0284555603375814e-12,2.0955441701178827,2.6412238812726394,-0.10495578777366166,-7.846223627938712e-12,2.0939117332515083,2.1427936673898285,-0.1264408034743342,-1.1282442570821816e-11,-2.2561941292401335,-3.6097432795342344,0.26974557312102815,-4.93866882738497e-12
1.8875,1,56,0.16512867231627779,-7.0284555603375814e-12,2.095175262072052,2.6412238812726394,-0.10596093512425708,-7.846223627938712e-12,2.0937644687314534,2.1427936673898285,-0.15998958311104233,-1.1282442570821816e-11,-2.257114720040093,-3.6097432795342344,0.19738104286493907,-4.93866882738497e-12
1.8916666666666666,1,56,0.16339060899575128,-7.0284555603375814e-12,2.0948847761888407,2.6412238812726394,-0.1088868557316348,-7.846223627938712e-12,2.094260598397674,2.1427936673898285,-0.1636029540457276,-1.1282442570821816e-11,-2.2579813839090797,-3.6097432795342344,0.21602395243119635,-4.93866882738497e-12
1.8958333333333333,1,56,0.15920838643462729,-7.0284555603375814e-12,2.094646702430402,2.6412238812726394,-0.1132220181419761,-7.846223627938712e-12,2.0950461979754587,2.1427936673898285,-0.19693484381179208,-1.1282442570821816e-11,-2.258851422564456,-3.6097432795342344,0.1108594073866924,-4.93866882738497e-12
1.9,1,56,0.1583715575518548,-7.0284555603375814e-12,2.0944419796330216,2.6412238812726394,-0.11957809014806668,-7.846223627938712e-12,2.094385108587138,2.1427936673898285,-0.1463296099367922,-1.1282442570821816e-11,-2.259549571127654,-3.6097432795342344,0.20044122262905487,-4.93866882738497e-12
1.9041666666666666,1,56,0.15561072196669679,-7.0284555603375814e-12,2.094330490709188,2.6412238812726394,-0.12245262420010891,-7.846223627938712e-12,2.0945787789741384,2.1427936673898285,-0.16564502565149658,-1.1282442570821816e-11,-2.25953066238782,-3.6097432795342344,0.14185629439808184,-4.93866882738497e-12
1.9083333333333332,1,56,0.1559600546318101,-7.0284555603375814e-12,2.096603146030356,2.6412238812726394,-0.12443545544224041,-7.846223627938712e-12,2.094000290613599,2.1427936673898285,-0.1346251429992635,-1.1282442570821816e-11,-2.2598638276070044,-3.6097432795342344,0.24533335321265057,-4.93866882738497e-12
1.9124999999999999,1,56,0.1530807408150188,-7.0284555603375814e-12,2.096041945032899,2.6412238812726394,-0.12600386968804206,-7.846223627938712e-12,2.0932328230223107,2.1427936673898285,-0.16907367694202372,-1.1282442570821816e-11,-2.2610613497498857,-3.6097432795342344,0.17049532611533558,-4.93866882738497e-12
1.9166666666666667,1,56,0.15287863161401774,-7.0284555603375814e-12,2.0955852894143616,2.6412238812726394,-0.12790691872657967,-7.846223627938712e-12,2.093068224548064,2.1427936673898285,-0.1522825186078915,-1.1282442570821816e-11,-2.262377083622636,-3.6097432795342344,0.2580474376727339,-4.93866882738497e-12
1.9208333333333334,1,56,0.14975637820438475,-7.0284555603375814e-12,2.0952236811476883,2.6412238812726394,-0.1290090319977589,-7.846223627938712e-12,2.093529306730935,2.1427936673898285,-0.20090048328857124,-1.1282442570821816e-11,-2.262681585525057,-3.6097432795342344,0.16412450308456328,-4.93866882738497e-12
1.925,1,56,0.14924042222608427,-7.0284555603375814e-12,2.0949424515166952,2.6412238812726394,-0.1337554707055832,-7.846223627938712e-12,2.0943094421372477,2.1427936673898285,-0.16402860553277687,-1.1282442570821816e-11,-2.263485707945206,-3.6097432795342344,0.25149252523051474,-4.93866882738497e-12
1.9291666666666667,1,56,0.1463621823577337,-7.0284555603375814e-12,2.0947020832136065,2.6412238812726394,-0.13598474280694517,-7.846223627938712e-12,2.095677962897426,2.1427936673898285,-0.19516332887554982,-1.1282442570821816e-11,-2.2645344169441706,-3.6097432795342344,0.1782657625458367,-4.93866882738497e-12
1.9333333333333333,1,56,0.14623167445912424,-7.0284555603375814e-12,2.094500259169781,2.6412238812726394,-0.13862861276075766,-7.846223627938712e-12,2.0949420756946,2.1427936673898285,-0.17398681738496571,-1.1282442570821816e-11,-2.2651047931546824,-3.6097432795342344,0.2590469275211957,-4.93866882738497e-12
1.9375,1,56,0.1435001189568264,-7.0284555603375814e-12,2.094309892795943,2.6412238812726394,-0.1396870259850948,-7.846223627938712e-12,2.094278393646305,2.1427936673898285,-0.21858327792016152,-1.1282442570821816e-11,-2.2655522964420842,-3.6097432795342344,0.15740799081667287,-4.93866882738497e-12
1.9416666666666667,1,56,0.14370346238490597,-7.0284555603375814e-12,2.0967750767215705,2.6412238812726394,-0.14370441418602312,-7.846223627938712e-12,2.0944612776195046,2.1427936673898285,-0.1773664520614349,-1.1282442570821816e-11,-2.2665121688223295,-3.6097432795342344,0.24487102566448898,-4.93866882738497e-12
1.9458333333333333,1,56,0.14097573982732411,-7.0284555603375814e-12,2.0961452469560355,2.6412238812726394,-0.14666318393144712,-7.846223627938712e-12,2.0939241183037725,2.1427936673898285,-0.2041692612208572,-1.1282442570821816e-11,-2.2666501696425914,-3.6097432795342344,0.1596703241308981,-4.93866882738497e-12
1.95,1,56,0.14110328705396455,-7.0284555603375814e-12,2.0956679491866335,2.6412238812726394,-0.1523743927098204,-7.846223627938712e-12,2.0933854384715653,2.1427936673898285,-0.1466508797224241,-1.1282442570821816e-11,-2.2677389910362358,-3.6097432795342344,0.26255891416028276,-4.93866882738497e-12
1.9541666666666666,1,56,0.13877635400591407,-7.0284555603375814e-12,2.095313240702597,2.6412238812726394,-0.15558468354369615,-7.846223627938712e-12,2.094013046079739,2.1427936673898285,-0.16089565804194628,-1.1282442570821816e-11,-2.2696498264195064,-3.6097432795342344,0.2061315845279451,-4.93866882738497e-12
1.9583333333333333,1,56,0.13719842668494472,-7.0284555603375814e-12,2.0949876198842885,2.6412238812726394,-0.1598266400078947,-7.846223627938712e-12,2.0948785811751875,2.1427936673898285,-0.14633525100991862,-1.1282442570821816e-11,-2.27075907221388,-3.6097432795342344,0.23182428912965186,-4.93866882738497e-12
1.9625,1,56,0.13361136694775452,-7.0284555603375814e-12,2.0946965465521843,2.6412238812726394,-0.16132591200473687,-7.846223627938712e-12,2.0942030197570403,2.1427936673898285,-0.19681318490379135,-1.1282442570821816e-11,-2.2714676219792063,-3.6097432795342344,0.11989904596089636,-4.93866882738497e-12
1.9666666666666666,1,56,0.13268147312184175,-7.0284555603375814e-12,2.0945095295308476,2.6412238812726394,-0.16649091017281117,-7.846223627938712e-12,2.093978883402081,2.1427936673898285,-0.15979746569329212,-1.1282442570821816e-11,-2.2723870904089942,-3.6097432795342344,0.20397771365089765,-4.93866882738497e-12
1.9708333333333332,1,56,0.1295495379250266,-7.0284555603375814e-12,2.0943500780732,2.6412238812726394,-0.16892908006339966,-7.846223627938712e-12,2.094415639302773,2.1427936673898285,-0.19133280291934238,-1.1282442570821816e-11,-2.273002413999461,-3.6097432795342344,0.12956150916209236,-4.93866882738497e-12
1.9749999999999999,1,56,0.1294694343594182,-7.0284555603375814e-12,2.096668496763306,2.6412238812726394,-0.17109171930763092,-7.846223627938712e-12,2.093861188196284,2.1427936673898285,-0.17028593403989004,-1.1282442570821816e-11,-2.2738182002683187,-3.6097432795342344,0.21936344571513589,-4.93866882738497e-12
1.9791666666666667,1,56,0.12616696557818888,-7.0284555603375814e-12,2.09607243574826,2.6412238812726394,-0.17288335886919726,-7.846223627938712e-12,2.0930983696113477,2.1427936673898285,-0.21631088017458427,-1.1282442570821816e-11,-2.2747720303207033,-3.6097432795342344,0.13676353514180423,-4.93866882738497e-12
1.9833333333333334,1,56,0.1254163839338464,-7.0284555603375814e-12,2.0956151056476147,2.6412238812726394,-0.17851725823576223,-7.846223627938712e-12,2.0927095270235245,2.1427936673898285,-0.17592762481154955,-1.1282442570821816e-11,-2.27596578893589,-3.6097432795342344,0.2328764303961805,-4.93866882738497e-12
1.9875,1,56,0.12227362056354851,-7.0284555603375814e-12,2.095239194094966,2.6412238812726394,-0.18159353557372504,-7.846223627938712e-12,2.0931330287074186,2.1427936673898285,-0.2051729479269854,-1.1282442570821816e-11,-2.276926980865344,-3.6097432795342344,0.1622191759742949,-4.93866882738497e-12
1.9916666666666667,1,56,0.12187129558337877,-7.0284555603375814e-12,2.094942916524132,2.6412238812726394,-0.18778801715558754,-7.846223627938712e-12,2.0937313276689093,2.1427936673898285,-0.1496746358306317,-1.1282442570821816e-11,-2.2781991271588318,-3.6097432795342344,0.27157401079067944,-4.93866882738497e-12
1.9958333333333333,1,56,0.11921640963794805,-7.0284555603375814e-12,2.0947092064087736,2.6412238812726394,-0.1908310873662476,-7.846223627938712e-12,2.095295640063654,2.1427936673898285,-0.1651400652919623,-1.1282442570821816e-11,-2.2793727514881543,-3.6097432795342344,0.21123490269578796,-4.93866882738497e-12
2.0,1,56,0.11759722897670538,-7.0284555603375814e-12,2.094476867179523,2.6412238812726394,-0.19472599782022953,-7.846223627938712e-12,2.094529556439734,2.1427936673898285,-0.1540242013656484,-1.1282442570821816e-11,-2.2803945451163807,-3.6097432795342344,0.23521722399722542,-4.93866882738497e-12
2.0041666666666664,1,56,0.11367808448999056,-7.027979926795858e-12,2.094289357632944,2.6411789913782977,-0.19676166685995322,-7.845417440337852e-12,2.093927472761987,2.1427619331365455,-0.20370208429120853,-1.1282687666479306e-11,-2.2812938413326416,-3.6097333521674586,0.1190437220039301,-4.9389465776318194e-12
2.0083333333333333,1,56,0.11517296129459222,-7.026553352146157e-12,2.0972349268457946,2.6410443524605647,-0.1956586124426937,-7.84299943005598e-12,2.094523101108442,2.1426667521257685,-0.1693759887343395,-1.1283422785475455e-11,-2.28235815915088,-3.6097035768708525,0.2059350955814788,-4.939779638016222e-12
2.0125,1,56,0.11261606078529889,-7.0241768140914865e-12,2.096499651107555,2.640820056794228,-0.19578804541672526,-7.838971254276564e-12,2.0939297858115613,2.1425081895898077,-0.20265966765385987,-1.1284647423996422e-11,-2.283106803462665,-3.6096539740509175,0.12911928265640063,-4.941167437600203e-12
2.0166666666666666,1,56,0.11238950049101082,-7.020851941392317e-12,2.0959490624481933,2.6405062581003347,-0.20021744100716884,-7.83333567371007e-12,2.0935373646187703,2.142286354199505,-0.14911427880267358,-1.1286360742736138e-11,-2.284417878751348,-3.6095845777029485,0.23625118661476702,-4.943109025255248e-12
2.0208333333333335,1,56,0.11202986246735762,-7.0165810127503156e-12,2.0955146584280286,2.6401031714408343,-0.1961050968778474,-7.826096550701914e-12,2.0940318706105017,2.1420013979897568,-0.17080002815464077,-1.1288561567471522e-11,-2.285590112215027,-3.6094954353877355,0.17546162727372727,-4.945603070314165e-12
2.025,1,56,0.11289410679794604,-7.011366955246636e-12,2.0951541675674195,2.639611073071189,-0.1954066732327577,-7.817258846585404e-12,2.095034844586099,2.141653516255314,-0.13894788457922044,-1.129124838986723e-11,-2.286909611555783,-3.609386608198969,0.2760848802983596,-4.94864786348305e-12
2.029166666666667,1,56,0.11040516144409457,-7.005213342335844e-12,2.0948387635436623,2.63903030025104,-0.19435827987581691,-7.80682861828149e-12,2.0943518031001984,2.141242947416941,-0.17637452444606555,-1.1294419368509406e-11,-2.2879319671540688,-3.6092581707213682,0.2004688926176571,-4.952241318012756e-12
2.033333333333333,1,56,0.10818689119589478,-6.998124391396848e-12,2.0946132526015635,2.6383612510130687,-0.1962427599315099,-7.794813014147647e-12,2.0942316501401255,2.140769972858011,-0.18220249574152056,-1.1298072330167682e-11,-2.2891801099256037,-3.6091102109795643,0.21042329916012317,-4.956380971129045e-12
2.0375,1,56,0.10373415328509557,-6.99010496084252e-12,2.094431008128754,2.6376043838902024,-0.20023087796128777,-7.781220269078757e-12,2.094429688462341,2.1402349167316617,-0.20867846809005247,-1.1302204771284605e-11,-2.2902884481185706,-3.6089428303777744,0.10470871539925682,-4.9610639857204515e-12
2.0416666666666665,1,56,0.10469609002816971,-6.981160546789984e-12,2.0942681810740673,2.636760217601361,-0.20104424064963622,-7.76605969886332e-12,2.0938672290046254,2.139638145738635,-0.15086523069847613,-1.1306813859691453e-11,-2.2914493440140817,-3.608756143630301,0.20117128480615556,-4.966287152282697e-12
2.0458333333333334,1,56,0.10494218553094166,-6.9712972792938465e-12,2.096247202563455,2.6358293306959517,-0.1945483220150839,-7.74934169379887e-12,2.0946676741779786,2.1389800688759597,-0.16829630021639272,-1.1311896436549265e-11,-2.2927382428340874,-3.608550278682916,0.14054942614968505,-4.972046891118322e-12
2.05,1,56,0.10585269526153177,-6.96052191814497e-12,2.095712846071124,2.634812361157361,-0.19282388833311317,-7.731077711570997e-12,2.0940510792799,2.138261137156647,-0.13121354462739443,-1.1317449018513739e-11,-2.2940306719990704,-3.6083253766251717,0.24413276122926425,-4.978339254790034e-12
2.0541666666666667,1,56,0.10308832441849708,-6.948841848237643e-12,2.0953077541100287,2.6337100059657117,-0.19128436221673856,-7.711280269400813e-12,2.0939011078106953,2.1374818433005847,-0.16460756693571962,-1.1323467800122555e-11,-2.295338743718436,-3.6080815915937037,0.17636738182158815,-4.985159930826083e-12
2.058333333333333,1,56,0.10243685021002302,-6.9362650745083484e-12,2.094997235547995,2.632523020620188,-0.1916592918606293,-7.689962935466281e-12,2.094493455696964,2.1366427213968553,-0.1435037614864549,-1.1329948656403445e-11,-2.296962835966659,-3.6078190906665957,0.2683423583835564,-4.992504244675814e-12
2.0625,1,56,0.09862028354680313,-6.922800216449575e-12,2.094704333202424,2.631252218621255,-0.19144813427852553,-7.667140319603248e-12,2.0938998231297763,2.1357443465376975,-0.19182449232150228,-1.1336887145701239e-11,-2.2980736232981767,-3.6075380537488706,0.1827778611011481,-5.000367162913373e-12
2.0666666666666664,1,56,0.09725808824405884,-6.908456502202454e-12,2.0945073999937276,2.629898470913124,-0.1925807551046105,-7.64282806329262e-12,2.0939899381270366,2.134787334424364,-0.1838401224844912,-1.1344278512721956e-11,-2.2994323751338612,-3.607238673449194,0.25717520441716996,-5.008743296687358e-12
2.0708333333333333,1,56,0.093197944739302,-6.893243762232244e-12,2.0943445730874375,2.6284627052868537,-0.19322802983736875,-7.617042828940438e-12,2.094511966856222,2.1337723409451534,-0.23486930915795223,-1.135211769179185e-11,-2.3008735496919197,-3.6069211549478686,0.16454052523148321,-5.017626905414081e-12
2.075,1,56,0.09196549268881629,-6.877172422591027e-12,2.0966726396719455,2.6269459057444857,-0.19758149857434146,-7.589802288458333e-12,2.0939504026769997,2.132700061725897,-0.19479326058755234,-1.136039931032916e-11,-2.3020503606931055,-3.606585715856215,0.25522669216376315,-5.027011900711865e-12
2.0791666666666666,1,56,0.09043289810363528,-6.860253497772214e-12,2.096091937370365,2.6253491118246615,-0.19397593874525698,-7.561125111152056e-12,2.0933844038771636,2.1315712316532096,-0.22998301237363933,-1.1369117692526218e-11,-2.3039090324825664,-3.606232586067431,0.17257095473287887,-5.0368918505737235e-12
2.0833333333333335,1,56,0.09066668784568749,-6.842498583161754e-12,2.0956139785571337,2.6236734178901706,-0.19607508536944562,-7.531030950926472e-12,2.0926203233906198,2.130386624370837,-0.1763348424277508,-1.1378266863239358e-11,-2.3049191745650335,-3.6058620075990344,0.2797306404533152,-5.047259983775537e-12
2.0875,1,56,0.08796482103752724,-6.823919847091247e-12,2.0952466345965055,2.6219199723779343,-0.1965558954633611,-7.499540432815768e-12,2.0928655248785786,2.1291470517494377,-0.19703603404739006,-1.1387840552083986e-11,-2.306256142695916,-3.605474234426997,0.2214960051991347,-5.0581091945167075e-12
2.091666666666667,1,56,0.08800225596404739,-6.804530022498361e-12,2.0949353203049093,2.6200899770119195,-0.19640073914865452,-7.466675138848064e-12,2.092895393995404,2.127853363330169,-0.15610809540890935,-1.1397832197731982e-11,-2.3075993316403562,-3.6050695323116813,0.2640546734216696,-5.069432047290125e-12
2.095833333333333,1,56,0.0873624594657465,-6.784342398200335e-12,2.0946982991423027,2.6181846859795397,-0.18919660360841659,-7.432457593254193e-12,2.093575033765977,2.126506445742452,-0.19009660395655742,-1.1408234952408514e-11,-2.3091018715859466,-3.6046481786157014,0.1670217902580954,-5.081220781978086e-12
2.1,1,56,0.08787055842961522,-6.7633708097864644e-12,2.094500407524073,2.616205405072097,-0.1859858567786113,-7.396911247030697e-12,2.094660611816249,2.1251072220963207,-0.16606937323394014,-1.1419041686585157e-11,-2.310577976312081,-3.6042104621138336,0.2493360045241735,-5.093467319170697e-12
2.1041666666666665,1,56,0.08479343337126667,-6.741629630135897e-12,2.0943063662153936,2.6141534907898585,-0.18318301163775688,-7.360060461867701e-12,2.094029477275312,2.12365665134977,-0.21227230363369498,-1.1430244993866112e-11,-2.311829021252481,-3.6037566827951037,0.16125501477545703,-5.106163265703092e-12
2.1083333333333334,1,56,0.08398391039669807,-6.719133759567165e-12,2.0966871883104563,2.6120303494123776,-0.18545526623032668,-7.321930493452613e-12,2.094382471104152,2.122155727651532,-0.16552421838985432,-1.1441837196064188e-11,-2.3115654081398826,-3.6032871516571903,0.25214142142849366,-5.119299920407698e-12
2.1125,1,56,0.07985065428853226,-6.695898615626267e-12,2.096087551792052,2.6098374360347014,-0.1870403366168924,-7.282547474161157e-12,2.094226899693205,2.1206054796597367,-0.19305008260286072,-1.1453810348463043e-11,-2.312504293784089,-3.6028021904932817,0.17071402542369832,-5.132868280077567e-12
2.1166666666666667,1,56,0.07863407866215205,-6.671940122520234e-12,2.095619903614032,2.60757625357012,-0.18898534296614072,-7.2419383951475235e-12,2.0944336826115224,2.1190069698369203,-0.16467839408723553,-1.1466156245262093e-11,-2.31375800090501,-3.602302131671535,0.25216940675289784,-5.146859045636741e-12
2.120833333333333,1,56,0.07472074897671223,-6.6472747002034926e-12,2.095200443392581,2.6052483517201463,-0.1892965012648782,-7.200131087846006e-12,2.0938424031108127,2.1173612937218693,-0.2086671039407969,-1.1478866425200363e-11,-2.3146635365684918,-3.6017873179072883,0.1573683625217359,-5.161262628513355e-12
2.125,1,56,0.07323990905047559,-6.6219192531244285e-12,2.094911763534916,2.6028553259124267,-0.19415051867435434,-7.157154204896699e-12,2.0933225697580067,2.115669579178788,-0.1600271715918973,-1.1491932177355413e-11,-2.3159563839800854,-3.60125810202818,0.24352603212282956,-5.176069157211184e-12
2.1291666666666664,1,56,0.06950451232758793,-6.595891158639941e-12,2.094675441046749,2.6003988162073166,-0.19598731608606443,-7.113037200508442e-12,2.0933551000612676,2.1139329856243227,-0.1865513421435402,-1.1505344547113364e-11,-2.31724700649782,-3.600714846732339,0.1612524288530606,-5.191268484075058e-12
2.1333333333333333,1,56,0.06846488421890137,-6.569208255105854e-12,2.094489297187397,2.597880506173861,-0.19846780871113567,-7.06781031027234e-12,2.093647423304429,2.11215270323295,-0.1566484474812416,-1.1519094342305947e-11,-2.3185248630767576,-3.6001579243398085,0.2436089813622845,-5.206850192245571e-12
2.1375,1,56,0.06725775094208968,-6.541888829651409e-12,2.0943268159879427,2.595302121735965,-0.19276577803763761,-7.021504530439832e-12,2.0941279054426127,2.1103299521212944,-0.20350250937599879,-1.1533172139510355e-11,-2.3195037420870506,-3.5995877165373775,0.14861754683353276,-5.222803602798265e-12
2.1416666666666666,1,56,0.06786881630378801,-6.5139516056461824e-12,2.096668398680212,2.5926654299895295,-0.19303539040524936,-6.974151596679394e-12,2.0953590169015994,2.1084659815119187,-0.1557891636689701,-1.1547568290507582e-11,-2.321013337896493,-3.599004614116992,0.23540642578941376,-5.239117782062437e-12
2.1458333333333335,1,56,0.06491572139628322,-6.485415729868004e-12,2.0960469568424545,2.5899722379913714,-0.19321610813927692,-6.9257839623264846e-12,2.094590751084197,2.1065620688771713,-0.1827905265992887,-1.1562272928894844e-11,-2.3223013347330244,-3.598409016707923,0.15111127090389714,-5.255781549114533e-12
2.15,1,56,0.06445137795443479,-6.45630075938074e-12,2.0955704120617513,2.587224391520759,-0.1946452481312717,-6.876434776141682e-12,2.093900694850424,2.1046195190636703,-0.15239780815749565,-1.1577275976847499e-11,-2.323588902065181,-3.597801332502885,0.23157512823669557,-5.2727834834409864e-12
2.154166666666667,1,56,0.0610483974182382,-6.426626648130832e-12,2.0951903714082447,2.5844237738144042,-0.19462414591827648,-6.8261378595921405e-12,2.0934278763784095,2.1026396633980244,-0.19603394893062911,-1.1592567152025902e-11,-2.3245663308595574,-3.5971819779782765,0.13816650411724987,-5.290111932765279e-12
2.158333333333333,1,56,0.06014223592970675,-6.396413733271881e-12,2.094902329340897,2.58157230427579,-0.1960025433735134,-6.7749276836720856e-12,2.0933214216240885,2.1006238587744113,-0.1805807334386554,-1.1608135974622395e-11,-2.3260699504437645,-3.596551377608753,0.20938902570666038,-5.307755021033815e-12
2.1625,1,56,0.056558640543161925,-6.365682721226556e-12,2.094651982261135,2.578671937159703,-0.19571908750538425,-6.722839345278077e-12,2.09339063333893,2.098573486724628,-0.23808862385237006,-1.1623971774543652e-11,-2.3269426219585503,-3.595909963576307,0.10433361050584081,-5.325700656555191e-12
2.1666666666666665,1,56,0.05546392535597194,-6.334454673495471e-12,2.094478951232954,2.5757246602328894,-0.20011059222073863,-6.669908543155391e-12,2.093367050046295,2.0964899524712597,-0.19987542368825262,-1.1640063698723422e-11,-2.3286778039039753,-3.5952581754740773,0.1822856370826575,-5.343936540287221e-12
2.1708333333333334,1,56,0.05636654865897064,-6.30275099222266e-12,2.0943299179144548,2.5727324934117335,-0.1976232733956203,-6.616171553431839e-12,2.0934897109273636,2.0943746839646082,-0.18224732232921814,-1.1656400718560682e-11,-2.3297945453655218,-3.5945964600050724,0.12054363299417016,-5.362450174266104e-12
2.175,1,56,0.061488505304588416,-6.2705934055276375e-12,2.096837865063028,2.5696974873779137,-0.18605111048287085,-6.561665204755965e-12,2.0947642137783937,2.092229130904048,-0.16955358314692873,-1.1672971637478086e-11,-2.3310488546914425,-3.5939252706760203,0.20954229302633237,-5.38122887017188e-12
2.1791666666666667,1,56,0.060725314364534475,-6.2380039526140124e-12,2.096166896484771,2.5666217221729624,-0.17962164203355396,-6.506426853056488e-12,2.0940998891174702,2.090054763744474,-0.22774724249396194,-1.1689765098595548e-11,-2.331780528402586,-3.5932450674865613,0.1136778946208015,-5.400259758024399e-12
2.183333333333333,1,56,0.06115341279562407,-6.205004968664937e-12,2.095690647744958,2.5635073057727147,-0.18070549407884615,-6.450494355940457e-12,2.0934582761826395,2.087853072688526,-0.18862612264582074,-1.1706769592513665e-11,-2.333422627584245,-3.5925563166139844,0.19938351653559136,-5.419529795003735e-12
2.1875,1,56,0.058680492798725496,-6.17161906953567e-12,2.095283686522888,2.5603563726426017,-0.18007458282244843,-6.393906046747494e-12,2.093106835740932,2.085625566665276,-0.22544110698134073,-1.1723973465201706e-11,-2.3345553307143083,-3.591859490093733,0.11550878880466824,-5.439025774389107e-12
2.1916666666666664,1,56,0.05867673322999388,-6.137869136253815e-12,2.0949867156207467,2.5571710822747984,-0.1839491442980804,-6.3367007082780805e-12,2.0925066404818353,2.083373772296086,-0.1678165141116696,-1.1741364925984674e-11,-2.33621825263075,-3.591155065495898,0.21598708688991133,-5.458734334610086e-12
2.1958333333333333,1,56,0.05592669730601644,-6.103778299337792e-12,2.094734301702478,2.553953617708214,-0.1854381044270898,-6.278917546213722e-12,2.09235060514184,2.0810992328483375,-0.18867567214386827,-1.175893205562408e-11,-2.337615294309664,-3.590443525597911,0.1469057549732507,-5.478641968403965e-12
2.2,1,56,0.05587608633262269,-6.0693699229443515e-12,2.0945397529041894,2.5507061840323466,-0.18759348971131762,-6.220596162247372e-12,2.092247711032464,2.078803507177752,-0.15237475638141879,-1.1776662814486763e-11,-2.3391264222335835,-3.5897253580536765,0.24269582917440138,-5.49873503207295e-12
2.2041666666666666,1,56,0.052802692843095404,-6.03466758885594e-12,2.094362422815185,2.547431006876025,-0.1881808819396832,-6.161776526942386e-12,2.092157531794526,2.07648816866003,-0.19290205097908758,-1.1794545050796267e-11,-2.3402940991626573,-3.589001055059356,0.16011393910761554,-5.5189997548348675e-12
2.2083333333333335,1,56,0.052539342866716444,-5.999695080318913e-12,2.0966101455139055,2.544130330882073,-0.18953283995241596,-6.102498952338685e-12,2.0928788156884033,2.0741548041125375,-0.17357790764887646,-1.1812566508961068e-11,-2.341870393704389,-3.5882711130160416,0.23947667469698417,-5.539422248260989e-12
2.2125,1,56,0.0489307172392242,-5.9644763657437144e-12,2.0960149589152985,2.5408064181689447,-0.19023429612176698,-6.042804064324934e-12,2.0928795403860585,2.0718050127067817,-0.22980814903129654,-1.1830714837973928e-11,-2.3428691686509073,-3.5875360321895484,0.13851100933195673,-5.559988515794441e-12
2.216666666666667,1,56,0.04782623474918432,-5.929035582278093e-12,2.095585022311844,2.53746154678038,-0.19575357549340414,-5.982732774795538e-12,2.092815282378895,2.069440404872417,-0.18740137899336967,-1.1848977599876675e-11,-2.345128901589002,-3.586796316367557,0.20904482029490953,-5.580684462342768e-12
2.220833333333333,1,56,0.04454574257680355,-5.8933970192647366e-12,2.095209856074743,2.5340980091241496,-0.1979760693446472,-5.922326253611726e-12,2.0928772565964606,2.067062601193539,-0.22383245182004732,-1.186734227828454e-11,-2.34652559811495,-3.586052472514343,0.1147003999653225,-5.601495903937988e-12
2.225,1,56,0.04636019559817478,-5.857585101594541e-12,2.094919263454185,2.530718110400949,-0.1981075057966108,-5.861625900385731e-12,2.0924706825199655,2.064673231298014,-0.16702969889372543,-1.1885796286964285e-11,-2.3475060492625914,-3.585305010423326,0.2103439695372159,-5.622408577457592e-12
2.2291666666666665,1,56,0.04708902577020374,-5.821624372967039e-12,2.0946863135241114,2.527324167024535,-0.1912706544056137,-5.8006733161076174e-12,2.0923681849118068,2.062273932740618,-0.19329571674973509,-1.1904326978460155e-11,-2.3488212616944897,-3.5845544423676876,0.14002399320955453,-5.6434081503997534e-12
2.2333333333333334,1,56,0.04891000687658259,-5.785539479069347e-12,2.0944996810386596,2.5239185050341657,-0.1887437543631358,-5.739510274633986e-12,2.0922537316963643,2.0598663498807337,-0.1583929131098462,-1.192292165276183e-11,-2.350113746094144,-3.583801282749281,0.22832405903011244,-5.664480230706137e-12
2.2375,1,56,0.04680138467933102,-5.7493551506852695e-12,2.094345591211361,2.5205034585004533,-0.18663600421387355,-5.678178694058315e-12,2.0921302272330706,2.0574521327553925,-0.20115460655459846,-1.1941567566008363e-11,-2.3513683923544857,-3.583046047746088,0.1415582238468407,-5.685610376625468e-12
2.2416666666666667,1,56,0.04702692536767552,-5.713096186746025e-12,2.0965255307415482,2.5170813679257056,-0.18933204090770242,-5.616720607982336e-12,2.0923723726614516,2.0550329359484185,-0.14598859595263028,-1.1960251939222207e-11,-2.3525961293794637,-3.582289254958454,0.23879264386244026,-5.706784106611214e-12
2.245833333333333,1,56,0.04405294091422615,-5.676787437334329e-12,2.0959728309449717,2.513654578639866,-0.1904508650857552,-5.555178136708358e-12,2.0920751948745555,2.0526104174564628,-0.17224984953351088,-1.197896196706726e-11,-2.3540175205966865,-3.5815314230543542,0.16663242250754526,-5.727986909246489e-12
2.25,1,56,0.04376038768977269,-5.640453786653359e-12,2.0955281798118697,2.510225439193139,-0.1924125314977835,-5.4935934583720664e-12,2.091787423667429,2.050186237552691,-0.13840000190626112,-1.1997684826625028e-11,-2.3554477559057214,-3.5807730714139208,0.25010175858942446,-5.749204253189474e-12
2.2541666666666664,1,56,0.040430555600156494,-5.604120135972392e-12,2.09516901408401,2.506796299746412,-0.19275387593915366,-5.432008780035781e-12,2.0913331550128067,2.047762057648919,-0.18382264593645253,-1.2016407686182794e-11,-2.3568092680019386,-3.580014719773487,0.15694869833042735,-5.770421597132458e-12
2.2583333333333333,1,56,0.03961378454937891,-5.567811386560693e-12,2.0948838469571425,2.503369510460572,-0.19462729010566462,-5.370466308761798e-12,2.0909923588292223,2.045339539156963,-0.16678092292111404,-1.203511771402785e-11,-2.3580561160059426,-3.579256887869387,0.22640611215208464,-5.791624399767734e-12
2.2625,1,56,0.03584009429340391,-5.531552422621448e-12,2.0946485054237547,2.4999474198858245,-0.19488708801829438,-5.3090082226858184e-12,2.0904938771611716,2.042920342349989,-0.22751611442697414,-1.2053802087241693e-11,-2.359327589008584,-3.578500095081753,0.11982793848384768,-5.812798129753481e-12
2.2666666666666666,1,56,0.0346016442042363,-5.49536809423737e-12,2.094534466202795,2.496532373352112,-0.19991912464248868,-5.247676642110147e-12,2.0900917991123134,2.0405061252246477,-0.18792536508334903,-1.2072448000488227e-11,-2.362722425932088,-3.57774486007856,0.2008710485320564,-5.833928275672812e-12
2.2708333333333335,1,56,0.03346708002813827,-5.4592832003396776e-12,2.094359709425005,2.4931267113617426,-0.19550548649070731,-5.186513600636516e-12,2.089295882289132,2.0380985423647635,-0.23320689808869302,-1.2091042674789901e-11,-2.364672201465199,-3.5769917004601535,0.133240692125801,-5.855000355979195e-12
2.275,1,56,0.03418153332882636,-5.423322471712177e-12,2.096428536333973,2.4897327679853287,-0.19715167221501514,-5.125561016358402e-12,2.0885825177841024,2.0356992438073673,-0.177356733985328,-1.2109573366285771e-11,-2.3664824534683198,-3.576241132404515,0.24228460523524323,-5.8759999289213575e-12
2.279166666666667,1,56,0.03382911035379289,-5.38751055404198e-12,2.0958820725519622,2.486352869262128,-0.1917018881922486,-5.064860663132408e-12,2.0873115537034335,2.033309873911843,-0.20842999390841935,-1.2128027374965516e-11,-2.36797215706234,-3.5754936703134983,0.18385893259760483,-5.896912602440961e-12
2.283333333333333,1,56,0.03474914711246038,-5.351871991028624e-12,2.095455172406574,2.4829893316058977,-0.19321545508708352,-5.004454141948595e-12,2.085799659289652,2.0309320702329647,-0.14000460427754802,-1.2146392053373381e-11,-2.3698367580582302,-3.574749826460284,0.3009163327286528,-5.917724044036181e-12
2.2875,1,56,0.032336535879657506,-5.316431207563002e-12,2.0951037568905493,2.479644460217333,-0.1929902657377246,-4.944382852419199e-12,2.0846461996943733,2.0285674623986,-0.15689142374681833,-1.2164654815276128e-11,-2.3711716869488164,-3.5740101106382927,0.2480048296527696,-5.9384199905845085e-12
2.2916666666666665,1,56,0.03021671107551993,-5.281212492987804e-12,2.0948124132543473,2.476320547504205,-0.1951610001970609,-4.8846879644054476e-12,2.0834716867802796,2.0262176709928443,-0.14296462788675943,-1.2182803144288988e-11,-2.3723597382179915,-3.5732750298117995,0.24977825414422816,-5.958986258117961e-12
2.2958333333333334,1,56,0.026821784484216075,-5.246239984450777e-12,2.09458997588576,2.4730198715102527,-0.1946301900787101,-4.825410389801747e-12,2.0823093403666517,2.023884306445352,-0.18776099043377154,-1.220082460245379e-11,-2.3749864257959006,-3.5725450877684852,0.12987258722220932,-5.979408751544082e-12
2.3,1,56,0.025976535289847384,-5.211537650362365e-12,2.0944157318978767,2.469744694353931,-0.19561359828607672,-4.766590754496761e-12,2.081339109799277,2.02156896792763,-0.16703092875313033,-1.2218706838763293e-11,-2.377090931520683,-3.5718207847741645,0.20212463573831163,-5.9996734743059995e-12
2.3041666666666667,1,56,0.02233062376652636,-5.177129273968924e-12,2.0942762973022173,2.466497260678064,-0.19460934406608674,-4.70826937053041e-12,2.0803936226592263,2.019273242257044,-0.22581282816429693,-1.2236437597625975e-11,-2.378306046115068,-3.57110261722993,0.10759262670867592,-6.019766537974983e-12
2.308333333333333,1,56,0.021274261865142415,-5.143038437052905e-12,2.096450180477629,2.46327979611148,-0.19841694352975842,-4.650486208466059e-12,2.0798646744017453,2.0169987028092957,-0.1812033217295194,-1.225400472726538e-11,-2.380059310655714,-3.570391077331943,0.19783950704167053,-6.039674171768861e-12
2.3125,1,56,0.019625328052935626,-5.109288503771047e-12,2.0958851350123138,2.460094505743676,-0.19425493083660658,-4.59328086999664e-12,2.0784204581250436,2.014746908440106,-0.22419758820454885,-1.227139618804835e-11,-2.381946999868712,-3.569686652734108,0.1264287595596257,-6.059382731989842e-12
2.3166666666666664,1,56,0.019494581887900143,-5.075902604641783e-12,2.095482870279232,2.4569435726135636,-0.1970059328580048,-4.5366925608036816e-12,2.076776484406122,2.012519402416856,-0.1642598835410233,-1.2288600060736388e-11,-2.383584132329219,-3.5689898262138566,0.23358524646877335,-6.078878711375212e-12
2.3208333333333333,1,56,0.01890923275562626,-5.042903620692705e-12,2.0951225226504784,2.4538291562133154,-0.19108302825082304,-4.480760063687645e-12,2.075262510485719,2.0103177113609076,-0.19440750338994148,-1.2305604554654508e-11,-2.385670290573699,-3.56830107534128,0.17410528546315476,-6.09814874835455e-12
2.325,1,56,0.019371657361357007,-5.0103141677790795e-12,2.094853980466195,2.450753391008364,-0.18973548946423743,-4.425521711988168e-12,2.0738329782445994,2.0081433442013337,-0.16007880422325174,-1.232239801577197e-11,-2.3873523118608855,-3.5676208721518208,0.2646428009317631,-6.117179636207069e-12
2.3291666666666666,1,56,0.01629625446360009,-4.978156581084057e-12,2.0945985927275825,2.4477183849745443,-0.1876111034884127,-4.371015363312294e-12,2.0722073281634277,2.0059977911407736,-0.20913729681500812,-1.2338968934689374e-11,-2.3894641797753464,-3.5669496828227687,0.18704613248676522,-6.135958332112845e-12
2.3333333333333335,1,56,0.015426139535120962,-4.946452899811247e-12,2.0944522052411507,2.4447262181533884,-0.1910683390018321,-4.317278373588742e-12,2.070612009567136,2.003882522634122,-0.1547464234621234,-1.2355305954526634e-11,-2.3911181619485604,-3.5662879673537637,0.28900673751597933,-6.154471966091727e-12
2.3375,1,56,0.011915315164842129,-4.915224852080161e-12,2.094294277441535,2.4417789412265747,-0.19155411758567442,-4.2643475714660565e-12,2.06900255109744,2.0017989883807537,-0.18780321045558993,-1.2371397878706404e-11,-2.3933276130823447,-3.565636179251534,0.2231429477195442,-6.172707849823758e-12
2.341666666666667,1,56,0.009250359069877733,-4.884493840034837e-12,2.0960972441838774,2.438878574110488,-0.19364852949475067,-4.212259233072049e-12,2.067893952407045,1.9997486163309703,-0.18690300813477675,-1.238723367862766e-11,-2.394806127620838,-3.5649947652190885,0.22077286141941838,-6.190653485345134e-12
2.345833333333333,1,56,0.005622348445065858,-4.854280925175885e-12,2.0956143966548417,2.4360271045718735,-0.19545247161260154,-4.161049057151992e-12,2.065937990677473,1.9977328117073572,-0.21398034122928958,-1.2402802501224154e-11,-2.396396254886532,-3.5643641648495645,0.12214756122085885,-6.2082965736136705e-12
2.35,1,56,0.004766102693750915,-4.8246068139259775e-12,2.095247091429344,2.433226486865519,-0.20123599165707592,-4.110752140602452e-12,2.063661121287248,1.9957529560417113,-0.13700559329992756,-1.2418093676402557e-11,-2.3980124007406247,-3.5637448103249563,0.23718687391403204,-6.225625022937963e-12
2.3541666666666665,1,56,0.004045990649506162,-4.795491843438713e-12,2.094955694266559,2.430478640394906,-0.196830260618001,-4.061402954417648e-12,2.061677500780539,1.99381040622821,-0.15474920664222055,-1.2433096724355212e-11,-2.4003461257245524,-3.5631371261199183,0.18051534090816607,-6.242626957264416e-12
2.3583333333333334,1,56,0.0069141999490194865,-4.7669559676605345e-12,2.0947044871294733,2.4277854483967483,-0.1903698531256614,-4.013035320064739e-12,2.0596691877555666,1.991906493593463,-0.11071983031536217,-1.2447801362742474e-11,-2.401999278015386,-3.5625415287108493,0.2886564850243705,-6.259290724316512e-12
2.3625,1,56,0.0049835121522783105,-4.7390187436553084e-12,2.0944855957849065,2.4251487566503127,-0.18546562230539693,-3.965682386304302e-12,2.057318219645711,1.9900425229840875,-0.15383154359964513,-1.2462197513739701e-11,-2.40407894697639,-3.5619584262904636,0.22287775483767464,-6.275604903580683e-12
2.3666666666666667,1,56,0.002612618509663089,-4.711699318200863e-12,2.0943258727170475,2.422570372212417,-0.18501960166526804,-3.919376606471793e-12,2.0552516445003173,1.9882197718724315,-0.1607592992926728,-1.2476275310944109e-11,-2.4057886165341613,-3.5613882184880326,0.218617831737532,-6.291558314133378e-12
2.370833333333333,1,56,-0.00027151238951168475,-4.685016414666779e-12,2.095880076988476,2.4200520621789616,-0.18549873386056737,-3.8741497162356965e-12,2.053325183360306,1.9864394894810589,-0.17050976946045196,-1.249002510613669e-11,-2.4075527296061106,-3.560831296095502,0.12865616409703926,-6.307140022303889e-12
2.375,1,56,-0.0009663218842239429,-4.6589883201822884e-12,2.0954495159867936,2.417595552473851,-0.1873268516991562,-3.830032711847434e-12,2.0510119152316872,1.9847028959265933,-0.12263902499566089,-1.2503437475894643e-11,-2.409146189096732,-3.560288040799661,0.23037334480062974,-6.322339349167765e-12
2.3791666666666664,1,56,-0.004806854748455223,-4.633632873103227e-12,2.095085873931178,2.415202526666132,-0.18705773633065217,-3.787055828898132e-12,2.048433103418379,1.9830111813835125,-0.16477668783116092,-1.2516503228049691e-11,-2.411222231825523,-3.5597588249205527,0.16357482362193018,-6.337145877865593e-12
2.3833333333333333,1,56,-0.00628642395780984,-4.608967450786483e-12,2.094798960892203,2.412874624816158,-0.18863129849822272,-3.745248521596609e-12,2.0463006071187055,1.9813655052684611,-0.1395109977264178,-1.2529213407987963e-11,-2.4133069893604207,-3.559244011156306,0.25811337562295444,-6.351549460742208e-12
2.3875,1,56,-0.01066643767632067,-4.58500895768045e-12,2.094549884676107,2.4106134423515764,-0.18798120013138617,-3.704639442582975e-12,2.0438303454379705,1.979766995445645,-0.20294717083105823,-1.2541559304787013e-11,-2.4153362288139077,-3.5587439523345594,0.17457490575094464,-6.365540226301382e-12
2.3916666666666666,1,56,-0.012452139358321623,-4.561773813739552e-12,2.0944086032192795,2.4084205289739002,-0.19236860738230183,-3.6652564232915195e-12,2.0417436800524005,1.9782167474538495,-0.1570137378114479,-1.2553532457185868e-11,-2.4170450404891466,-3.558258991170651,0.2743341370929977,-6.379108585971251e-12
2.3958333333333335,1,56,-0.016622190410072134,-4.539277943170821e-12,2.094264726871107,2.4062973875964193,-0.19310317667936044,-3.6271264548764326e-12,2.039446438045058,1.9767158237556115,-0.20294814709605608,-1.2565124659383944e-11,-2.4186223577359174,-3.5577894600327373,0.19569864700423423,-6.392245240675857e-12
2.4,1,56,-0.01786886197315789,-4.517536763520253e-12,2.096320991454353,2.4042454733141807,-0.19797352969510879,-3.590275669713437e-12,2.037619408691497,1.9752652530090609,-0.14020085981401129,-1.25763279666649e-11,-2.420261006469968,-3.5573356807140075,0.3056740439882631,-6.404941187208252e-12
2.404166666666667,1,56,-0.019557217641733144,-4.496565175106382e-12,2.095809237808366,2.402266192406738,-0.19406841458526225,-3.5547293234899395e-12,2.034955457251367,1.9738660293629298,-0.1749439797968309,-1.2587134700841542e-11,-2.4222383421552167,-3.5568979642121397,0.23373774177213374,-6.4171877244008635e-12
2.408333333333333,1,56,-0.02140795103211982,-4.4763775508083555e-12,2.095391628199263,2.4003609013743583,-0.19391520165254225,-3.5205117778960693e-12,2.0324621251734496,1.9725191117752126,-0.17324565866283836,-1.2597537455518074e-11,-2.423714956008435,-3.55647661051616,0.22813215270968498,-6.428976459088824e-12
2.4125,1,56,-0.023946555726413545,-4.456987726215471e-12,2.0950574937218325,2.3985309060083435,-0.19335665265914256,-3.4876464839283654e-12,2.03003805593977,1.9712254233559436,-0.19511587893932933,-1.260752910116607e-11,-2.424690384438682,-3.556071908400844,0.13170374368282242,-6.440299311862242e-12
2.4166666666666665,1,56,-0.024025875859818087,-4.438408990144963e-12,2.094805715144683,2.396777460496107,-0.1944432690675667,-3.4561559658176605e-12,2.027571408552015,1.9699858507345447,-0.14823550609391567,-1.2617102790010698e-11,-2.426389484131925,-3.5556841352288067,0.22381605490423198,-6.451148522603412e-12
2.4208333333333334,1,56,-0.027166006432384867,-4.420654075534502e-12,2.0945865727546176,2.3951017665616163,-0.1932496459783007,-3.4260618055920765e-12,2.02518294039049,1.968801243452172,-0.19401362285741544,-1.2626251960723838e-11,-2.4277579996616407,-3.55531355676041,0.14604931332380353,-6.461516655805226e-12
2.425,1,56,-0.028157213332145308,-4.4037351507156906e-12,2.0944226050121273,2.393504972641792,-0.19462774268172367,-3.3973846282858006e-12,2.022920042763391,1.9676724133794847,-0.1691992299724006,-1.2634970342920895e-11,-2.4294595190141233,-3.554960426971626,0.22940682307576304,-6.471396605667084e-12
2.4291666666666667,1,56,-0.031951342150840764,-4.387663811074473e-12,2.0942676778518337,2.391988173099424,-0.1936341841186008,-3.3701440878036948e-12,2.02044766303641,1.9666001341602282,-0.23538417957787464,-1.2643251961458205e-11,-2.4306583528345804,-3.5546249878799725,0.12892833486840036,-6.4807816009648685e-12
2.433333333333333,1,56,-0.03319917143458997,-4.372451071104264e-12,2.0962967864941735,2.390552407473154,-0.1978182099490854,-3.3443588534515168e-12,2.0186927528417686,1.9655851406810179,-0.18788408504734688,-1.2651091140528098e-11,-2.4324750721199457,-3.554307469378647,0.22463698927450354,-6.48966520969159e-12
2.4375,1,56,-0.034753051549540497,-4.358107356857142e-12,2.0957765562324138,2.389198659765023,-0.1931778013529359,-3.3200465971408848e-12,2.0161529372362113,1.9646281285676843,-0.23826201257531948,-1.2658482507548817e-11,-2.4340147613444523,-3.5540080890789705,0.13983914052145524,-6.4980413434655765e-12
2.4416666666666664,1,56,-0.0348310760477453,-4.344642498798369e-12,2.095383587569474,2.38792785776609,-0.19579761833710893,-3.2972239812778544e-12,2.0134698095203865,1.963729753708526,-0.17538105600267254,-1.2665420996846611e-11,-2.436031848184486,-3.5537270521612454,0.24775290367461972,-6.505904261703134e-12
2.4458333333333333,1,56,-0.03765852722071024,-4.332065725069074e-12,2.095095937553041,2.386740872420566,-0.19528870784709892,-3.2759066473433192e-12,2.011652001977541,1.9628906318047972,-0.21036055601189949,-1.2671901853127501e-11,-2.4376491580767805,-3.5534645512341374,0.18817146487301517,-6.513248575552866e-12
2.45,1,56,-0.03822860772807039,-4.320385655161747e-12,2.094842342872958,2.3856385172289167,-0.19997197543870202,-3.256109205173135e-12,2.0091092208816868,1.9621113379487347,-0.1342027368518241,-1.2677920634736317e-11,-2.4405942126394673,-3.5532207662026694,0.3124841097264384,-6.5200692515889155e-12
2.4541666666666666,1,56,-0.039111986435556106,-4.30961029401287e-12,2.0946255684160766,2.384621547690326,-0.19521229275386637,-3.2378452229452632e-12,2.0069548709820593,1.9613924062294217,-0.15937050982207823,-1.2683473216700791e-11,-2.44350016743782,-3.552995864144925,0.22588308120505005,-6.5263616152606274e-12
2.4583333333333335,1,56,-0.04039367922792358,-4.2997470265167334e-12,2.09443002222942,2.3836906607849166,-0.1948218226358748,-3.2211272178808136e-12,2.004685263604066,1.9607343293667467,-0.14802432076703692,-1.2688555793558603e-11,-2.445518963618717,-3.55278999919754,0.22523389125171034,-6.532121354096252e-12
2.4625,1,56,-0.04296402827411148,-4.290802612464197e-12,2.09426746805191,2.3828464944960754,-0.19219749504318986,-3.2059666476653756e-12,2.0021888870332005,1.96013755837372,-0.1968124947399237,-1.2693164881965451e-11,-2.447376456625212,-3.5526033124500667,0.11208804692782424,-6.537344520658498e-12
2.466666666666667,1,56,-0.043292011801498095,-4.282783181909869e-12,2.0963321678075553,2.382089627373209,-0.1952607718684742,-3.1923739025964855e-12,2.0007235882883476,1.9596025022473704,-0.12889741335638727,-1.2697297323082374e-11,-2.4500738393665458,-3.5524359318482768,0.2242681399239867,-6.542027535249904e-12
2.470833333333333,1,56,-0.04692679866410984,-4.275694230970873e-12,2.095805707165265,2.3814205781352378,-0.19610045072699503,-3.1803582984626435e-12,1.9983365797613062,1.9591295276884406,-0.16096875443146344,-1.270095028474065e-11,-2.4518990759694987,-3.552287972106473,0.16228284735335816,-6.546167188366193e-12
2.475,1,56,-0.04804021438653794,-4.26954061806008e-12,2.095403451571076,2.3808398053150888,-0.19829897324152507,-3.1699280701587285e-12,1.9961280015749006,1.9587189588500677,-0.12202549522783132,-1.2704121263382826e-11,-2.454890274918802,-3.552159534628872,0.26555777681998816,-6.549760642895898e-12
2.4791666666666665,1,56,-0.049640381373709186,-4.264326560556401e-12,2.0950427413233665,2.3803477069454435,-0.1920533324097077,-3.16109036604222e-12,1.993402845116118,1.958371077115625,-0.18421745240845805,-1.2706808085778536e-11,-2.4568936806685295,-3.5520507074401055,0.1793253777253577,-6.552805436064784e-12
2.4833333333333334,1,56,-0.05007230099317091,-4.2600556319144e-12,2.0947748288214405,2.379944620285943,-0.1906590454011145,-3.1538512430340635e-12,1.9913407630852336,1.9580861209058762,-0.1694150471081075,-1.2709008910513918e-11,-2.4590746913484995,-3.5519615651248926,0.2579045929011827,-6.555299481123701e-12
2.4875,1,56,-0.05403482069854796,-4.2567307592152305e-12,2.094560953243531,2.3796308215920496,-0.18837640876344297,-3.14821566246757e-12,1.9892479279026078,1.957864285515574,-0.2485277632765239,-1.2710722229253634e-11,-2.4622665196413216,-3.5518921687769236,0.12193066049784523,-6.557241068778746e-12
2.4916666666666667,1,56,-0.055661416865681886,-4.254354221160559e-12,2.09441471912382,2.379406525925713,-0.19219521700978814,-3.1441874866881537e-12,1.9871194549763889,1.9577057229796133,-0.20621249316101442,-1.27119468677746e-11,-2.464058784010868,-3.5518425659569886,0.20834245100116813,-6.5586288683627275e-12
2.495833333333333,1,56,-0.059812998531661866,-4.252927646510859e-12,2.0942532304215074,2.37927188700798,-0.19583048355923147,-3.1417694764062825e-12,1.9847945866839207,1.957610541968836,-0.22122775468434966,-1.271268198677075e-11,-2.4661177381125916,-3.5518127906603825,0.14831704969735848,-6.55946192874713e-12
2.5,1,56,-0.06060688609197523,-4.2524520129691355e-12,2.096411345830813,2.3792269971136384,-0.20231867395128064,-3.140963288805421e-12,1.9829433098422846,1.9575788077155531,-0.12243398515473305,-1.271292708242824e-11,-2.469150732923376,-3.5518028632936067,0.29241730092814844,-6.559739678993979e-12
2.5041666666666664,1,56,-0.061885891717678665,-5.0793419615438973e-05,2.095887949194585,2.379102261728959,-0.19930200990932478,-1.6024805032347426e-05,1.9805472721664956,1.9575771191861442,-0.1360566620170492,1.0619081078856747e-05,-2.4708846237894897,-3.5516824790461454,0.24853778462837606,-7.227744494114259e-05
2.5083333333333333,1,56,-0.061081220978088165,-0.0002031649625140987,2.0954374814730645,2.378728076947688,-0.19409244565071895,-6.40964649391715e-05,1.977884589285883,1.9575720538872383,-0.11795877635539687,4.2474542927140895e-05,-2.472708698075717,-3.551321346930983,0.2425878503041066,-0.000289097375718279
2.5125,1,56,-0.06166997810166362,-0.00045708852486900744,2.0950430240470634,2.37810450688446,-0.18806392342306952,-0.000144206746029997,1.975363104876454,1.9575636126867484,-0.14651682877972136,9.556091456253862e-05,-2.4733525310529805,-3.550719528826248,0.23072312430994055,-0.0006504226479122608
2.5166666666666666,1,56,-0.06339566335098497,-0.0008125205981849386,2.0947364283465735,2.3772316583847966,-0.18745526051914294,-0.0002563419218205619,1.9733458265941064,1.9575517970310305,-0.13974591478536516,0.00016986909990855556,-2.4743681631987027,-3.5498771278503747,0.23761755144373248,-0.001156191350297778
2.5208333333333335,1,56,-0.06716616767076582,-0.001269400281005891,2.094482223931313,2.3761096810067937,-0.18607250339728051,-0.00040048277852576536,1.9713122414258937,1.9575366089446367,-0.18754019081071144,0.0002653863666401707,-2.4741250655604836,-3.5487942883444332,0.22875899589917778,-0.0018063168220113699
2.525,1,56,-0.07128817794967215,-0.001827649289350247,2.0942897182530755,2.3747387669954994,-0.18815669615439165,-0.0005766046183518535,1.969593953711785,1.9575180510299672,-0.20492561230025275,0.0003820963483654559,-2.4743705861844454,-3.547471195847399,0.22777878638829485,-0.0026006876674003285
2.529166666666667,1,56,-0.07573075499060607,-0.002487171970124346,2.095655412882061,2.373119151249972,-0.1950961668022403,-0.0007846772637282642,1.9681683055879264,1.9574961264668251,-0.16792543486957479,0.0005199790474298767,-2.475333781754305,-3.5459080770643596,0.24333826778823817,-0.0035391677751097934
2.533333333333333,1,56,-0.08197571186715648,-0.0032478553175119096,2.095219662700424,2.3712511112830326,-0.19772952789885087,-0.0010246650624783226,1.9661515001684007,1.9574708390118716,-0.2211089810074058,0.0006790108383427372,-2.4750269246771492,-3.544105199827672,0.22825136626081807,-0.00462159634140439
2.5375,1,56,-0.08467901241200733,-0.004109568992337606,2.0948945488926087,2.369134967173711,-0.19911126182372746,-0.001296526893928248,1.9640285667461912,1.9574421929979817,-0.19824615256121614,0.0008591644718254116,-2.476567098342344,-3.542062873051069,0.23927580561863943,-0.005847787897721978
2.5416666666666665,1,56,-0.08732844365413492,-0.00507216534439916,2.094612892253257,2.3667710815124083,-0.19526928747273314,-0.0016002161759527036,1.961829515643318,1.9574101933335029,-0.22084707338675402,0.001060409079480192,-2.476089296002395,-3.5397814466767303,0.23089214585846185,-0.007217532342451532
2.5458333333333334,1,56,-0.09090263768824956,-0.006135479437767277,2.0943966656427757,2.364159859338762,-0.1989518649190723,-0.0019356808729566657,1.9593480237115244,1.9573748455014122,-0.17547114516836804,0.001282710179079603,-2.4771241475616463,-3.5372613116153198,0.24677884508478168,-0.008730594976934158
2.55,1,56,-0.09441032166443147,-0.00729932907904589,2.0942108398121277,2.361301748072249,-0.19332019890522828,-0.00230286350479124,1.95723980714876,1.9573361555583795,-0.22572601330301653,0.0015260296804746115,-2.476858453191681,-3.534502899679007,0.23512256566291537,-0.010386716545676529
2.5541666666666667,1,56,-0.09862268020869741,-0.008563514848590546,2.0954641148869926,2.358197237435522,-0.19557871949945194,-0.0027017011566027446,1.955603819056063,1.9572941301337266,-0.19887684811408646,0.0017903258921212794,-2.4780772297391014,-3.5315066835074767,0.24202892092103112,-0.012185613280773671
2.558333333333333,1,56,-0.10498190027649391,-0.009927820134677568,2.095069730483702,2.354846859370496,-0.19880516296710152,-0.0031321254896127275,1.9534139846109069,1.9572487764282942,-0.20785039942631126,0.0020755535282243184,-2.478314029657111,-3.5282731764869455,0.2450690405153118,-0.014126976950530612
2.5625,1,56,-0.11012346963764118,-0.011392011170619902,2.0948444547541842,2.3512511879472044,-0.20054743716457096,-0.003594062752827639,1.9513527845491274,1.957200102213206,-0.18897972310920633,0.0023816637164966914,-2.4797841018670366,-3.524802932662195,0.22937510517460455,-0.016210474912277072
2.5666666666666664,1,56,-0.11223086420998928,-0.012955837074820849,2.094562211201441,2.347410839265436,-0.19291270878651035,-0.00408743379567537,1.9488095718589666,1.9571481158285382,-0.2106419037071903,0.0027086040065334204,-2.478457225215016,-3.52109654664164,0.22357054616012906,-0.018435750169362653
2.5708333333333333,1,56,-0.1167740230046954,-0.014619029893762677,2.0943555617574385,2.3433264713491657,-0.19544144179028736,-0.0046121540815677224,1.9464531438801744,1.9570928261818903,-0.16780748660258937,0.0030563183787989754,-2.479049504318634,-3.5171546534954437,0.24193980830658582,-0.020802421432328317
2.575,1,56,-0.12360992260397602,-0.016381304647917934,2.0952937906165685,2.338998784033811,-0.19424891114978599,-0.005168133702384954,1.9446534887889484,1.9570342427468586,-0.22026859299732945,0.003424747254225693,-2.4786667012394483,-3.5129779286467047,0.22785572743732493,-0.023310083184236708
2.5791666666666666,1,56,-0.130967484423312,-0.01824235938057938,2.094941918082317,2.334428518846314,-0.20084501768438617,-0.005755277393881127,1.9424013005259806,1.956972375561413,-0.19177289656515176,0.003813827504422378,-2.479092357000397,-3.5085670877557242,0.2339965983568695,-0.025958305750155654
2.5833333333333335,1,56,-0.13695108654336977,-0.020201875209599714,2.094639380274032,2.3296164588780863,-0.1967485861959031,-0.0063734845520074515,1.9401340337921613,1.9569072352261772,-0.24810466352524713,0.0042234924624912325,-2.4781844936066024,-3.503922886597381,0.21760807726957873,-0.028746635370782134
2.5875,1,56,-0.14129016099979635,-0.022259516382028912,2.0944405034468896,2.3245634286508317,-0.19530412208072623,-0.007022649250149819,1.9376519249826771,1.9568388329026125,-0.22908512407181772,0.004653671934450584,-2.478912809790588,-3.499046120931636,0.22671487585845357,-0.03167459428018955
2.591666666666667,1,56,-0.14884522245389392,-0.024414930331645258,2.0942346335191533,2.3192702939752654,-0.19619582639394137,-0.00770266025727924,1.9353801609183483,1.9567671803111046,-0.2533038434345168,0.0051042922112625655,-2.4786575320772553,-3.4939376263671793,0.21534817586854463,-0.034741680787692526
2.595833333333333,1,56,-0.1562156897200959,-0.026667747739364082,2.095403403371977,2.3137379618027665,-0.20247986917219365,-0.008413401057010193,1.9331031088822532,1.9566922897289567,-0.2065008958288735,0.005575276081462443,-2.479298777273158,-3.488598278218257,0.23198298021540847,-0.037947369363806695
2.6,1,56,-0.1635165300098164,-0.0290175825965206,2.0950252600763264,2.3079673800699707,-0.20249466839100014,-0.009154749867565698,1.9304074164913312,1.956614173988284,-0.2193874135065952,0.006066542844388791,-2.4796204246962135,-3.4830289913546864,0.22463932355927485,-0.04129111073029817
2.6041666666666665,1,56,-0.1696368077056671,-0.03146403227100859,2.0947294882030616,2.301959537536352,-0.20376365086428677,-0.00992657966264341,1.9275113196355704,1.9565328464738168,-0.17580146437130786,0.006578008324010741,-2.479800152184881,-3.477230720045102,0.2458659618451897,-0.04477233195429682
2.6083333333333334,1,56,-0.17637477848226668,-0.03400667757627113,2.0944807145996966,2.295715463614799,-0.19692945761145944,-0.010728758193181467,1.924924308560561,1.9564483211206058,-0.2332055249141866,0.00710958488335148,-2.478398036199561,-3.4712044577934416,0.22092655771897884,-0.048390436546467894
2.6125,1,56,-0.1822784917177677,-0.03664508284312417,2.0942845113957738,2.2892362281952354,-0.19417641104762595,-0.011561148010018113,1.922300362133595,1.9563606124116353,-0.2147728121202183,0.007661181439504015,-2.478962651265336,-3.46495123716872,0.2185324375989025,-0.05214480456321481
2.6166666666666667,1,56,-0.1903889075276637,-0.03937879599440845,2.0951239388933245,2.2825229414612926,-0.19398319988445847,-0.0124236064874436,1.9203851930967877,1.956269735375341,-0.21772751365539378,0.008232703479238214,-2.47840483186851,-3.458472129628099,0.21530394841327563,-0.056034792712906366
2.620833333333333,1,56,-0.20044607166402642,-0.04220734862244806,2.0947991337070984,2.275576753700095,-0.19957948666243822,-0.013315985847637567,1.9178161074847442,1.9561757055830356,-0.19572019260932216,0.00882405307519464,-2.4784371105729024,-3.451768245333301,0.21941465506817706,-0.060059734466097935
2.625,1,56,-0.20759667558626946,-0.04513025606931218,2.0945240466216752,2.268398855105154,-0.19299409271523466,-0.014238133185990808,1.9154303217597293,1.9560785391462392,-0.25828688469140093,0.009435128902664422,-2.477136669701089,-3.444840732960389,0.19950560831681594,-0.06421894016974138
2.6291666666666664,1,56,-0.2147787039270872,-0.04814701750985633,2.094335707666278,2.260990475572444,-0.19434690497848017,-0.01518989049730392,1.9128914229631089,1.9559782527139211,-0.2439220978119726,0.010065826256950213,-2.4780148614132194,-3.4376907795029448,0.19674707987385864,-0.06851169716535009
2.6333333333333333,1,56,-0.22164127511366724,-0.05125711603753872,2.0953664898873985,2.2533528844896575,-0.19424809802078352,-0.0161710947028615,1.911038633413707,1.955874863469645,-0.25063223676180757,0.01071603707130735,-2.4774539582172244,-3.4303196100686844,0.19530234470137475,-0.07293726991111311
2.6375,1,56,-0.22745067444957032,-0.05446001875298715,2.0950052544858364,2.2454873905187096,-0.19842265394962502,-0.01718157767837408,1.9081104155156514,1.9557683891286257,-0.19643970595921606,0.011385649935460023,-2.4783629743122773,-3.422728487669544,0.21623254889093757,-0.07749490010792291
2.6416666666666666,1,56,-0.2323062122310733,-0.05775517685530942,2.0947173679325637,2.2373953413715006,-0.19506675479399477,-0.018221166282785625,1.9056483229731846,1.9556588479346937,-0.20667673531793812,0.012074550114691027,-2.4788871205695115,-3.4149187130052687,0.2205874945417744,-0.08218380682930729
2.6458333333333335,1,56,-0.23950584358009647,-0.06114202573612906,2.0944858288365187,2.2290781235789927,-0.1987629861907475,-0.019289682387940862,1.9031666032991876,1.955546258657168,-0.19262178594213125,0.0127826195695013,-2.478943509954243,-3.4068916242405405,0.22927367059266593,-0.08700318665523933
2.65,1,56,-0.24535415561960547,-0.06461998507632515,2.094281515934399,2.220537162253639,-0.1921424159631758,-0.02038694290910566,1.9009325445584018,1.9554306405876423,-0.27207092799765786,0.013509736975834751,-2.4775735363493587,-3.398648596775698,0.20888516596732734,-0.09195221380979499
2.654166666666667,1,56,-0.2516950800619571,-0.06818845894547004,2.094958965927062,2.2117739208451916,-0.19402263217795063,-0.021512759836338675,1.8991185490139637,1.955312013536677,-0.2756789091803444,0.014255777745867174,-2.4787420943650718,-3.390191043011059,0.20060611043265283,-0.09703004030265006
2.658333333333333,1,56,-0.25826572807079445,-0.07184683590393598,2.0946812473698304,2.202789900889955,-0.1995813709572788,-0.022666940266704867,1.8963913583430194,1.9551903978304073,-0.24855451363305406,0.015020614049353068,-2.4793754580536733,-3.3815204121049245,0.2154196205377684,-0.10223579607437448
2.6625,1,56,-0.2642598812757727,-0.07559448910766545,2.0944527166079845,2.1935866417534964,-0.198279368700869,-0.023849286437329538,1.8940675169860424,1.955065814307058,-0.28524641278689483,0.015804114835529424,-2.479083956642438,-3.3726381897252606,0.21117541603605258,-0.10756858914551747
2.6666666666666665,1,56,-0.26896936141828975,-0.07943077641557399,2.0942825593532377,2.1841657203668925,-0.19840090929499318,-0.02505959575928277,1.8911033520495188,1.9549382843133745,-0.2733328400510725,0.016606145855569795,-2.4797422170840027,-3.36354589779515,0.21961726625825925,-0.11302750576943815
2.6708333333333334,1,56,-0.2735065732560503,-0.08335504049958162,2.095142426198156,2.1745287509565214,-0.1938091628981042,-0.02629766085229325,1.888927147923422,1.9548078297009646,-0.30940635117052717,0.017426569685587968,-2.479261888172092,-3.354245094232004,0.21661519696533885,-0.11861161058887698
2.675,1,56,-0.28055936814598453,-0.08736660895723879,2.0948370807395897,2.164677384767483,-0.19874815844595498,-0.027563269580280568,1.8855882611731076,1.9546744728225547,-0.297075616384843,0.01826524575018403,-2.4797821959078745,-3.3447373726806355,0.22440826816419776,-0.1243199467962189
2.6791666666666667,1,56,-0.28678297171551304,-0.09146479442694275,2.094584324996074,2.154613309780656,-0.1971334168718911,-0.028856205087704836,1.8827276377070163,1.9545382365281594,-0.3395027209661794,0.01912203034653201,-2.4793329728043454,-3.335024362240184,0.2191963850067937,-0.1301515362974426
2.683333333333333,1,56,-0.29209159371387794,-0.09564889470570993,2.0943952079879637,2.1443382504234823,-0.19738072865567566,-0.030176245836722633,1.8791766435661312,1.9543991441611663,-0.3350852873189838,0.019996776669001882,-2.479687782363111,-3.325107727184988,0.22409958324088336,-0.13610537987970694
2.6875,1,56,-0.2974168799054963,-0.09991819286949827,2.0942434933188983,2.1338539672744834,-0.1951118957948541,-0.03152316564514748,1.8758029146877653,1.9542572195543366,-0.35664813244406385,0.020889334834314686,-2.4794204367022865,-3.314989166679411,0.22399890127990832,-0.1421804573825658
2.6916666666666664,1,56,-0.3052025478251416,-0.1042719573960449,2.0945624097523976,2.123162256761607,-0.20081165379360796,-0.032896733725203894,1.8719116064745436,1.9541124870257207,-0.3410272502708802,0.02179955190722351,-2.4794120893645775,-3.304670414486707,0.23121341683364466,-0.1483757278727624
2.6958333333333333,1,56,-0.3121894540616118,-0.10870944229021234,2.0943800620592405,2.1122649508544056,-0.2002532198475132,-0.03429671472307277,1.8684155723062628,1.9539649713744929,-0.3801681656427519,0.022727271926718903,-2.4789648040782035,-3.2941532386719414,0.22378497897502347,-0.15469012982259286
2.7,1,56,-0.31780182857367234,-0.1132298872118077,2.0951060503837775,2.101163916750148,-0.20078770855558695,-0.0357228687592171,1.8643225594400055,1.9538146978767,-0.36875615568175574,0.023672335932751344,-2.4797321675064716,-3.2834394412990484,0.23210585473672435,-0.161122581291789
2.7041666666666666,1,56,-0.3242897582774621,-0.1178325176058646,2.09481939766488,2.0898610565538807,-0.19830700002024768,-0.037174951469484525,1.8605885918505616,1.9536616922809324,-0.410394139628829,0.024634581993468515,-2.479294018128834,-3.2725308581220545,0.22923625195931255,-0.16767198011290535
2.7083333333333335,1,56,-0.3308185166611192,-0.12251654483536033,2.094601306409726,2.0783583069525093,-0.19890225994148972,-0.038652714046978266,1.855861134616924,1.9535059808039115,-0.4116601481878614,0.025613845232961757,-2.479846540300393,-3.2614293582705267,0.23662388830272582,-0.1743372040801716
2.7125,1,56,-0.33814065102886204,-0.12728116631634162,2.0944276135824946,2.0666576388829636,-0.19897807165814532,-0.04015590328468792,1.8512400881926185,1.9533475901259971,-0.43137130032886695,0.02660995785951605,-2.479826405727068,-3.2501368439293166,0.24104255717741932,-0.18111711114177229
2.716666666666667,1,56,-0.346126790616761,-0.132125565655447,2.0942941668621007,2.0547610571944794,-0.20127234417829834,-0.04168426161887636,1.8458571438844487,1.9531865473866166,-0.43132308664107194,0.027622749194361043,-2.4801772576359413,-3.23865525001262,0.25111840575299266,-0.1880105395955369
2.720833333333333,1,56,-0.35466091674922257,-0.13704891278978773,2.094772684598117,2.0426706003050885,-0.2018179947197564,-0.04323752717321069,1.8410209311619816,1.9530228801796141,-0.45934685260142577,0.02865204570091515,-2.4798482952169594,-3.22698654383245,0.2541209611937739,-0.19501630828798583
2.725,1,56,-0.3637972596632436,-0.1420503641291789,2.094580180179057,2.030388339852334,-0.2049186972475229,-0.04481543380363477,1.834931132285083,1.9528566165485233,-0.4647034672652363,0.029697671014521046,-2.480239279989361,-3.2151327247615367,0.26264448130719087,-0.20213321681672103
2.7291666666666665,1,56,-0.37325474281258136,-0.14712906270067985,2.094425380482418,2.017916380338318,-0.207067003283316,-0.046417711143970176,1.82884765486513,1.952687784981761,-0.482893022368957,0.03075944597266388,-2.479931516971603,-3.203095823890757,0.2677682144659248,-0.20936004573610228
2.7333333333333334,1,56,-0.3831877034299607,-0.15228413829543677,2.0943861423013095,2.005256858769095,-0.21103718055821158,-0.048044084652243566,1.8223838756777992,1.9525164144077474,-0.4829173275324761,0.031837188645670866,-2.48127490296506,-3.1908779036811072,0.26442079128558593,-0.2166955567661998
2.7375,1,56,-0.3921259441516111,-0.1575147076177838,2.0950540939622355,1.9924119442885166,-0.21244496318870718,-0.04969427565772656,1.8161526619211115,1.952342534189948,-0.4866813702232051,0.032930714367882974,-2.4817314183778434,-3.178481057610319,0.2657418503778253,-0.2241384930049604
2.7416666666666667,1,56,-0.4015133395709801,-0.16281987443659557,2.0948914119011834,1.9793838378065511,-0.21399196043450222,-0.051368001408685866,1.809333850544073,1.952166174121843,-0.4956037215473335,0.034039835769297415,-2.4819839411060625,-3.1659074098141446,0.2658280194777872,-0.2316875791435772
2.745833333333333,1,56,-0.410963118063935,-0.16819872973884784,2.0947456384140595,1.9661747716221774,-0.2161879845410101,-0.05306497512083013,1.8018732705905356,1.9519873644218222,-0.4934670911129942,0.03516436280767162,-2.4816217446412554,-3.1531591147224076,0.2701879489892015,-0.23934152168500192
2.75,1,56,-0.42091313827968696,-0.17365035188537595,2.0946211518911326,1.9527870090408834,-0.2168164716921311,-0.05478490602645014,1.794783601195832,1.951806135728007,-0.5197645987796488,0.036304102801086854,-2.478043456795629,-3.1402383566898413,0.2669210702402481,-0.247099009165584
2.7541666666666664,1,56,-0.4310057238414667,-0.1791738067687891,2.0944746520733317,1.93922284398687,-0.22007746248270543,-0.05652749942423912,1.7865633577796107,1.9516225190930014,-0.5147580506766388,0.037458860460962425,-2.4788093992327265,-3.1271473496218207,0.26574210286679006,-0.2549587123797779
2.7583333333333333,1,56,-0.44079645910072845,-0.18476814797352895,2.094359639416543,1.9254846006099873,-0.22060479799046417,-0.058292456729789575,1.7790311648349462,1.9514365459785703,-0.5342103044215886,0.03862843792551825,-2.478786300786357,-3.113888336595011,0.25960787657421325,-0.2629192846079012
2.7625,1,56,-0.4506971945934123,-0.19043241693802918,2.094547704821047,1.9115746328875152,-0.22382749762877885,-0.060079475526753065,1.770420533533458,1.9512482482502498,-0.5171811905876218,0.03981263479367665,-2.4792701372484194,-3.100463589473039,0.26663607364406877,-0.270979361846883
2.7666666666666666,1,56,-0.46123113723433096,-0.1961656431189619,2.0944164407489865,1.8974953242208155,-0.22302461264881016,-0.061888249618658145,1.7634772931293516,1.951057658171886,-0.5662440480943307,0.04101124815940043,-2.478624833189169,-3.086875408517214,0.2512799103762766,-0.2791375630439809
2.7708333333333335,1,56,-0.4716155364727619,-0.201966844157537,2.094303128037031,1.8832490870269447,-0.22551443923911593,-0.06371846908137613,1.7568950688046352,1.9508648084001075,-0.5648426303645316,0.04222407264646008,-2.479373360420287,-3.0731261219923884,0.2535645099766715,-0.28739249033342007
2.775,1,56,-0.48249739776477885,-0.20783502604781984,2.0948707853891357,1.8688383623253093,-0.2263568514063299,-0.06556982031622369,1.7531358723006447,1.9506697319787303,-0.5895290932709119,0.043450900443623125,-2.47918315895986,-3.0592180857680287,0.24883500862274055,-0.29574272927590417
2.779166666666667,1,56,-0.49448868711421734,-0.21376918330705436,2.0946529238709717,1.8542656193193972,-0.2342628384651445,-0.06744198610369792,1.7472638438225077,1.9504724623330947,-0.5400088440508972,0.044691521340262524,-2.480216595984435,-3.0451536829145414,0.2697925458275918,-0.3041868491009794
2.783333333333333,1,56,-0.5072829325065203,-0.21976829914794194,2.094484896259617,1.839533354973705,-0.23640078722586572,-0.06933464565782864,1.7457909771462523,1.9502730332643392,-0.5793239759223051,0.04594572276237408,-2.4796507828879526,-3.030935323294954,0.2575234418432141,-0.3127234029521822
2.7875,1,56,-0.5197026648440406,-0.22583134565286825,2.0943437117787287,1.824644093585883,-0.2410223847608886,-0.07124747468114517,1.743862404288199,1.9500714789436078,-0.5721512863938689,0.04721328980900108,-2.48024704878395,-3.0165654431519875,0.2627105012008326,-0.3213509281349586
2.7916666666666665,1,56,-0.5326810933498394,-0.23195728395002582,2.09466100362296,1.8096003863542234,-0.2423658115968525,-0.07318014542024115,1.744617135603748,1.9498678339061957,-0.6147659775102756,0.04849400528905521,-2.475026071184874,-3.002046504690632,0.24704506984621627,-0.33006794636728104
2.7958333333333334,1,56,-0.5459290801104701,-0.23814506439142522,2.0944742258494595,1.7944048109405117,-0.2504174840229583,-0.07513232672193529,1.7424282394032127,1.9496621330456319,-0.5680624703168379,0.0497876497585324,-2.4764540539078275,-2.9873809956562454,0.26289664364382764,-0.3388729640329526
2.8,1,56,-0.5600984165084228,-0.24439362673274134,2.0943190283692683,1.779059971028371,-0.25281792149936055,-0.07710368409001099,1.7440150968985388,1.9494544116077,-0.6118401226599498,0.05109400155811224,-2.476368398068043,-2.9725714289083065,0.24705240228386305,-0.34776447243752295
2.8041666666666667,1,56,-0.5746970798017198,-0.25070190031498585,2.09415621367747,1.7635684958771223,-0.26191456625780724,-0.07909387974253222,1.7427499766824943,1.9492447051843986,-0.5672741261864223,0.05241283685113924,-2.4777795384820185,-2.9576203419898337,0.2635721547813362,-0.35674094806680223
2.808333333333333,1,56,-0.5902155886353269,-0.2570688042479544,2.0942582555117077,1.7479330398712847,-0.2650043548351227,-0.08110257266971907,1.7453907204972572,1.949033049707844,-0.6153761596660041,0.053743929661975075,-2.47241447443721,-2.9425302966926052,0.23534397045594838,-0.3658008528479007
2.8125,1,56,-0.6041104022286117,-0.2634932475954362,2.094377620143804,1.732156282065751,-0.2717337646581233,-0.08312941869237962,1.7447333415389752,1.9488194814441129,-0.5766625780534945,0.05508705191471935,-2.4742044552530595,-2.9273038786181966,0.24639189437769612,-0.3749426344127764
2.8166666666666664,1,56,-0.6176324451307499,-0.2699741295621355,2.0947644920750608,1.7162409257267546,-0.2713721537767601,-0.08517407052088179,1.747436779996576,1.9486040369870272,-0.6265859685371731,0.056441973472288215,-2.469716700433269,-2.9119436967349612,0.22252611664940822,-0.38416472636421845
2.8208333333333333,1,56,-0.6306673019935993,-0.2765103396822922,2.094627049258908,1.700189697868669,-0.2771128025575001,-0.08723617781466098,1.7469146172384646,1.9483867532518857,-0.5888866871205457,0.057808462175848174,-2.47224020463189,-2.8964523829309883,0.20396843681345037,-0.39346554854424814
2.825,1,56,-0.6416214061442541,-0.2831007580099502,2.0945440166423865,1.6840053487867572,-0.279342599570023,-0.08931538724224801,1.7465836554502363,1.9481676674691382,-0.5447284253868592,0.05918628388459447,-2.4695326824731323,-2.8808325915631494,0.20625660570032955,-0.4028435073048649
2.8291666666666666,1,56,-0.6523478799193292,-0.2897442553108558,2.094295639225497,1.667690651585919,-0.27676952121358317,-0.091411342541811,1.749007974707237,1.9479468171780052,-0.5713505266860718,0.0605752025158702,-2.47106208852735,-2.8650869990022865,0.18886108389084136,-0.4122969957811118
2.8333333333333335,1,56,-0.6614321758296494,-0.29643969325594866,2.0941167230453583,1.6512484017055278,-0.2766054596866574,-0.09352368458219984,1.749381623583976,1.9477242402200474,-0.5276377099355948,0.06197498008561834,-2.467480996654884,-2.8492183031746228,0.2055588915158709,-0.4218243941664071
2.8375,1,56,-0.6721794273589323,-0.30318592461640403,2.0932969266549577,1.6346814164404586,-0.27323046622790553,-0.0956520514244799,1.7528730179000886,1.9474999747326809,-0.5780056445024259,0.06338537674915815,-2.467237144500804,-2.8332292230994995,0.17918682138360523,-0.4314240699900831
2.841666666666667,1,56,-0.6813888614699195,-0.309981793460209,2.092513730736614,1.6179925344583472,-0.27292245438876794,-0.09779607838394995,1.7545398441361892,1.947274059142642,-0.5575110798815737,0.0648061508422823,-2.4677965803354636,-2.817122498423472,0.18239815602310663,-0.4410943783971082
2.845833333333333,1,56,-0.6899878729233524,-0.3168261353502212,2.0917438258519656,1.6011846153132092,-0.26868991718014756,-0.0999553980926276,1.7579610385917006,1.9470465321594044,-0.5771119405602707,0.06623705892266386,-2.464689136803773,-2.8009008889509,0.16987316427310162,-0.45083366242991796
2.85,1,56,-0.6978394038317302,-0.3237177775436938,2.090584833829992,1.5842605389554603,-0.26857688767799337,-0.10212964056219732,1.759490543705682,1.9468174327685452,-0.531541562045822,0.06767785581156983,-2.465957130434093,-2.7845671741710536,0.17425211775970625,-0.4606402533123331
2.8541666666666665,1,56,-0.7056206302147168,-0.33065553919321405,2.0893123001703997,1.567223205238461,-0.26487841953190155,-0.10431843324740468,1.7630850927847406,1.9465868002250657,-0.5336278442317876,0.06912829463587032,-2.4641842336088775,-2.768124152781877,0.1651192275439081,-0.47051247073548874
2.8583333333333334,1,56,-0.7126667843724105,-0.3376382315490402,2.087747859995731,1.550075533421633,-0.26219942991039713,-0.10652140110989133,1.7663551507528965,1.9463546740466648,-0.5106439045572146,0.07058812687033987,-2.4648856811851547,-2.751574642210434,0.16704407314985062,-0.4804486231457534
2.8625,1,56,-0.7201937966272512,-0.34466465816278263,2.085371763229817,1.5328204616702688,-0.25796294257196234,-0.10873816668245453,1.7686233576286625,1.9461210940069684,-0.525529856198849,0.07205710238024009,-2.462264669799552,-2.7349214781301665,0.15288865042647812,-0.49044700803456104
2.8666666666666667,1,56,-0.7273030592647756,-0.351733615092415,2.082061119569072,1.5154609465520794,-0.2585458478696164,-0.1109683501337259,1.7672263418550065,1.9458861001287135,-0.4774701185244633,0.07353496946418,-2.4634157663998146,-2.718167513975006,0.1593598002059851,-0.5005059122301353
2.870833333333333,1,56,-0.7351586637752988,-0.3588438911085567,2.0780410374365155,1.4979999625306182,-0.2566462925572591,-0.11321156933325147,1.765946328939373,1.9456497326768918,-0.48261165191143673,0.07502147489724248,-2.4613320552288456,-2.701315620450464,0.14005910856669845,-0.5106236121910229
2.875,1,56,-0.7421741900406877,-0.3659942679020178,2.073790394377885,1.480440501455603,-0.2565001920419415,-0.11546743991697012,1.7648826461020435,1.9454120321518489,-0.45024589252870717,0.07651636397437449,-2.4629956989051336,-2.6843686850417385,0.14885817830170125,-0.5207983743014244
2.8791666666666664,1,56,-0.7505375191474606,-0.37318352029254337,2.0692383993600707,1.4627855720502971,-0.2543415435630664,-0.11773557535307003,1.7661879956492808,1.9451730392823465,-0.47460252341226977,0.078019380554028,-2.4597745664486865,-2.667329611518973,0.13548991092529017,-0.5310284551682293
2.8833333333333333,1,56,-0.7585227988689148,-0.38041041643874834,2.064220459201171,1.4450381993959622,-0.25652839469143185,-0.12001558700822115,1.76663968464607,1.9449327950185822,-0.4394812182399517,0.07953026710205002,-2.4617874970532245,-2.6502013194396934,0.14400890103936842,-0.5413121019197481
2.8875,1,56,-0.7675454876410829,-0.3876737180491814,2.0583402728011246,1.427201424413541,-0.256243268051727,-0.12230708421416363,1.7667827240599339,1.9446913405251738,-0.4615744476266558,0.08104876473580841,-2.458936457565733,-2.6329867436485737,0.13171664361459082,-0.5516475525060491
2.8916666666666666,1,56,-0.7758910185879084,-0.39497218059450223,2.0516082479909366,1.4092783033426046,-0.25984488474665474,-0.12460967433464763,1.763999211935581,1.9444487171741058,-0.42540857013433514,0.08257461326855071,-2.460988848498344,-2.6156888337745565,0.14106263732178095,-0.5620330360008804
2.8958333333333335,1,56,-0.7856052462839085,-0.40230455352072797,2.044556409428163,1.3912719072176762,-0.2606902786180508,-0.12692296283271026,1.7637613019272982,1.9442049665376404,-0.4528849103363709,0.08410755125398624,-2.457478159999825,-2.598310553725445,0.12354923731479041,-0.5724667729051117
2.9,1,56,-0.7948626045706645,-0.4096695804635035,2.0371435507071793,1.3731853213420384,-0.265653145891315,-0.12924655333827584,1.7635886876116882,1.9439601303811944,-0.42042203971898084,0.08564731603108251,-2.4597145084148253,-2.580854881180066,0.12011796158153212,-0.5829469754516357
2.904166666666667,1,56,-0.8039068085191674,-0.41706599946337863,2.029615988297711,1.3550216447590673,-0.2669292785716454,-0.13158004771607343,1.764923307744746,1.9437142506561824,-0.4265694125756355,0.08719364376907196,-2.4523286867466356,-2.563324807078043,0.1012211313547124,-0.5934718479117002
2.908333333333333,1,56,-0.8123007178357392,-0.4244925431820334,2.021413049935672,1.3367839897212417,-0.2704521695672787,-0.13392304613385395,1.7661383228589538,1.9434673694928302,-0.39526130684066896,0.08874626951265693,-2.454760063663707,-2.5457233351073336,0.12854073306708325,-0.6040395869025893
2.9125,1,56,-0.8231000736694862,-0.43194793911943474,2.012475956701924,1.3184754811568622,-0.2722819025356801,-0.13627514713090058,1.7686941682660322,1.9432195291929535,-0.43489278992159747,0.09030492722740946,-2.4467478041813773,-2.528053481189544,0.11523591521469874,-0.6146483816966316
2.9166666666666665,1,56,-0.8334500639913619,-0.4394309098318681,2.002123304150387,1.3000992561346212,-0.27858655099785673,-0.13863594768681584,1.7678406111660259,1.942970772222712,-0.4156520158164341,0.09186934984535386,-2.446427225896399,-2.51031827296318,0.1259430055211281,-0.6252964145314518
2.9208333333333334,1,56,-0.845433125744784,-0.4469401731508256,1.9907623312552287,1.2816584633260721,-0.2823711091517858,-0.14100504329057828,1.766497979593035,1.9427211412053322,-0.462826696395232,0.09343926931072848,-2.4409661308210615,-2.492520749264868,0.07674469761527619,-0.6359818609214416
2.925,1,56,-0.857086226841012,-0.45447444240269386,1.9784329608407265,1.2631562624661332,-0.29049939717882395,-0.14338202800985186,1.7625226289316838,1.9424706789138038,-0.4528823574953704,0.0950144166259146,-2.438739073099874,-2.4746639596086757,0.04998466665087835,-0.6467028899703687
2.9291666666666667,1,56,-0.8675486099863439,-0.46203242662922483,1.9661793898253555,1.2445958238116677,-0.2951005201441545,-0.14576649456054225,1.7602879953890438,1.9422194282635505,-0.4557817936926732,0.09659452189752898,-2.435978083618779,-2.4567509636635783,0.0223683966939382,-0.6574576646851003
2.933333333333333,1,56,-0.8779250064734462,-0.4696128308087281,1.9534569327981681,1.2259803275982941,-0.3011965245038869,-0.14815803437658065,1.7583911229610134,1.9419674323050786,-0.4354540467954817,0.09817931438266739,-2.4343601707489113,-2.4387848307292197,0.00805550160704462,-0.6682443422903519
2.9375,1,56,-0.8878252817621899,-0.4772143560779733,1.9405609543379914,1.2073129634954516,-0.3041238487124257,-0.15055623767993184,1.7581044255250748,1.9417147342165977,-0.4381412797536798,0.09976852253529638,-2.430890767310853,-2.4207686392099843,-0.020304965771700906,-0.6790610745444485
2.9416666666666664,1,56,-0.8981882321710984,-0.48483569995473647,1.927021258280339,1.1885969300598835,-0.309537037830002,-0.15296069355080522,1.7578955586410931,1.9414613772966245,-0.41860212236526523,0.1013618740527799,-2.428047295920088,-2.4027054760875455,-0.04234511351297295,-0.6899060080560004
2.9458333333333333,1,56,-0.9084939091188973,-0.492475556560981,1.9129947331826445,1.1698354341875643,-0.31274212256381057,-0.15537098999806603,1.7590032112584613,1.941207404956563,-0.42084013007808646,0.1029590959225384,-2.4249106955991993,-2.3845984363919097,-0.0609817690033834,-0.700777284601483
2.95,1,56,-0.919534450684636,-0.5001326168466066,1.898120006244516,1.1510316905642295,-0.3184597461382993,-0.15778671402982603,1.7600206832763339,1.9409528607132664,-0.4062895103032376,0.10455991446882681,-2.42207073690136,-2.366450622671117,-0.07769434614125517,-0.7116730414436242
2.9541666666666666,1,56,-0.9307171425075795,-0.507805568813751,1.8825806809878565,1.1321889211145493,-0.3222115629493927,-0.16020745172420825,1.7618907759076055,1.9406977881815801,-0.4149581396951098,0.10616405539962812,-2.4177147421603316,-2.3482651444596243,-0.10438575573781053,-0.7225914116505796
2.9583333333333335,1,56,-0.9428869606370104,-0.5154930977415969,1.8659288921796848,1.1133103544500615,-0.33028867068000867,-0.16263278830027128,1.7631341368864324,1.9404422310668696,-0.39109788671126244,0.10777124385365228,-2.4147917460082877,-2.3300451177455006,-0.12380298538890212,-0.7335305244158243
2.9625,1,56,-0.9551226634903072,-0.5231938864116363,1.8485745813979753,1.094399225315981,-0.3356228656339246,-0.16506230818907802,1.7651945917376284,1.9401862331575306,-0.3936683197087367,0.10938120444743123,-2.409699295250587,-2.3117936644365304,-0.15661345110484215,-0.7444885053786988
2.966666666666667,1,56,-0.968340553309762,-0.5309066153333761,1.830047872724727,1.0754587740369266,-0.3437897366328358,-0.16749559510490317,1.7668972215008154,1.939929838317487,-0.37862768323935664,0.11099366132250564,-2.404934058088454,-2.2935139118252748,-0.1883445325216445,-0.7554634769455788
2.970833333333333,1,56,-0.9816304730728554,-0.5386299629704191,1.8101875273675294,1.0564922459617225,-0.3495823395677624,-0.16993223211655983,1.7669037830499732,1.939673090478675,-0.388568072200897,0.11260833819269059,-2.3984255679676827,-2.2752089920532432,-0.23154819264174634,-0.7664535586115836
2.975,1,56,-0.9927276197585962,-0.5463626059669091,1.7892908565963248,1.0375028909073114,-0.3573861700671707,-0.17237180171884034,1.7637044174966878,1.9394160336335147,-0.3371444406125741,0.11422495839141705,-2.395225049793631,-2.256882041574202,-0.26120832546829403,-0.777456867282799
2.9791666666666665,1,56,-1.0015562099842275,-0.5541032193742752,1.7683432035944733,1.0184939626019276,-0.3609603355868341,-0.17481388590405192,1.7618607544907932,1.9391587118273734,-0.2878046543076147,0.1158432449191361,-2.3880929890703944,-2.23853620061677,-0.3050444374870714,-0.7884715175989272
2.9833333333333334,1,56,-1.0090132069831297,-0.5618504768782598,1.7469222125236348,0.9994687181275745,-0.3625221103212231,-0.17725806623364165,1.7610455470133553,1.9389011691510178,-0.23784245651923605,0.1174629204907824,-2.3807322504841553,-2.2201746126463497,-0.34932986163902907,-0.7994956222563421
2.9875,1,56,-1.0151431229359338,-0.5696030510261715,1.7256154852230716,0.9804304173619547,-0.3622495336217894,-0.17970392390989232,1.7612731057718676,1.9386434497330596,-0.18752443171086702,0.1190837075832846,-2.372729934673407,-2.2018004238265156,-0.39856297135918584,-0.8105272923314608
2.9916666666666667,1,56,-1.0199180346565442,-0.577359613454342,1.7042255060599585,0.9613823224198899,-0.35675756260179287,-0.18215103984768294,1.7627396506004382,1.9383855977323945,-0.17900921242343673,0.12070532848311859,-2.366652647737808,-2.183416782479928,-0.5037682074488323,-0.8215646376044097
2.995833333333333,1,56,-1.0242864820861357,-0.585118835115728,1.6825496207673742,0.9423276970943939,-0.34935141567244227,-0.18459899474629476,1.7650028645351603,1.9381276573306354,-0.19311032461264563,0.12232750533389089,-2.358070143992473,-2.165026838548898,-0.6375407923982194,-0.8326057668828939
3.0,1,56,-1.0275537309146379,-0.5928793865076446,1.6604770562778202,0.9232698062974178,-0.34633242809592896,-0.1870473691612586,1.7679604611484834,1.937869672724542,-0.14727659317151195,0.12394996018394953,-2.355979175279832,-2.1466337430556397,-0.5930741264567785,-0.843648788326254
3.0041666666666664,1,56,-1.0318893012800883,-0.6006399378995604,1.6374295251808773,0.904211915500444,-0.3406620825571399,-0.18949574357622218,1.7688601690904793,1.9376116881184486,-0.16061552665640144,0.12557241503400798,-2.342869821682014,-2.128240647562384,-0.6678187554216402,-0.8546918097696129
3.0083333333333333,1,56,-1.034884182836662,-0.6083991595609475,1.6132290896069386,0.8851572901749454,-0.3389321929085252,-0.19194369847483433,1.7684492892779986,1.9373537477166893,-0.11984592569231087,0.12719459188478052,-2.340637699129852,-2.109850703631351,-0.6719671961061454,-0.8657329390480986
3.0125,1,56,-1.03712485310272,-0.6161557219891178,1.5888424014193672,0.866109195232881,-0.3337183497427706,-0.19439081441262493,1.766630615950638,1.9370958957160243,-0.10787583823408502,0.12881621278461447,-2.3271354402487443,-2.0914670622847638,-0.7801388751246574,-0.8767702843210472
3.0166666666666666,1,56,-1.0377278358048683,-0.6239082961370295,1.5635833539972803,0.8470708944672609,-0.3265108547674701,-0.1968366720888756,1.763786789418126,1.936838176298066,-0.10225031877950222,0.13043699987711668,-2.321222033876007,-2.07309287346493,-0.8599541890189156,-0.8878019543961659
3.0208333333333335,1,56,-1.0377871300455452,-0.6316555536410142,1.5382803372226768,0.8280456499929079,-0.3196610811280997,-0.19928085241846533,1.7628970846981171,1.9365806336217104,-0.08822165455477582,0.132056675448763,-2.314891558360836,-2.0547312854945092,-0.9898870181702072,-0.8988260590535809
3.025,1,56,-1.03525519549881,-0.6393961670483801,1.51335276218334,0.809036721687524,-0.3105177559740432,-0.20172293660367688,1.7633325050859738,1.9363233118155692,-0.061365552715987634,0.13367496197648204,-2.3065146966682595,-2.036385444537078,-0.9219449867088703,-0.9098407093697091
3.029166666666667,1,56,-1.0355398903522266,-0.6471288100448702,1.4869639065160327,0.7900473666331129,-0.30217646513220253,-0.2041625062059574,1.7639194380327006,1.9360662549704089,-0.08880508812960396,0.1352915821752085,-2.294973692279126,-2.018058494058036,-1.0151763714527613,-0.9208440180409244
3.033333333333333,1,56,-1.0344936956469943,-0.6548521576819133,1.4600893586605665,0.7710808385579089,-0.2994670940274934,-0.20659914321761408,1.7657220654865518,1.9358095071315968,-0.04184216147498031,0.13690625904539347,-2.2871581088768993,-1.9997535742860049,-0.9144223289697126,-0.9318340997069293
3.0375,1,56,-1.0358514374324401,-0.662564886603653,1.4320236723650948,0.7521403872788546,-0.2959270604366099,-0.20903243013343922,1.7672597818316036,1.9355531122915532,-0.05042179575850633,0.13851871592046786,-2.2698685885728827,-1.9814738216747496,-0.9710560081965615,-0.9428090712738093
3.0416666666666665,1,56,-1.03694606408061,-0.6702656752736925,1.402666729217227,0.7332292581447739,-0.29602798866261715,-0.21146195002224596,1.7673458300188318,1.9352971143822142,-0.025748488666052373,0.14012867651424682,-2.2512481006262672,-1.9632223683657786,-1.1068885319569997,-0.9537670522366838
3.0458333333333334,1,56,-1.034888430744937,-0.6779532042015384,1.372850592290408,0.7143506914802862,-0.29251518134208887,-0.213887286598309,1.7662126508459146,1.9350415572675037,0.00854941021070019,0.14173586496827098,-2.234214827940871,-1.9450023416516549,-1.0471324726030158,-0.9647061650019285
3.05,1,56,-1.0334187722435486,-0.6856261561686827,1.3429287573099054,0.695507922030606,-0.28779544434364024,-0.2163080242926912,1.7658014373877966,1.9347864847358174,0.011601344264390136,0.14334000589907225,-2.213195867851055,-1.9268168634401626,-1.134349042844905,-0.9756245352088838
3.0541666666666667,1,56,-1.030137569552531,-0.6932832164543083,1.3135048673671696,0.6767041784072709,-0.28370947542206865,-0.21872374832445124,1.7667708697670779,1.9345319404925208,0.04283224834210236,0.14494082444536072,-2.191305751871035,-1.9086690497193695,-1.0445943674927236,-0.9865202920510252
3.058333333333333,1,56,-1.0276724138860467,-0.7009230730605519,1.2833394356431365,0.6579426825349541,-0.278913498682573,-0.22113404477171175,1.7658966679445458,1.9342779681524593,0.04436163594960377,0.146538046315119,-2.1637175266843096,-1.8905620100237364,-1.1169012256188897,-0.9973915685965064
3.0625,1,56,-1.0238555982644943,-0.7085444169373161,1.25365554931462,0.6392266490993836,-0.2755620957313633,-0.22353850064258543,1.7667528227477245,1.9340246112324861,0.07479215351507255,0.1481313978326027,-2.1323737049833973,-1.872498846901295,-1.0206540113339482,-1.0082365021080595
3.0666666666666664,1,56,-1.0206507930661193,-0.7161459422065604,1.2216950491796899,0.6205592849965433,-0.2720573875036838,-0.22593670394593635,1.7652872409199245,1.9337719131440054,0.07842226775894907,0.14972060598523151,-2.11950344019268,-1.8544826553820617,-1.0876786305756048,-1.019053234362155
3.0708333333333333,1,56,-1.0158883075187746,-0.7237263463860645,1.189467084532861,0.6019437887831676,-0.2695102833883144,-0.22832824376197502,1.7651310514731196,1.9335199171855333,0.1052860860005522,0.1513053984703701,-2.113672167869622,-1.8365165224477014,-0.9881286351527518,-1.0298399119674078
3.075,1,56,-1.0124684731302147,-0.7312843306125955,1.1563968744721957,0.5833833501287022,-0.26726368473202505,-0.23071271031266538,1.765310487495931,1.93326866653528,0.10816693576313503,0.1528855037419845,-2.1084723653668314,-1.8186035265026042,-1.055553359228956,-1.0405946866821392
3.0791666666666666,1,56,-1.0075735925271174,-0.7388185998644637,1.123208325570547,0.5648811492687631,-0.26591501943785667,-0.233089695031939,1.7666716554331858,1.9330182042437516,0.1334133823187937,0.15446065105717063,-2.104694368707563,-1.8007467368464112,-0.9577710758725955,-1.0513157157310666
3.0833333333333335,1,56,-1.0057709221845197,-0.7463278631834213,1.0883023804356582,0.546440356460214,-0.26546888821758624,-0.23545879063570144,1.7657736650101041,1.9327685732263717,0.12193582684624338,0.15603057052254526,-2.0988649049993353,-1.7829492131480993,-1.031383086256126,-1.0620011621210563
3.0875,1,56,-1.0032905936089171,-0.7538108338958546,1.0529830051647917,0.5280641314379733,-0.2696361456225958,-0.23781959119161666,1.767001450167983,1.9325198162561303,0.1614241553753678,0.15759499314048964,-2.0957798276731556,-1.7652140049217357,-0.9347547258050586,-1.0726491949558765
3.091666666666667,1,56,-1.0036746349702694,-0.761266229833256,1.0160694544413937,0.5097556228735936,-0.2730937414405382,-0.24017169218866333,1.7659441084097105,1.9322719759562537,0.1623461880217398,0.15915365085524216,-2.0885795755796908,-1.7475441510039456,-1.0075283340097594,-1.0832579897499188
3.095833333333333,1,56,-1.0024951984482315,-0.7686927735519107,0.9789422961273513,0.49151796783576795,-0.2771410643090903,-0.24251469060644384,1.7661526159592555,1.9320250947929014,0.1874054750288543,0.16070627659882714,-2.082230430511973,-1.729942679033236,-0.9135428659191764,-1.093825728740808
3.1,1,56,-1.0043781491936794,-0.7760891925517858,0.941244831686559,0.47335429125279727,-0.28072733427196894,-0.2448481849842414,1.766636278495385,1.9317792150678894,0.17761081721099986,0.16225260433681657,-2.0732355139591476,-1.712412604931214,-0.9893330060074652,-1.1043506012008721
3.1041666666666665,1,56,-1.005068909305209,-0.7834542194945613,0.9031661035779643,0.455267705377159,-0.28753467552271356,-0.24717177548980698,1.7671500913687423,1.9315343789114434,0.21247010774144462,0.16379236911391284,-2.06736822604748,-1.6949569323858342,-0.8953590114423746,-1.1148308037473964
3.1083333333333334,1,56,-1.007579934771469,-0.7907865924207871,0.8642723764983187,0.4372613092522306,-0.2889821515352118,-0.24948506398786963,1.7644863108619584,1.931290628274978,0.1803246299918839,0.1653253070993484,-2.0574718638148917,-1.6775786523367227,-0.9735093593879456,-1.1252645406516277
3.1125,1,56,-1.0114881657614865,-0.7980850549661079,0.8251392018120176,0.4193381881812943,-0.29543566287140455,-0.25178765410835363,1.764764525138508,1.93104800492391,0.18817605570054446,0.1668511556320907,-2.046490392336672,-1.6602807424627057,-1.1517116047238405,-1.1356500241464589
3.1166666666666667,1,56,-1.0127459883574055,-0.8053483565765409,0.7862970472721986,0.401501413198873,-0.30013147754277375,-0.25407915131429615,1.7658280248111626,1.9308065504305016,0.20579631363986972,0.16836965326584907,-2.037857625668903,-1.643066166671586,-1.1190869290428984,-1.14598547473276
3.120833333333333,1,56,-1.0139416412706095,-0.8125752527227451,0.7473553404759332,0.3837540405445403,-0.2993666654733776,-0.256359162969447,1.7657624592014647,1.9305663061667373,0.1700989778037196,0.1698805398138709,-2.024532296324722,-1.6259378745923088,-1.219148139149281,-1.1562691214842775
3.125,1,56,-1.01479134355635,-0.8197645051132715,0.7079977452967734,0.36609911113923266,-0.3036734059058768,-0.25862729840554716,1.7678794300537708,1.930327313297235,0.18602289862596894,0.1713835563935246,-2.0157947663727094,-1.608898801069541,-1.1431252668501757,-1.1664992023510836
3.1291666666666664,1,56,-1.0170919272614818,-0.8269148819067318,0.6676413708153718,0.3485396500642195,-0.3062806533288949,-0.26088316898926556,1.7680524642676927,1.930089612772192,0.18117277126831477,0.17287844547065645,-2.002542260300408,-1.5919518656608176,-1.2262343691729325,-1.1766739644614839
3.1333333333333333,1,56,-1.018383833596718,-0.8340251579228743,0.6264114379969009,0.3310786660427558,-0.3115277445380075,-0.2631263881887914,1.7674222922681548,1.9298532453203703,0.20934106715885165,0.1743649509037191,-1.9958213540755292,-1.5750999721362735,-1.1586406487470162,-1.1867916644223728
3.1375,1,56,-1.0200692119943486,-0.8410941148525066,0.5847224681600138,0.3137191509245669,-0.3119110295315893,-0.2653565716400627,1.7636079761711048,1.9296182514421154,0.18904996413413883,0.175842817987659,-1.9770080441942688,-1.5583460079811131,-1.2520737376577271,-1.196850568617947
3.1416666666666666,1,56,-1.0216140810777452,-0.848120541466249,0.5437133343968255,0.2964640791732025,-0.3172997774080351,-0.26757333721262594,1.7630948916013793,1.929384671402419,0.2181713223576267,0.1773117934975592,-1.9562652304562218,-1.541692843900846,-1.175754201860898,-1.2068489535067546
3.1458333333333335,1,56,-1.0236115113368571,-0.8551032338220752,0.5030395043728303,0.27931640735637453,-0.31787621558621404,-0.2697763050751126,1.761749015713678,1.9291525452240181,0.20056352881460077,0.1787716257320288,-1.9296312528623838,-1.5251433333294027,-1.2428421831432304,-1.2167851059170194
3.15,1,56,-1.023891971299362,-0.8620409954715954,0.4631752570673123,0.2622790736393754,-0.32026498295379574,-0.2719650977603199,1.762268617321861,1.9289219126805386,0.20309568252534219,0.18022206455632922,-1.9008692448573206,-1.5087003119402262,-1.2092249610043007,-1.2266573233401747
3.154166666666667,1,56,-1.025920452838659,-0.8689326376650682,0.42341533495318406,0.24535499728162558,-0.3207446589242622,-0.2741393402298897,1.7631027648522872,1.9286928132896792,0.18386532973959718,0.18166286144523527,-1.8647535961603714,-1.4923665971603794,-1.3070970672664879,-1.2364639142225904
3.158333333333333,1,56,-1.028041847249796,-0.8757769795550804,0.384007082018122,0.22854707813648822,-0.3262177651160761,-0.27629865993856734,1.7666567318068125,1.9284652863064418,0.21220880100290054,0.1830937695256168,-1.8249052446906522,-1.4761449876878072,-1.2950715110276307,-1.2462031982554
3.1625,1,56,-1.029888739760776,-0.8825728483988853,0.34420136671088825,0.21185819615437662,-0.327415255478739,-0.27844268689803736,1.7676958861858356,1.928239370716403,0.20356432362886168,0.18451454361874095,-1.7813901891192487,-1.4600382630117803,-1.437342082155137,-1.255873506662425
3.1666666666666665,1,56,-1.0252686125663149,-0.8893190797593405,0.3050753402521243,0.1952912108893079,-0.3305728102359847,-0.28057105374031743,1.7673405967076188,1.9280151052290364,0.20213137000965242,0.18592494028228074,-1.7326676147886644,-1.4440491829366566,-1.3874179819083543,-1.2654731824861007
3.1708333333333334,1,56,-1.0225063431814208,-0.8960145177044336,0.2639006442781197,0.17884896100891634,-0.33317684393488406,-0.28268339578070634,1.763621678977326,1.9277925282710786,0.19478412800785272,0.18732471785202892,-1.7030582255062088,-1.428180487108993,-1.479547225224372,-1.2750005808713964
3.175,1,56,-1.0193729993948926,-0.9026580150053392,0.2220046414552535,0.162534263808078,-0.33868002342107223,-0.2847793510802693,1.760389951445908,1.9275716779799457,0.22232104784806786,0.18871363648330464,-1.6925309569551636,-1.41243489454813,-1.4083675616287603,-1.2844540693476432
3.1791666666666667,1,56,-1.0173504807598235,-0.9092484333329971,0.1796702851997905,0.1463499147261662,-0.3399107341644625,-0.28685856050785635,1.7559762429584818,1.927352592197198,0.21977603896216022,0.19009145819205092,-1.6885937311249402,-1.3968151031802911,-1.479061977742379,-1.29383202810826
3.183333333333333,1,56,-1.010227559629543,-0.9157846434531532,0.13919532019460223,0.13029868686808221,-0.3425591153923608,-0.28892066780163533,1.7532577437698058,1.9271353084620566,0.21794598084035394,0.19145794689561077,-1.6830554968766955,-1.3813237893763195,-1.4065080899021238,-1.3031328502882886
3.1875,1,56,-1.0097217198378823,-0.922265525419853,0.09933719370603868,0.11438333052908467,-0.3403964737880561,-0.2909653196301376,1.7523176245432104,1.926919864004971,0.2156462841398546,0.19281286845317971,-1.6726827879329267,-1.3659636074930832,-1.4921958594836267,-1.3123549422397314
3.1916666666666664,1,56,-0.9996205274301795,-0.9286899687673343,0.06039374807204038,0.09860657272355189,-0.34455321605443784,-0.29299216565279806,1.7516882113325827,1.9267062957412397,0.2138008210797312,0.1941559907059239,-1.6705796180222803,-1.3507371894186755,-1.4442240200083198,-1.3214967238046065
3.1958333333333333,1,56,-1.0041248454450327,-0.9350568727003035,0.022343370147555257,0.0829711167177134,-0.33554850174932627,-0.29500085857998504,1.7533791869697888,1.9264946402646852,0.2113260845925834,0.19548708351675986,-1.6523740492445567,-1.3356471441214461,-1.5351036649424943,-1.3305566285857058
3.2,1,56,-0.982462557806945,-0.941365146282548,-0.015355822770932047,0.06747964156646447,-0.35117253865578235,-0.29699105423250627,1.7544539676210553,1.9262849338413839,0.21035230728241663,0.19680591880978685,-1.6476593176062482,-1.3206960572029733,-1.4743590832677984,-1.339533104214985
3.2041666666666666,1,56,-0.9937066134214622,-0.9476137086238641,-0.05258508296896899,0.05213480165432394,-0.33359288390386194,-0.298962411600582,1.7570020514552902,1.926077212403452,0.20408545343923185,0.1981122706093667,-1.6335586349525966,-1.305886490455034,-1.5485836060669127,-1.3484246126195554
3.2083333333333335,1,56,-0.9663962064268041,-0.9538014890652636,-0.08989357659232393,0.036939226240611855,-0.3560242003240935,-0.3009145929022762,1.7596978874221465,1.9258715115428882,0.20677092820102502,0.19940591507884392,-1.63058372800088,-1.2912209814206475,-1.4665170590802197,-1.3572296302852271
3.2125,1,56,-0.9920429757824334,-0.9599274273624211,-0.1262827062445923,0.02189551900895248,-0.3200553497683609,-0.30284726364137216,1.7630130530294308,1.925667866505476,0.19456145320072646,0.20068663055889804,-1.6187963350477044,-1.276702042959292,-1.5661036512500137,-1.3659466485175495
3.216666666666667,1,56,-0.9777155761296585,-0.9659904738673474,-0.16318410078934872,0.007006257621130274,-0.33293616724302355,-0.3047600926646886,1.768372200907602,1.9254663121847446,0.22941849370546818,0.20195419760552502,-1.6108115170613102,-1.262332162816326,-1.5005341481833219,-1.3745741737003259
3.220833333333333,1,56,-1.008208895503851,-0.971989589708235,-0.19976754207745387,-0.00772600672456214,-0.2903144653640239,-0.3066527522188194,1.7696088659356357,1.9252668831159891,0.22437801584748407,0.20320839902763657,-1.6043772391286497,-1.248113803196738,-1.5845020721467609,-1.3831107275515286
3.225,1,56,-1.0084845144208474,-0.9779237469674695,-0.23576458962243266,-0.0222987497304743,-0.28119630794605405,-0.3085249180062936,1.7707907135373484,1.9250696134703535,0.2257118103033112,0.20444901992427597,-1.5931937092380668,-1.2340494003432507,-1.5036542553101087,-1.391554847376604
3.2291666666666665,1,56,-0.9957527019723397,-0.9837919288577524,-0.27192915682959096,-0.03670947443210926,-0.2895692142290846,-0.31037626924114115,1.7712907762025123,1.9248745370489764,0.22495143167393447,0.20567584772143901,-1.582166560688128,-1.2201413641188914,-1.5770182238136556,-1.399905086319088
3.2333333333333334,1,56,-1.0031784269202364,-0.9895931298963274,-0.3067866519947837,-0.050955711625980005,-0.26920706101211134,-0.31220648870385914,1.769701496558962,1.924681687277198,0.20936785573654748,0.20688867220849866,-1.575157734915732,-1.2063920775940655,-1.4941762339430502,-1.408160013608527
3.2375,1,56,-0.9881861334634129,-0.9953263560772602,-0.3415277280027752,-0.06503502029267993,-0.2828373218079252,-0.3140152627957642,1.7708154280708106,1.924491097198834,0.2240388662713195,0.20808728557422243,-1.5567638405797795,-1.1928038966382406,-1.5734215057667884,-1.416318214805625
3.2416666666666667,1,56,-0.9964411336682907,-1.0009906250417604,-0.37480405710052683,-0.07894498801515226,-0.25877036384035723,-0.3158022815927278,1.7680091709908707,1.9243027994705135,0.19678611919447078,0.20927148244238086,-1.5451541837457354,-1.1793791495162682,-1.492593567699786,-1.424378292044607
3.245833333333333,1,56,-0.9855446004719192,-1.0065849662464996,-0.4084828914780684,-0.09268323139203316,-0.26605433939874923,-0.31756723889827804,1.7675108055920221,1.9241168263560824,0.20124973552125414,0.21044105990693657,-1.5295667832756425,-1.16612013648946,-1.575233070572345,-1.4323388642727295
3.25,1,56,-0.9882118012633843,-1.0121084211299132,-0.4409738916205608,-0.10624739644604819,-0.25029105080850605,-0.31930983229606713,1.7646260071536704,1.9239332097210768,0.18143687095873823,0.21159581756681226,-1.5193056249164825,-1.153029129421438,-1.4975719052550798,-1.440198567486924
3.2541666666666664,1,56,-0.9736981456691706,-1.017560043276441,-0.4730874622475944,-0.11963515902734034,-0.26861459444832503,-0.32102976320168697,1.7678853045356067,1.9237519810272616,0.22518644792352513,0.21273555756022736,-1.4980826192067156,-1.140108371388873,-1.590158082834109,-1.4479560549675052
3.2583333333333333,1,56,-0.9826045510066322,-1.0229388985786936,-0.5035994105528041,-0.13284422521171546,-0.24671764349626774,-0.3227267369138314,1.7669950677694486,1.9235731713272408,0.21895560051938295,0.21386008459860167,-1.4825919191802566,-1.1273600762971347,-1.5118676374352154,-1.4556099975089307
3.2624999999999997,1,56,-0.9782595156746873,-1.028244065397505,-0.534615237532194,-0.14587233169367986,-0.24801607232221531,-0.32440046266479056,1.767567114649896,1.923396811259136,0.23441701724315497,0.214969206000016,-1.4653709636165946,-1.1147864285009623,-1.599783695629809,-1.463159083647547
3.2666666666666666,1,56,-0.9860748294312137,-1.0334746347198525,-0.5642919909714285,-0.15871724617425942,-0.22559721276659792,-0.3260506536702737,1.7650319322072734,1.9232229310413365,0.2082963128735296,0.21606273172222823,-1.4511430569610484,-1.1023895824301726,-1.5219644740644536,-1.4706020198863081
3.2708333333333335,1,56,-0.9806053555468103,-1.0386297103146094,-0.5936855680613065,-0.17137676774348298,-0.22903478983119094,-0.32767702717854713,1.767492423949782,1.9230515604673228,0.22048937514781036,0.2171404743952352,-1.4301587266307905,-1.0901716622205222,-1.6149013084431296,-1.4779375309164058
3.275,1,56,-0.9867806519452567,-1.0437084088861104,-0.6210748008928699,-0.1838487272574989,-0.20915790213050517,-0.32927930451888254,1.7674473980245706,1.9228827289005608,0.19190810376969938,0.21820224935337806,-1.4097589972171163,-1.0781347613497427,-1.5400220798608888,-1.485164359835787
3.279166666666667,1,56,-0.9792188481537426,-1.0487098602255016,-0.6483043964572569,-0.19613098771025328,-0.2205896040910878,-0.3308572111493066,1.7719247191948928,1.9227164652694697,0.23367784753373233,0.21924787466698395,-1.3834575863206262,-1.0662809422788295,-1.6424205542555625,-1.4922812683645224
3.283333333333333,1,56,-0.9862687827608023,-1.0536332073598422,-0.6734013364267658,-0.2082214445996442,-0.2023604708154446,-0.33241047670364093,1.7733984939566105,1.9225527980624673,0.22340019512514825,0.22027717117353807,-1.3578179744104575,-1.0546122360986594,-1.5678270260748555,-1.4992870370569713
3.2875,1,56,-0.9837023158599421,-1.0584776066989476,-0.6999928793615134,-0.22011802628812838,-0.2053898870724177,-0.3339388350378294,1.773596066415126,1.9223917553230867,0.24610331711967798,0.22128996250838304,-1.3570856843175616,-1.0431306421819628,-1.6607768666179434,-1.5061804655107358
3.2916666666666665,1,56,-0.9873908249688931,-1.0632422281799288,-0.7248614816584171,-0.23181869435767366,-0.19186623745761267,-0.335442024275539,1.7715822916239232,1.9222333646451724,0.22489584635100185,0.22228607513493734,-1.3592101057573778,-1.0318381278407531,-1.577985715876106,-1.5129603725723364
3.2958333333333334,1,56,-0.9778801347235847,-1.0679262554094247,-0.7494312919103946,-0.24332144395904542,-0.20734972164415996,-0.33691978685303275,1.7737937040242835,1.9220776531681514,0.2528410080845182,0.22326533837443058,-1.356272506850653,-1.0207366279892254,-1.6740736826020595,-1.5196255965396026
3.3,1,56,-0.9814482635368086,-1.0725288858034816,-0.7723698584769119,-0.2546243041553127,-0.19552597594085008,-0.3383718695633002,1.7723229367272255,1.921924647572384,0.22833002699376934,0.22422758443514776,-1.361482870024426,-1.009828044812231,-1.5855907067896289,-1.526174995360719
3.3041666666666667,1,56,-0.9731060532080725,-1.077049330725077,-0.7945752554150539,-0.26572533825957034,-0.21058517282368325,-0.33979802359944455,1.776203399582454,1.921774374074591,0.25268479784705583,0.2251726484411802,-1.3545210753480343,-0.999114247439338,-1.67965066988986,-1.5326074468299153
3.308333333333333,1,56,-0.9766366643810701,-1.0814868156192439,-0.8156160073791253,-0.27662264416677074,-0.20022855141024257,-0.34119800459731325,1.7755489878213917,1.9216268584233631,0.22473891023456116,0.2261003684606755,-1.361591441935609,-0.9885970716245738,-1.5869656202139368,-1.5389218487797451
3.3125,1,56,-0.9756977404765337,-1.085840580145791,-0.8352847409316064,-0.2873143546796486,-0.20379810619799565,-0.3425715726773699,1.7799091855201723,1.9214821258947472,0.23552486788578966,0.22701058553358444,-1.3516652596008356,-0.9782783194318685,-1.6701703398525802,-1.5451171192699424
3.3166666666666664,1,56,-0.9821392244344549,-1.0901098783095788,-0.8544899584141422,-0.2977986378286457,-0.19051747528141252,-0.34391849248579454,1.779408732141264,1.9213402012879175,0.20386248673824234,0.22790314369889714,-1.3617253364921924,-0.9681597589262925,-1.5719674479183057,-1.5511921967728006
3.3208333333333333,1,56,-0.9768555536224154,-1.0942939785883465,-0.8724082022091727,-0.3080736971858209,-0.20406554169852006,-0.34523853323481246,1.7855805262570927,1.9212011089209244,0.22348449282040955,0.2287778900213671,-1.3483675845407157,-0.9582431238710956,-1.6585505850837663,-1.5571460403550654
3.3249999999999997,1,56,-0.981642694054745,-1.09839216405805,-0.8901093310835411,-0.3181377721726464,-0.19523375991404707,-0.3465314687422366,1.7856374049661328,1.9210648726265291,0.1919256096504702,0.22963467461771497,-1.3608447304099687,-0.9485301134306452,-1.557141258697447,-1.5629776298562885
3.3291666666666666,1,56,-0.9743408582388222,-1.1024037325157074,-0.9063265811243385,-0.3279891383616862,-0.21725479390942687,-0.34779707747022404,1.794913957597962,1.9209315157481193,0.24483363575737427,0.23047335068231112,-1.3419088784363027,-0.9390223918792757,-1.662127563397343,-1.568685966063631
3.3333333333333335,1,56,-0.9772527518537607,-1.1063279965997153,-0.9225366596127057,-0.33762610777205726,-0.21647204799659828,-0.34903514256323454,1.7974544227281959,1.9208010611357094,0.24216568134632685,0.2312937745123293,-1.350455645423611,-0.9297215883161298,-1.5794165297834883,-1.57427007088307
3.3375,1,56,-0.9794300285235941,-1.1101642839076238,-0.9369288805787576,-0.34704702915866115,-0.22015787799201303,-0.35024545188518774,1.8039279051038304,1.9206735311420258,0.2535486350094397,0.2320958055323697,-1.3394057977494553,-0.9206292963860188,-1.672415378726158,-1.5797289875069906
3.341666666666667,1,56,-0.9876992108356705,-1.1139119371113533,-0.9510391718180081,-0.35625028829511995,-0.20923352642559126,-0.3514277980558124,1.8051399544089453,1.9205489476186766,0.22174275257936446,0.23287930631854603,-1.3495657902722142,-0.9117470740063554,-1.5823494668477054,-1.5850617805781335
3.345833333333333,1,56,-0.988656016881818,-1.1175703140698192,-0.9635998037925473,-0.3652343082503564,-0.21647861246286704,-0.3525819784861786,1.8125455083415383,1.9204273319124068,0.23426863843405643,0.23364414262203193,-1.335104665002224,-0.9030764431002205,-1.6751435548553555,-1.590267536349858
3.35,1,56,-0.9942440037085196,-1.121138787938964,-0.9761189446982597,-0.37399754965880394,-0.2102763270775519,-0.35370779541341163,1.8142597093205546,1.9203087048614416,0.20281356419724902,0.23439018339206436,-1.3439637304108218,-0.8946188893355815,-1.588635597078961,-1.5953453628427132
3.3541666666666665,1,56,-0.9940354111562241,-1.1246167472791602,-0.9871280324061179,-0.3825385109841575,-0.2195363154319907,-0.35480505593457645,1.821883434821848,1.920193086791916,0.21263067833786825,0.23511730079839782,-1.3299673907646739,-0.8863758618707385,-1.6771572202495835,-1.6002943899972688
3.3583333333333334,1,56,-0.9988834036037881,-1.12800359615998,-0.9972312604652404,-0.3908557287766654,-0.21505700936162753,-0.3558735720397317,1.825037064056648,1.9200804975143901,0.18383690938293443,0.23582537025320807,-1.3370598618720115,-0.8783487731060107,-1.5893514814192349,-1.6051137698232008
3.3625,1,56,-0.9964241244194572,-1.131298754262302,-1.0056033885549198,-0.3989477779238739,-0.2323437363415521,-0.3569131606441432,1.835289225725642,1.919970956320458,0.22723609492050717,0.23651427043243908,-1.3223494808831928,-0.8705389984417358,-1.6813638588780153,-1.6098026765445852
3.3666666666666667,1,56,-1.0004793228221645,-1.1345016569777506,-1.013151714472481,-0.4068132718948223,-0.23228561556576485,-0.3579236436196558,1.8403293494977597,1.9198644819794388,0.2215017156658324,0.23718388329659176,-1.330234520855413,-0.862947876042595,-1.591272380237613,-1.614360306741395
3.370833333333333,1,56,-1.0012978700396404,-1.1376117555054326,-1.018459749249382,-0.414450862977608,-0.24114637684034868,-0.35890484782521326,1.8505530198302604,1.9197610927351627,0.23970979334194734,0.2378340941109488,-1.3141126477063372,-0.8555767066083355,-1.6733753610320925,-1.6187858794871575
3.375,1,56,-1.0068805980580473,-1.1406285169459771,-1.0231204250621089,-0.4218592425103189,-0.23627034113155934,-0.3598566051365265,1.8554901478279844,1.9196608063028446,0.21341209771469583,0.2384647914652347,-1.3198297672125312,-0.8484267531508904,-1.5804495391006559,-1.6230786364827667
3.3791666666666664,1,56,-1.0073504502104915,-1.1435514243928409,-1.0263631573264924,-0.42903714110525915,-0.2457653922688516,-0.36077875247487967,1.8655797156741118,1.9195636398660483,0.2281155401714108,0.2390758672927044,-1.3079654667751173,-0.8414992407779787,-1.6654552514059089,-1.6272378421864098
3.3833333333333333,1,56,-1.012982140054595,-1.1463799770208807,-1.0287395153036851,-0.4359833288664574,-0.24068699714484637,-0.36167113183507366,1.8708830594099777,1.9194696100737427,0.19689150605369007,0.23966721688866088,-1.3142531630566532,-0.8347953564831809,-1.5720139419490078,-1.6312627839396017
3.3874999999999997,1,56,-1.0134613958383527,-1.1491136901721648,-1.0297019031644916,-0.4426966156003993,-0.25004431672050675,-0.3625335903124991,1.8815352747918874,1.9193787330374485,0.20713530780283268,0.24023873892839503,-1.3001722254720802,-0.82831624894256,-1.6563015566955126,-1.6351527720892929
3.3916666666666666,1,56,-1.018703768780577,-1.1517520954390181,-1.0301440231576087,-0.4491758510199637,-0.2463566552242206,-0.36336598012933585,1.8871069115951529,1.919291024328478,0.17839998278314692,0.24079033548454762,-1.3080120496340641,-0.8220630283178378,-1.5636956836087872,-1.6389071401060402
3.3958333333333335,1,56,-1.0171033558470126,-1.1542947407442807,-1.0293625602399787,-0.45541992494151673,-0.2635258495196724,-0.3641681586598739,1.8996175661987207,1.919206498975267,0.22258631362790116,0.24132191204388836,-1.2916802496343611,-0.8160367660661776,-1.6542167838739015,-1.6425252446982113
3.4,1,56,-1.0215434316859748,-1.1567411904187686,-1.0280851935567585,-0.46142776747513503,-0.26421983338930516,-0.36493998845495157,1.9064243315071556,1.9191251714608,0.21731485381311472,0.2418333775235103,-1.299523569858324,-0.810238494756593,-1.5651705051613478,-1.6460064659222098
3.404166666666667,1,56,-1.0227191724649947,-1.1590910252759252,-1.0251877635392097,-0.46719834920793124,-0.2736716907809623,-0.3656813372655071,1.9175119010312391,1.9190470557201271,0.23446394646325294,0.24232464428643666,-1.28444786746302,-0.8046692078930224,-1.6501171743307774,-1.6493502072887014
3.408333333333333,1,56,-1.028770045822397,-1.161343842683644,-1.0218184920692235,-0.4727306813804302,-0.2691937816049854,-0.3663920780652381,1.9228543512867762,1.9189721651379792,0.2062564356686606,0.24279562815663655,-1.2922733646438533,-0.7993298597441001,-1.5615325107374018,-1.6525558958648157
3.4125,1,56,-1.0295071444308577,-1.1634992566332603,-1.0171915744208606,-0.478023816055996,-0.2793071740625347,-0.36707208907236744,1.9337907981739155,1.9189005125464713,0.22035035703776013,0.2432462484334485,-1.276072016919719,-0.7942213651796437,-1.6481154306221568,-1.6556229823723183
3.4166666666666665,1,56,-1.0353310146870522,-1.1655568978056896,-1.0120905249691277,-0.4830768462832511,-0.2751879562028237,-0.36772125377050985,1.9389850255473224,1.9188321102229067,0.1891549976152721,0.2436764279054079,-1.282903107623754,-0.7893445995138983,-1.5592069052254898,-1.6585509412817259
3.4208333333333334,1,56,-1.0339016869248627,-1.1675164136347098,-1.00639005883675,-0.4878889062514786,-0.29281217703715684,-0.3683394609286362,1.9506727877504493,1.9187669698876708,0.23217684102358313,0.24408609286347674,-1.2689494042254186,-0.7847003983555552,-1.650697579302881,-1.6613392709023524
3.425,1,56,-1.038445839778496,-1.1693774683673712,-1.0000984329795843,-0.4924591714389752,-0.2941824910935449,-0.3689266046201323,1.956507989369952,1.9187051027022253,0.22584441869205432,0.2444751731136734,-1.27871330943378,-0.7802895574645747,-1.5608065272764258,-1.6639874934682712
3.4291666666666667,1,56,-1.0397313347133328,-1.1711397431215265,-0.9923496743968699,-0.4967868587543305,-0.30448734083407325,-0.36948258424094954,1.9670516319229077,1.9186465192671935,0.24506472814231,0.2448436019891001,-1.263346908368189,-0.7761128326158357,-1.6439954299223365,-1.6664951552201797
3.433333333333333,1,56,-1.045897236722789,-1.1728029359404681,-0.9841147034347746,-0.5008712266706001,-0.30087284960703303,-0.3700073045268419,1.9717249554399958,1.9185912296205456,0.21900651950597724,0.24519131636136565,-1.2713233458448308,-0.7721709394696399,-1.5543651823579558,-1.6688618264831452
3.4375,1,56,-1.0469661869864173,-1.1743667618446694,-0.9749978187920839,-0.5047115753523692,-0.3113755607319901,-0.3705006755696897,1.9817464266027018,1.9185392432358779,0.23489259576019236,0.24551825665140242,-1.2569333424686615,-0.7684645534490846,-1.6431517033457386,-1.6710871017402311
3.4416666666666664,1,56,-1.0527794240242918,-1.1758309528806117,-0.9663435276496614,-0.5083072467756602,-0.30815953529083223,-0.37096261283290455,1.9854088110980335,1.9184905690207896,0.2056167798557091,0.24582436683967476,-1.2658850672724034,-0.7649943096243343,-1.550361328721826,-1.6731705997019772
3.4458333333333333,1,56,-1.053189578855987,-1.177195258166699,-0.9577073908839147,-0.5116576248406868,-0.31973005530041887,-0.3713930371659146,1.993895960591874,1.9184452153153573,0.21880579625909527,0.24610959447577785,-1.2540208723719493,-0.7617608026038027,-1.6357950466592828,-1.6751119633717346
3.4499999999999997,1,56,-1.058874406424321,-1.1784594439362432,-0.9491129243237226,-0.5147621354774135,-0.3165108978112972,-0.371791874817726,1.9966677115982236,1.9184031898907046,0.18607936327729432,0.24637389068742446,-1.263565088122138,-0.7587645864322727,-1.5414675800893534,-1.6769108601068314
3.4541666666666666,1,56,-1.0573851893914936,-1.179623293577522,-0.9408262444070548,-0.5176202467439261,-0.3347688015323514,-0.3721590574495606,2.005974897511273,1.9183644999476717,0.22731030202480154,0.2466172101888195,-1.2489902450666446,-0.7560061744959596,-1.6330241027370611,-1.678566981675574
3.4583333333333335,1,56,-1.061945609568017,-1.1806866076708902,-0.9327614046301413,-0.5202314689175731,-0.33666222750838704,-0.3724945221465646,2.0088571044090515,1.918329152115581,0.21892987342577952,0.2468395112884189,-1.2610815158971123,-0.7534860394345491,-1.5398342309385145,-1.6800800443100565
3.4625,1,56,-1.0627073476024813,-1.1816492040229518,-0.9241985772315154,-0.522595354578876,-0.34876320078140044,-0.3727982114285891,2.0165753845794954,1.918297152451102,0.24037759435574516,0.24704075589607372,-1.2469176191232985,-0.7512046130602101,-1.6244953416440273,-1.6814497887547861
3.466666666666667,1,56,-1.0689453295923452,-1.1825109176977775,-0.9157350477562148,-0.5247114986881973,-0.34579406826165016,-0.373070073260039,2.0179190916278826,1.9182685064372123,0.21467914199402982,0.2472209095295564,-1.2582791718724737,-0.7491622862836071,-1.5284002640702892,-1.6826759803111038
3.470833333333333,1,56,-1.0696620558861993,-1.183271601045165,-0.9071117989753115,-0.5265795386551368,-0.3574738874310314,-0.37331006105878906,2.0250101012726174,1.9182432189822587,0.23177916002417887,0.24737994132046923,-1.2437850631383842,-0.7473594090469198,-1.6172035069915118,-1.6837584088773982
3.475,1,56,-1.0759466352587301,-1.1839311237259391,-0.8984799893631488,-0.5281991544006646,-0.35389336154666623,-0.3735181337041655,2.0259191266551566,1.9182212944191166,0.20176944854900275,0.24751782401953368,-1.2549514327522973,-0.7457962902638804,-1.5243621409806767,-1.684696888985108
3.4791666666666665,1,56,-1.0766423033252035,-1.1844893727342833,-0.8897340525814378,-0.5295700684119584,-0.3651084615852368,-0.37369425554399155,2.032453747219919,1.9182027365044472,0.21462989904031315,0.24763453400125893,-1.240849735592202,-0.7444731977668462,-1.6163038656101636,-1.6854912598304967
3.4833333333333334,1,56,-1.0830504082739982,-1.1849462524171044,-0.880927286697901,-0.5306920457899609,-0.3607436442241064,-0.3738383964006967,2.0328406492783886,1.9181875484180533,0.18030617893269088,0.24773005126799055,-1.252981112497203,-0.7433903582609052,-1.525662147598914,-1.6861413853022102
3.4875,1,56,-1.0815532893780209,-1.1853016844904203,-0.8725041340568104,-0.531564894289625,-0.3789117762821363,-0.37395053157648733,2.040304225752899,1.9181757327623354,0.22090214101915803,0.2478043594533366,-1.2390007560738179,-0.7425479572850313,-1.6261031260273195,-1.686647154004596
3.4916666666666667,1,56,-1.086604731595899,-1.1855556080527752,-0.8639837919391309,-0.5321884643528523,-0.3797167413742195,-0.3740306418575781,2.0413124238002522,1.9181672915618455,0.21046448335624027,0.24785744582497196,-1.2537600573577403,-0.7419461391802966,-1.5384923161508484,-1.6870084792767897
3.495833333333333,1,56,-1.0872817243080644,-1.1857079795956738,-0.8549950385801725,-0.5325626491341238,-0.3919538818107499,-0.37407871351748495,2.047591991706347,1.9181622262629396,0.23345589021967125,0.24788930128682024,-1.240864617951346,-0.741585007065134,-1.630089777825563,-1.687225299207567
3.5,1,56,-1.0939151056363199,-1.1857587730110368,-0.8458087970576136,-0.5326873845188032,-0.38811611885743114,-0.37409473831937634,2.047487693611993,1.9181605377335307,0.2078501250351715,0.24789992038061204,-1.256001626038158,-0.7414646228176727,-1.53695952985365,-1.6872975766459484
3.5041666666666664,1,56,-1.0948132094713678,-1.18579861396103,-0.8365199472612462,-0.5327569974982624,-0.3989743436192804,-0.37404730165550826,2.0532543080475505,1.9181462347392735,0.22430231581656124,0.24788529273783108,-1.244124785548429,-0.741402529534228,-1.6289384681225665,-1.6872860285460396
3.5083333333333333,1,56,-1.1015042539282134,-1.1859181095060125,-0.8269408528419778,-0.5329657887273823,-0.3938308273558814,-0.37390502417462385,2.0530593013982834,1.91810333555906,0.19290786023991063,0.24784141983454386,-1.2572550526419912,-0.7412162922395283,-1.5371801137473986,-1.6872513921608039
3.5124999999999997,1,56,-1.1001585728507544,-1.186117177749707,-0.8178423555031356,-0.5333136151110833,-0.41105671874499433,-0.37366800338660167,2.0601774443499288,1.9180318695938452,0.23498495372357597,0.2477683317390468,-1.2423378311773472,-0.740906038571313,-1.638005503557984,-1.6871936912282897
3.5166666666666666,1,56,-1.1058491791033893,-1.1863956822606825,-0.808555663184724,-0.5338002382665366,-0.41005101909771,-0.3733364017336503,2.0609306442337623,1.917931885822832,0.22589174610030854,0.24766607854226974,-1.257628341462095,-0.7404719811619486,-1.5555326889951258,-1.687112965293834
3.5208333333333335,1,56,-1.1068839374914006,-1.1867534321658593,-0.798975727015608,-0.5344253246865385,-0.42084849931351204,-0.3729104464789788,2.0670752321444437,1.9178034527699026,0.24999312733178738,0.24753473032344606,-1.2448968866768926,-0.7399144174927017,-1.653626335387644,-1.6870092696829595
3.525,1,56,-1.114111772240954,-1.1871901822813218,-0.7891296694282632,-0.5351884459680806,-0.4150356880372662,-0.3723904295510419,2.0667562675696347,1.9176466584566565,0.2244718105335718,0.247374377102084,-1.2607798022364844,-0.7392337296898606,-1.5629703409497075,-1.6868826754634587
3.529166666666667,1,56,-1.1149677710675143,-1.1877056332803575,-0.7793546129636154,-0.5360890791059554,-0.4249647085433005,-0.37177670734346646,2.072484405943108,1.9174616103420834,0.24071972313800713,0.2471851287762716,-1.2477771905485497,-0.7384303842628439,-1.6616803682903882,-1.6867332693966859
3.533333333333333,1,56,-1.1219165136753395,-1.1882994318985987,-0.7693593997441817,-0.5371266068511976,-0.41835470256195767,-0.3710697004707975,2.0721806948161423,1.917248435248918,0.20611731454288312,0.24696711504735824,-1.259117085902775,-0.7375049317844796,-1.5627543374339334,-1.6865611538780965
3.5375,1,56,-1.1223821194338404,-1.1889711711761337,-0.759592439182602,-0.5383003181341166,-0.42773071795132106,-0.3702698934802297,2.0774721941721266,1.9170072792767208,0.21269352796780341,0.2467204853310637,-1.246397280873328,-0.7364580065136688,-1.6519528704422144,-1.6863664468670692
3.5416666666666665,1,56,-1.1285411340097806,-1.1897203907364156,-0.7495843911376596,-0.539609408551627,-0.42294051173734926,-0.36937783451952333,2.077252696552091,1.9167383077017492,0.18508145786812796,0.24644540865507608,-1.2599565068048901,-0.7352903259606971,-1.5631934117994377,-1.6861492818060635
3.5458333333333334,1,56,-1.1265137234582976,-1.190546577101782,-0.7400836174835661,-0.5410529809185474,-0.4403716719490083,-0.36839413496133044,2.084279185056168,1.916441704863685,0.22745178629180537,0.24614207354320872,-1.2431967170991263,-0.7340026903954884,-1.6671138733639639,-1.685909807529165
3.55,1,56,-1.13251155986324,-1.191449164045367,-0.7300283769987098,-0.5426300458824852,-0.4377709821276355,-0.36731946898419154,2.0851333129029346,1.916117674039298,0.21793549894567635,0.24581068788619537,-1.2529311928444398,-0.7325959822991406,-1.5822269412129313,-1.6856481881600809
3.5541666666666667,1,56,-1.1333141410080498,-1.1924275329791654,-0.7201032342126518,-0.5443395226018908,-0.4478511314034633,-0.3661545731104865,2.090652937926357,1.9157664373031293,0.23914522734114144,0.24545147879921222,-1.2382730123768129,-0.7310711657591159,-1.6746628060778055,-1.6853646029996583
3.558333333333333,1,56,-1.141189901397244,-1.1934810133779796,-0.7096369814303464,-0.5461802394868104,-0.4398333066581071,-0.3649002457016594,2.0903203049744,1.9153882353752936,0.20992870763677965,0.2450646924662247,-1.2467258432649535,-0.7294292858085049,-1.5839053371423382,-1.6850592464030012
3.5625,1,56,-1.1419336964585078,-1.1946088832389672,-0.6998020855211176,-0.5481509350018374,-0.4489234426109098,-0.363557346411061,2.095089527153267,1.9149833274565,0.22175591477061654,0.2446505939712649,-1.2356267991840046,-0.7276714677098116,-1.6814501719833186,-1.6847323276462678
3.5666666666666664,1,56,-1.149842810383124,-1.195810369576464,-0.6892902435319038,-0.5502502585307039,-0.43999119562037686,-0.36212679559478606,2.0945010853935058,1.9145519910504112,0.1872896262393018,0.2442094671167567,-1.244495072616774,-0.7257989161837565,-1.594887034668165,-1.684384070783244
3.5708333333333333,1,56,-1.1494635288310373,-1.1970846489517497,-0.6813590734190103,-0.5524767713019272,-0.4539426112926643,-0.3606095736809061,2.0941253625087026,1.9140945217734535,0.219936422858095,0.2437416142290113,-1.2427616969403381,-0.7238129145836187,-1.6970005773092842,-1.684014714491788
3.5749999999999997,1,56,-1.157354125421718,-1.198430848037392,-0.6713696766444816,-0.5548289473748701,-0.4463385326590262,-0.3590067204975344,2.091456616026672,1.9136112331522188,0.20065498585477393,0.2432473559510283,-1.2413492110963706,-0.7217148240156929,-1.6126080082609773,-1.6836245119102522
3.5791666666666666,1,56,-1.1582914379453908,-1.1998480442157822,-0.6628151917971083,-0.5573051746855465,-0.45594036186324266,-0.35731933456017806,2.091997764209556,1.913102456408587,0.22045799438001076,0.24272703102274257,-1.2356778078992443,-0.7195060824064514,-1.7116697664466514,-1.683213730463995
3.5833333333333335,1,56,-1.1667008238602274,-1.2013352662114498,-0.6525885196770738,-0.559903756151448,-0.44580835821731746,-0.35554857231887194,2.0895310125974262,1.9125685402327242,0.19022126875934658,0.24218099604886917,-1.2351286924736031,-0.7171882035170647,-1.6256058130551887,-1.6827826516821003
3.5875,1,56,-1.1654242788776654,-1.2028914947567273,-0.644260185258736,-0.5626229108346394,-0.4610282623080561,-0.3536956473656049,2.0922799333656723,1.9120098505441077,0.2318931538379925,0.24160962525450422,-1.225611543444503,-0.714762775905943,-1.72993319552317,-1.6823315710044329
3.591666666666667,1,56,-1.173926932036433,-1.2045156632903053,-0.6345723693617,-0.5654607751623263,-0.4529986369634014,-0.35176182960258384,2.090295083868863,1.9114267702407428,0.218126135857944,0.24101331022864947,-1.2319751293644703,-0.7122314618400176,-1.6460720123437356,-1.6818607975791566
3.595833333333333,1,56,-1.175221396689566,-1.2062066586881999,-0.6255167283567852,-0.5684154042040523,-0.46168306734268333,-0.34974844437190766,2.0934946325832784,1.910819698936744,0.24384569512465412,0.2403924596558371,-1.2164335399223423,-0.7095959961555082,-1.7440606834215286,-1.6813706540508622
3.6,1,56,-1.1845650292406966,-1.2079633220266324,-0.6157235227745057,-0.57148477300466,-0.4505623886817726,-0.3476568715472421,2.0912054052737195,1.9101890526884595,0.21704247834671933,0.2397474990360375,-1.2218571898529313,-0.7068581850689495,-1.6587003312406245,-1.6808614763394403
3.6041666666666665,1,56,-1.1853350449207085,-1.209784449376298,-0.6068936619429836,-0.5746667779720911,-0.45859803161669543,-0.34548854458812533,2.09411376128232,1.9095352637093257,0.23238661021636375,0.23907887039304304,-1.2081360636837606,-0.7040199049393043,-1.7586828536610504,-1.6803336134098603
3.6083333333333334,1,56,-1.1949574319869007,-1.2116687926274785,-0.5971266151824934,-0.5779592383190862,-0.4457119960252904,-0.34324494955754425,2.0916057262581975,1.908858780073652,0.1946631739368897,0.2383870319715268,-1.2140807202553603,-0.7010831009819978,-1.6729378412030809,-1.679787427033007
3.6125,1,56,-1.1929495190694348,-1.2136150603454345,-0.5887304389381978,-0.581359897557785,-0.4605642632444496,-0.3409276241034632,2.096525583321069,1.908160065409531,0.2331282800016188,0.23767245792298486,-1.1952172419974665,-0.6980497859357659,-1.7838173496162044,-1.6792232915377403
3.6166666666666667,1,56,-1.2046874564489116,-1.2156219186554909,-0.5793910133462656,-0.5848664250462127,-0.44283818083517484,-0.33853815640499507,2.0940496518375378,1.9074395985810917,0.1954535246836569,0.23693563798077624,-1.1992176155637797,-0.6949220386832236,-1.6953451463839193,-1.6786415935543497
3.620833333333333,1,56,-1.203954525103812,-1.2176879921572061,-0.5727944383033851,-0.5884764175855829,-0.45444271331424624,-0.33607818408394413,2.0978969905419738,1.9066978733603104,0.23555069817159296,0.23617707712448446,-1.1848093013021828,-0.6917020028261036,-1.8054079546053725,-1.6780427317495763
3.625,1,56,-1.2165988172455735,-1.2198118648670053,-0.5651651549090417,-0.592187401067333,-0.4339732825100232,-0.3335493930824605,2.094740754970019,1.9059353980886033,0.19907428539579086,0.23539729523382932,-1.1913984937558686,-0.6883918852161377,-1.7153920939237381,-1.6774271165533874
3.6291666666666664,1,56,-1.2190435396951562,-1.2219920811886225,-0.5599965782523403,-0.5959968321687517,-0.43507334525697855,-0.33095351650758115,2.094350932548037,1.9051526953284355,0.20646961193422086,0.2345968267323679,-1.17932095094674,-0.6849939544425921,-1.813655637842413,-1.676795169877688
3.6333333333333333,1,56,-1.2307534993641764,-1.2242271469106953,-0.5541304924855085,-0.5999021000960482,-0.412283636808944,-0.328292333443443,2.08899500787175,1.9043503015051813,0.15401825562387397,0.23377622022122657,-1.181409812255722,-0.6815105392774881,-1.7237962700646103,-1.6761473248271626
3.6374999999999997,1,56,-1.2295471448044386,-1.2265155302308217,-0.5507156482834357,-0.6039005283736566,-0.4196251617928331,-0.3255676677319897,2.08993125440855,1.9035287665394873,0.1801263480914981,0.23293603810311808,-1.1669285417475164,-0.6779440270795799,-1.8339758690105368,-1.6754840254024488
3.6416666666666666,1,56,-1.239210309987391,-1.2288556628053817,-0.5468409425406185,-0.6079893766785625,-0.4029176262820568,-0.3227813867229993,2.086333876604839,1.902688653470382,0.16273995146626458,0.23207685619689794,-1.169614395563467,-0.674296862158176,-1.7512298948009182,-1.6748057261958396
3.6458333333333335,1,56,-1.2365508038274566,-1.231245940824401,-0.5448110888116018,-0.6121658427183796,-0.4150151575165975,-0.3199353999942977,2.0891081627378796,1.9018305380693987,0.2226423576432003,0.23119926334292767,-1.1494674228482191,-0.670571544097934,-1.862826533342512,-1.6741128920797292
3.65,1,56,-1.2500802846641612,-1.2336847261107216,-0.541558064991177,-0.616427064151903,-0.39041081465959426,-0.31703165804302896,2.085362733865281,1.9009550084459692,0.19903673251377837,0.23030386099951278,-1.148727056640731,-0.666770626045769,-1.7750592715812645,-1.6734059978880131
3.654166666666667,1,56,-1.2559298924433808,-1.2361703472427292,-0.5393175159917506,-0.6207701205508158,-0.37974631607571246,-0.31407215094888064,2.085184467966355,1.9000626646443637,0.20281179125143414,0.22939126283069286,-1.132081306005841,-0.662896712961053,-1.8651296116003,-1.6726855280906603
3.658333333333333,1,56,-1.265408555822386,-1.238701100699859,-0.5372411257633569,-0.6251920354012018,-0.355356039100653,-0.311058907010185,2.0807825913662845,1.8991541182324503,0.15866730580462773,0.22846209428566774,-1.1304686680086953,-0.6589524598303088,-1.774318753538466,-1.6719519764616817
3.6625,1,56,-1.26551035646836,-1.2412752520301056,-0.5365294979362915,-0.6296897781435031,-0.3519003214864028,-0.3079939913538222,2.0812364447997163,1.898229991882557,0.17460077488542533,0.22751699217014498,-1.115778528482882,-0.6549405698476116,-1.8675131098467082,-1.6712058457407215
3.6666666666666665,1,56,-1.2735421684422832,-1.2438910370387288,-0.5357237190355857,-0.6342602662495103,-0.3292418387317393,-0.30487950451988777,2.077864710828786,1.8972909189447227,0.14795337021609503,0.22655660420990587,-1.1150845230986541,-0.6508637925619581,-1.7774297154767105,-1.6704476472885064
3.6708333333333334,1,56,-1.2728563532297203,-1.2465466629973454,-0.5358512496583867,-0.6389003673349776,-0.32643155656544276,-0.3017175810220848,2.0794263129381143,1.896337543012631,0.18119510250260085,0.22558158860688565,-1.096161712177617,-0.6467249219928592,-1.8775040600413215,-1.6696779007363824
3.675,1,56,-1.2805738298362233,-1.2492403098725744,-0.5360250940881036,-0.6436069013063982,-0.30337446965295917,-0.29851038788483797,2.076876806054657,1.8953705174825242,0.1684844756855699,0.2245926135880758,-1.0916336663157709,-0.6425267947154629,-1.7956658166395183,-1.6688971336301868
3.6791666666666667,1,56,-1.2799338062284127,-1.2519701315733989,-0.5374506788211395,-0.6483766425404858,-0.2996991570423654,-0.29526012315811984,2.078026216067626,1.8943905051053962,0.21495894945174296,0.22359035694755353,-1.077971223607716,-0.638272287916503,-1.903186883745877,-1.6681058810686937
3.683333333333333,1,56,-1.2908376915028268,-1.2547342572163818,-0.5384887151124123,-0.6532063220948512,-0.26676682687933445,-0.29196901441102047,2.07320510916075,1.8933981775327775,0.1770858099514865,0.22257550558195666,-1.0779299956299384,-0.633964317422423,-1.814289770480658,-1.6673046853368851
3.6875,1,56,-1.2923393707843,-1.2575307924078793,-0.5402156009830902,-0.658092629948377,-0.25437723648152716,-0.28863931720507996,2.074437169529733,1.8923942148564186,0.20316520402233781,0.221548755019718,-1.055753513956323,-0.6296058357010108,-1.922054634001509,-1.6664940955342948
3.6916666666666664,1,56,-1.3015489220798548,-1.260357820542361,-0.5420535777487422,-0.6630322172697358,-0.21899998135794915,-0.28527331354844176,2.069783445346461,1.891379305142189,0.14770302139236208,0.22051080894438574,-1.048484631847176,-0.625199829837928,-1.8280293591119523,-1.6656746671986837
3.6958333333333333,1,56,-1.301907131599487,-1.2632134041159566,-0.5450742677293982,-0.6680216987125165,-0.20412531091456562,-0.28187331033187585,2.069039951855612,1.8903541439585108,0.15587304270359256,0.21946237871235322,-1.0353003464282509,-0.6207493194895075,-1.9255705323563368,-1.6648469619253017
3.6999999999999997,1,56,-1.306902630568789,-1.2660955860543242,-0.5486395272284242,-0.6730576547353672,-0.1761554769460823,-0.2784416377477537,2.0651955380006912,1.8893194338996515,0.1267390559097122,0.2184041828653314,-1.0320498115096461,-0.6162573548132351,-1.8403087656618282,-1.6640115469819983
3.7041666666666666,1,56,-1.2990827905228879,-1.2690023910539323,-0.5528432710364753,-0.6781366339455825,-0.17568689240692878,-0.2749806476930477,2.065916953435222,1.8882758841042002,0.1662538863801869,0.2173369466378955,-1.013755534420831,-0.61172701437732,-1.93732468846682,-1.6631689949204458
3.7083333333333335,1,56,-1.2986366061869157,-1.2719318269358313,-0.5574629110488328,-0.6832551554645122,-0.15697480722216609,-0.2714927121574615,2.0630735778396287,1.8872242097690604,0.15400557413527657,0.2162614014604463,-1.0047454731083256,-0.6071614030508024,-1.8431949491562003,-1.6623198831837405
3.7125,1,56,-1.287668239113893,-1.2748818860109967,-0.5629983713384956,-0.6884097113131822,-0.16235980545387468,-0.2679802215977854,2.0628852204060313,1.8861651316592893,0.20561990397937632,0.21517828445792392,-0.9942012529209846,-0.6025636498756282,-1.9330862787576248,-1.6614647937106533
3.716666666666667,1,56,-1.2899780364039162,-1.2778505464562975,-0.5684767079078913,-0.6935967688164908,-0.13591014516957414,-0.2644455832995952,2.0584337068823935,1.8850993756141208,0.15912101107967025,0.2140883379446187,-0.9813010217601107,-0.59793690592216,-1.8019088315795064,-1.6606043125367955
3.720833333333333,1,56,-1.2808088582070956,-1.2808357737001514,-0.5750537586301644,-0.6988127730243233,-0.13597314194977927,-0.26089121972742235,2.056183741161245,1.884027672049513,0.18419294732726857,0.21299230891542703,-0.9772781254365358,-0.5932843421295934,-1.8833978998882013,-1.6597390293929826
3.725,1,56,-1.2796067109402365,-1.2838355218169222,-0.5824604071080344,-0.7040541491479424,-0.11716378278579365,-0.25731956686451385,2.048295694916371,1.882950755457556,0.15411689035350928,0.21189094853389748,-0.9942416053680615,-0.58860914713275,-1.7779420783971576,-1.6588695373010587
3.7291666666666665,1,56,-1.2688213610022214,-1.2868477349290903,-0.5880571871728019,-0.7093173050099639,-0.12096128370467606,-0.25373307254333477,2.0519643824440643,1.881869363903089,0.19756527895015596,0.21078501161742152,-0.9532477112968138,-0.5839145250767507,-1.8722088090331344,-1.657996432167472
3.7333333333333334,1,56,-1.2707282587150943,-1.2898703486162528,-0.59576032794018,-0.7145986335062621,-0.09437092715288564,-0.25013419476794263,2.04401055491908,1.8807842385178664,0.13805410156857595,0.20967525611991877,-0.9586808403749354,-0.5792036934210498,-1.7648867143239486,-1.6571203123748683
3.7375,1,56,-1.2590666041419731,-1.292901291329971,-0.6031592508955697,-0.7198945150780924,-0.10192721216505447,-0.24652540002939757,2.0420783587671147,1.8796961229926241,0.1860503494014977,0.2085624426123739,-0.9563243100944907,-0.5744798807343541,-1.8908231123452088,-1.6562417783719905
3.7416666666666667,1,56,-1.2589579182191872,-1.295938485813508,-0.6102688504082802,-0.725201320192762,-0.08396512877679863,-0.2429091616153492,2.035536213950011,1.8786057630673905,0.16612473936799171,0.20744733376157842,-0.9715484176303746,-0.5697463244819181,-1.8056348241002131,-1.65536143226216
3.745833333333333,1,56,-1.249625573356386,-1.298979850525476,-0.6160360586358175,-0.7305154118311248,-0.08840102013587929,-0.2392879579149722,2.0358748793311103,1.8775139060203938,0.2152204665114703,0.20633069380743801,-0.9605618639328953,-0.5650062688067519,-1.8771041855316921,-1.6544798773906266
3.75,1,56,-1.2528084735532885,-1.302023301066421,-0.6226878667693165,-0.7358331479802179,-0.06234544247091162,-0.23566427072039892,2.0264280938371884,1.8764213001559147,0.16006561183657886,0.20521328803919964,-0.9858142008852542,-0.5602629623062432,-1.7527998580328752,-1.6535977179310646
3.7541666666666664,1,56,-1.2431428032896072,-1.305066751607366,-0.6264662796895154,-0.7411508841293106,-0.06822637078140571,-0.23204058352582593,2.03144244804935,1.8753286942914353,0.20991517024170342,0.20409588227096134,-0.9500827855616473,-0.5555196558057349,-1.847849615222651,-1.6527155584715023
3.7583333333333333,1,56,-1.2466109123367446,-1.3081081163193342,-0.6319032338140453,-0.746464975767674,-0.042041565535528305,-0.2284193798254486,2.025154588775926,1.8742368372444387,0.15108494776786455,0.20297924231682085,-0.956975582475241,-0.5507796001305683,-1.736101716661288,-1.651834003599969
3.7624999999999997,1,56,-1.2371796758852995,-1.311145310802871,-0.6366816487508079,-0.7517717808823429,-0.048768307892340414,-0.22480314141140065,2.0251648730395484,1.8731464773192052,0.19623402702528994,0.2018641334660255,-0.9545112798789185,-0.5460460438781327,-1.8429288798129433,-1.6509536574901387
3.7666666666666666,1,56,-1.2381391950054768,-1.3141762535165893,-0.6419441885865397,-0.7570676624541739,-0.03136672395382974,-0.22119434667285515,2.0201610323653534,1.8720583617939628,0.17274754185831373,0.2007513199584805,-0.9678058675181593,-0.5413222311914364,-1.7512097644506066,-1.6500751234872606
3.7708333333333335,1,56,-1.227505492889983,-1.3171988672037518,-0.6458470719211156,-0.7623489909504719,-0.044086529032678096,-0.217595468897463,2.0237025881606567,1.8709732364087401,0.24910349490704428,0.19964156446097772,-0.951882538021448,-0.5366113995357356,-1.8589610520302409,-1.6491990036946569
3.775,1,56,-1.2322819138677892,-1.32021108031592,-0.6513743585637458,-0.7676121468124936,-0.020856569786392578,-0.21400897457628396,2.015844043218214,1.8698918448542732,0.2111240355934989,0.1985356275445018,-0.9780368951313725,-0.5319167774797362,-1.7625542046970444,-1.6483258985610703
3.779166666666667,1,56,-1.2278315685183858,-1.3232108284326907,-0.655461086433316,-0.7728535229361126,-0.019739391078644544,-0.21043732171337545,2.0159529126415427,1.868814928262316,0.2353060703475978,0.1974342671629722,-0.9760577042457479,-0.5272415824828929,-1.8706475767990047,-1.6474564064691464
3.783333333333333,1,56,-1.2329570295782344,-1.3261960556765446,-0.6599784517388906,-0.7780695271439452,0.007686042138967494,-0.20688295814120256,2.009516817534105,1.8677432246977084,0.16014750979583442,0.19633823813378054,-0.9850033392811208,-0.5225890186903264,-1.7770846000936633,-1.6465911233253334
3.7875,1,56,-1.2291454561297541,-1.3291647161218454,-0.6620351519347273,-0.7832565846472539,0.013535969880734631,-0.20334831984301238,2.014860211268691,1.8666774686525398,0.1612378713006461,0.19524829162047533,-0.9455969263300797,-0.5179622747368581,-1.8468727024087899,-1.6457306421514757
3.7916666666666665,1,56,-1.2278712212298477,-1.3321147751970108,-0.6659619386684471,-0.7884111404959238,0.027345675885139642,-0.19983582928333624,2.0125509599011804,1.8656183905427688,0.13194993003478095,0.1941651746179529,-0.9445987439233757,-0.513364521561684,-1.7511219227955133,-1.6448755526783885
3.7958333333333334,1,56,-1.2161346704282858,-1.3350442110789098,-0.6695911015091907,-0.7935296620148533,0.011637611235815422,-0.19634789374775008,2.012834242394996,1.864566716207629,0.2019070486639565,0.19308962944050376,-0.9480766404838922,-0.5087989102351662,-1.8668865329993363,-1.6440264409416832
3.8,1,56,-1.220280668299761,-1.3379510160785175,-0.6738359460820006,-0.7986086412250682,0.034014703399975574,-0.19288690369304448,2.008769034584911,1.8635231664121779,0.15412230650158928,0.19202239321306797,-0.9530788220744668,-0.5042685697992517,-1.7645637365596456,-1.6431838888801307
3.8041666666666667,1,56,-1.2126962308761073,-1.3408331980168855,-0.6770860792985183,-0.8036445972479196,0.025479807003073562,-0.18945523110892193,2.010356280959859,1.8624884563533184,0.208563046828728,0.19096419736604603,-0.9482366797672255,-0.4997766051229788,-1.8795147796955303,-1.6423484739368273
3.808333333333333,1,56,-1.2184957616509213,-1.343688781590481,-0.6817125587672396,-0.8086340786906996,0.05065325431308759,-0.18605522789235637,2.0043661373132036,1.8614632951696402,0.1487103220680879,0.1899157671340136,-0.9623366196788079,-0.4953260947745587,-1.77979024249496,-1.6415207686634452
3.8125,1,56,-1.2155051954065013,-1.3465158097249628,-0.6846062915423488,-0.8135736660120589,0.05426826770516817,-0.18268922423571787,2.0062575817356487,1.8604483854554106,0.1640338246224796,0.18887782105868128,-0.9485782519894658,-0.49092008891147554,-1.8393271361922796,-1.640701340327834
3.8166666666666664,1,56,-1.2181954464874978,-1.3493123449164601,-0.6893507282005633,-0.8184599738655842,0.07416682270357795,-0.17935952702977767,2.000161753543849,1.8594444227790519,0.11731525888595457,0.1878510704964427,-0.9696509362154643,-0.4865616071900637,-1.7246823671302367,-1.6398907505252438
3.8208333333333333,1,56,-1.2102172374466176,-1.3520764705594432,-0.6918976733132579,-0.8232896534199502,0.06459498257995593,-0.176068418282678,2.0027838421857598,1.8584520952064332,0.17290472644536145,0.18683621913084575,-0.9598681322470702,-0.4822536366959833,-1.8333623042630827,-1.6390895547934352
3.8249999999999997,1,56,-1.213025396438768,-1.3548062922602673,-0.6964911942340671,-0.8280593946540372,0.08085050455122571,-0.1728181535559602,1.9984661482650394,1.857472082829305,0.15674801095433297,0.18583396249032358,-0.9792515522940866,-0.4779991298970238,-1.7561333833853285,-1.6382983022319422
3.8291666666666666,1,56,-1.205762518600989,-1.3574999391354967,-0.6989044948336688,-0.8327659286254584,0.06928931345051775,-0.16961096041871296,2.002932158837278,1.8565050572991981,0.23459505475842077,0.18484498747151357,-0.9625727101552559,-0.473801002619627,-1.870505999730736,-1.6375175351257465
3.8333333333333335,1,56,-1.2119529154950905,-1.3601555650941133,-0.7040068515049909,-0.8374060297109256,0.0920845193649829,-0.1664490369209101,1.9966614937361826,1.8555516813671065,0.19380130703886023,0.1838699718684934,-0.9834771303200772,-0.46966213205052826,-1.7566593442935934,-1.6367477885736226
3.8375,1,56,-1.2080507852073414,-1.3627713501027365,-0.705184700160172,-0.841976517816933,0.08750353199820068,-0.1633345500869756,2.0052436741441193,1.8546126084292722,0.2555270888342751,0.18290958390825424,-0.9362193928781446,-0.4655853547648746,-1.8661170049617686,-1.6359895901214074
3.841666666666667,1,56,-1.2150802416298485,-1.3653455014329832,-0.7092592154293245,-0.8464742605592341,0.11311290627597005,-0.1602696344306128,2.001870822423104,1.8536884820793789,0.20344921746553468,0.1819644817927315,-0.928509975977754,-0.46157346478217753,-1.768012027309571,-1.6352434594004472
3.845833333333333,1,56,-1.2161305437062244,-1.3678762548901129,-0.713804877601206,-0.8508961754096203,0.12532520942732053,-0.15725639049191714,1.9972716310264496,1.8527799356674655,0.1811231888096926,0.1810353132477064,-0.9410597631483667,-0.4576292116514333,-1.7874209914964911,-1.6345099077714687
3.85,1,56,-1.2160534282753297,-1.3703618760221203,-0.7167890815059135,-0.8552392318085329,0.1360842407400204,-0.15429688339776887,1.9981625428783367,1.85188759186586,0.17419726926375625,0.18012271507888647,-0.9211614512499381,-0.45375529856671737,-1.6676219262477256,-1.6337894379741158
3.8541666666666665,1,56,-1.2075094211978126,-1.3728006613084411,-0.7201676766685315,-0.8595004532420565,0.12236332725569816,-0.15139314144650007,1.9974341688813808,1.8510120622424306,0.24794881861709347,0.17922731273547154,-0.9307020747113913,-0.4499543805145523,-1.7671017341532422,-1.6330825437823997
3.8583333333333334,1,56,-1.213973744393826,-1.3751909393274602,-0.7243883258795908,-0.8636769192818735,0.14635075894415273,-0.1485471547177985,1.9945280430982668,1.8501539468414472,0.19783489180711408,0.1783497198815013,-0.9214734502831012,-0.4462290624543103,-1.6434237072104005,-1.6323897096662894
3.8625,1,56,-1.211819245462826,-1.3775310719020202,-0.7286162863374738,-0.8677657675867789,0.14819325301360553,-0.1457608737088084,1.9913486469471116,1.849313833772342,0.20921124456067824,0.17749053797528128,-0.9339657695179757,-0.4425818975329069,-1.733102699468611,-1.6317114104596802
3.8666666666666667,1,56,-1.216489770962044,-1.3798194552221468,-0.7323714759382465,-0.8717641958643878,0.16867500835276086,-0.14303620799735484,1.98995413773266,1.848492298806648,0.14895037193302177,0.1766503558571727,-0.9171233514207572,-0.43901538533499823,-1.6329425800269066,-1.6310481110349664
3.870833333333333,1,56,-1.2102299901732816,-1.3820545209442194,-0.735975459489319,-0.8756694637916838,0.15896076388532904,-0.14037502493321696,1.988208067208743,1.847689904983394,0.19054441400049765,0.17582974934603146,-0.92796159503825,-0.43553197016989453,-1.7472271397348536,-1.6304002659844412
3.875,1,56,-1.2121877279904352,-1.3842347372658368,-0.7394803959449654,-0.8794788948931029,0.16727440867340396,-0.1377791483583373,1.989159598811354,1.8469072022232258,0.18639041067942635,0.17502928084456992,-0.9130698689278517,-0.4321340393963486,-1.6656638031978521,-1.6297683193087416
3.8791666666666664,1,56,-1.2069102514565044,-1.3863586099756358,-0.7432733250073014,-0.8831898783748526,0.1541486520026935,-0.1352503573568539,1.9883687357895465,1.846144726951519,0.25572939489805,0.17424949895391487,-0.9245339869592372,-0.42882392178638296,-1.783788521759931,-1.6291527041125526
3.8833333333333333,1,56,-1.2158880510887657,-1.3884246834773513,-0.7479845927359271,-0.8867998709142233,0.17812568439285031,-0.13279038503580273,1.9858194021121494,1.8454030017307375,0.19954485824364945,0.173490938097623,-0.9132599287391417,-0.4256038859292628,-1.6701933320795577,-1.6285538423077792
3.8874999999999997,1,56,-1.2162134785586425,-1.3904315417874074,-0.7526625932837175,-0.8903063984026505,0.18002796049715625,-0.1304009173373348,1.9825557298591336,1.8446825349022984,0.20423076692983422,0.17275411815541447,-0.925806432114225,-0.42247613867672074,-1.765431755004209,-1.6279721443243886
3.8916666666666666,1,56,-1.2219572640653082,-1.3923778095053636,-0.7568057812231408,-0.8937070576413497,0.19694766125157115,-0.12808359188325352,1.9821010408576079,1.843983820238177,0.15294673013435003,0.17203954410687244,-0.9069951286040756,-0.41944282363048857,-1.6727612497632864,-1.6274080088291218
3.8958333333333335,1,56,-1.213220029415955,-1.3942621527565442,-0.7600583205253586,-0.8969995179883449,0.17698881890683268,-0.12583999685267247,1.9811034236823686,1.8433073366025035,0.21216902929862186,0.17134770568535618,-0.9165139214296267,-0.41650601967318196,-1.7997047727145372,-1.6268618224522686
3.9,1,56,-1.2190561850462318,-1.3960832801062097,-0.7646194889098042,-0.9001815229557759,0.1945886935948979,-0.12367166989355566,1.9786251369978067,1.8426535476233696,0.14476214281522504,0.17067907704236174,-0.9062565988273494,-0.4136677395435368,-1.6976592566860997,-1.6263339595226887
3.904166666666667,1,56,-1.214280812025221,-1.3978399434446422,-0.7683263173992126,-0.9032508917563835,0.18245272237145996,-0.12158009706889011,1.977389310681372,1.842022901375085,0.1831440277895236,0.17003411642256214,-0.9143319540596954,-0.4109299284569782,-1.8142066814893443,-1.6258247818112668
3.908333333333333,1,56,-1.2200341953272202,-1.3995309388425368,-0.7727999580886828,-0.9062055207981097,0.19694531183357014,-0.11956671183821393,1.9763100736327577,1.8414158300710863,0.1418936132289233,0.1694132658497498,-0.9038015954773351,-0.4082944627724686,-1.724534200601276,-1.6253346382829723
3.9125,1,56,-1.2119028721133835,-1.4011551073761148,-0.7760019456810583,-0.9090433851257964,0.17548465227432208,-0.1176328940751929,1.976011805315479,1.8408327497677215,0.21299009555128737,0.16881695082389503,-0.9115010103558722,-0.40576314870654334,-1.854874663199355,-1.624863864857696
3.9166666666666665,1,56,-1.218059186665337,-1.4027113359213923,-0.7807819072265401,-0.9117625398089879,0.19132760822781575,-0.11577996912192584,1.9734579715211997,1.840274060079105,0.15490545434885836,0.16824558002953005,-0.9047270774685219,-0.4033377210954216,-1.754891972169275,-1.6244127841800287
3.9208333333333334,1,56,-1.2139562785955365,-1.40419855791706,-0.7845066173093537,-0.9143611212748894,0.17810725069490752,-0.11400920688061977,1.9734487198692419,1.8397401439032421,0.20197565247422608,0.1676995450556567,-0.9098266303434307,-0.40101984220603487,-1.8740636284275325,-1.623981705398134
3.925,1,56,-1.2230977261649594,-1.40561575409545,-0.7898944044111965,-0.9168373485855656,0.20029657949878965,-0.1123218209432636,1.9697535218430533,1.8392313671596103,0.12268547523822998,0.16717922012737102,-0.9085473288014349,-0.3988111005967937,-1.7657737456937308,-1.6235709239518767
3.9291666666666667,1,56,-1.2180973778994184,-1.4069619531810924,-0.7932932786319865,-0.9191895246585089,0.18599628966983825,-0.11071896775989165,1.9703204518218238,1.8387480785383756,0.16345374273592497,0.16668496184938794,-0.9056281459314425,-0.3967130100288675,-1.897261129747169,-1.6231807213703409
3.933333333333333,1,56,-1.2231801561632258,-1.408236232556378,-0.7986500797555875,-0.9214160374297318,0.19780257040766633,-0.10920174584601189,1.9665305896116192,1.838290609261418,0.11933066227242996,0.1662171089616426,-0.9132912673478518,-0.39472700842873004,-1.814142725462797,-1.622811365078885
3.9375,1,56,-1.218738566018425,-1.4094377188938747,-0.8016376342287271,-0.9235153609585985,0.1852314386509014,-0.10777119502973675,1.9687646316479173,1.8378592728553291,0.1559034578902915,0.16577598210713435,-0.8990342177872013,-0.3928544569026746,-1.8596295870220467,-1.6224631082158611
3.9416666666666664,1,56,-1.2235122326170351,-1.4105655887548625,-0.8075332009729081,-0.9254860564736254,0.19692879958467668,-0.10642829573913853,1.9630915859465439,1.8374543649365358,0.11215448665843755,0.1653618836121746,-0.9177528402864593,-0.3910966388039816,-1.7258878416808507,-1.6221361894591277
3.9458333333333333,1,56,-1.2162817671306554,-1.411619069153677,-0.8098760539529477,-0.9273267733585453,0.17519521156693194,-0.10517396833031128,1.96679332241305,1.8370761630086998,0.1851231167616959,0.16497509727918702,-0.8987832146799843,-0.38945475885337044,-1.8373743542884715,-1.6218308328624707
3.9499999999999997,1,56,-1.2188359937941298,-1.4125974380874748,-0.8154787726969487,-0.9290362500779505,0.17939970652468043,-0.10400907245660634,1.9620374651687404,1.8367249262725314,0.17171633477996603,0.1646158881922039,-0.9166374656651881,-0.3879299423133459,-1.7416492735030664,-1.621547247702048
3.9541666666666666,1,56,-1.2148191048419832,-1.41350002503106,-0.8183643616789282,-0.9306133150418886,0.16137245832044936,-0.10293440647946733,1.9669164790360592,1.836400895448144,0.2576027530656,0.16428450253519056,-0.896267650781792,-0.38652323421699786,-1.8677162663252722,-1.621285628332964
3.9583333333333335,1,56,-1.222471279893327,-1.4143262113964266,-0.8248031299681258,-0.932056887408809,0.17655289302356167,-0.1019507069212745,1.9601508868216082,1.83610429261008,0.2102608729163253,0.16398116742332317,-0.914427468345622,-0.3852355986517892,-1.7583074365151268,-1.6210461540560654
3.9625,1,56,-1.2235105936569861,-1.4150754309567084,-0.8287504380163526,-0.9333659778263192,0.17346785597063374,-0.10105864796056807,1.962193226263793,1.8358353210351084,0.22973927670666325,0.16370609074733555,-0.897761036373481,-0.3840679180988175,-1.865821417459924,-1.6208289889950598
3.966666666666667,1,56,-1.2329306097801565,-1.4157471702342435,-0.8355053207586237,-0.9345396891092383,0.19677851276445404,-0.10025884097000026,1.9531929120217486,1.835594165062911,0.1277535413381998,0.16345946103104098,-0.9158781125233185,-0.38302099282800667,-1.755685760043812,-1.6206342819840325
3.970833333333333,1,56,-1.2292519138828097,-1.4163409688524846,-0.8386425935621198,-0.9355772168544806,0.18511829071735206,-0.09955183409733132,1.955581795676583,1.8353809899697457,0.15083071365242626,0.16324144730212764,-0.89739231741739,-0.3820955403496423,-1.8763211412436658,-1.620462166465443
3.975,1,56,-1.2338889676169025,-1.4168564198515203,-0.8445718887572365,-0.9364778499923554,0.19651467153114274,-0.09893811188975588,1.9495381839710633,1.8351959418551727,0.09248478012587956,0.16305219897631526,-0.9142803476398826,-0.3812921949226257,-1.7923883068680642,-1.6203127603986702
3.9791666666666665,1,56,-1.2293819611150074,-1.417293169966983,-0.8474536090874916,-0.9372409712738975,0.18368277130940674,-0.09841809496181897,1.9520882549564407,1.8350391475419265,0.11730890586829708,0.1628918457549532,-0.8949422971931288,-0.3806115071197846,-1.8362103919533206,-1.6201861661791694
3.9833333333333334,1,56,-1.233410957445951,-1.4176509198721596,-0.8532786352170142,-0.9378660576938995,0.19412368483572606,-0.09799213970714749,1.9464665354361101,1.8349107144889971,0.06364700359163082,0.1627604975361295,-0.9119584753872947,-0.3800539434505377,-1.7067247277242814,-1.620082470568295
3.9875,1,56,-1.2293497878767579,-1.417929424383135,-0.8559836099795244,-0.9383526808493525,0.17810785936548068,-0.09766053805419617,1.9496985326283047,1.834810730717984,0.11956054530147138,0.16265824433935244,-0.8918298888257383,-0.3796198860411733,-1.8120015659312698,-1.6200017446338393
3.9916666666666667,1,56,-1.2337925204289988,-1.4181284926268294,-0.8617791390877111,-0.9387005072330536,0.18625961732839577,-0.09742351726617393,1.9447062502881107,1.8347392647527692,0.09160366454005406,0.1625851562438554,-0.9096208002532243,-0.37930963237295795,-1.720628627424539,-1.619944043701325
3.995833333333333,1,56,-1.230492036847096,-1.418247988171812,-0.8644904410395445,-0.9389092984621734,0.16924461558085643,-0.09728123978528957,1.9485439701108118,1.8346963655725557,0.16945905550195559,0.16254128334056817,-0.8895805585518706,-0.3791233950782584,-1.8463839320190505,-1.6199094073160893
4.0,1,56,-1.2356218366529244,-1.4182878291218053,-0.8703225417448446,-0.938978911441633,0.17641011018448643,-0.09723380312142144,1.9436837730731082,1.8346820625782985,0.16118515747149478,0.1625266556977872,-0.9094071924818043,-0.3790613017948135,-1.770540458025517,-1.6198978592161806
4.004166666666666,1,56,-1.2367341737952002,-1.4182878291218053,-0.8738736288383794,-0.938978911441633,0.17110184767652145,-0.09723380312142145,1.9464280000521623,1.8346820625782985,0.20942900186350416,0.1625266556977872,-0.894321516926707,-0.3790613017948135,-1.7966991458301156,-1.6198978592161806
4.008333333333333,1,56,-1.245814960533271,-1.4182878291218053,-0.880483724896501,-0.938978911441633,0.19165762326419608,-0.09723380312142145,1.938343681547175,1.8346820625782985,0.13818558093088348,0.1625266556977872,-0.9169792030902318,-0.3790613017948135,-1.6377676024112222,-1.6198978592161806
4.0125,1,56,-1.2451746704902098,-1.4182878291218053,-0.8838334123489593,-0.938978911441633,0.1834894786533468,-0.09723380312142145,1.9408162098499375,1.8346820625782985,0.1851823698578171,0.1625266556977872,-0.9033060369127535,-0.3790613017948135,-1.7268507092030978,-1.6198978592161806
4.016666666666667,1,56,-1.2485706129078022,-1.4182878291218053,-0.8894358836853591,-0.938978911441633,0.1866369416125049,-0.09723380312142145,1.9359965511941175,1.8346820625782985,0.18700916143809515,0.1625266556977872,-0.9249072926134019,-0.3790613017948135,-1.6349353142872647,-1.6198978592161806
4.020833333333333,1,56,-1.2480894788306711,-1.4182878291218053,-0.8927524439701842,-0.938978911441633,0.17586864904997512,-0.09723380312142145,1.939347088951014,1.8346820625782985,0.24863031392678175,0.1625266556977872,-0.9102238394142055,-0.3790613017948135,-1.7399717893062003,-1.6198978592161806
4.025,1,56,-1.254728200003267,-1.4182878291218053,-0.8990838330073194,-0.938978911441633,0.1860569033806188,-0.09723380312142145,1.9331126237833447,1.8346820625782985,0.21853549599963998,0.1625266556977872,-0.9353253142290795,-0.3790613017948135,-1.6563047627803802,-1.6198978592161806
4.029166666666667,1,56,-1.256032664164672,-1.4182878291218053,-0.9028367220027687,-0.938978911441633,0.18006582702018403,-0.09723380312142145,1.93520715945823,1.8346820625782985,0.24847169257229879,0.1625266556977872,-0.9258405558303062,-0.3790613017948135,-1.7714125730011363,-1.6198978592161806
4.033333333333333,1,56,-1.265691011284453,-1.4182878291218053,-0.9092633228711546,-0.938978911441633,0.20053940533148965,-0.09723380312142145,1.9271701326879074,1.8346820625782985,0.15996622422802015,0.1625266556977872,-0.943255231249387,-0.3790613017948135,-1.6657605602999563,-1.6198978592161806
4.0375,1,56,-1.2632313449287453,-1.4182878291218053,-0.9120380947610821,-0.938978911441633,0.18762652415875236,-0.09723380312142145,1.9301457239004298,1.8346820625782985,0.19393814172718984,0.1625266556977872,-0.9261558053858603,-0.3790613017948135,-1.786239684541512,-1.6198978592161806
4.041666666666667,1,56,-1.2684271464006607,-1.4182878291218053,-0.9177657180960483,-0.938978911441633,0.19660516549121962,-0.09723380312142145,1.9242142393680943,1.8346820625782985,0.14858484360747173,0.1625266556977872,-0.9452649147208262,-0.3790613017948135,-1.6999553110617678,-1.6198978592161806
4.045833333333333,1,56,-1.2634588413041792,-1.4182878291218053,-0.9199729868126628,-0.938978911441633,0.17558553503457872,-0.09723380312142145,1.9281767187572745,1.8346820625782985,0.21540517625402175,0.1625266556977872,-0.9291528573415688,-0.3790613017948135,-1.838742962151531,-1.6198978592161806
4.05,1,56,-1.2690102024373664,-1.4182878291218053,-0.9259150345146935,-0.938978911441633,0.18573250395401755,-0.09723380312142145,1.9211175755017864,1.8346820625782985,0.1557746540482215,0.1625266556977872,-0.9517080195441229,-0.3790613017948135,-1.7467971964234217,-1.6198978592161806
4.054166666666666,1,56,-1.2669317894799377,-1.4182878291218053,-0.9287475541306138,-0.938978911441633,0.17121279343137874,-0.09723380312142145,1.924036967531438,1.8346820625782985,0.20241649737743775,0.1625266556977872,-0.9383909607212126,-0.3790613017948135,-1.8737985801789374,-1.6198978592161806
4.058333333333334,1,56,-1.2747298093084418,-1.4182878291218053,-0.9350052707668323,-0.938978911441633,0.18658558209716172,-0.09723380312142145,1.9161107413525889,1.8346820625782985,0.1268651138527992,0.1625266556977872,-0.962225693916325,-0.3790613017948135,-1.7760149250935575,-1.6198978592161806
4.0625,1,56,-1.2761014879818895,-1.4182878291218053,-0.938524380258584,-0.938978911441633,0.18336256651762306,-0.09723380312142145,1.917203246530944,1.8346820625782985,0.129745241313996,0.1625266556977872,-0.9527099203892427,-0.3790613017948135,-1.8206159348961133,-1.6198978592161806
4.066666666666666,1,56,-1.2809741782365687,-1.4182878291218053,-0.9438897194854147,-0.938978911441633,0.19149897557273063,-0.09723380312142145,1.9125440103912819,1.8346820625782985,0.09291711523705808,0.1625266556977872,-0.9692060180509089,-0.3790613017948135,-1.7066685041963106,-1.6198978592161806
4.070833333333333,1,56,-1.2785382841600272,-1.4182878291218053,-0.9462384901184654,-0.938978911441633,0.17516925776431952,-0.09723380312142145,1.916439257737862,1.8346820625782985,0.15673661051678398,0.1625266556977872,-0.9505762801325525,-0.3790613017948135,-1.8216089717745543,-1.6198978592161806
4.075,1,56,-1.2835196623124014,-1.4182878291218053,-0.9518638823544069,-0.938978911441633,0.18116446923047508,-0.09723380312142145,1.9121042452070323,1.8346820625782985,0.14245155980891888,0.1625266556977872,-0.9694401803585249,-0.3790613017948135,-1.7503184858073182,-1.6198978592161806
4.079166666666667,1,56,-1.281831047483853,-1.4182878291218053,-0.9545747763290612,-0.938978911441633,0.16456237549653877,-0.09723380312142145,1.9165571017505854,1.8346820625782985,0.2246890029305549,0.1625266556977872,-0.952092304591047,-0.3790613017948135,-1.8874492349842171,-1.6198978592161806
4.083333333333333,1,56,-1.289899298928211,-1.4182878291218053,-0.9609453682265828,-0.938978911441633,0.17816649340807475,-0.09723380312142145,1.9098996465239402,1.8346820625782985,0.1818643747086227,0.1625266556977872,-0.974735862491421,-0.3790613017948135,-1.8085753829795903,-1.6198978592161806
4.0875,1,56,-1.2919984236474342,-1.4182878291218053,-0.9646136449344886,-0.938978911441633,0.17440778928306003,-0.09723380312142145,1.9117450857575422,1.8346820625782985,0.21263246848335846,0.1625266556977872,-0.9629635526089191,-0.3790613017948135,-1.8415406547072182,-1.6198978592161806
4.091666666666667,1,56,-1.30123979980842,-1.4182878291218053,-0.9711214893270292,-0.938978911441633,0.19455949552531482,-0.09723380312142145,1.9038432072587046,1.8346820625782985,0.13533327772719184,0.1625266556977872,-0.9833368356182214,-0.3790613017948135,-1.6982848002215307,-1.6198978592161806
4.095833333333333,1,56,-1.3022241627213285,-1.4182878291218053,-0.9727775316856986,-0.938978911441633,0.18848559389934064,-0.09723380312142145,1.9118745027039943,1.8346820625782985,0.16777292123835932,0.1625266556977872,-0.9323401447669364,-0.3790613017948135,-1.7991534003507015,-1.6198978592161806
4.1,1,56,-1.3086911945993303,-1.4182878291218053,-0.9777124735986507,-0.938978911441633,0.2007642773223271,-0.09723380312142145,1.9101583983038997,1.8346820625782985,0.12763531138294498,0.1625266556977872,-0.9227270095736068,-0.3790613017948135,-1.721225605341217,-1.6198978592161806
4.104166666666667,1,56,-1.303692133040972,-1.4182878291218053,-0.9814599617844719,-0.938978911441633,0.18046114632909152,-0.09723380312142145,1.90873109509632,1.8346820625782985,0.20043361241621147,0.1625266556977872,-0.9314638996776322,-0.3790613017948135,-1.8642452040466362,-1.6198978592161806
4.108333333333333,1,56,-1.3094980471798063,-1.4182878291218053,-0.9857973420655157,-0.938978911441633,0.19206303915795922,-0.09723380312142145,1.9057993438453769,1.8346820625782985,0.1465747513843995,0.1625266556977872,-0.927634999536994,-0.3790613017948135,-1.7903619515233986,-1.6198978592161806
4.1125,1,56,-1.309025611650783,-1.4182878291218053,-0.9883988190314311,-0.938978911441633,0.18543592882366697,-0.09723380312142145,1.9053659680014767,1.8346820625782985,0.16633971519698382,0.1625266556977872,-0.9278038324193867,-0.3790613017948135,-1.832093258165607,-1.6198978592161806
4.116666666666666,1,56,-1.3143385638312441,-1.4182878291218053,-0.991436525164759,-0.938978911441633,0.19675561400302552,-0.09723380312142145,1.9024068988452485,1.8346820625782985,0.11666928138182067,0.1625266556977872,-0.9306515927141322,-0.3790613017948135,-1.7149975054416828,-1.6198978592161806
4.120833333333334,1,56,-1.3089533503123434,-1.4182878291218053,-0.991241351937442,-0.938978911441633,0.1763769983274285,-0.09723380312142145,1.9055104692012288,1.8346820625782985,0.1834604225239966,0.1625266556977872,-0.9204082631659025,-0.3790613017948135,-1.8439038962163645,-1.6198978592161806
4.125,1,56,-1.3111157834116232,-1.4182878291218053,-0.9932248290089848,-0.938978911441633,0.17833350051258096,-0.09723380312142145,1.9016055459223773,1.8346820625782985,0.16617368162083493,0.1625266556977872,-0.9388944444389833,-0.3790613017948135,-1.778786330814914,-1.6198978592161806
4.129166666666666,1,56,-1.3101621471628448,-1.4182878291218053,-0.9923374945555694,-0.938978911441633,0.1682785018027019,-0.09723380312142145,1.9061450819488344,1.8346820625782985,0.21548917984714405,0.1625266556977872,-0.9204814974578384,-0.3790613017948135,-1.801658649944853,-1.6198978592161806
4.133333333333333,1,56,-1.3176320422730299,-1.4182878291218053,-0.9941691844073475,-0.938978911441633,0.18481300536285886,-0.09723380312142145,1.8999553070424247,1.8346820625782985,0.14477909187765606,0.1625266556977872,-0.9385095689620936,-0.3790613017948135,-1.6453649423976002,-1.6198978592161806
4.1375,1,56,-1.3165157559127947,-1.4182878291218053,-0.9922011386331951,-0.938978911441633,0.17441053644670657,-0.09723380312142145,1.904521145941838,1.8346820625782985,0.18979256419320015,0.1625266556977872,-0.9210443677372491,-0.3790613017948135,-1.746080792513884,-1.6198978592161806
4.141666666666667,1,56,-1.3194343205325119,-1.4182878291218053,-0.9921106584081814,-0.938978911441633,0.1754652160503093,-0.09723380312142145,1.901955095594169,1.8346820625782985,0.1884374152698648,0.1625266556977872,-0.9386177500698001,-0.3790613017948135,-1.6762903404306964,-1.6198978592161806
4.145833333333333,1,56,-1.3185566972238614,-1.4182878291218053,-0.9891649932547049,-0.938978911441633,0.1622439409590881,-0.09723380312142145,1.9080962344572978,1.8346820625782985,0.25417135016790726,0.1625266556977872,-0.9189870299121347,-0.3790613017948135,-1.804649322385345,-1.6198978592161806
4.15,1,56,-1.3270072019845365,-1.4182878291218053,-0.9892439444598765,-0.938978911441633,0.178010816053891,-0.09723380312142145,1.9023488237724986,1.8346820625782985,0.19153788002852784,0.1625266556977872,-0.9381144585177439,-0.3790613017948135,-1.7165754640055106,-1.6198978592161806
4.154166666666667,1,56,-1.3272229546361012,-1.4182878291218053,-0.9857398835568546,-0.938978911441633,0.16828568555096227,-0.09723380312142145,1.9077269890008846,1.8346820625782985,0.24022875277199868,0.1625266556977872,-0.9207159275025947,-0.3790613017948135,-1.854661396254117,-1.6198978592161806
4.158333333333333,1,56,-1.3360607641367586,-1.4182878291218053,-0.9850608996291766,-0.938978911441633,0.18610300541326483,-0.09723380312142145,1.9016042708390888,1.8346820625782985,0.1641433360835944,0.1625266556977872,-0.9402264235421453,-0.3790613017948135,-1.7689362110830487,-1.6198978592161806
4.1625,1,56,-1.338801965697879,-1.4182878291218053,-0.9812565102050814,-0.938978911441633,0.18609988246402423,-0.09723380312142145,1.9050025853959194,1.8346820625782985,0.16804437632527816,0.1625266556977872,-0.9262470074885452,-0.3790613017948135,-1.8147302007435617,-1.6198978592161806
4.166666666666667,1,56,-1.343926008873057,-1.4182878291218053,-0.97907684404529,-0.938978911441633,0.1954122428750058,-0.09723380312142145,1.901331652806658,1.8346820625782985,0.13120339496367,0.1625266556977872,-0.9458987865280961,-0.3790613017948135,-1.7080836711176572,-1.6198978592161806
4.170833333333333,1,56,-1.3418905067825009,-1.4182878291218053,-0.9742876189747518,-0.938978911441633,0.18064014860749256,-0.09723380312142145,1.9064857496038186,1.8346820625782985,0.19956606039277333,0.1625266556977872,-0.9298143713522387,-0.3790613017948135,-1.8329596897351257,-1.6198978592161806
4.175,1,56,-1.3495190071081145,-1.4182878291218053,-0.9736589835877956,-0.938978911441633,0.195989744389559,-0.09723380312142145,1.9003068892125201,1.8346820625782985,0.14064452935051489,0.1625266556977872,-0.9536440714297127,-0.3790613017948135,-1.7449054943298774,-1.6198978592161806
4.179166666666666,1,56,-1.3490012663340158,-1.4182878291218053,-0.9701222927177062,-0.938978911441633,0.1856845599998824,-0.09723380312142145,1.9038094652286768,1.8346820625782985,0.190189475176672,0.1625266556977872,-0.9413942529547245,-0.3790613017948135,-1.8829294056459625,-1.6198978592161806
4.183333333333334,1,56,-1.3550539060379663,-1.4182878291218053,-0.9697127060494911,-0.938978911441633,0.19580527745631887,-0.09723380312142145,1.8988828319176814,1.8346820625782985,0.16043367271746076,0.1625266556977872,-0.9616118234751002,-0.3790613017948135,-1.8206131361059799,-1.6198978592161806
4.1875,1,56,-1.3561927387263648,-1.4182878291218053,-0.967056654618096,-0.938978911441633,0.19051308067922101,-0.09723380312142145,1.9018030020238519,1.8346820625782985,0.2014305317282552,0.1625266556977872,-0.9482628272967053,-0.3790613017948135,-1.8520189355737986,-1.6198978592161806
4.191666666666666,1,56,-1.364797980205997,-1.4182878291218053,-0.9680284260463473,-0.938978911441633,0.21013729371641673,-0.09723380312142145,1.8939799995113455,1.8346820625782985,0.12926107503391632,0.1625266556977872,-0.9721324640606795,-0.3790613017948135,-1.711726075605338,-1.6198978592161806
4.195833333333333,1,56,-1.3623129690528326,-1.4182878291218053,-0.9654450941436772,-0.938978911441633,0.19752192956362363,-0.09723380312142145,1.896326927939343,1.8346820625782985,0.17557582703911312,0.1625266556977872,-0.9612684751497896,-0.3790613017948135,-1.8260658984254885,-1.6198978592161806
4.2,1,56,-1.364616615571261,-1.4182878291218053,-0.965687159113778,-0.938978911441633,0.20096237907950154,-0.09723380312142145,1.890914258199236,1.8346820625782985,0.15234971944016396,0.1625266556977872,-0.9823536383471532,-0.3790613017948135,-1.7549033805164587,-1.6198978592161806
4.204166666666667,1,56,-1.3594446630163093,-1.4182878291218053,-0.961302339041563,-0.938978911441633,0.17927735405920925,-0.09723380312142145,1.9003084795315672,1.8346820625782985,0.23394699238672714,0.1625266556977872,-0.9314977061759605,-0.3790613017948135,-1.906488852788461,-1.6198978592161806
4.208333333333333,1,56,-1.364558894325429,-1.4182878291218053,-0.9616509225874563,-0.938978911441633,0.18922307371848587,-0.09723380312142145,1.897098151840604,1.8346820625782985,0.18819351829116385,0.1625266556977872,-0.9242403046015476,-0.3790613017948135,-1.8412137211409363,-1.6198978592161806
4.2125,1,56,-1.3639244630367808,-1.4182878291218053,-0.9617364333932323,-0.938978911441633,0.18199467131090993,-0.09723380312142145,1.894605285754235,1.8346820625782985,0.21306475146220122,0.1625266556977872,-0.9295012890697386,-0.3790613017948135,-1.8647697712889928,-1.6198978592161806
4.216666666666667,1,56,-1.3721036990818283,-1.4182878291218053,-0.9631655432765088,-0.938978911441633,0.2017798714010619,-0.09723380312142145,1.88883637388586,1.8346820625782985,0.12511424276655642,0.1625266556977872,-0.927017782059926,-0.3790613017948135,-1.7168025795327253,-1.6198978592161806
4.220833333333333,1,56,-1.3682231482419178,-1.4182878291218053,-0.9628203465239161,-0.938978911441633,0.18747299283655885,-0.09723380312142145,1.8873365190071163,1.8346820625782985,0.15885720578680995,0.1625266556977872,-0.9291099538581302,-0.3790613017948135,-1.8280394795982375,-1.6198978592161806
4.225,1,56,-1.372392436325597,-1.4182878291218053,-0.9640008917278242,-0.938978911441633,0.19581350057419358,-0.09723380312142145,1.8833811674502134,1.8346820625782985,0.11401490982306833,0.1625266556977872,-0.9299232744977379,-0.3790613017948135,-1.7465246511196406,-1.6198978592161806
4.229166666666667,1,56,-1.3690238857045085,-1.4182878291218053,-0.9636641350210787,-0.938978911441633,0.17950243565198978,-0.09723380312142145,1.8834788395666788,1.8346820625782985,0.1729882710911561,0.1625266556977872,-0.9244545088495492,-0.3790613017948135,-1.8849378537454573,-1.6198978592161806
4.233333333333333,1,56,-1.3736167211301495,-1.4182878291218053,-0.965679861251606,-0.938978911441633,0.1863043258876946,-0.09723380312142145,1.8784145771038667,1.8346820625782985,0.14813222223378428,0.1625266556977872,-0.9355762057141661,-0.3790613017948135,-1.8225923809002003,-1.6198978592161806
4.2375,1,56,-1.3738402795884448,-1.4182878291218053,-0.9655917831971995,-0.938978911441633,0.1786733293253597,-0.09723380312142145,1.8806969817040171,1.8346820625782985,0.19358475910089676,0.1625266556977872,-0.9155781820547184,-0.3790613017948135,-1.8502860615014403,-1.6198978592161806
4.241666666666666,1,56,-1.3778279564972409,-1.4182878291218053,-0.9682591580371147,-0.938978911441633,0.18687387896082708,-0.09723380312142145,1.8742412082575712,1.8346820625782985,0.16592370816354862,0.1625266556977872,-0.931539919870561,-0.3790613017948135,-1.7225159403799717,-1.6198978592161806
4.245833333333334,1,56,-1.372849797125241,-1.4182878291218053,-0.9677546258257329,-0.938978911441633,0.16885154378169093,-0.09723380312142145,1.8778763809330565,1.8346820625782985,0.24882129488607202,0.1625266556977872,-0.9097632046372006,-0.3790613017948135,-1.8342449694699006,-1.6198978592161806
4.25,1,56,-1.378061487346523,-1.4182878291218053,-0.9710717338843842,-0.938978911441633,0.18150202654375208,-0.09723380312142145,1.8698572604153767,1.8346820625782985,0.1996191041871549,0.1625266556977872,-0.9270777847156452,-0.3790613017948135,-1.7350785693513615,-1.6198978592161806
4.254166666666666,1,56,-1.375829988691111,-1.4182878291218053,-0.9716282869624588,-0.938978911441633,0.1746974689364192,-0.09723380312142145,1.8708171301114478,1.8346820625782985,0.22056283879430558,0.1625266556977872,-0.9081837652842204,-0.3790613017948135,-1.8445011450885027,-1.6198978592161806
4.258333333333333,1,56,-1.3799872266244568,-1.4182878291218053,-0.9753549552403488,-0.938978911441633,0.19207675309476857,-0.09723380312142145,1.860491073177909,1.8346820625782985,0.12185410195355081,0.1625266556977872,-0.9259349354951295,-0.3790613017948135,-1.7374293441636877,-1.6198978592161806
4.2625,1,56,-1.3738442574936462,-1.4182878291218053,-0.9757358696413552,-0.938978911441633,0.1802835921121014,-0.09723380312142145,1.8613233595064234,1.8346820625782985,0.14240569559662777,0.1625266556977872,-0.9085144210493257,-0.3790613017948135,-1.8686429048366102,-1.6198978592161806
4.266666666666667,1,56,-1.3732573008294053,-1.4182878291218053,-0.9790237110399925,-0.938978911441633,0.18780512770728475,-0.09723380312142145,1.8535387177538578,1.8346820625782985,0.08355472992596087,0.1625266556977872,-0.9253586811262611,-0.3790613017948135,-1.7915335274010222,-1.6198978592161806
4.270833333333333,1,56,-1.3684262479174472,-1.4182878291218053,-0.9797558143217123,-0.938978911441633,0.17989404482301866,-0.09723380312142145,1.854525860539241,1.8346820625782985,0.09986011780662864,0.1625266556977872,-0.9066158333136317,-0.3790613017948135,-1.8220435683914844,-1.6198978592161806
4.275,1,56,-1.370168629743784,-1.4182878291218053,-0.9835106134358594,-0.938978911441633,0.19163157201938943,-0.09723380312142145,1.8476522046088468,1.8346820625782985,0.04090137394791231,0.1625266556977872,-0.922639521445736,-0.3790613017948135,-1.690133516504966,-1.6198978592161806
4.279166666666667,1,56,-1.3641899268720081,-1.4182878291218053,-0.9831749592436537,-0.938978911441633,0.17678805557968963,-0.09723380312142145,1.8505973354324823,1.8346820625782985,0.09571424366678248,0.1625266556977872,-0.8984306838455426,-0.3790613017948135,-1.8078689002697168,-1.6198978592161806
4.283333333333333,1,56,-1.3660670828574866,-1.4182878291218053,-0.9854209140046498,-0.938978911441633,0.18519357652044927,-0.09723380312142145,1.8460803992277353,1.8346820625782985,0.06435439461229904,0.1625266556977872,-0.9104779653210043,-0.3790613017948135,-1.7318185487182611,-1.6198978592161806
4.2875,1,56,-1.361058607587392,-1.4182878291218053,-0.9840165527873778,-0.938978911441633,0.16934914369283852,-0.09723380312142145,1.850406193402544,1.8346820625782985,0.1410381157791923,0.1625266556977872,-0.8852211723734423,-0.3790613017948135,-1.880631540237027,-1.6198978592161806
4.291666666666667,1,56,-1.3638383010015298,-1.4182878291218053,-0.9853890208024515,-0.938978911441633,0.17718548791860422,-0.09723380312142145,1.8464891082303092,1.8346820625782985,0.12638932101325903,0.1625266556977872,-0.8980813880983707,-0.3790613017948135,-1.823975338762973,-1.6198978592161806
4.295833333333333,1,56,-1.3620369344366947,-1.4182878291218053,-0.9836037893147623,-0.938978911441633,0.16984142505886585,-0.09723380312142145,1.851146625018846,1.8346820625782985,0.18501172540281746,0.1625266556977872,-0.8734125454786278,-0.3790613017948135,-1.844323450661133,-1.6198978592161806
4.3,1,56,-1.3659323381215405,-1.4182878291218053,-0.9841328458249697,-0.938978911441633,0.18091497505205584,-0.09723380312142145,1.8471579888985488,1.8346820625782985,0.16251130355783155,0.1625266556977872,-0.885021341337469,-0.3790613017948135,-1.704184337844213,-1.6198978592161806
4.304166666666666,1,56,-1.3621430848064515,-1.4182878291218053,-0.9811823041018434,-0.938978911441633,0.16654947887902816,-0.09723380312142145,1.8532893677660494,1.8346820625782985,0.25713839254530574,0.1625266556977872,-0.8604017640269438,-0.3790613017948135,-1.8093968133560874,-1.6198978592161806
4.308333333333334,1,56,-1.3683554040136623,-1.4182878291218053,-0.9823895465140474,-0.938978911441633,0.18310107170211873,-0.09723380312142145,1.8465297097848359,1.8346820625782985,0.208547455532962,0.1625266556977872,-0.8786734853899791,-0.3790613017948135,-1.6998906659216448,-1.6198978592161806
4.3125,1,56,-1.3688627788702232,-1.4182878291218053,-0.9802727140268613,-0.938978911441633,0.1822215835623299,-0.09723380312142145,1.8497306737661388,1.8346820625782985,0.23280036370915916,0.1625266556977872,-0.8562897677833415,-0.3790613017948135,-1.8022997414919113,-1.6198978592161806
4.316666666666666,1,56,-1.3768506632271127,-1.4182878291218053,-0.9815881046265087,-0.938978911441633,0.20654975351941168,-0.09723380312142145,1.8407533237596387,1.8346820625782985,0.12672884026987233,0.1625266556977872,-0.8726852612350956,-0.3790613017948135,-1.6830458860007924,-1.6198978592161806
4.320833333333333,1,56,-1.3711872016552455,-1.4182878291218053,-0.9783775966664557,-0.938978911441633,0.19494563636266038,-0.09723380312142145,1.8440554560888542,1.8346820625782985,0.15895172993628082,0.1625266556977872,-0.8536522658418949,-0.3790613017948135,-1.8263195758383455,-1.6198978592161806
4.325,1,56,-1.373001662322248,-1.4182878291218053,-0.9785592694000592,-0.938978911441633,0.20555010138420968,-0.09723380312142145,1.837595665125757,1.8346820625782985,0.09986250260626987,0.1625266556977872,-0.8728698285879337,-0.3790613017948135,-1.7491025188382365,-1.6198978592161806
4.329166666666667,1,56,-1.3652182974967153,-1.4182878291218053,-0.9752835633923045,-0.938978911441633,0.18602889965918668,-0.09723380312142145,1.8412039313793138,1.8346820625782985,0.16808124276684133,0.1625266556977872,-0.851622581501083,-0.3790613017948135,-1.8983225799647214,-1.6198978592161806
4.333333333333333,1,56,-1.365759422605954,-1.4182878291218053,-0.9757328011364773,-0.938978911441633,0.1906533211513446,-0.09723380312142145,1.8354244168354974,1.8346820625782985,0.13881013010328785,0.1625266556977872,-0.8683260982972967,-0.3790613017948135,-1.8292393620803475,-1.6198978592161806
4.3375,1,56,-1.3627744357000928,-1.4182878291218053,-0.9739498388917921,-0.938978911441633,0.18179203500834124,-0.09723380312142145,1.838465521803077,1.8346820625782985,0.18464905326792094,0.1625266556977872,-0.8486670975421626,-0.3790613017948135,-1.857610602232135,-1.6198978592161806
4.341666666666667,1,56,-1.3661332398243944,-1.4182878291218053,-0.9754082204178647,-0.938978911441633,0.19250166240510033,-0.09723380312142145,1.832046598636555,1.8346820625782985,0.14384644256515114,0.1625266556977872,-0.8674151224119722,-0.3790613017948135,-1.7356818821871467,-1.6198978592161806
4.345833333333333,1,56,-1.3619672599079018,-1.4182878291218053,-0.9738040360110348,-0.938978911441633,0.17795037736912864,-0.09723380312142145,1.8362805367570334,1.8346820625782985,0.22487169688221254,0.1625266556977872,-0.8461788029171091,-0.3790613017948135,-1.8638953879024416,-1.6198978592161806
4.35,1,56,-1.368178560701139,-1.4182878291218053,-0.9763255660163698,-0.938978911441633,0.19514319852026998,-0.09723380312142145,1.8280199172660043,1.8346820625782985,0.1582697627518429,0.1625266556977872,-0.8659950896391545,-0.3790613017948135,-1.772185131024157,-1.6198978592161806
4.354166666666667,1,56,-1.3684021356937033,-1.4182878291218053,-0.976127748575574,-0.938978911441633,0.19442982730007197,-0.09723380312142145,1.8295305854589368,1.8346820625782985,0.17884199554467278,0.1625266556977872,-0.849690503246895,-0.3790613017948135,-1.8129273100678385,-1.6198978592161806
4.358333333333333,1,56,-1.373098340548078,-1.4182878291218053,-0.978701831829659,-0.938978911441633,0.20956618915852498,-0.09723380312142145,1.8220305627226272,1.8346820625782985,0.11877433493368005,0.1625266556977872,-0.8679310917788821,-0.3790613017948135,-1.6855473280599205,-1.6198978592161806
4.3625,1,56,-1.3670188286708258,-1.4182878291218053,-0.9774336330231759,-0.938978911441633,0.1924879157645624,-0.09723380312142145,1.8256383476209623,1.8346820625782985,0.19347547358976316,0.1625266556977872,-0.8479012753504903,-0.3790613017948135,-1.8215743353269596,-1.6198978592161806
4.366666666666666,1,56,-1.3689397059799555,-1.4182878291218053,-0.9797535859108443,-0.938978911441633,0.19879904419561292,-0.09723380312142145,1.81934797476257,1.8346820625782985,0.1698810207643364,0.1625266556977872,-0.8678454632457728,-0.3790613017948135,-1.7624738085331417,-1.6198978592161806
4.370833333333334,1,56,-1.3620730650709594,-1.4182878291218053,-0.9786679337321352,-0.938978911441633,0.17734183656343971,-0.09723380312142145,1.8238495829861274,1.8346820625782985,0.2698561274121664,0.1625266556977872,-0.8472178734052661,-0.3790613017948135,-1.9272086187922328,-1.6198978592161806
4.375,1,56,-1.3659172348549886,-1.4182878291218053,-0.981916100393204,-0.938978911441633,0.18833162519560318,-0.09723380312142145,1.8152942576752276,1.8346820625782985,0.22047715546026228,0.1625266556977872,-0.8692939940534834,-0.3790613017948135,-1.8485200052242576,-1.6198978592161806
4.379166666666666,1,56,-1.3671145322070855,-1.4182878291218053,-0.982234366063951,-0.938978911441633,0.19153085063504066,-0.09723380312142145,1.815359963907331,1.8346820625782985,0.20622349051661643,0.1625266556977872,-0.85550107615856,-0.3790613017948135,-1.8468940920490438,-1.6198978592161806
4.383333333333333,1,56,-1.3679020029657984,-1.4182878291218053,-0.9834341893152948,-0.938978911441633,0.1945797346156338,-0.09723380312142145,1.8101727128070702,1.8346820625782985,0.18301555637568673,0.1625266556977872,-0.8750528386218668,-0.3790613017948135,-1.74738814797975,-1.6198978592161806
4.3875,1,56,-1.3630221272168024,-1.4182878291218053,-0.9810013339349516,-0.938978911441633,0.1762889324796312,-0.09723380312142145,1.8165790912420194,1.8346820625782985,0.27412281907396163,0.1625266556977872,-0.8516562883394182,-0.3790613017948135,-1.887286324386861,-1.6198978592161806
4.391666666666667,1,56,-1.3684709996083215,-1.4182878291218053,-0.9828426331486017,-0.938978911441633,0.1895358994562849,-0.09723380312142145,1.8094747033193879,1.8346820625782985,0.2169600302719217,0.1625266556977872,-0.8703727765873273,-0.3790613017948135,-1.8030418577460454,-1.6198978592161806
4.395833333333333,1,56,-1.370750673355961,-1.4182878291218053,-0.981858259523932,-0.938978911441633,0.19410443980578512,-0.09723380312142145,1.810677429850398,1.8346820625782985,0.19740407261513584,0.1625266556977872,-0.8544638044559355,-0.3790613017948135,-1.8025946981544734,-1.6198978592161806
4.4,1,56,-1.3725769229606062,-1.4182878291218053,-0.9819527561387329,-0.938978911441633,0.1988717162992924,-0.09723380312142145,1.8060919777275737,1.8346820625782985,0.16641124739840144,0.1625266556977872,-0.8729471152176361,-0.3790613017948135,-1.7068251634448548,-1.6198978592161806
4.404166666666667,1,56,-1.3655398977314737,-1.4182878291218053,-0.9779905388014984,-0.938978911441633,0.17559894214019542,-0.09723380312142145,1.8129578285223868,1.8346820625782985,0.2602408952294898,0.1625266556977872,-0.849788126802814,-0.3790613017948135,-1.8550704438970853,-1.6198978592161806
4.408333333333333,1,56,-1.369174248155756,-1.4182878291218053,-0.9785034066682278,-0.938978911441633,0.18467016990068463,-0.09723380312142145,1.8064854949199434,1.8346820625782985,0.20423949739988317,0.1625266556977872,-0.8694870227454898,-0.3790613017948135,-1.7752098007078354,-1.6198978592161806
4.4125,1,56,-1.3706038558636082,-1.4182878291218053,-0.9772003277448739,-0.938978911441633,0.18685894158483574,-0.09723380312142145,1.807432103772135,1.8346820625782985,0.18264886770902986,0.1625266556977872,-0.8556025740224653,-0.3790613017948135,-1.7718042175804245,-1.6198978592161806
4.416666666666667,1,56,-1.369292891975772,-1.4182878291218053,-0.9772210812138503,-0.938978911441633,0.18049651259165633,-0.09723380312142145,1.804265138416935,1.8346820625782985,0.20482318517322662,0.1625266556977872,-0.8744771076478144,-0.3790613017948135,-1.6899970574494771,-1.6198978592161806
4.420833333333333,1,56,-1.371372809306782,-1.4182878291218053,-0.9764659181278396,-0.938978911441633,0.18042420273557241,-0.09723380312142145,1.8062738595532544,1.8346820625782985,0.2039482223700712,0.1625266556977872,-0.8560730483591239,-0.3790613017948135,-1.776111974462371,-1.6198978592161806
4.425,1,56,-1.3780654202659874,-1.4182878291218053,-0.978481415578286,-0.938978911441633,0.19665370562873813,-0.09723380312142145,1.7986699504170673,1.8346820625782985,0.11916426504156813,0.1625266556977872,-0.8749462745009251,-0.3790613017948135,-1.6809827092998717,-1.6198978592161806
4.429166666666666,1,56,-1.3715913599247662,-1.4182878291218053,-0.9766523290591091,-0.938978911441633,0.17759577371201626,-0.09723380312142145,1.8024272768485083,1.8346820625782985,0.1717413407912776,0.1625266556977872,-0.8533824214413226,-0.3790613017948135,-1.8206769167703334,-1.6198978592161806
4.433333333333334,1,56,-1.3732241173907662,-1.4182878291218053,-0.9783384162488965,-0.938978911441633,0.18212303227634435,-0.09723380312142145,1.7965753818984782,1.8346820625782985,0.12842559000553155,0.1625266556977872,-0.870294224762386,-0.3790613017948135,-1.7551544166191229,-1.6198978592161806
4.4375,1,56,-1.3687534085559643,-1.4182878291218053,-0.9771154226470566,-0.938978911441633,0.16425941766776597,-0.09723380312142145,1.801321033298592,1.8346820625782985,0.20049436313098573,0.1625266556977872,-0.8459232220233512,-0.3790613017948135,-1.9093159648608393,-1.6198978592161806
4.441666666666666,1,56,-1.3749306238859944,-1.4182878291218053,-0.9800501279888056,-0.938978911441633,0.17898589930907655,-0.09723380312142145,1.7937178607514332,1.8346820625782985,0.12369609263753979,0.1625266556977872,-0.8639147162198807,-0.3790613017948135,-1.8308461386293446,-1.6198978592161806
4.445833333333333,1,56,-1.3728885158507373,-1.4182878291218053,-0.9800706377071821,-0.938978911441633,0.17255639220587127,-0.09723380312142145,1.7959018925018837,1.8346820625782985,0.1368852539548677,0.1625266556977872,-0.8448811792412332,-0.3790613017948135,-1.8571033696447317,-1.6198978592161806
4.45,1,56,-1.3767070477964591,-1.4182878291218053,-0.9830242087708763,-0.938978911441633,0.18464078577767715,-0.09723380312142145,1.789042588897919,1.8346820625782985,0.06608614019846659,0.1625266556977872,-0.8634758358118029,-0.3790613017948135,-1.7424609618897458,-1.6198978592161806
4.454166666666667,1,56,-1.3704445963624075,-1.4182878291218053,-0.9817293458655043,-0.938978911441633,0.16711369721358627,-0.09723380312142145,1.7932422311366467,1.8346820625782985,0.12575229056494017,0.1625266556977872,-0.83927236087681,-0.3790613017948135,-1.8656677452072528,-1.6198978592161806
4.458333333333333,1,56,-1.372181080975124,-1.4182878291218053,-0.9832111710712687,-0.938978911441633,0.17325686954057054,-0.09723380312142145,1.7885093704544226,1.8346820625782985,0.08872811514610224,0.1625266556977872,-0.8549467738834147,-0.3790613017948135,-1.8041633441127036,-1.6198978592161806
4.4625,1,56,-1.369498787350333,-1.4182878291218053,-0.98155004326072,-0.938978911441633,0.16394893615729808,-0.09723380312142145,1.7930986077483226,1.8346820625782985,0.1311218945421344,0.1625266556977872,-0.8324907408894312,-0.3790613017948135,-1.8401338859734069,-1.6198978592161806
4.466666666666667,1,56,-1.3734569555846823,-1.4182878291218053,-0.982490830616318,-0.938978911441633,0.1751996679354352,-0.09723380312142145,1.7888060005682196,1.8346820625782985,0.08437661915556145,0.1625266556977872,-0.8493807141263578,-0.3790613017948135,-1.7470264301349336,-1.6198978592161806
4.470833333333333,1,56,-1.3695826189681837,-1.4182878291218053,-0.9796028156305213,-0.938978911441633,0.16022435499603768,-0.09723380312142145,1.7952298681039776,1.8346820625782985,0.1633868911354683,0.1625266556977872,-0.8222121186846384,-0.3790613017948135,-1.8946905457560708,-1.6198978592161806
4.475,1,56,-1.3735656147328408,-1.4182878291218053,-0.9805041131482427,-0.938978911441633,0.16922498132313227,-0.09723380312142145,1.7911863661213716,1.8346820625782985,0.13919133401714523,0.1625266556977872,-0.8388391184749332,-0.3790613017948135,-1.8486611483055504,-1.6198978592161806
4.479166666666667,1,56,-1.3727264221777238,-1.4182878291218053,-0.9791130356617171,-0.938978911441633,0.16263490266443542,-0.09723380312142145,1.7957377901153424,1.8346820625782985,0.19560789891595043,0.1625266556977872,-0.818112393225938,-0.3790613017948135,-1.8701259430328643,-1.6198978592161806
4.483333333333333,1,56,-1.377832465429932,-1.4182878291218053,-0.9809785596092991,-0.938978911441633,0.1750385303984302,-0.09723380312142145,1.790017499544834,1.8346820625782985,0.16100532446648766,0.1625266556977872,-0.8389976125691839,-0.3790613017948135,-1.7563609027171534,-1.6198978592161806
4.4875,1,56,-1.3728349485353375,-1.4182878291218053,-0.9797013874846432,-0.938978911441633,0.15877674267795117,-0.09723380312142145,1.7951640917602896,1.8346820625782985,0.256967733932068,0.1625266556977872,-0.8186679577371822,-0.3790613017948135,-1.8979643028985618,-1.6198978592161806
4.491666666666666,1,56,-1.3784282224851567,-1.4182878291218053,-0.982523709919324,-0.938978911441633,0.17472929814993443,-0.09723380312142145,1.786909295663503,1.8346820625782985,0.19536098011386493,0.1625266556977872,-0.8415833395281113,-0.3790613017948135,-1.8203895053173418,-1.6198978592161806
4.495833333333334,1,56,-1.3760506795185012,-1.4182878291218053,-0.9816580907228688,-0.938978911441633,0.17039482995110541,-0.09723380312142145,1.7895812662079364,1.8346820625782985,0.2256314033953725,0.1625266556977872,-0.825897078552504,-0.3790613017948135,-1.858749777673688,-1.6198978592161806
4.5,1,56,-1.3796788533796123,-1.4182878291218053,-0.9833446890403017,-0.938978911441633,0.18958072004955395,-0.09723380312142145,1.7804117477867643,1.8346820625782985,0.12193700196912184,0.1625266556977872,-0.8481910648085567,-0.3790613017948135,-1.7180598545751438,-1.6198978592161806
4.504166666666666,1,56,-1.3742304689780258,-1.4182479881718122,-0.9807099685326682,-0.9389092984621735,0.18716426350034862,-0.09728123978528953,1.78126935046824,1.8346963655725557,0.20941416053093392,0.16254128334056817,-0.7798257510610767,-0.3791233950782583,-2.105077179810042,-1.6199094073160893
4.508333333333333,1,56,-1.3739558877130527,-1.4181284926268296,-0.9802752423716731,-0.9387005072330536,0.19894202742070968,-0.09742351726617392,1.7699969927885906,1.8347392647527692,0.032629987845251555,0.1625851562438554,-0.8295160546472892,-0.3793096323729579,-1.6884105131433753,-1.619944043701325
4.5125,1,56,-1.361688773789907,-1.417929424383135,-0.9769345029294374,-0.9383526808493525,0.18269281066175655,-0.09766053805419615,1.7710387839655797,1.834810730717984,0.10159820397148836,0.16265824433935244,-0.7453116864733592,-0.3796198860411733,-2.105077179810042,-1.6200017446338393
4.516666666666667,1,56,-1.357998803447046,-1.4176509198721596,-0.9761249780109241,-0.9378660576938994,0.18699902808807148,-0.09799213970714749,1.7625687168186273,1.8349107144889971,-0.017782261345046124,0.1627604975361295,-0.780937956747728,-0.3800539434505377,-1.6884105131433753,-1.620082470568295
4.520833333333333,1,56,-1.3489988901276886,-1.417293169966983,-0.972765500277972,-0.9372409712738975,0.17522302796043776,-0.09841809496181893,1.7685725479974894,1.8350391475419263,0.10099781903921465,0.16289184575495316,-0.676404221814865,-0.3806115071197845,-2.105077179810042,-1.6201861661791694
4.525,1,56,-1.3477750263918045,-1.4168564198515203,-0.9719646128759175,-0.9364778499923553,0.18291885774422847,-0.09893811188975594,1.7633746189218302,1.8351959418551727,0.014150019699319175,0.1630521989763153,-0.7038420057461692,-0.3812921949226258,-1.6884105131433753,-1.6203127603986702
4.529166666666667,1,56,-1.340579783256644,-1.4163409688524846,-0.9687573372021294,-0.9355772168544806,0.17363019778754474,-0.09955183409733133,1.7722294717481863,1.8353809899697457,0.1736260709098804,0.16324144730212764,-0.5931556259284991,-0.3820955403496423,-2.105077179810042,-1.620462166465443
4.533333333333333,1,56,-1.340129650797423,-1.4157471702342435,-0.9679388154563532,-0.9345396891092383,0.181419161152303,-0.10025884097000026,1.7684549717302498,1.835594165062911,0.10880430985407046,0.163459461031041,-0.6220297030272992,-0.38302099282800667,-1.6884105131433753,-1.6206342819840325
4.5375,1,56,-1.333656321726502,-1.4150754309567086,-0.9656927063510596,-0.9333659778263195,0.1737381022740899,-0.10105864796056797,1.7756654523877027,1.8358353210351082,0.29836923763489254,0.16370609074733553,-0.5195845422605271,-0.3840679180988174,-2.105077179810042,-1.6208289889950598
4.541666666666667,1,56,-1.334212092847854,-1.4143262113964266,-0.9659321839876541,-0.9320568874088089,0.18039232787947174,-0.10195070692127459,1.7618177836892843,1.8361042926100801,0.1507853651852495,0.1639811674233232,-0.6997993027906874,-0.38523559865178936,-1.6884105131433753,-1.6210461540560654
4.545833333333333,1,56,-1.329206643660813,-1.41350002503106,-0.9636428893189334,-0.9306133150418886,0.1738070566208146,-0.10293440647946736,1.766337046174859,1.836400895448144,0.2712124097567718,0.16428450253519053,-0.7145918142077472,-0.38652323421699786,-2.105077179810042,-1.621285628332964
4.55,1,56,-1.3329415421531283,-1.412597438087475,-0.9629582573949039,-0.9290362500779508,0.18777964041577647,-0.10400907245660623,1.7665852647701386,1.8367249262725311,0.10746502359340014,0.16461588819220388,-0.6268504960614346,-0.3879299423133457,-1.6884105131433753,-1.621547247702048
4.554166666666666,1,56,-1.3276800445079666,-1.411619069153677,-0.9612049132964514,-0.9273267733585454,0.17976320455176353,-0.10517396833031117,1.7672997611177679,1.8370761630086998,0.20313935646668432,0.16497509727918697,-0.6640915235074075,-0.3894547588533702,-2.105077179810042,-1.6218308328624704
4.558333333333334,1,56,-1.3309916804118718,-1.4105655887548625,-0.960892261505793,-0.9254860564736254,0.19182600370143973,-0.10642829573913855,1.7655123397485326,1.8374543649365358,0.00863227653284984,0.1653618836121746,-0.5940878083160055,-0.3910966388039816,-1.6884105131433753,-1.6221361894591277
4.5625,1,56,-1.3259472398626742,-1.409437718893875,-0.9586951835446479,-0.9235153609585985,0.18308658410672615,-0.10777119502973678,1.7675325105328874,1.8378592728553291,0.0857357387411986,0.16577598210713435,-0.6421517014471951,-0.3928544569026746,-2.105077179810042,-1.6224631082158611
4.566666666666666,1,56,-1.3270928870883292,-1.4082362325563782,-0.9576028520328356,-0.9214160374297321,0.19002584761765268,-0.10920174584601172,1.7695730563163448,1.838290609261418,-0.03778294914250986,0.16621710896164255,-0.5809724407836019,-0.3947270084287298,-1.6884105131433753,-1.622811365078885
4.570833333333333,1,56,-1.3213976117078712,-1.4069619531810926,-0.9560786979494247,-0.9191895246585091,0.17978645020757741,-0.1107189677598915,1.7648037523310387,1.8387480785383754,0.09716316492316399,0.16668496184938789,-0.7768613467301375,-0.3967130100288673,-2.105077179810042,-1.6231807213703409
4.575,1,56,-1.3225012940450482,-1.40561575409545,-0.9547527528686387,-0.9168373485855656,0.18602839551088435,-0.1123218209432636,1.766489990618579,1.8392313671596103,0.043081869555536334,0.167179220127371,-0.8296464297845778,-0.3988111005967937,-1.6884105131433753,-1.6235709239518767
4.579166666666667,1,56,-1.3165716957384253,-1.40419855791706,-0.9517814298378688,-0.9143611212748894,0.17368003844441507,-0.11400920688061976,1.7768136600329827,1.8397401439032421,0.213937819382908,0.16769954505565668,-0.763604084862867,-0.4010198422060348,-2.105077179810042,-1.623981705398134
4.583333333333333,1,56,-1.3196770559602038,-1.4027113359213925,-0.9516467689535285,-0.9117625398089882,0.1830190849291747,-0.11577996912192567,1.7726314415090114,1.840274060079105,0.10483078110469159,0.16824558002953002,-0.8466322268462452,-0.4033377210954214,-1.6884105131433753,-1.6244127841800287
4.5875,1,56,-1.3147790791267435,-1.4011551073761146,-0.9494059785010612,-0.9090433851257962,0.1726098594315763,-0.11763289407519309,1.7793219948567882,1.8408327497677215,0.23017381097845552,0.16881695082389508,-0.8089239176073371,-0.40576314870654356,-2.105077179810042,-1.6248638648576963
4.591666666666667,1,56,-1.317924435847035,-1.3995309388425368,-0.9495437629319076,-0.9062055207981097,0.18124101760920153,-0.11956671183821392,1.772581908675908,1.8414158300710863,0.09181536530226958,0.16941326584974978,-0.9118064745350816,-0.4082944627724686,-1.6884105131433753,-1.6253346382829723
4.595833333333333,1,56,-1.313100870282681,-1.3978399434446422,-0.9474705293503489,-0.9032508917563836,0.17030263532400683,-0.12158009706889013,1.7770266225796194,1.842022901375085,0.18368233824426264,0.17003411642256214,-0.8948365415104182,-0.4109299284569782,-2.105077179810042,-1.6258247818112668
4.6,1,56,-1.314837356473867,-1.39608328010621,-0.9474052592353257,-0.9001815229557762,0.17597955614092178,-0.12367166989355544,1.771271232930445,1.8426535476233696,0.11832301796603364,0.17067907704236168,-1.0106462463733588,-0.41366773954353653,-1.6884105131433753,-1.6263339595226887
4.604166666666667,1,56,-1.3097963734521598,-1.394262152756544,-0.9445498913528246,-0.8969995179883445,0.1640850308649012,-0.1258399968526727,1.781133286075093,1.8433073366025035,0.2586002941431596,0.17134770568535626,-0.8707690548996346,-0.41650601967318224,-2.105077179810042,-1.6268618224522686
4.608333333333333,1,56,-1.3130953891069201,-1.3923778095053636,-0.9445003994084978,-0.8937070576413497,0.1724533187166376,-0.12808359188325355,1.7761225335527329,1.843983820238177,0.15240999317319345,0.17203954410687244,-0.8998468987714541,-0.41944282363048857,-1.6884105131433753,-1.6274080088291218
4.6125,1,56,-1.3081023211626368,-1.3904315417874076,-0.9423431632225522,-0.8903063984026509,0.16061426239405896,-0.13040091733733455,1.7812877052510219,1.8446825349022982,0.27115157717888017,0.17275411815541436,-0.830425704487964,-0.42247613867672035,-2.105077179810042,-1.6279721443243886
4.616666666666666,1,56,-1.311107159408342,-1.3884246834773515,-0.9424000226255212,-0.8867998709142236,0.16740329697039905,-0.13279038503580248,1.7727497277996422,1.8454030017307375,0.13541866800340394,0.17349093809762292,-0.916075765682689,-0.4256038859292624,-1.6884105131433753,-1.6285538423077792
4.620833333333334,1,56,-1.3060034539516818,-1.3863586099756358,-0.9402234591179573,-0.8831898783748526,0.1546880455138178,-0.13525035735685392,1.7755447495553427,1.846144726951519,0.23009810791603327,0.17424949895391487,-0.8949843896254005,-0.42882392178638296,-2.105077179810042,-1.6291527041125526
4.625,1,56,-1.309227530435443,-1.3842347372658368,-0.9401768431352626,-0.8794788948931029,0.1616086458647245,-0.1377791483583373,1.7659586104390352,1.8469072022232258,0.08575407892152129,0.17502928084456992,-1.019127486517348,-0.4321340393963486,-1.6884105131433753,-1.6297683193087416
4.629166666666666,1,56,-1.304500792722135,-1.3820545209442197,-0.9363962670712329,-0.8756694637916843,0.14869311049240622,-0.14037502493321666,1.7761003611988742,1.8476899049833937,0.16354147168589822,0.17582974934603135,-0.8937120126252135,-0.43553197016989414,-2.105077179810042,-1.630400265984441
4.633333333333333,1,56,-1.3062566431605738,-1.379819455222147,-0.9349604547723054,-0.8717641958643882,0.1526840602757749,-0.14303620799735453,1.7741236250921522,1.8484922988066477,0.09179155885807747,0.1766503558571726,-0.9375188861584498,-0.43901538533499784,-1.6884105131433753,-1.6310481110349664
4.6375,1,56,-1.3004011002149112,-1.3775310719020202,-0.931742603533951,-0.8677657675867789,0.13735701369498352,-0.14576087370880839,1.7807852949536156,1.849313833772342,0.23536338479697627,0.17749053797528128,-0.8884682868870466,-0.4425818975329068,-2.105077179810042,-1.6317114104596802
4.641666666666667,1,56,-1.3030106582829224,-1.3751909393274604,-0.9308181274451808,-0.8636769192818736,0.1420889480632297,-0.1485471547177985,1.7738300994252243,1.8501539468414472,0.13476883774734846,0.1783497198815013,-1.0024363522961155,-0.44622906245431027,-1.6884105131433753,-1.6323897096662894
4.645833333333333,1,56,-1.2977566611684352,-1.3728006613084414,-0.9272499651557473,-0.8595004532420568,0.12781022077428658,-0.1513931414464998,1.7823555692261717,1.8510120622424304,0.2505970454671036,0.17922731273547146,-0.8793733576480829,-0.44995438051455194,-2.105077179810042,-1.6330825437823997
4.65,1,56,-1.300581582590582,-1.3703618760221201,-0.9260292703437734,-0.8552392318085326,0.13283000619350624,-0.15429688339776915,1.7762504759491815,1.8518875918658602,0.1279293437255474,0.18012271507888655,-0.9362811566504935,-0.4537552985667177,-1.6884105131433753,-1.6337894379741158
4.654166666666667,1,56,-1.294819222298091,-1.3678762548901129,-0.9228500248719946,-0.8508961754096201,0.11727862640861415,-0.15725639049191717,1.7802711972351724,1.8527799356674655,0.23158113030283342,0.1810353132477064,-0.9059715653894952,-0.45762921165143333,-2.105077179810042,-1.6345099077714687
4.658333333333333,1,56,-1.2972824611132054,-1.3653455014329832,-0.9215975266371673,-0.8464742605592341,0.12088225010738628,-0.16026963443061276,1.7715237628268776,1.8536884820793789,0.10109920269109572,0.1819644817927315,-1.0372220228040712,-0.4615734647821775,-1.6884105131433753,-1.6352434594004472
4.6625,1,56,-1.2916307014413833,-1.3627713501027368,-0.9176750045954798,-0.8419765178169334,0.10501362877957351,-0.16333455008697526,1.7784114754092788,1.854612608429272,0.18820286188540664,0.18290958390825415,-0.9358035514857198,-0.46558535476487417,-2.105077179810042,-1.6359895901214072
4.666666666666667,1,56,-1.2921431134001402,-1.360155565094113,-0.9156235935394188,-0.8374060297109251,0.10499594504997034,-0.1664490369209104,1.7737798182964408,1.8555516813671067,0.13576722241764738,0.1838699718684935,-1.0112862230301993,-0.4696621320505286,-1.6884105131433753,-1.6367477885736226
4.670833333333333,1,56,-1.2856285165252666,-1.3574999391354967,-0.9112450046824843,-0.8327659286254584,0.08733689642209938,-0.16961096041871299,1.783384500894513,1.8565050572991981,0.29021081754327543,0.1848449874715136,-0.8665338869313368,-0.473801002619627,-2.105077179810042,-1.6375175351257465
4.675,1,56,-1.2872127068723618,-1.3548062922602677,-0.9091372391578061,-0.8280593946540378,0.08874252672369175,-0.17281815355595984,1.7771572563052844,1.857472082829305,0.20294113763670016,0.18583396249032347,-0.9207848210410884,-0.4779991298970233,-1.6884105131433753,-1.6382983022319422
4.679166666666666,1,56,-1.28257589379925,-1.3520764705594437,-0.9056210685800976,-0.8232896534199508,0.07468863558438635,-0.17606841828267764,1.7792281209961476,1.858452095206433,0.2576264497719041,0.1868362191308456,-0.8994681511082757,-0.4822536366959828,-2.105077179810042,-1.6390895547934352
4.683333333333334,1,56,-1.285476662430163,-1.3493123449164601,-0.9035335401101726,-0.8184599738655842,0.07784203606244773,-0.17935952702977764,1.7685750072259487,1.8594444227790516,0.08568286147507677,0.1878510704964427,-1.0446845514383092,-0.4865616071900637,-1.6884105131433753,-1.6398907505252438
4.6875,1,56,-1.279483185897189,-1.3465158097249628,-0.8988297148921703,-0.8135736660120589,0.060452097387391546,-0.18268922423571787,1.7743704435562018,1.8604483854554106,0.14029795843655324,0.18887782105868128,-0.9658117402034947,-0.4909200889114755,-2.105077179810042,-1.640701340327834
4.691666666666666,1,56,-1.2797287943126905,-1.3436887815904812,-0.8958351599075466,-0.8086340786907001,0.058870618575090475,-0.18605522789235604,1.7690179062544114,1.8614632951696402,0.06603496815869334,0.1899157671340135,-1.0673979855050446,-0.49532609477455825,-1.6884105131433753,-1.6415207686634452
4.695833333333333,1,56,-1.2723726420004662,-1.340833198016886,-0.8907140389540531,-0.80364459724792,0.03818861747166443,-0.18945523110892154,1.7771688087423023,1.8624884563533182,0.19548583377353354,0.19096419736604592,-0.9545548356624217,-0.4997766051229783,-2.105077179810042,-1.6423484739368273
4.7,1,56,-1.2712966935628003,-1.3379510160785175,-0.8873629585331995,-0.7986086412250682,0.03355872695701063,-0.1928869036930445,1.7730680178094003,1.8635231664121779,0.18797206818124246,0.19202239321306797,-1.0384432680168973,-0.5042685697992517,-1.6884105131433753,-1.6431838888801307
4.704166666666667,1,56,-1.2644040822158518,-1.3350442110789098,-0.8822085481426448,-0.7935296620148533,0.014336371224884192,-0.19634789374775008,1.7823723454061215,1.864566716207629,0.35431603702271747,0.19308962944050376,-0.9141270333615205,-0.5087989102351662,-2.105077179810042,-1.6440264409416832
4.708333333333333,1,56,-1.2652049626256967,-1.332114775197011,-0.8787804600164952,-0.7884111404959244,0.012477282690120349,-0.19983582928333585,1.7755112199674332,1.8656183905427686,0.28988452805482195,0.1941651746179528,-0.9983171437374395,-0.5133645215616834,-1.6884105131433753,-1.6448755526783883
4.7125,1,56,-1.2607090138745725,-1.3291647161218452,-0.8736934894159024,-0.7832565846472532,-0.0017603605762442568,-0.20334831984301277,1.7818258994567506,1.86667746865254,0.3587922249988119,0.19524829162047544,-0.8803784685569301,-0.5179622747368586,-2.105077179810042,-1.645730642151476
4.716666666666667,1,56,-1.2631356344666402,-1.3261960556765446,-0.8699203975814239,-0.7780695271439453,-0.0011774125230866476,-0.20688295814120256,1.7726910488302967,1.8677432246977084,0.20117228074937424,0.19633823813378054,-0.9647094054796974,-0.5225890186903264,-1.6884105131433753,-1.6465911233253334
4.720833333333333,1,56,-1.258439493762735,-1.3232108284326907,-0.8650366974029733,-0.7728535229361126,-0.016935500245624707,-0.21043732171337542,1.7726550783425459,1.868814928262316,0.1954826797975535,0.1974342671629722,-0.9870452975479244,-0.5272415824828929,-2.105077179810042,-1.6474564064691464
4.725,1,56,-1.2581197473625207,-1.3202110803159202,-0.8591873194265067,-0.7676121468124942,-0.01986265943312051,-0.21400897457628354,1.778260169698752,1.869891844854273,0.16974818885438336,0.19853562754450166,-0.826278828618824,-0.5319167774797358,-1.6884105131433753,-1.6483258985610703
4.729166666666667,1,56,-1.2490495156972163,-1.3171988672037516,-0.8542501205041008,-0.7623489909504714,-0.044201829168409826,-0.2175954688974634,1.7808889139703061,1.8709732364087404,0.369580370829519,0.19964156446097783,-0.8685728582272121,-0.5366113995357361,-2.105077179810042,-1.649199003694657
4.733333333333333,1,56,-1.2490171212836265,-1.3141762535165893,-0.8492653268828526,-0.7570676624541739,-0.048126691324445255,-0.22119434667285515,1.7775221375185724,1.8720583617939628,0.3209136777657063,0.20075131995848047,-0.8811357698975919,-0.5413222311914364,-1.6884105131433753,-1.6500751234872606
4.7375,1,56,-1.2428174846685838,-1.3111453108028712,-0.8438019421053105,-0.7517717808823435,-0.06673394307494213,-0.22480314141140023,1.7813035256054632,1.873146477319205,0.4169831199493517,0.20186413346602539,-0.8499316223004981,-0.5460460438781323,-2.105077179810042,-1.6509536574901384
4.741666666666666,1,56,-1.2433941373348998,-1.3081081163193344,-0.839005952996397,-0.7464649757676746,-0.07199111752716252,-0.2284193798254482,1.7701243637684405,1.8742368372444385,0.2764938585927217,0.2029792423168207,-1.014204058327902,-0.5507796001305677,-1.6884105131433753,-1.6518340035999688
4.745833333333334,1,56,-1.2384783174845737,-1.305066751607366,-0.8327304128931616,-0.7411508841293106,-0.08871937210245026,-0.23204058352582596,1.773896324374581,1.8753286942914353,0.28502833649211046,0.20409588227096134,-0.9731830292995245,-0.5555196558057349,-2.105077179810042,-1.6527155584715023
4.75,1,56,-1.2398742576678075,-1.302023301066421,-0.8272169464775043,-0.735833147980218,-0.09128052295778749,-0.23566427072039886,1.764793838799113,1.8764213001559145,0.11868412509950506,0.2052132880391996,-1.125318057905407,-0.5602629623062432,-1.6884105131433753,-1.6535977179310644
4.754166666666666,1,56,-1.2320081820973585,-1.2989798505254762,-0.8196095628263813,-0.7305154118311253,-0.11399089417046337,-0.23928795791497187,1.7742179379524559,1.8775139060203938,0.16977299724425374,0.2063306938074379,-1.0735700667747992,-0.5650062688067514,-2.105077179810042,-1.6544798773906266
4.758333333333333,1,56,-1.2306176630664911,-1.2959384858135083,-0.8124789375149232,-0.7252013201927626,-0.12089460459517665,-0.2429091616153488,1.7766032931334768,1.8786057630673905,0.11839641562856182,0.20744733376157828,-1.0878965071996656,-0.5697463244819175,-1.6884105131433753,-1.65536143226216
4.7625,1,56,-1.2212630562782925,-1.292901291329971,-0.8047167934498475,-0.7198945150780924,-0.14672231344241957,-0.24652540002939755,1.789723262891043,1.8796961229926241,0.26507451721415887,0.20856244261237386,-0.9330197552870765,-0.5744798807343541,-2.105077179810042,-1.6562417783719905
4.766666666666667,1,56,-1.220327311489295,-1.2898703486162528,-0.798148020322929,-0.7145986335062622,-0.15383194434488676,-0.25013419476794263,1.7860724230787521,1.8807842385178664,0.19363372868197964,0.20967525611991877,-1.0146113163266013,-0.5792036934210498,-1.6884105131433753,-1.6571203123748683
4.770833333333333,1,56,-1.2115186829749038,-1.2868477349290905,-0.7909577964928417,-0.7093173050099646,-0.17857573079832956,-0.2537330725433344,1.7957259164024897,1.8818693639030888,0.3378940943720786,0.21078501161742141,-0.9138493449820185,-0.5839145250767501,-2.105077179810042,-1.6579964321674718
4.775,1,56,-1.2103559620288153,-1.283835521816922,-0.7844054946351524,-0.7040541491479418,-0.18717977124538066,-0.25731956686451424,1.788965098819847,1.8829507554575562,0.258453338142913,0.2118909485338976,-1.0398473006608242,-0.5886091471327506,-1.6884105131433753,-1.6588695373010587
4.779166666666667,1,56,-1.203801236684707,-1.2808357737001514,-0.7770410328689561,-0.6988127730243234,-0.2077823194180272,-0.26089121972742235,1.794852424025473,1.884027672049513,0.313124856365786,0.21299230891542703,-0.9786262455017535,-0.5932843421295934,-2.105077179810042,-1.6597390293929826
4.783333333333333,1,56,-1.2083736440922817,-1.2778505464562975,-0.7697091160003214,-0.6935967688164908,-0.20515966300852512,-0.2644455832995952,1.78580837444461,1.8850993756141208,0.16312016889863445,0.21408833794461868,-1.1270893447293768,-0.59793690592216,-1.6884105131433753,-1.6606043125367955
4.7875,1,56,-1.204786789475753,-1.274881886010997,-0.7616602897211341,-0.6884097113131826,-0.2191969228035093,-0.267980221597785,1.7916440738792447,1.8861651316592891,0.2262638939685836,0.2151782844579238,-1.0874704900132715,-0.6025636498756277,-2.105077179810042,-1.661464793710653
4.791666666666667,1,56,-1.2126980028934162,-1.271931826935831,-0.7527766807753572,-0.6832551554645117,-0.2072892131151188,-0.2714927121574619,1.7886843212949566,1.8872242097690606,0.10759050544633238,0.21626140146044642,-1.1216155742790181,-0.6071614030508028,-1.6884105131433753,-1.6623198831837407
4.795833333333333,1,56,-1.2092489418538708,-1.2690023910539323,-0.7438220407083749,-0.6781366339455825,-0.21940013279352302,-0.2749806476930477,1.7976002254680246,1.8882758841042002,0.19559333494587028,0.2173369466378955,-0.9954990236960489,-0.61172701437732,-2.105077179810042,-1.6631689949204458
4.8,1,56,-1.2150498191977375,-1.2660955860543246,-0.7345077985215397,-0.6730576547353677,-0.20963910904811062,-0.2784416377477533,1.7985660514798774,1.8893194338996513,0.16624267570014778,0.21840418286533125,-0.9643838177508963,-0.6162573548132345,-1.6884105131433753,-1.6640115469819983
4.804166666666666,1,56,-1.2098172053246834,-1.2632134041159568,-0.7271899980193455,-0.6680216987125169,-0.22482971003542493,-0.2818733103318755,1.7975261458423732,1.8903541439585108,0.349007230603223,0.2194623787123531,-1.1322877239470905,-0.6207493194895071,-2.105077179810042,-1.6648469619253017
4.808333333333334,1,56,-1.21738458539744,-1.260357820542361,-0.7171667865797507,-0.6630322172697358,-0.2105238674108461,-0.2852733135484417,1.7978287842352534,1.891379305142189,0.33907696773562485,0.22051080894438574,-1.125229223168628,-0.625199829837928,-1.6884105131433753,-1.6656746671986837
4.8125,1,56,-1.2152641722866155,-1.2575307924078793,-0.708060943130326,-0.6580926299483771,-0.21706022107101408,-0.2886393172050799,1.802007256829172,1.8923942148564186,0.4242319448527253,0.22154875501971796,-1.1311636219060839,-0.6296058357010108,-2.105077179810042,-1.6664940955342948
4.816666666666666,1,56,-1.2234561329960025,-1.254734257216382,-0.6971272526855509,-0.6532063220948517,-0.1999830345779686,-0.29196901441102013,1.8020261290224897,1.8933981775327773,0.3375792143437131,0.22257550558195655,-1.0469184929446296,-0.6339643174224225,-1.6884105131433753,-1.6673046853368851
4.820833333333333,1,56,-1.220431627215025,-1.251970131573399,-0.6876878394153588,-0.6483766425404862,-0.2069765639696985,-0.2952601231581195,1.8044521989831213,1.894390505105396,0.3787696182790312,0.22359035694755341,-1.0498521671210186,-0.6382722879165026,-2.105077179810042,-1.6681058810686937
4.825,1,56,-1.227828396010316,-1.2492403098725744,-0.6765812578359832,-0.6436069013063982,-0.1906467306562054,-0.29851038788483797,1.8027080201732422,1.8953705174825242,0.2386735158571688,0.2245926135880758,-0.9893532651953157,-0.6425267947154629,-1.6884105131433753,-1.6688971336301868
4.829166666666667,1,56,-1.2186316655576561,-1.2465466629973454,-0.6670376830285083,-0.6389003673349776,-0.2084553088577326,-0.30171758102208485,1.8037177838603848,1.896337543012631,0.24641549129587093,0.22558158860688565,-1.0164674273358882,-0.6467249219928592,-2.105077179810042,-1.6696779007363824
4.833333333333333,1,56,-1.2228109938602194,-1.243891037038729,-0.6554176681874188,-0.6342602662495108,-0.19701573301848546,-0.3048795045198874,1.805120731603958,1.8972909189447225,0.09393536801383003,0.22655660420990575,-0.895055621180764,-0.6508637925619576,-1.6884105131433753,-1.6704476472885064
4.8375,1,56,-1.2137789714200033,-1.2412752520301054,-0.6458834012610093,-0.6296897781435027,-0.21418356289921242,-0.30799399135382255,1.8037706121986405,1.8982299918825571,0.17691302966698896,0.2275169921701451,-1.0052447456318245,-0.6549405698476121,-2.105077179810042,-1.6712058457407217
4.841666666666667,1,56,-1.216704731618961,-1.238701100699859,-0.6343360084703317,-0.6251920354012019,-0.20491342642579433,-0.311058907010185,1.805928978883282,1.8991541182324503,0.1427153834373597,0.22846209428566774,-0.9527718196457544,-0.6589524598303087,-1.6884105131433753,-1.6719519764616817
4.845833333333333,1,56,-1.20738471809999,-1.2361703472427292,-0.6247354542574325,-0.6207701205508158,-0.22231806715062527,-0.31407215094888064,1.8055158984382027,1.9000626646443637,0.3239534077846674,0.2293912628306929,-1.112219845323721,-0.662896712961053,-2.105077179810042,-1.6726855280906603
4.85,1,56,-1.2131163610642886,-1.233684726110722,-0.6127180859418363,-0.6164270641519034,-0.20767096934949472,-0.31703165804302863,1.8058808000182212,1.900955008445969,0.3105151424032095,0.23030386099951267,-1.107008691597757,-0.6667706260457685,-1.6884105131433753,-1.6734059978880131
4.854166666666667,1,56,-1.2069117287492903,-1.2312459408244008,-0.6016001562114732,-0.6121658427183791,-0.21716757844112453,-0.31993539999429804,1.8107266563766424,1.9018305380693987,0.41277110322714955,0.23119926334292779,-1.1082094964680345,-0.6705715440979344,-2.105077179810042,-1.6741128920797292
4.858333333333333,1,56,-1.2138252391731879,-1.228855662805382,-0.5889115202806046,-0.6079893766785625,-0.1995043299914011,-0.3227813867229993,1.8098265604249455,1.902688653470382,0.33676334788354917,0.23207685619689794,-1.0676620279892686,-0.674296862158176,-1.6884105131433753,-1.6748057261958396
4.8625,1,56,-1.2075567665374547,-1.226515530230822,-0.5776053583002692,-0.603900528373657,-0.20840318645323014,-0.32556766773198936,1.811627671321889,1.903528766539487,0.387759799261323,0.23293603810311797,-1.1112372123353251,-0.6779440270795793,-2.105077179810042,-1.6754840254024488
4.866666666666666,1,56,-1.2145162495524615,-1.2242271469106956,-0.5650092696281064,-0.5999021000960485,-0.1894342425878489,-0.32829233344344266,1.8114379598210155,1.9043503015051813,0.26945210882419574,0.23377622022122646,-1.0100194766870498,-0.6815105392774876,-1.6884105131433753,-1.6761473248271626
4.870833333333334,1,56,-1.2011452137385488,-1.2219920811886222,-0.5550887798486337,-0.5959968321687517,-0.20987875529876254,-0.33095351650758115,1.812784794152155,1.9051526953284355,0.2928042465652727,0.2345968267323679,-1.0114767515601382,-0.6849939544425923,-2.105077179810042,-1.676795169877688
4.875,1,56,-1.2043016349637579,-1.2198118648670053,-0.5443998727902581,-0.592187401067333,-0.19812395139912736,-0.3335493930824605,1.8092040266811222,1.9059353980886033,0.12870286060166863,0.23539729523382935,-0.9699439006271579,-0.6883918852161377,-1.6884105131433753,-1.6774271165533874
4.879166666666666,1,56,-1.191724774921284,-1.2176879921572064,-0.5364248289050411,-0.5884764175855832,-0.2178355326535139,-0.3360781840839439,1.8041130175736089,1.9066978733603102,0.19521882483837466,0.23617707712448438,-1.148634871920466,-0.6917020028261034,-2.105077179810042,-1.6780427317495763
4.883333333333333,1,56,-1.1940984117335975,-1.215621918655491,-0.5269024544875405,-0.5848664250462131,-0.20754047049010524,-0.3385381564049948,1.8033335441322933,1.9074395985810915,0.17129488381985844,0.23693563798077616,-1.1531335454739762,-0.6949220386832232,-1.6884105131433753,-1.6786415935543497
4.8875,1,56,-1.1825654333048514,-1.2136150603454345,-0.5185918126176325,-0.581359897557785,-0.22450420900769577,-0.3409276241034633,1.8101112642439026,1.9081600654095308,0.3367137931990991,0.23767245792298486,-1.0828035610660527,-0.6980497859357659,-2.105077179810042,-1.6792232915377403
4.891666666666667,1,56,-1.188031781553851,-1.2116687926274785,-0.5102293702896642,-0.5779592383190862,-0.20927757259885385,-0.34324494955754425,1.8061569660721566,1.908858780073652,0.31152841155401256,0.23838703197152677,-1.1139018174240785,-0.7010831009819978,-1.6884105131433753,-1.679787427033007
4.895833333333333,1,56,-1.17994556622815,-1.2097844493762981,-0.5024086232177501,-0.5746667779720914,-0.2186652419326446,-0.3454885445881251,1.8122195763986133,1.9095352637093257,0.4070079302514978,0.23907887039304299,-1.0009303989891625,-0.7040199049393041,-2.105077179810042,-1.6803336134098603
4.9,1,56,-1.1862768924373333,-1.2079633220266321,-0.49466560157031464,-0.5714847730046597,-0.20136096352667707,-0.34765687154724234,1.806643660005317,1.9101890526884595,0.30663428666262904,0.2397474990360376,-0.9941242505415051,-0.7068581850689498,-1.6884105131433753,-1.6808614763394403
4.904166666666667,1,56,-1.1768591191252022,-1.2062066586881999,-0.4883765335281578,-0.5684154042040523,-0.21306988007890515,-0.34974844437190766,1.8062910765448303,1.910819698936744,0.3504958293343165,0.2403924596558371,-1.013494603101422,-0.7095959961555081,-2.105077179810042,-1.6813706540508622
4.908333333333333,1,56,-1.184827601000531,-1.2045156632903053,-0.4804320214865302,-0.5654607751623264,-0.1911969375410163,-0.35176182960258384,1.80460757666527,1.9114267702407428,0.2073262782211542,0.24101331022864947,-0.8933058790458906,-0.7122314618400176,-1.6884105131433753,-1.6818607975791566
4.9125,1,56,-1.1673545305241684,-1.2028914947567275,-0.4753923700300161,-0.5626229108346398,-0.21614970499389777,-0.35369564736560466,1.7997620140376824,1.9120098505441077,0.222997870968271,0.24160962525450413,-1.0155719139570634,-0.7147627759059427,-2.105077179810042,-1.6823315710044326
4.916666666666667,1,56,-1.169319336649944,-1.2013352662114496,-0.4684990057596805,-0.5599037561514477,-0.20430041961425652,-0.35554857231887216,1.7967376223393399,1.9125685402327242,0.05361472111389734,0.24218099604886922,-0.9749547065709007,-0.7171882035170649,-1.6884105131433753,-1.6827826516821003
4.920833333333333,1,56,-1.1543421565438259,-1.1998480442157822,-0.4639522154096102,-0.5573051746855466,-0.2250515057058769,-0.357319334560178,1.7918868151197536,1.913102456408587,0.11450262606991832,0.24272703102274257,-1.1540415474555623,-0.7195060824064514,-2.105077179810042,-1.683213730463995
4.925,1,56,-1.1563260918694092,-1.1984308480373922,-0.4576288387390933,-0.5548289473748703,-0.21373847681271171,-0.3590067204975342,1.7922146105874064,1.9136112331522188,0.08658632996858846,0.24324735595102825,-1.15924934809754,-0.7217148240156925,-1.6884105131433753,-1.6836245119102522
4.929166666666666,1,56,-1.1417297648693028,-1.19708464895175,-0.45231093392670235,-0.5524767713019274,-0.2337394340827352,-0.36060957368090596,1.7997475723455774,1.9140945217734535,0.24794188722616978,0.24374161422901125,-1.0881292074849789,-0.7238129145836185,-2.105077179810042,-1.684014714491788
4.933333333333334,1,56,-1.147441834737363,-1.195810369576464,-0.4467637523068242,-0.5502502585307039,-0.21680044771094664,-0.3621267955947861,1.7971236159400799,1.9145519910504112,0.2196150935901207,0.2442094671167567,-1.1185612959716085,-0.7257989161837565,-1.6884105131433753,-1.684384070783244
4.9375,1,56,-1.1373395332366214,-1.1946088832389674,-0.44154730671630166,-0.5481509350018374,-0.2278473045562553,-0.363557346411061,1.8043887855165155,1.9149833274565,0.31157795428506935,0.2446505939712649,-1.002507408974495,-0.7276714677098117,-2.105077179810042,-1.6847323276462678
4.941666666666666,1,56,-1.1452942065970813,-1.1934810133779796,-0.4361335041595187,-0.5461802394868105,-0.2065114564378068,-0.36490024570165924,1.8008157296174239,1.9153882353752933,0.2075153052003026,0.24506469246622464,-0.9914421776136348,-0.7294292858085047,-1.6884105131433753,-1.6850592464030012
4.945833333333333,1,56,-1.13484349883666,-1.1924275329791654,-0.4322375611879575,-0.544339522601891,-0.21793077290310275,-0.3661545731104863,1.800399774480658,1.9157664373031293,0.2472511200881237,0.2454514787992122,-1.0444335672364509,-0.7310711657591157,-2.105077179810042,-1.6853646029996583
4.95,1,56,-1.1436314218228876,-1.191449164045367,-0.426487547488192,-0.5426300458824852,-0.19347914296535368,-0.3673194689841916,1.8001310389440375,1.916117674039298,0.10542082513449894,0.24581068788619537,-0.9487901206699683,-0.7325959822991406,-1.6884105131433753,-1.6856481881600809
4.954166666666667,1,56,-1.121835453471533,-1.190546577101782,-0.42369442044657224,-0.5410529809185474,-0.22264371245794087,-0.36839413496133044,1.7977907649950686,1.916441704863685,0.19697305543358182,0.24614207354320872,-1.082158740869388,-0.7340026903954884,-2.105077179810042,-1.685909807529165
4.958333333333333,1,56,-1.1220696273165218,-1.1897203907364156,-0.4190417525864007,-0.5396094085516272,-0.21197364403348332,-0.3693778345195232,1.7971270255528307,1.916738307701749,0.10311831722691915,0.24644540865507605,-1.0514062951501113,-0.7352903259606969,-1.6884105131433753,-1.6861492818060635
4.9625,1,56,-1.1051732836525023,-1.1889711711761335,-0.4161125025357487,-0.5383003181341164,-0.2334484290224063,-0.3702698934802298,1.7990896477958158,1.917007279276721,0.2190026686309533,0.24672048533106372,-1.0962696710056616,-0.736458006513669,-2.105077179810042,-1.6863664468670692
4.966666666666667,1,56,-1.1108390338168914,-1.1882994318985987,-0.4112717914592932,-0.5371266068511976,-0.2142073392182513,-0.3710697004707975,1.8009820349458285,1.917248435248918,0.15117931360926487,0.24696711504735824,-0.9964394766880085,-0.7375049317844796,-1.6884105131433753,-1.6865611538780965
4.970833333333333,1,56,-1.0961948262806107,-1.1877056332803575,-0.4084790209513593,-0.5360890791059554,-0.23159600062249866,-0.37177670734346646,1.8052830836766036,1.9174616103420834,0.2971813824935867,0.24718512877627158,-0.9845977601596277,-0.7384303842628439,-2.105077179810042,-1.6867332693966859
4.975,1,56,-1.1037979149026864,-1.1871901822813218,-0.40505197115674096,-0.5351884459680807,-0.21063378532762386,-0.37239042955104185,1.8002398478835748,1.9176466584566565,0.2318617320119114,0.247374377102084,-1.0410107456429205,-0.7392337296898606,-1.6884105131433753,-1.6868826754634587
4.979166666666667,1,56,-1.093213908483322,-1.186753432165859,-0.40181524514868094,-0.5344253246865385,-0.21989941237385097,-0.37291044647897886,1.806552066858369,1.9178034527699026,0.303501594235413,0.24753473032344608,-0.9392054075727678,-0.7399144174927017,-2.105077179810042,-1.6870092696829595
4.983333333333333,1,56,-1.1008149295625387,-1.1863956822606825,-0.39903992348301526,-0.5338002382665366,-0.19876940940167045,-0.3733364017336503,1.7971623915731918,1.917931885822832,0.16494448608732942,0.24766607854226974,-1.066843190106734,-0.7404719811619486,-1.6884105131433753,-1.687112965293834
4.9875,1,56,-1.0868410853705588,-1.186117177749707,-0.396350384380748,-0.5333136151110834,-0.21309875903759257,-0.3736680033866016,1.8026469881192657,1.9180318695938452,0.253717025940253,0.24776833173904678,-1.0197866576680021,-0.740906038571313,-2.105077179810042,-1.6871936912282897
4.991666666666666,1,56,-1.0959841942080384,-1.1859181095060127,-0.3932632502239127,-0.5329657887273824,-0.1880169227471179,-0.37390502417462385,1.7986844860153652,1.91810333555906,0.14552885329590687,0.24784141983454383,-1.0540341193424263,-0.7412162922395283,-1.6884105131433753,-1.6872513921608039
4.995833333333334,1,56,-1.0729764935966606,-1.18579861396103,-0.3908331532809464,-0.5327569974982624,-0.21562114125046294,-0.37404730165550826,1.8073939604755036,1.9181462347392735,0.261204648803286,0.24788529273783105,-0.9322066497783394,-0.7414025295342279,-2.105077179810042,-1.6872860285460396
