time,triggered,bits_used,q0_real,q0_target,q1_real,q1_target,q2_real,q2_target,q3_real,q3_target,q4_real,q4_target,q5_real,q5_target,q6_real,q6_target
0.0,0,0,0.0,0.0,0.0,0.0,0.0,0.0,0.0,0.0,0.0,0.0,0.0,0.0,0.0,0.0
0.004166666666666667,0,0,-3.479932281456557e-08,-1.821589401849405e-16,-2.1066521989981656e-07,0.0001019170744153826,5.188977436770354e-08,-1.3454697245345574e-16,-4.103488711094138e-07,8.385526276473769e-05,7.665383756683999e-08,-5.445736523118677e-16,-1.7475610407846952e-07,-0.00015214578397362304,-9.374428911779278e-08,-2.809944060909777e-16
0.008333333333333333,1,56,2.3012966509979613e-06,-7.286045487428889e-16,1.3913042705334629e-05,0.0004076508346953716,-1.9279899419065036e-05,-5.381648358825735e-16,-5.616367509249468e-05,0.00033540668289125863,-4.3613527926055875e-05,-2.178201299354935e-15,-0.002557226731390644,-0.0006085570664974655,6.0915838997791355e-05,-1.1239294774186369e-15
0.0125,1,56,1.0380298497222507e-05,-1.6392431950320759e-15,6.736573457473824e-05,0.0009171488949341472,-7.624085694701289e-05,-1.2107844324443939e-15,-0.00017773761807953346,0.0007546111583387822,-0.0001501225898230937,-4.900603027442259e-15,-0.00977348038571219,-0.0013691556438480018,5.9575615530515285e-06,-2.5286607813981745e-15
0.016666666666666666,1,56,0.00035532761220850477,-2.9139188458083714e-15,0.0021738288512059213,0.0016303239552619522,0.0003760027218542063,-2.1522905122336506e-15,0.009035754512798408,0.0013413968605784793,0.00147438027473441,-8.71131236705249e-15,0.09078132733642731,-0.0024338111913745175,-0.002436095472259874,-4.494947624552124e-15
0.020833333333333332,1,56,-0.0002902576101566883,-4.552413091961036e-15,-0.0017377492416576898,0.002547053816803619,0.00011756874607345475,-3.362521753030438e-15,-0.005374636589464072,0.0020956632469010398,-0.0009044467485209713,-1.3609676372757788e-14,-0.001095603721911109,-0.003802341285829783,0.009257645793197242,-7.022453093752341e-15
0.025,1,56,-6.543507063386134e-05,-6.5544451859360205e-15,-0.0004609564077879251,0.0036671814026167323,0.00047435801219246175,-4.84127078794196e-15,0.0010551397172161687,0.0030172810776441577,0.08094792854290302,-1.9594855735102734e-14,0.04005302007547972,-0.005474511436627355,-0.4074090208734694,-1.011074411394837e-14
0.029166666666666667,1,56,6.640334709948363e-05,-8.919672089840438e-15,0.0002875989307253229,0.004990514784605854,0.04819197560071909,-6.5882842409336515e-15,-0.005673893782005869,0.004106092438337004,-0.24839861612043465,-2.666582492441516e-14,-0.06959806081237926,-0.007450035126020192,0.009257645793197242,-1.375929152237235e-14
0.03333333333333333,1,56,0.0236996738244947,-1.1647688534220897e-14,0.006064745152599497,0.006516827216408727,-0.04844990816405463,-8.603262770244268e-15,0.013059891182512386,0.0053619107667583115,-0.11412160951398038,-3.482137236652704e-14,-0.009811609108701574,-0.009728573858194449,-0.4074090208734694,-1.7967470159209198e-14
0.0375,1,56,0.0014159307906328228,-1.4738027087502948e-14,0.007189251746151903,0.008245857172247321,-0.023623677525951767,-1.0885861119675526e-14,0.008013769167165894,0.006784520884902211,-0.3778859240328245,-4.406010065036732e-14,-0.11934837699513537,-0.012309737217267839,0.009257645793197242,-2.2734558974712374e-14
0.041666666666666664,1,56,0.016223610896089022,-1.819015823608502e-14,0.010370365362560053,0.010177308391740011,-0.15971552138976383,-1.3435688177751416e-14,0.019065717645028527,0.008373679035848774,-0.15020394023878267,-5.438042676740696e-14,-0.07675095961137621,-0.015193082934187009,-0.4074090208734694,-2.8059741152755037e-14
0.04583333333333333,1,56,-0.022798023981066118,-2.20034904750661e-14,0.009511218671015348,0.012310849930663293,-0.14931594890915906,-1.625230704473184e-14,0.010192875039909677,0.010129112925529692,-0.3370685071504544,-6.578058238289401e-14,-0.17074860525841656,-0.018378116962506595,0.009257645793197242,-3.394210425078459e-14
0.05,1,56,-0.029874235451375096,-2.6177370409598388e-14,0.014333649661715728,0.014646116217658123,-0.2699462258569997,-1.933523510747413e-14,0.027957352182596214,0.01205052176938509,-0.08358422543690375,-7.825861413885269e-14,-0.07983758903390986,-0.021864293563042664,-0.4074090208734694,-4.038064035616708e-14
0.05416666666666667,1,56,-0.05594148436555998,-3.0711082866842295e-14,0.014759208724759549,0.017182707116868208,-0.26240232884243847,-2.268394412212569e-14,0.024120172558858833,0.014137576343901012,-0.2777680897540964,-9.181238398877873e-14,-0.14537998673131303,-0.025651015397381603,0.009257645793197242,-4.7374246258886526e-14
0.058333333333333334,1,56,-0.0573554579180731,-3.560385101850772e-14,0.016681823602686423,0.01992018799650128,-0.3607675031652335,-2.6297860304635942e-14,0.03363701405830016,0.016389919043020226,-0.060851612121523756,-1.0643956956398281e-13,-0.0825757669804876,-0.029737633630231054,-0.4074090208734694,-5.4921723640574423e-14
0.0625,1,56,-0.09794654392237691,-4.0854836513960125e-14,0.016183192876364237,0.022858089803301323,-0.30110492525592913,-3.017636442907166e-14,0.02605815702569781,0.018807163939416425,-0.3092198281698021,-1.2213766457151825e-13,-0.17533378578728606,-0.034123448040594966,0.009257645793197242,-6.302177927983627e-14
0.06666666666666667,1,56,-0.11064080707692343,-4.646313962386663e-14,0.019465298214629976,0.025995909142917883,-0.3534265224055661,-3.431879193371742e-14,0.04002673609672216,0.021388896850620443,-0.13354926635898182,-1.3890397922361833e-13,-0.10011000575627904,-0.03880770714175203,-0.4074090208734694,-7.167302527383686e-14
0.07083333333333333,1,56,-0.13702412343036663,-5.242779939436155e-14,0.01996894125946373,0.029333108366160984,-0.29144320462366846,-3.872443303494602e-14,0.03599275281287502,0.024134675409989016,-0.37297983691816,-1.567356406985824e-13,-0.1907521113695255,-0.043789608310020385,0.009257645793197242,-8.087397927611279e-14
0.075,1,56,-0.13303787662565028,-5.874779381169888e-14,0.021854861299679125,0.032869115661123396,-0.3551303290993153,-4.339253284883471e-14,0.04548623209993892,0.027044029142501074,-0.15681459197198885,-1.7562959363301288e-13,-0.12990508106346896,-0.04906829792228134,-0.4074090208734694,-9.062306475056163e-14
0.07916666666666666,1,56,-0.16131376850723167,-6.542203997737066e-14,0.021357094427759106,0.03660332515115856,-0.2831498820563079,-4.8322291520511813e-14,0.038150084605431574,0.030116459545371954,-0.3637452150388474,-1.9558260064534088e-13,-0.24078948359863608,-0.05464287150224461,0.009257645793197242,-1.009186112415758e-13
0.08333333333333333,1,56,-0.15794043625545748,-7.244939429365572e-14,0.024726142976242402,0.04053509699869424,-0.3302876175419014,-5.3512864361207606e-14,0.05127610107640216,0.03335144017346915,-0.14266639313075166,-2.165912428905339e-13,-0.19613817124839528,-0.060512373875425456,-0.4074090208734694,-1.1175885466026605e-13
0.0875,1,56,-0.183406230521575,-7.982865265956893e-14,0.02615190359788994,0.04466375751486519,-0.24792981888972773,-5.896336199298696e-14,0.04992187226035152,0.03674841672951576,-0.337183318549959,-2.3865192064589604e-13,-0.2941573172442414,-0.06667579933280851,0.009257645793197242,-1.2314193758672833e-13
0.09166666666666666,1,56,-0.1742085781123643,-8.755855067717758e-14,0.029511226831781156,0.048988599274946254,-0.29374350440493235,-6.467285050113978e-14,0.06322706616813512,0.0403068071590665,-0.10537628246380859,-2.6176085392786196e-13,-0.22214819662381793,-0.0731320918031709,-0.4074090208734694,-1.3506590958830313e-13
0.09583333333333333,1,56,-0.20790649892715496,-9.563776386825011e-14,0.03129325946516781,0.05350888123956626,-0.194560220433649,-7.06403515942028e-14,0.062252320948100535,0.044026001750239976,-0.30224807568519724,-2.859140831396793e-13,-0.308922208788949,-0.079880145034035,0.009257645793197242,-1.4752872755377295e-13
0.1,1,56,-0.20322831047617576,-1.0406490790119823e-13,0.034880189267801,0.05822382888168108,-0.22668070996421374,-7.686484277158455e-14,0.07533730412292951,0.047905363238189475,-0.08629155608012255,-3.1110746974986393e-13,-0.2370072486764883,-0.08691880278121883,-0.4074090208734694,-1.605282560434383e-13
0.10416666666666667,1,56,-0.2169929046759668,-1.1283853882827458e-13,0.036263044278748324,0.06313263431928468,-0.1482351079181028,-8.334525749876532e-14,0.07140774046408936,0.05194422691429491,-0.28519189787013555,-3.3733669700131525e-13,-0.3352352873683111,-0.09424685900695227,0.009257645793197242,-1.7406226765501372e-13
0.10833333333333334,1,56,-0.19150501279306031,-1.2195715333298697e-13,0.039437449896030985,0.06823445645383609,-0.20344343800741801,-9.008048539004314e-14,0.08153391463541551,0.05614190074005764,-0.07073401019774823,-3.6459727065097315e-13,-0.2812453491746005,-0.10186305808652625,-0.4074090208734694,-1.8812844340528337e-13
0.1125,1,56,-0.20081002435564713,-1.3141918898768266e-13,0.041231524654541864,0.07352842111437681,-0.1296905773989289,-9.706937239879181e-14,0.0778435874837162,0.0604976654656773,-0.2803726444437691,-3.928845197398803e-13,-0.3681969701499464,-0.10976609502343673,0.009257645793197242,-2.0272437312744522e-13
0.11666666666666667,1,56,-0.1723668599671111,-1.4122302452126294e-13,0.044855846542352334,0.07901362120731564,-0.19006606096135986,-1.043107210152013e-13,0.08886033235494997,0.06501077475329167,-0.07590906453166872,-4.2219359739352854e-13,-0.28241921007399545,-0.11795461567298951,-0.4074090208734694,-2.178475558840814e-13
0.12083333333333333,1,56,-0.17944844681944924,-1.5136698009697928e-13,0.04696466200264035,0.08468911687185447,-0.1270281792174008,-1.1180329047146464e-13,0.08541644311071006,0.06968045530485784,-0.27473907953564014,-4.5251948165234504e-13,-0.3538711499768727,-0.1264272169743258,0.009257645793197242,-2.3349540039568075e-13
0.125,1,56,-0.15211153718468062,-1.6184931760026517e-13,0.05080627576377126,0.0905539356410288,-0.19185591819486258,-1.1954579695437746e-13,0.09603429199538738,0.07450590699465291,-0.06306386122805847,-4.838569763321806e-13,-0.26556639345398897,-0.13518244719082984,-0.4074090208734694,-2.4966522548464176e-13
0.12916666666666665,1,56,-0.15971580433381372,-1.7266824093655245e-13,0.05356028236923188,0.0966070726083346,-0.1303649224975763,-1.2753691382531234e-13,0.09251729439474166,0.07948630300637129,-0.2740330287555305,-5.162007119146471e-13,-0.34549416891582185,-0.1442188061588759,0.009257645793197242,-2.6635426053467764e-13
0.13333333333333333,1,56,-0.13508907303372417,-1.8382189633902367e-13,0.05792545981577574,0.1028474905999143,-0.19294928696966052,-1.3577527184753196e-13,0.10274701450292494,0.0846207899747956,-0.07239832728518845,-5.495451464671594e-13,-0.27427788659741237,-0.1535347455448743,-0.4074090208734694,-2.835596459655484e-13
0.1375,1,56,-0.14333385665336268,-1.953083726862446e-13,0.06153788297393647,0.1092741203522707,-0.1336563821024061,-1.4425945942080033e-13,0.09948733059816652,0.08990848813201613,-0.2894713539771014,-5.838845665925139e-13,-0.37767887011346213,-0.16312866911056978,0.009257645793197242,-3.012784337230336e-13
0.14166666666666666,1,56,-0.12277586597617939,-2.0712570182962556e-13,0.06662664727495611,0.11588586069548003,-0.1939051591592965,-1.5298802282325332e-13,0.10944330643544903,0.09534849145817473,-0.09598784938153823,-6.192130884078514e-13,-0.3365352876631769,-0.17299893298654878,-0.4074090208734694,-3.1950758778406746e-13
0.14583333333333334,1,56,-0.1345543388817522,-2.1927185893065409e-13,0.0710490890291954,0.12268157874187208,-0.1389521845436336,-1.619594664604871e-13,0.10672767114902908,0.1009398678367069,-0.2949168516247123,-6.555246585528322e-13,-0.4738444286959665,-0.18314384595390884,0.009257645793197242,-3.3824398467694633e-13
0.15,1,56,-0.12139275927562462,-2.3174476280783887e-13,0.07767595931900041,0.12966011008014372,-0.1960996101333969,-1.7117225312181904e-13,0.11958171029282942,0.10668165921405437,-0.0991383730427273,-6.928130552268425e-13,-0.4370365988966824,-0.19356166973403868,-0.4074090208734694,-3.574844140165168e-13
0.15416666666666667,1,56,-0.1378182348953224,-2.4454227629331177e-13,0.08309815329321951,0.13682025897487599,-0.14124770068628456,-1.8062480424368268e-13,0.12048809967832733,0.11257288176382371,-0.2798368079286397,-7.31071889255075e-13,-0.5548887952115391,-0.2042506192864651,0.009257645793197242,-3.772255790542624e-13
0.15833333333333333,1,56,-0.130536851154113,-2.576622065990186e-13,0.0912022946714006,0.14416079857141623,-0.19467024627729987,-1.9031550018010502e-13,0.13812648850503348,0.118612526055359,-0.08273679898144443,-7.702946051832752e-13,-0.48114740321457694,-0.21520886311470896,-0.4074090208734694,-3.9746409724318135e-13
0.1625,1,56,-0.14899750932070113,-2.7110230569244305e-13,0.09814581293572158,0.15168047110609367,-0.14219903577657747,-2.0024268048022506e-13,0.1445980483060622,0.12479955722670301,-0.250650514588136,-8.104744824009877e-13,-0.5474534874851272,-0.22643452358010338,0.009257645793197242,-4.1819650081737e-13
0.16666666666666666,1,56,-0.14694251453950516,-2.8486027068179536e-13,0.1058033298564296,0.15937798812173107,-0.18594441023738598,-2.1040464417280385e-13,0.1622099135732734,0.13113291516191555,-0.06459150427800617,-8.516046362930985e-13,-0.4486595199795464,-0.2379256772235177,-0.4074090208734694,-4.39419237386207e-13
0.17083333333333334,1,56,-0.15126839414090132,-2.9893374421060087e-13,0.11220389769180054,0.16725203068841463,-0.13984727532697547,-2.2079965005767656e-13,0.16672518891183574,0.13761151467271868,-0.26144449304328693,-8.936780194194767e-13,-0.5077508844623027,-0.24968035509493172,0.009257645793197242,-4.611286705430362e-13
0.175,1,56,-0.1527296095388224,-3.133203148616206e-13,0.11991719620097897,0.17530124962948615,-0.1730315047274175,-2.3142591700409827e-13,0.1828704217837375,0.14423424568443793,-0.0957471626455954,-9.366874227225172e-13,-0.44839001378982957,-0.26169654309080514,-0.4074090208734694,-4.83321080488246e-13
0.17916666666666667,1,56,-0.15726094533669838,-3.2801751757003603e-13,0.12594832237561085,0.18352426575271769,-0.13102580786303672,-2.4228162425593214e-13,0.18465293219664783,0.15099997342620858,-0.28890933416946224,-9.806254767623778e-13,-0.5514801525526619,-0.2739721822991847,0.009257645793197242,-5.059926646666399e-13
0.18333333333333332,1,56,-0.16154187273574164,-3.4302283404582443e-13,0.1335081727027342,0.19191967008662875,-0.1688161553611405,-2.533649117436258e-13,0.19954732982621504,0.15790753862541207,-0.10793034593534576,-1.0254846529796926e-12,-0.5044770186238904,-0.2865051693524871,-0.4074090208734694,-5.291395384189825e-13
0.1875,1,56,-0.16603724726631613,-3.583336932052552e-13,0.13951915761243455,0.20048602412190628,-0.1334762310214919,-2.646738804029251e-13,0.2005420439581791,0.1649557577063117,-0.2795828028110093,-1.0712572649855518e-12,-0.6299877179519504,-0.29929335678790076,0.009257645793197242,-5.527577356476163e-13
0.19166666666666665,1,56,-0.17143292793421977,-3.739474716114317e-13,0.14709425434203555,0.209221860057886,-0.1732962948038312,-2.7620659250026893e-13,0.21416973319916185,0.1721434229928523,-0.09427686158918573,-1.1179354698785262e-12,-0.6137673872078242,-0.31233455341534216,-0.4074090208734694,-5.768432094960332e-13
0.19583333333333333,1,56,-0.1752215778522649,-3.8986149392380433e-13,0.15381923772998662,0.2181256810540527,-0.14176740242256766,-2.8796107196481017e-13,0.21722013922537786,0.1794693029155893,-0.24252987237160398,-1.1655112695885084e-12,-0.7400551779661,-0.3256265246929058,0.009257645793197242,-6.013918330422818e-13
0.2,1,56,-0.181029797665329,-4.060730333565752e-13,0.16231738517798946,0.22719596148651544,-0.1771956527686452,-2.9993530472700464e-13,0.23498005164322802,0.18693214222271157,-0.0719331574578786,-1.2139765122471376e-12,-0.671606556708004,-0.3391669931097403,-0.4074090208734694,-6.263994000060937e-13
0.20416666666666666,1,56,-0.1824555323365841,-4.2257931214591996e-13,0.16994703308565037,0.23643114720941621,-0.14191357625599754,-3.1212723906371217e-13,0.24221001566494724,0.19453066219512274,-0.23171881322171975,-1.2633228935845853e-12,-0.7348762316494444,-0.3529536385762891,0.009257645793197242,-6.518616254696094e-13
0.20833333333333334,1,56,-0.18695171904666136,-4.393775020259425e-13,0.17525190422674689,0.24582965582122424,-0.17185347922725971,-3.2453478594974834e-13,0.2505426837488408,0.20226356086554276,-0.07505023372081893,-1.3135419583524445e-12,-0.6752553768531466,-0.36698409882182526,-0.4074090208734694,-6.777741466115755e-13
0.2125,1,56,-0.18568989438463676,-4.564647247132841e-13,0.1809547355334049,0.25538987693587245,-0.138506070191984,-3.3715581941582845e-13,0.25078829216872495,0.21012951324159349,-0.22972853209247796,-1.3646251017724956e-12,-0.755919071892589,-0.38125596979921467,0.009257645793197242,-7.041325234548921e-13
0.21666666666666667,1,56,-0.18942737485793504,-4.73838052400303e-13,0.189129818941084,0.26511017245868923,-0.16481276603988884,-3.4998817691284155e-13,0.26600106853565925,0.2181271715328295,-0.07438024987933267,-1.4165635710110914e-12,-0.6776964154307785,-0.39576680609683745,-0.4074090208734694,-7.309322396273811e-13
0.22083333333333333,1,56,-0.18615226157516615,-4.914945082567372e-13,0.19619915799951906,0.27498887686707646,-0.1304654731151365,-3.6302965968239107e-13,0.2692052682413278,0.2262551653816743,-0.22730806320301924,-1.4693484666789053e-12,-0.7595724224899268,-0.41051412135759535,0.009257645793197242,-7.581687031356403e-13
0.225,1,56,-0.18886527409666387,-5.094310669397724e-13,0.2044977637517715,0.2850242974958901,-0.15486613705601784,-3.76278033133543e-13,0.2844253534559471,0.23451210209822534,-0.07075071355767946,-1.5229707443558051e-12,-0.6973276046932169,-0.4254953887049385,-0.4074090208734694,-7.858372471518627e-13
0.22916666666666666,1,56,-0.1821395766411428,-5.276446551124151e-13,0.21134834490255758,0.29521471482746736,-0.12010502868216674,-3.8973102722570865e-13,0.2859630579663848,0.24289656689888267,-0.23143988135556126,-1.5774212161405564e-12,-0.8072221589509189,-0.44070804117583023,0.009257645793197242,-8.139331308134681e-13
0.23333333333333334,1,56,-0.19115616778734487,-5.461321519700967e-13,0.2193605878900925,0.3055583827862594,-0.1406833292407866,-4.033863368576071e-13,0.2992820413673237,0.25140712314876645,-0.08225426540392498,-1.6326905522251333e-12,-0.7823114748646048,-0.4561494721605851,-0.4074090208734694,-8.424515400354301e-13
0.2375,1,56,-0.18304294716955763,-5.648903897754038e-13,0.2262156241633738,0.31605352903801043,-0.10717402595471141,-4.1724162226223016e-13,0.30116641362207214,0.2600423126078754,-0.223612895569322,-1.6887692824933232e-12,-0.8990873887125266,-0.47181703584949614,0.009257645793197242,-8.713875883351409e-13
0.24166666666666667,1,56,-0.1909912403946415,-5.83916154400856e-13,0.23509332459872334,0.3266983552934394,-0.12849862791588126,-4.3129450940775103e-13,0.3170403103268237,0.2688006556809498,-0.07179983772135501,-1.7456477981433886e-12,-0.859194179662068,-0.48770804768618203,-0.4074090208734694,-9.007363176696875e-13
0.24583333333333332,1,56,-0.18048463490549352,-6.032061858796302e-13,0.24319371712862606,0.33749103761636734,-0.09467122730602927,-4.45542590404302e-13,0.32330556457478293,0.2776806516709923,-0.20643714707812585,-1.8033163533344852e-12,-0.9430833042934202,-0.5038197848275722,0.009257645793197242,-9.304926992853868e-13
0.25,1,56,-0.1855063065588331,-6.227571789641376e-13,0.2536212634350723,0.3484297267362391,-0.11137822616347627,-4.599834239165536e-13,0.3440168864676196,0.28668077903640443,-0.07233087557980289,-1.86176506685656e-12,-0.8592315076214591,-0.5201494866104506,-0.4074090208734694,-9.606516345794348e-13
0.25416666666666665,1,56,-0.17844212309069987,-6.425657836923619e-13,0.262655417844048,0.35951254836498636,-0.07615837991787115,-4.746145355820251e-13,0.35309703845125445,0.2957994956516946,-0.2118386246866068,-1.9209839238234442e-12,-0.9228981345552907,-0.5366943550244823,0.009257645793197242,-9.912079559735274e-13
0.2583333333333333,1,56,-0.1868221690142532,-6.62628605961858e-13,0.2707627153849269,0.37073760351817764,-0.09056141524373185,-4.894334184350536e-13,0.36570851645111163,0.3050352390717143,-0.08144760812076605,-1.9809627773888573e-12,-0.8794265664807107,-0.5534515551916377,-0.4074090208734694,-1.0221564277992983e-12
0.2625,1,56,-0.17705642086406095,-6.829422081113137e-13,0.2773220623984983,0.3821029688403992,-0.05840375682983151,-5.044375333363502e-13,0.3664447240928242,0.3143864267993742,-0.21091971909752819,-2.041691350485012e-12,-0.9889868108482831,-0.5704182158519345,0.009257645793197242,-1.053491747195423e-12
0.26666666666666666,1,56,-0.18352400434534993,-7.035031095095752e-13,0.28665248309508506,0.39360669693481204,-0.073773428479338,-5.196243094080681e-13,0.38178942463652965,0.32385145655679715,-0.08042367406517871,-2.1031592375835405e-12,-0.9532526180377394,-0.5875914298554133,-0.4074090208734694,-1.0852085450162378e-12
0.2708333333333333,1,56,-0.17833586541826954,-7.24307787152036e-13,0.2944452501086259,0.40524681669682855,-0.044819912984010786,-5.349911444743087e-13,0.3865996210716631,0.3334287065598603,-0.18607727726208087,-2.1653559064784253e-12,-1.0491237405989131,-0.6049682546602624,0.009257645793197242,-1.1173013867517147e-12
0.275,1,56,-0.18320206210897755,-7.453526762642851e-13,0.30532598089712704,0.41702133365185134,-0.06085351545440759,-5.505354055069929e-13,0.40639112735663313,0.34311653579607976,-0.05243394913720027,-2.2282707000906427e-12,-0.9846519003466739,-0.6225457128370081,-0.4074090208734694,-1.1497647734586373e-12
0.2791666666666667,1,56,-0.17509908484731943,-7.666341709129116e-13,0.3143685137880688,0.42892823029701505,-0.032551885709588356,-5.662544290770138e-13,0.4143064277680341,0.3529132843057885,-0.15899420594214972,-2.29189283829419e-12,-1.0725486487915192,-0.6403207925786799,0.009257645793197242,-1.182593142702814e-12
0.2833333333333333,1,56,-0.18218260737042075,-7.881486246233653e-13,0.32414221691275935,0.44096546644687645,-0.04679046248486858,-5.821455218106049e-13,0.42954213221829246,0.3628172734665633,-0.03822818504910738,-2.356211419763215e-12,-1.0246501008122744,-0.6582904482168708,-0.4074090208734694,-1.2157808695121762e-12
0.2875,1,56,-0.17058144714487694,-8.098923510047598e-13,0.33153754721130085,0.45313097958298937,-0.017991615093563274,-5.982059608508339e-13,0.43127291359218817,0.3728268062808475,-0.1523442607040974,-2.4212154238398972e-12,-1.1402163666065235,-0.6764516007435956,0.009257645793197242,-1.2493222673405867e-12
0.2916666666666667,1,56,-0.17452501730375036,-8.31861624381517e-13,0.34266179155287585,0.4654226852073063,-0.030034698758878087,-6.144329943241509e-13,0.44933465594194477,0.38294016766672273,-0.04725823947017914,-2.4868937124227792e-12,-1.0893747608210893,-0.6948011383388625,-0.4074090208734694,-1.283211589042199e-12
0.29583333333333334,1,56,-0.16532315053068525,-8.540526804317412e-13,0.35176282730850605,0.4778384771993461,-0.002274171161587092,-6.308238418119069e-13,0.45608375491376996,0.3931556247517789,-0.15276251185347842,-2.5532350318752244e-12,-1.1816115624418493,-0.7133359169038681,0.009257645793197242,-1.3174430278562016e-12
0.3,1,56,-0.17152711898512427,-8.764617168322185e-13,0.3622326030336487,0.4903762281770676,-0.014881840725060233,-6.473756948267652e-13,0.4708832161405358,0.403471427170034,-0.04788935658869633,-2.620228014953671e-12,-1.134864180876565,-0.7320527605997228,-0.4074090208734694,-1.3520107184017782e-12
0.30416666666666664,1,56,-0.16436163797599287,-8.990848939099233e-13,0.3707546570313559,0.5030337898613852,0.011098159820541926,-6.640857172939208e-13,0.4754355302585255,0.4138858073618494,-0.14295411704479746,-2.687861182755349e-12,-1.2117139189377535,-0.7509484623916136,0.009257645793197242,-1.386908737683108e-12
0.30833333333333335,1,56,-0.17218170094645202,-9.219183352999286e-13,0.38274918424195226,0.5158089934442662,-0.0017714795482484827,-6.809510460370478e-13,0.49356090682747567,0.4243969808767929,-0.03558073543904293,-2.7561229466851333e-12,-1.1618787029076425,-0.7700197845983142,-0.4074090208734694,-1.4221311061042443e-12
0.3125,1,56,-0.16214006629382327,-9.44958128609598e-13,0.3925628501084842,0.5286996499603428,0.024057707068658805,-6.979687912688884e-13,0.5008824824700566,0.43500314667939405,-0.1267687768233789,-2.825001610441185e-12,-1.251042181961092,-0.7892634594469435,0.009257645793197242,-1.4576717884936814e-12
0.31666666666666665,1,56,-0.16725702728906647,-9.68200326088958e-13,0.40424765266377594,0.5417035506619828,0.011897144658093089,-7.151360370864053e-13,0.5167923424644179,0.4457024874577435,-0.021654203460517153,-2.89448537201906e-12,-1.1994738364644586,-0.8086761896328833,-0.4074090208734694,-1.4935246951384574e-12
0.3208333333333333,1,56,-0.15834491079215585,-9.91640945307121e-13,0.41324731194528236,0.554818467397745,0.037306915821081615,-7.324498419704044e-13,0.5202784238788846,0.4564931699348791,-0.11237476950176918,-2.964562325733913e-12,-1.3031441759531557,-0.8282546488847528,0.009257645793197242,-1.5296836828275886e-12
0.325,1,56,-0.1637644766312262,-1.0152759698346571e-12,0.42627429829727137,0.5680421529941626,0.026970283306659293,-7.49907239289551e-13,0.5381413990705659,0.4673733451829091,-0.02538223343388298,-3.0352204642604842e-12,-1.2732617482635824,-0.8479954825343498,-0.4074090208734694,-1.5661425559046827e-12
0.32916666666666666,1,56,-0.15631029785789252,-1.039101349931787e-12,0.43705797903643295,0.5813723416407844,0.050419042440147804,-7.675052378086852e-13,0.5460364648401156,0.47834114893981594,-0.102791143378901,-3.106447680690486e-12,-1.3734107368231283,-0.8678953080914544,0.009257645793197242,-1.6028950673295283e-12
0.3333333333333333,1,56,-0.16294727156380986,-1.0631130032422837e-12,0.45024385418656826,0.5948067492784095,0.039531789004945826,-7.85240822201355e-13,0.5626993084796243,0.4893947019288882,-0.015132546660694033,-3.178231770607059e-12,-1.329654107502669,-0.8879507158234015,-0.4074090208734694,-1.6399349197484943e-12
0.3375,1,56,-0.15225659566337946,-1.0873068154929656e-12,0.46155972550495017,0.6083430739904502,0.06419208487390603,-8.031109535664787e-13,0.571298584750982,0.5005321101807253,-0.09506779613865188,-3.2505604341759457e-12,-1.399583737213289,-0.9081582693393226,0.009257645793197242,-1.6772557665735521e-12
0.3416666666666667,1,56,-0.15572514628297093,-1.1116786411986535e-12,0.4749411786779264,0.621978996397352,0.055161426903881025,-8.21112569949042e-13,0.5869202131708451,0.5117514653577588,-0.0145925830416828,-3.3234212782529907e-12,-1.348637709497008,-0.928514506178951,-0.4074090208734694,-1.7148512130697253e-12
0.3458333333333333,1,56,-0.1464125066195441,-1.1362243043724782e-12,0.4858708814557067,0.6357121800540081,0.0788096166934494,-8.392425868647501e-13,0.5927652689329383,0.5230508450812361,-0.09005862724822754,-3.3968018185076477e-12,-1.4290690229330631,-0.9490159384058982,0.009257645793197242,-1.7527148174507982e-12
0.35,1,56,-0.15042036666556802,-1.1609395992414179e-12,0.5017033183648484,0.6495402718500981,0.06928965018887612,-8.574978978285386e-13,0.6139169238726081,0.5344283132606115,-0.00967140484575951,-3.470689481562112e-12,-1.3622527253397652,-0.9696590532052943,-0.4074090208734694,-1.7908400919830838e-12
0.3541666666666667,1,56,-0.14211262367151586,-1.1858202909669305e-12,0.5144886643703539,0.6634609024132798,0.09136322941741627,-8.758753748868523e-13,0.623654303478979,0.5458819204252835,-0.08054079714109412,-3.545071607145692e-12,-1.4463549960608464,-0.9904403134856894,0.009257645793197242,-1.82922050409706e-12
0.35833333333333334,1,56,-0.1472185047711099,-1.210862116370575e-12,0.5298020459379861,0.6774716865151696,0.08142714823716035,-8.943718691536045e-13,0.6408067020760442,0.5574097040586278,-7.831509018908705e-05,-3.6199354502640885e-12,-1.4051950200246388,-1.0113561584851163,-0.4074090208734694,-1.8678494775066934e-12
0.3625,1,56,-0.14024480738451162,-1.2360607846644846e-12,0.5419337780194151,0.6915702234800396,0.1019805906417136,-9.129842113497232e-13,0.6465846074903899,0.5690096889342641,-0.06151756677205234,-3.695268183383185e-12,-1.5245849367544204,-1.0324030043812098,0.009257645793197242,-1.906720393336253e-12
0.36666666666666664,1,56,-0.1450127227668062,-1.2614119781865696e-12,0.5593449649326206,0.70575409759616,0.09277544480262846,-9.317092123461893e-13,0.6677968091219435,0.5806798874545007,0.006755538676850066,-3.7710568986269744e-12,-1.4883739691343763,-1.0535772449052747,-0.4074090208734694,-1.9458265912544198e-12
0.37083333333333335,1,56,-0.13821255475115152,-1.2869113531403298e-12,0.5736453832360564,0.7200208785297206,0.11229083337729051,-9.505436637104793e-13,0.6786407518474524,0.5924182999909,-0.04691858382222918,-3.8472886099892636e-12,-1.5931213859099909,-1.0748752519602032,0.009257645793197242,-1.9851613706155005e-12
0.375,1,56,-0.14330091576535706,-1.3125545403391356e-12,0.5908876573001864,0.7343681217412528,0.10334380986306482,-9.694843382563108e-13,0.6968245396120232,0.6042229152269025,0.017962869700586043,-3.923950255558747e-12,-1.568188656308119,-1.0962933762421276,-0.4074090208734694,-2.0247179916075454e-12
0.37916666666666665,1,56,-0.13706116994846995,-1.3383371459548736e-12,0.6054533167532238,0.7487933689044928,0.12170382621131735,-9.88527990596608e-13,0.7067151068939557,0.6160917105024585,-0.021633483663068265,-4.001028699757115e-12,-1.6630186585478828,-1.117827947865714,0.009257645793197242,-2.0644896764071865e-12
0.3833333333333333,1,56,-0.13881597915263055,-1.3642547522708007e-12,0.6233678164518593,0.7632941483276008,0.11603724991721069,-1.0076713576995796e-12,0.7250415622014866,0.6280226521605983,0.030913154787474733,-4.078510735589757e-12,-1.613135744365272,-1.139475276992975,-0.4074090208734694,-2.10446961034098e-12
0.3875,1,56,-0.1312725716332112,-1.3903029184384988e-12,0.6383974221024143,0.7778679753766725,0.13158847513167787,-1.0269111594478225e-12,0.7340514750454988,0.6400136958958892,-0.011445585759278749,-4.1563830869087095e-12,-1.7033152432652154,-1.1612316544655052,0.009257645793197242,-2.1446509430530625e-12
0.39166666666666666,1,56,-0.1343933314040069,-1.4164771812387909e-12,0.6565007868124525,0.7925123529014694,0.1221333830262428,-1.046244099200354e-12,0.7496298914504396,0.6520627871047172,0.036656289177750254,-4.234632410687462e-12,-1.6669467737835486,-1.1830933524400267,-0.4074090208734694,-2.1850267896789272e-12
0.3958333333333333,1,56,-0.12682171300545164,-1.4427730558464914e-12,0.6717698886849811,0.8072247716632918,0.13873215092387345,-1.065666864357473e-12,0.757273598486896,0.6641678612373325,-0.005859007271164709,-4.313245299307211e-12,-1.7500451766844445,-1.2050566250271355,0.009257645793197242,-2.22559023202511e-12
0.4,1,56,-0.12965148608767874,-1.469186036598859e-12,0.690585942667319,0.822002710764925,0.13038655973642124,-1.0851761269283598e-12,0.7724399306164013,0.6763268441515998,0.03668343475142114,-4.3922082828541976e-12,-1.6911720734582403,-1.227117708933142,-0.4074090208734694,-2.2663343197545886e-12
0.4041666666666667,1,56,-0.12225593536304295,-1.4957115977676156e-12,0.7061315484971549,0.836843638082581,0.1475952794806275,-1.1047685441013063e-12,0.7786341549374212,0.6885376524683914,-0.004903342093359351,-4.47150783142769e-12,-1.7721028411356594,-1.2492728241048892,0.009257645793197242,-2.3072520715776794e-12
0.4083333333333333,1,56,-0.12463830107980066,-1.522345194334408e-12,0.7265733831983527,0.8517450106997647,0.1399815025150307,-1.1244407588164913e-12,0.7963944966816547,0.7007981939285631,0.03588668604770672,-4.5511303574582744e-12,-1.7233744618275668,-1.2715181743774466,-0.4074090208734694,-2.3483364764482523e-12
0.4125,1,56,-0.11721269450127979,-1.5490822627695763e-12,0.7441004998674804,0.8667042753429912,0.1569669198664058,-1.1441894003411971e-12,0.8066160829014094,0.7131063677514538,0.00038608539770120523,-4.631062218036016e-12,-1.7948362949449193,-1.2938499481245656,0.009257645793197242,-2.3895804947650375e-12
0.4166666666666667,1,56,-0.11959798576433259,-1.5759182218140858e-12,0.7647256617790787,0.8817188688192743,0.15007482711952697,-1.1640110848473645e-12,0.8222974277703269,0.7254600649948413,0.04194743796823715,-4.7112897172480935e-12,-1.7588294095760755,-1.3162643189117782,-0.4074090208734694,-2.4309770595778206e-12
0.42083333333333334,1,56,-0.11259953418200933,-1.6028484732645061e-12,0.782109013668299,0.8967862184553168,0.1671721552564962,-1.183902415991395e-12,0.829753309141776,0.7378571689162998,0.014610192437134684,-4.791799108525529e-12,-1.856194018652103,-1.3387574461520393,0.009257645793197242,-2.47251907779833e-12
0.425,1,56,-0.11509606583477087,-1.6298684027608889e-12,0.8028342891330272,0.9119037425383257,0.16070560256860184,-1.203859985496099e-12,0.8429457658957461,0.7502955553358931,0.05701039518553233,-4.8725765969985916e-12,-1.8245676518263672,-1.3613254757637918,-0.4074090208734694,-2.5141994314156044e-12
0.42916666666666664,1,56,-0.11039023019931171,-1.6569733805774136e-12,0.821045053020814,0.9270688507583748,0.17164657670713349,-1.2238803737346827e-12,0.8497213233068495,0.762773093000141,0.0511585116027398,-4.953608341860474e-12,-1.9074149039394317,-1.383964540831342,0.009257645793197242,-2.556010978715621e-12
0.43333333333333335,1,56,-0.10965456590157259,-1.6841587624156694e-12,0.8421004163151079,0.942278944652241,0.16922710028008187,-1.2439601503166882e-12,0.8607359897312264,0.7752876439471997,0.023202311810333023,-5.034880458738851e-12,-1.8799168133734019,-1.4066707622674373,-0.4074090208734694,-2.597946555504998e-12
0.4375,1,56,-0.10875583267243641,-1.711419890200427e-12,0.8611713320728716,0.9575314180486364,0.16845192422778701,-1.2640958746757669e-12,0.8673969487487715,0.7878370638731886,0.11486348600280577,-5.116379022074878e-12,-1.978908454182718,-1.4294402494779253,0.009257645793197242,-2.639998976338535e-12
0.44166666666666665,1,56,-0.1061310408791773,-1.738752092877782e-12,0.8823934110021978,0.972823657514765,0.16897226314820307,-1.2842840966592102e-12,0.876762396951861,0.8004192024996086,0.07749072900201144,-5.198090067509286e-12,-1.9450797104279276,-1.4522691010283908,-0.4074090208734694,-2.6821610357504094e-12
0.4458333333333333,1,56,-0.10267842552523128,-1.766150687215513e-12,0.9017761591677604,0.9881530428041194,0.17270947176037735,-1.304521357119111e-12,0.8824936857294843,0.8130319039417795,0.15332507148056324,-5.279999594275094e-12,-2.021849725080049,-1.4751534053126445,0.009257645793197242,-2.724425509488794e-12
0.45,1,56,-0.09684228074056245,-1.7936109786055278e-12,0.9249907883232805,1.0035169473054457,0.1782866392164102,-1.3248041885050702e-12,0.8960682633443627,0.8256730070782388,0.0869110785377397,-5.362093567596557e-12,-1.9501471580703496,-1.4980892412229554,-0.4074090208734694,-2.7667851557536896e-12
0.45416666666666666,1,56,-0.09056696277118473,-1.8211282618682628e-12,0.9461847552439413,1.0189127384928012,0.18676855441136328,-1.3451291154583467e-12,0.9056979476134699,0.8383403459210409,0.13968089708157483,-5.4443579210939696e-12,-2.0115208261096953,-1.5210726788219144,0.009257645793197242,-2.809232716437778e-12
0.4583333333333333,1,56,-0.08473250172481989,-1.8486978220588902e-12,0.969539590041474,1.0343377783766237,0.19080358833190655,-1.3654926554073394e-12,0.9168143006415326,0.8510317499868866,0.06036079237201234,-5.526778559193856e-12,-1.9798024478076537,-1.5440997800158078,-0.4074090208734694,-2.8517609183700554e-12
0.46249999999999997,1,56,-0.0791189842319797,-1.8763149352752e-12,0.9907925207117166,1.0497894239557375,0.1963000487383576,-1.3858913191643105e-12,0.923873513230328,0.863745044669025,0.1183629396299975,-5.609341359544181e-12,-2.088062483733155,-1.56716659922939,0.009257645793197242,-2.894362474562057e-12
0.4666666666666667,1,56,-0.07276148904242684,-1.9039748694670163e-12,1.0140247425991746,1.065265027670218,0.2017564794134803,-1.4063216115232378e-12,0.932427480977576,0.8764780516098606,0.040176979589318075,-5.692032175434142e-12,-2.077242896390042,-1.5902691840819374,-0.4074090208734694,-2.937030085456444e-12
0.4708333333333333,1,56,-0.06651970652532646,-1.9316728852470076e-12,1.0356333384432945,1.0807619378550368,0.2082638274049643,-1.4267800318587002e-12,0.9389022111605198,0.8892285890742032,0.1194732310668048,-5.774836838218124e-12,-2.184571872365338,-1.613403576064467,0.009257645793197242,-2.9797564401777405e-12
0.475,1,56,-0.059133600488152596,-1.9594042367027614e-12,1.0608304084915983,1.096277499194413,0.2147849836215264,-1.4472630747256947e-12,0.9516800649333381,0.9019944723230989,0.048977735488659725,-5.857741159743445e-12,-2.152097060584035,-1.6365658112180097,-0.4074090208734694,-3.0225342177850234e-12
0.4791666666666667,1,56,-0.05325192265623073,-1.987164172209967e-12,1.0856361065231597,1.111809053176785,0.21966029531126896,-1.4677672304602725e-12,0.9651880527703761,0.9147735139881717,0.1548548263246358,-5.940730934781401e-12,-2.152097060584035,-1.6597519208128115,0.009257645793197242,-3.0653560885263194e-12
0.48333333333333334,1,56,-0.04695804788436887,-2.014947935246582e-12,1.1108112334052684,1.127353938550334,0.22512039055396554,-1.4882889857809035e-12,0.9754072935776961,0.9275635244464188,0.09589165212386751,-6.023791943461269e-12,-2.152097060584035,-1.6829579320283548,-0.40740678638668004,-3.1082147150945235e-12
0.4875,1,56,-0.04029027589915974,-2.042750765207843e-12,1.1355914641398803,1.1429094917789773,0.23203220740966665,-1.5088248243904608e-12,0.9866244852854396,0.9403623121953916,0.19743576911742836,-6.106909953706816e-12,-2.152097060584035,-1.7061798686340837,0.009259880279986619,-3.1511027538846116e-12
0.49166666666666664,1,56,-0.035954138121959675,-2.0705678982219653e-12,1.1613752027550845,1.158473047498749,0.23279853319952204,-1.5293712275787169e-12,0.9945651969285805,0.9531676842286975,0.13200424429787364,-6.1900707236748766e-12,-2.152097060584035,-1.7294137516707069,-0.407377380281218,-3.194012856251924e-12
0.49583333333333335,1,56,-0.030994142655362284,-2.0983945679664103e-12,1.1867141915313981,1.1740419389744983,0.2359418183280922,-1.5499246748252591e-12,1.0033524036407264,0.965977446411761,0.2170108722887533,-6.2732600041956316e-12,-2.152097060584035,-1.7526556001319753,0.009289286385448656,-3.2369376697713235e-12
0.5,1,56,-0.025638042269554105,-2.1262260064845673e-12,1.212552931372003,1.189613498556819,0.23918633502271858,-1.5704816444027103e-12,1.0091948684764813,0.9787894038577765,0.1303668635875588,-6.356463541214119e-12,-2.152097060584035,-1.7759014316468031,-0.40731552391785986,-3.279869839496989e-12
0.5041666666666667,1,56,-0.019611673713190125,-2.154057445002725e-12,1.2391297649659945,1.2051850581391397,0.244125691842363,-1.5910386139801614e-12,1.0199401461299729,0.991601361303792,0.19863438499504724,-6.4396670782326066e-12,-2.152097060584035,-1.799147263161631,0.009351142748806805,-3.3228020092226546e-12
0.5083333333333333,1,56,-0.013396835940505994,-2.1818841147471698e-12,1.265995804589483,1.2207539496148891,0.24888103163782488,-1.6115920612267037e-12,1.027058058227624,1.0044111234868556,0.09772153139042929,-6.522856358753362e-12,-2.152097060584035,-1.8223891116228996,-0.4072212892489922,-3.365726822742054e-12
0.5125,1,56,-0.007111849417871427,-2.209701247761291e-12,1.2924209808703138,1.2363175053346604,0.25468424431101533,-1.6321384644149593e-12,1.0352385197802647,1.017216495520161,0.1633350199151623,-6.60601712872142e-12,-2.152097060584035,-1.8456229946595224,0.009445377417674459,-3.408636925109366e-12
0.5166666666666666,1,56,-0.001151296430659724,-2.2375040777225527e-12,1.3192385195527059,1.2518730585633038,0.2591562800630139,-1.6526743030245168e-12,1.0400901785060093,1.0300152832691338,0.07132882641376793,-6.689135138966968e-12,-2.152097060584035,-1.8688449312652513,-0.4071026759572853,-3.451524963899454e-12
0.5208333333333334,1,56,0.004795061246985153,-2.265287840759169e-12,1.3470101938355323,1.2674179439368536,0.26317278051230303,-1.6731960583451487e-12,1.0507581137914779,1.0428052937273815,0.15718641310760784,-6.77219614764684e-12,-2.152097060584035,-1.8920509424807954,0.009563990709381385,-3.49438359046766e-12
0.525,1,56,0.01029666920058482,-2.2930477762663737e-12,1.375256113455669,1.282949497919225,0.2654961641386632,-1.6937002140797258e-12,1.0581841356129476,1.055584335392454,0.08330901259807269,-6.855185922684794e-12,-2.152097060584035,-1.9152370520755966,-0.4069551184996581,-3.5372054612089547e-12
0.5291666666666667,1,56,0.015830473617756226,-2.3207791277221274e-12,1.4029793581638885,1.2984650592586011,0.2686955433944207,-1.7141832569467203e-12,1.0663266027406881,1.0683502186413498,0.1726489577588271,-6.938090244210115e-12,-2.152097060584035,-1.9383992872291393,0.009711548167008564,-3.5799832388162375e-12
0.5333333333333333,1,56,0.0210579382912808,-2.348477143502119e-12,1.4309561229379164,1.3139619694434201,0.27074644393769504,-1.734641677282183e-12,1.0705546343754115,1.0811007561056925,0.09118547234101657,-7.020894906994097e-12,-2.152097060584035,-1.961533679211669,-0.406765846193754,-3.6227095935375345e-12
0.5375,1,56,0.02654330601931737,-2.376137077693935e-12,1.4596167592512237,1.3294375731579007,0.2734192422320573,-1.75507196964111e-12,1.0798422342861174,1.093833763046528,0.17530715966988,-7.103585722884057e-12,-2.152097060584035,-1.9846362640642163,0.009900820472912662,-3.6653772044319205e-12
0.5416666666666666,1,56,0.031687403921035216,-2.4037541909102445e-12,1.4885166873169133,1.3448892187370143,0.2747646430986122,-1.7754706333980809e-12,1.0852589033214959,1.1065470577286662,0.08951382443534,-7.1861485232343826e-12,-2.152097060584035,-2.0077030832777982,-0.4065377158843845,-3.707978760623922e-12
0.5458333333333333,1,56,0.03712884982991274,-2.4313237511008723e-12,1.5180544017468074,1.360314258620837,0.276860531013314,-1.795834173347074e-12,1.0957813142642432,1.1192384617945121,0.16984168948403178,-7.26856916133427e-12,-2.152097060584035,-2.030730184471692,0.010128950782282185,-3.7505069625562004e-12
0.55,1,56,0.041813369547527936,-2.4588410343636076e-12,1.547961670604165,1.3757100498081927,0.27645326279150334,-1.8161591003003507e-12,1.1027230315436618,1.1319058006373144,0.0917849037721672,-7.350833514831683e-12,-2.152097060584035,-2.053713622070651,-0.40627309281716584,-3.792954523240289e-12
0.5541666666666667,1,56,0.04648597891842532,-2.4863013257536225e-12,1.577372783221602,1.391073954309519,0.2769463644908659,-1.83644193168631e-12,1.1107582032338363,1.1445469037737737,0.17768044120253348,-7.432927488153146e-12,-2.152097060584035,-2.0766494579809622,0.010393573849500824,-3.835314169505185e-12
0.5583333333333333,1,56,0.05060774856552489,-2.513699920091353e-12,1.6069149175705946,1.406403339598873,0.27560931767067015,-1.85667919214621e-12,1.114570096513646,1.1571596052159443,0.09372018463019567,-7.514837014918953e-12,-2.152097060584035,-2.0995337622652155,-0.4059623229174608,-3.877578643243569e-12
0.5625,1,56,0.05498859115058682,-2.5410321227687083e-12,1.6368504943141562,1.4216955790650019,0.2751517331374353,-1.8768674141296536e-12,1.1229921171794852,1.1697417438423643,0.17551033674151115,-7.596548060353362e-12,-2.152097060584035,-2.1223626138156813,0.010704343749205845,-3.919740702655444e-12
0.5666666666666667,1,56,0.058778232521219775,-2.568293250553466e-12,1.666889054819985,1.4369480524613973,0.27269935107259985,-1.8970031384887328e-12,1.1272498245018967,1.1822911637683535,0.0881206586946999,-7.67804662368939e-12,-2.152097060584035,-2.1451321010261695,-0.4056126862465468,-3.9617931234889805e-12
0.5708333333333333,1,56,0.06285069157798943,-2.5954786323917213e-12,1.6973357122957955,1.4521581463552633,0.2711767353568173,-1.917082915070738e-12,1.1362936001849335,1.1948057147154119,0.16693908607859537,-7.759318740567763e-12,-2.152097060584035,-2.167838322462264,0.011053980420119878,-4.003728700278357e-12
0.575,1,56,0.06591379514750983,-2.6225836102082456e-12,1.7279988362449994,1.467323254575312,0.26649036208036114,-1.9371033033093212e-12,1.1414841318083488,1.2072832523796597,0.08786564112309256,-7.840350485429646e-12,-2.152097060584035,-2.190477387529814,-0.4052299886302648,-4.045540247578373e-12
0.5791666666666666,1,56,0.06922789862071778,-2.649603539704629e-12,1.759073592505999,1.4824407786583214,0.2627174238942237,-1.9570608728140256e-12,1.1515258393675578,1.219721638799253,0.17397540296337882,-7.921127973902709e-12,-2.152097060584035,-2.2130454171415668,0.011436678036401835,-4.087220601195648e-12
0.5833333333333334,1,56,0.07176992222790869,-2.6765337911550497e-12,1.7902495751199068,1.497508128294364,0.25650290256076846,-1.9769522039580564e-12,1.1575777359230643,1.2321187427207119,0.0907086983015913,-8.001637365180145e-12,-2.152097060584035,-2.2355385443818285,-0.40479679645970845,-4.128762619416158e-12
0.5875,1,56,0.07469609761985758,-2.703369750199559e-12,1.8215656940018337,1.512522721770647,0.2518303374741396,-1.9967738884642236e-12,1.1679163920668736,1.2444724399640992,0.172520531156144,-8.081864864392224e-12,-2.152097060584035,-2.257952915169041,0.011869870206958209,-4.170159184228941e-12
0.5916666666666667,1,56,0.07688376745840417,-2.730106818634727e-12,1.8527925341341585,1.5274819864138736,0.2449497772879461,-2.0165225299889297e-12,1.1738123426743612,1.25678061378699,0.08510292419137624,-8.161796724969965e-12,-2.152097060584035,-2.28028468891616,-0.4043188600053824,-4.2114032025457265e-12
0.5958333333333333,1,56,0.08168776425971747,-2.75674041520152e-12,1.8835362360834407,1.5423833590310574,0.24640834763947578,-2.0361947447041146e-12,1.1840793766490332,1.2690411552471617,0.1581524917784367,-8.24141925100055e-12,-2.152097060584035,-2.3025300391887176,0.012347806661284242,-4.2524876074163e-12
0.6,1,56,0.08538635358150325,-2.783265976370276e-12,1.9142240613654016,1.5572242863487133,0.2445497974963097,-2.055787161877061e-12,1.1901292645069168,1.2812519635639532,0.074088028013457,-8.320718799574042e-12,-2.152097060584035,-2.3246851543604645,-0.40381696344545753,-4.29340535923939e-12
0.6041666666666666,1,56,0.08956093658393695,-2.8096789571226434e-12,1.9450236365955795,1.5720022254503463,0.2443878245905751,-2.0752964244479472e-12,1.2007301463547084,1.2934109464782204,0.1554214802221564,-8.399681783121026e-12,-2.152097060584035,-2.3467462382664706,0.012849703221209128,-4.3341494469688675e-12
0.6083333333333333,1,56,0.09245654646182448,-2.8359748317303446e-12,1.975793481761021,1.586714644212169,0.2405758047150339,-2.094719189605067e-12,1.2072435353830238,1.3055160206108358,0.07879081188680516,-8.478294671740779e-12,-2.152097060584035,-2.36870951085358,-0.4032767952306442,-4.374712889315051e-12
0.6125,1,56,0.09573591031870413,-2.862149094530637e-12,2.0064522948083785,1.6013590217369662,0.23844366031764044,-2.1140521293575987e-12,1.2177130523385746,1.317565111819664,0.1664632933653059,-8.556543995519532e-12,-2.152097060584035,-2.390571208828102,0.01338987143602247,-4.415088735940917e-12
0.6166666666666667,1,56,0.09761337591642409,-2.8881972606983346e-12,2.036873965951435,1.6159328487860376,0.23248192844103305,-2.1332919311058414e-12,1.2236257708320906,1.3295561555549549,0.09520085855166968,-8.634416346838482e-12,-2.152097060584035,-2.4123275863006315,-0.40267314108891916,-4.455270068652999e-12
0.6208333333333333,1,56,0.10006073434527056,-2.9141148670142614e-12,2.0671233700103584,1.6304336282091454,0.22882921421699917,-2.1524352982088125e-12,1.2335737670435727,1.3414870972130943,0.18715346301018912,-8.711898382671122e-12,-2.152097060584035,-2.4339749154278922,0.013993525577747499,-4.495250002586791e-12
0.625,1,56,0.10147584565920402,-2.9398974726299993e-12,2.0970414121662153,1.6448588753723854,0.2224062327614246,-2.17147895054911e-12,1.2389757957570244,1.3533558924886504,0.10888485113706077,-8.788976826869492e-12,-2.152097060584035,-2.455509487051479,-0.4019872479756756,-4.535021687386433e-12
0.6291666666666667,1,56,0.10882110144884713,-2.965540659828806e-12,2.0965121502109723,1.6592061185839178,0.23977184800507295,-2.1904196250949417e-12,1.209408285397322,1.3651605077246531,0.1807796542972027,-8.865638472438977e-12,-2.152097106351851,-2.4769276113334033,0.014679418690991073,-4.5745783083784784e-12
0.6333333333333333,1,56,0.11136210161306014,-2.9910400347825652e-12,2.0960887406467776,1.6734728995174781,0.24521966971045736,-2.2092540764592315e-12,1.1807049140128987,1.3768989202610522,0.09362992347962547,-8.941870183801265e-12,-2.1520971107376026,-2.498225618388332,-0.3996788136139212,-4.613913087739558e-12
0.6375,1,56,0.11440828377985429,-3.0163912283046505e-12,2.0957500129954223,1.6876567736335986,0.25269221196340635,-2.2279790774556975e-12,1.1604650399230096,1.3885691187812887,0.17344058781753152,-9.017658899045053e-12,-2.1520971149738806,-2.5193998589123967,0.016987853052745448,-4.653019285657725e-12
0.6416666666666666,1,56,0.1144898829054885,-3.0415898965985595e-12,2.095479030874338,1.7017553105984682,0.25126144756850066,-2.2465914196518157e-12,1.1418002764800137,1.400169103656925,0.09188026100205816,-9.092991632164148e-12,-2.1520971213689,-2.5404467048084896,-0.39704422427575053,-4.691890201487284e-12
0.6458333333333334,1,56,0.11522764030723387,-3.0666317220022046e-12,2.0952622451774703,1.7157660947003583,0.2518802819609853,-2.2650879139185683e-12,1.1320048436580599,1.4116968872902695,0.17668013465135296,-9.167855475282546e-12,-2.152097127691481,-2.561362549807917,0.019622442390916126,-4.7305191748969185e-12
0.65,1,56,0.11604330322276421,-3.0915124137277176e-12,2.095088816619976,1.7296867252635402,0.25186092550119804,-2.283465390976882e-12,1.1251714262079056,1.4231504944549416,0.09414496396489974,-9.242237600866127e-12,-2.1520971347842943,-2.5821438100883123,-0.3944651513482909,-4.768899587010895e-12
0.6541666666666667,1,56,0.1174967540465851,-3.116227708596657e-12,2.094950073773981,1.7435148170596302,0.25383235974438856,-2.3017207019406707e-12,1.1272488149047017,1.434527962634317,0.178019023162442,-9.316125263920591e-12,-2.152097142227976,-2.6027869248877082,0.02220151531837575,-4.80702486154318e-12
0.6583333333333333,1,56,0.11861923040299605,-3.140773371770482e-12,2.0948390794971847,1.7572480007162865,0.25440292646539076,-2.319850718856379e-12,1.1299801166261294,1.4458273423577943,0.09402777063363772,-9.389505804175249e-12,-2.1520971476095627,-2.6232883571146557,-0.39233968710549505,-4.844888465924253e-12
0.6625,1,56,0.11991641837407992,-3.165145197476169e-12,2.0947502840757477,1.7708839231231879,0.25605509409580485,-2.3378523352389417e-12,1.1393147307253884,1.4570466975348275,0.1759564356351018,-9.462366648252292e-12,-2.152097152459881,-2.6436445939542836,0.02432697956117161,-4.882483912420426e-12
0.6666666666666666,1,56,0.12038561012072768,-3.1893390097268512e-12,2.0946792477385983,1.7844202478352285,0.25531277258540847,-2.3557224666040653e-12,1.1469905013368835,1.4681841057866647,0.08973214596328556,-9.534695311821178e-12,-2.152097155677931,-2.663852147470205,-0.39070730505502904,-4.919804759245484e-12
0.6708333333333333,1,56,0.12061172447908448,-3.213350663037348e-12,2.0946224186688784,1.7978546554728538,0.25489996572283996,-2.3734580509967356e-12,1.1590243069309019,1.479237658775737,0.1690002127598021,-9.606479401737753e-12,-2.152097157926307,-2.6839075552021523,0.02595936161163762,-4.95684461166445e-12
0.675,1,56,0.11960931956826824,-3.237176043134478e-12,2.094576955413103,1.8111848441194756,0.2510339805531622,-2.3910560495158698e-12,1.1692401580373983,1.490205462532644,0.09099088977697115,-9.677706618167756e-12,-2.1520971608962385,-2.703807380759257,-0.3890504384795128,-4.993597123089296e-12
0.6791666666666667,1,56,0.11842051533651413,-3.2608110676620145e-12,2.0945405848084824,1.8244085297158934,0.24774045537910694,-2.4085134468350165e-12,1.1835693122527666,1.501085637780674,0.17709629021910803,-9.748364756694327e-12,-2.1520971627174053,-2.723548214408854,0.027616228187153844,-5.0300559961663904e-12
0.6833333333333333,1,56,0.11626842951713773,-3.2842516868801776e-12,2.0945114883247857,1.8375234464516557,0.24181737324273386,-2.425827251719016e-12,1.19610548892817,1.5118763202578098,0.09460681743404215,-9.818441710409181e-12,-2.152097165364337,-2.743126673660724,-0.3873311364718448,-5.066214983855522e-12
0.6875,1,56,0.11400078443226244,-3.307493884359537e-12,2.0944882111378287,1.8505273471532953,0.23672844273298635,-2.4429944975365318e-12,1.2129176146797989,1.5225756610361587,0.1766652982459405,-9.887925471987052e-12,-2.152097167095746,-2.7625394038466626,0.029335530194821855,-5.102067890500296e-12
0.6916666666666667,1,56,0.11060446138477788,-3.3305336776692065e-12,2.0944695893882628,1.863418003669372,0.22866101513787712,-2.460012242768373e-12,1.2276885409536378,1.53318182683876,0.09071181142051433,-9.956804135743105e-12,-2.1520971693366526,-2.781783078695292,-0.38562650298127354,-5.137608572889734e-12
0.6958333333333333,1,56,0.10993932668906119,-3.3533671190592117e-12,2.0944546919886102,1.876193207252253,0.2292874020630798,-2.4768775715115e-12,1.2473695781736158,1.5436930003537035,0.16427708976269806,-1.0025065899672889e-11,-2.15209716972275,-2.8008544009019927,0.031040163685393116,-5.17283094131087e-12
0.7,1,56,0.10802829426539674,-3.3759902961369165e-12,2.094442774068888,1.8888507689365706,0.2264487957910311,-2.4935875939786554e-12,1.2652969924949302,1.554107380545519,0.08121599219126988,-1.0092699067474567e-11,-2.152097171780563,-2.8197501026938836,-0.3838796112079483,-5.2077289605922e-12
0.7041666666666666,1,56,0.10640659962510242,-3.398399332537394e-12,2.0944332397331102,1.9013885199142921,0.22543309616537144,-2.5101394469935136e-12,1.2871873676681898,1.564423182963774,0.16183496586090976,-1.0159692050553014e-11,-2.152097172731874,-2.838466946389738,0.03278705545871838,-5.242296651137777e-12
0.7083333333333334,1,56,0.10340472652063415,-3.4205903885876184e-12,2.094425612264488,1.9138043119063322,0.22076184527557155,-2.5265302944812698e-12,1.3070670806608413,1.5746386400488304,0.08487028758439945,-1.0226033370005461e-11,-2.152097174299474,-2.857001724954744,-0.38213471902157065,-5.27652808995178e-12
0.7125,1,56,0.10078388950511213,-3.442559661964376e-12,2.0944195102895904,1.9260960175306492,0.21821750451176383,-2.542757327954587e-12,1.3306632283336735,1.5847520014347056,0.1704997459010028,-1.0291711658588343e-11,-2.1520971749257867,-2.8753512625500113,0.03453194764509601,-5.310417411653392e-12
0.7166666666666667,1,56,0.09664754239484448,-3.4643033883457696e-12,2.0944146287096723,1.9382615306667617,0.21178349939985802,-2.5588177669948156e-12,1.3520162790671135,1.5947615342489896,0.09784180350052242,-1.0356715662665023e-11,-2.1520971760603866,-2.8935124150767355,-0.3803525774883054,-5.343958809481802e-12
0.7208333333333333,1,56,0.09297425236359878,-3.485817842056224e-12,2.094410723445738,1.9502987668166234,0.2077795852201516,-2.574708859728407e-12,1.376810880221504,1.6046655234097646,0.18694584656344648,-1.042103424413405e-11,-2.152097176446648,-2.9114820707149267,0.036314089178361236,-5.377146536291165e-12
0.725,1,56,0.08807848050202481,-3.5070993367048503e-12,2.0944075992345903,1.9622056634617868,0.20069572799510427,-2.590427883298428e-12,1.3990389688575628,1.6144622719194732,0.10665748365487057,-1.0484656382337597e-11,-2.152097177184284,-2.9292571504565985,-0.3785382194083602,-5.4099749055353414e-12
0.7291666666666666,1,56,0.0863355886092756,-3.5281442258170993e-12,2.0942738630209146,1.9739801804168098,0.20296639820638243,-2.605972144331112e-12,1.4248944886680577,1.6241501011556927,0.18494273100544661,-1.0547571175949815e-11,-2.152097177184284,-2.946834608633344,0.03812844725830647,-5.442438292242264e-12
0.7333333333333333,1,56,0.08291772380430408,-3.5489489034595592e-12,2.0952899994350473,1.9856203001788257,0.2007575776360929,-2.6213389793973523e-12,1.4491649430195612,1.6337273511587556,0.09586800209533004,-1.0609767844844697e-11,-2.152097177184284,-2.9642114334381926,-0.3771857400546868,-5.474531133977739e-12
0.7375,1,56,0.08059878351491111,-3.5695098048578222e-12,2.095111020026038,1.9971240282732394,0.20259669359603183,-2.636525755469071e-12,1.4752648331916738,1.643192380916179,0.16962106096394272,-1.0671235731943228e-11,-2.152097177910195,-2.9813846474416725,0.039480926611979855,-5.5062479317985566e-12
0.7416666666666667,1,56,0.07653690206556783,-3.5898234070072777e-12,2.0949678364988302,2.008489393595461,0.1999935897345792,-2.6515298703703675e-12,1.4984864172400367,1.652543568643839,0.08618748704460176,-1.0731964305039383e-11,-2.1520971782692704,-2.9983513081019693,-0.3753453252018319,-5.537583251194681e-12
0.7458333333333333,1,56,0.07347619863517206,-3.609886229276773e-12,2.094853289677064,2.0197144487486516,0.20093829451889342,-2.6663487532233955e-12,1.5246301588865652,1.6617793120638582,0.16512191989532438,-1.0791943158604794e-11,-2.1520971783368377,-3.0151085082691242,0.041321341464834765,-5.568531723020451e-12
0.75,1,56,0.06855091566535913,-3.6296948340049975e-12,2.0947616522196513,2.0307972703773993,0.19725852894359816,-2.680979864888867e-12,1.5476332950000065,1.6708980286791486,0.08602905520147876,-1.0851162015571679e-11,-2.1520971785801737,-3.0316533766831557,-0.3734693474628471,-5.5990880444145435e-12
0.7541666666666667,1,56,0.06474789438627605,-3.649245827089505e-12,2.094688342253721,2.041735959497271,0.19739484228971713,-2.6954206984011187e-12,1.5733002552740074,1.6798981560445607,0.1685827729073652,-1.0909610729093754e-11,-2.1520971786198784,-3.0479830784660344,0.043197319203819556,-5.6292469797085915e-12
0.7583333333333333,1,56,0.058970747136397085,-3.668535858568279e-12,2.094629694280977,2.052528641820199,0.1927031416832434,-2.7096687793976696e-12,1.5955854548746513,1.688778152034603,0.09243778330713211,-1.096727928428485e-11,-2.1520971787796803,-3.064094815607424,-0.3715253159445149,-5.65900336132429e-12
0.7625,1,56,0.05454316126289843,-3.687561623193731e-12,2.0945827759027815,2.0631734680756275,0.19225280535801212,-2.7237216665431904e-12,1.6202762062165332,1.6975364951076775,0.17733206991097966,-1.1024157799934915e-11,-2.1520971788027863,-3.0799858274441103,0.04514135072215178,-5.688352090658837e-12
0.7666666666666666,1,56,0.04834111614059741,-3.706319860999039e-12,2.0945452412002252,2.073668614327379,0.18729314773288114,-2.7375769519478136e-12,1.641197422384458,1.7061716845667865,0.09279049335831087,-1.1080236530203105e-11,-2.1520971789005103,-3.095653391133021,-0.36950788523823336,-5.717288138958548e-12
0.7708333333333334,1,56,0.04360084816963351,-3.7248073578567204e-12,2.0945152134381804,2.084012282286171,0.1867849928740848,-2.751232261579712e-12,1.6646626182933135,1.7146822408166704,0.17045416356318954,-1.1135505866287682e-11,-2.1520971789295644,-3.111094822117776,0.0471587814284333,-5.74580654818051e-12
0.775,1,56,0.036766093439931424,-3.743020946029363e-12,2.094491191228544,2.0942026996177483,0.18107985215017988,-2.7646852556718778e-12,1.6842732508575378,1.7230667056173277,0.08949377551757423,-1.1189956338072433e-11,-2.1520971789975833,-3.126307474588668,-0.3674783876383253,-5.773902431842116e-12
0.7791666666666667,1,56,0.033311714794820035,-3.760957504712398e-12,2.0944719734608355,2.104238120246562,0.1827315917587156,-2.7779336291230298e-12,1.7064071946078274,1.731323642333879,0.16889000881085514,-1.1243578615749334e-11,-2.152097179002578,-3.1412887419360116,0.04918827902834136,-5.801570975858339e-12
0.7833333333333333,1,56,0.027916168003438793,-3.778613960568833e-12,2.0944565992466684,2.1141168246549493,0.1794221357336475,-2.7909751118925795e-12,1.7244253130936713,1.7394516361827237,0.08897039683715179,-1.129636351141715e-11,-2.152097179044353,-3.1560360571967694,-0.365460814167344,-5.828807439366598e-12
0.7875,1,56,0.024436542181332652,-3.795987288255851e-12,2.0944442998753345,2.123837120177766,0.18136759075808884,-2.8038074693895923e-12,1.744422066668141,1.7474492944739595,0.17027393455664133,-1.1348301980655744e-11,-2.152097179054866,-3.1705468934943917,0.05120585249932266,-5.855607155539086e-12
0.7916666666666666,1,56,0.0189103708993682,-3.8130745109431926e-12,2.0944344603782676,2.133397341292414,0.1780938007524462,-2.816428502855672e-12,1.7600014065695055,1.7553152468500102,0.09173898050997827,-1.1399385124075794e-11,-2.152097179081698,-3.184818764471781,-0.363422858696166,-5.8819655323824025e-12
0.7958333333333333,1,56,0.015360955694212653,-3.829872700823216e-12,2.094426588780614,2.142795849904222,0.1801783927171897,-2.828836049741709e-12,1.7772292877399354,1.7630481455204303,0.17418371774036437,-1.1449604188843654e-11,-2.152097179088694,-3.1988492247173177,0.053243807970500684,-5.9078780535243696e-12
0.8,1,56,0.009852911669670382,-3.8463789796125605e-12,2.094420291502491,2.152031035627123,0.17709357239323525,-2.8410279840784164e-12,1.7899052515768854,1.7706466654928417,0.08649249351995619,-1.1498950570181103e-11,-2.1520971791075603,-3.2126358701838664,-0.36133851094286595,-5.933340278987885e-12
0.8041666666666667,1,56,0.006501848097084324,-3.8625905190453314e-12,2.0944152536799927,2.161101316059586,0.17961602442961896,-2.853002216840611e-12,1.8043470414277785,1.778109504799964,0.16100543924038307,-1.1547415812839733e-11,-2.1520971791145724,-3.226176338600701,0.055328155723800704,-5.958347845951697e-12
0.8083333333333333,1,56,0.0010575669302981166,-3.878504541357704e-12,2.0944112234219943,2.1700051370557523,0.17661961776446466,-2.864756696305152e-12,1.814128211597729,1.785435384722701,0.0760886946548527,-1.1594991612549714e-11,-2.1520971791288432,-3.2394683098782644,-0.35930854305739224,-5.982896469497946e-12
0.8125,1,56,-0.0021707090907252223,-3.89411831976388e-12,2.0944079992155955,2.1787409729917324,0.17927868892081242,-2.876289408402496e-12,1.8253823675529692,1.7926230500092415,0.15293974258545134,-1.1641669817442689e-11,-2.1520971791338686,-3.252509506505706,0.05735812360927442,-6.0069819433463625e-12
0.8166666666666667,1,56,-0.007535612626367943,-3.909429178923311e-12,2.0944054198504762,2.1873073270270096,0.17629028303673047,-2.887598377061795e-12,1.8320124907090845,1.799671269090141,0.06998015482023304,-1.1687442429448547e-11,-2.1520971791458403,-3.2652976939411196,-0.3572952574672147,-6.0306001405749965e-12
0.8208333333333333,1,56,-0.010752147109160682,-3.924434495399099e-12,2.094403356358381,2.1957027313609205,0.1787820888025382,-2.8986816645494887e-12,1.8403407810677668,1.8065788342893445,0.1586223979530832,-1.1732301605665861e-11,-2.1520971791513355,-3.277830680994422,0.05937140919945197,-6.0537470143273385e-12
0.825,1,56,-0.016147597821472858,-3.939131698107514e-12,2.094401705564705,2.2039257474841523,0.1755225145180369,-2.9095373718013223e-12,1.843729318810736,1.813344562031115,0.08567350269828601,-1.1776239659705721e-11,-2.1520971791605508,-3.2901063202028014,-0.3552572091124492,-6.076418598505733e-12
0.8291666666666666,1,56,-0.01896492581562865,-3.953518268758534e-12,2.094400384929764,2.2119749664252235,0.17834828720471665,-2.920163638747744e-12,1.8504798850964777,1.8199672930428341,0.17402020218850017,-1.1819249063008761e-11,-2.1520971791705374,-3.3021225081986745,0.06140945755421748,-6.098611008450941e-12
0.8333333333333334,1,56,-0.02373298576332075,-3.96759174228734e-12,2.094399328421811,2.2198490089919076,0.1756420582322444,-2.9305586446326173e-12,1.8521483405165704,1.8264458925536378,0.09064334289985872,-1.1861322446135142e-11,-2.1520971791778862,-3.3138771860700893,-0.35314194563491336,-6.120320441607773e-12
0.8375,1,56,-0.02594330120230917,-3.9813497072766925e-12,2.094398483215449,2.227546526007545,0.17901816095285086,-2.940720608325196e-12,1.8572273354988182,1.83277925048885,0.16995159236018154,-1.1902452600027251e-11,-2.1520971791870305,-3.325368339713503,0.0635247210317533,-6.1415431781766085e-12
0.8416666666666667,1,56,-0.030109129473760838,-3.994789806370117e-12,2.0943978070503593,2.235066198542222,0.1767233782451732,-2.950647788625316e-12,1.8597004907396877,1.838966281660194,0.08989140280339826,-1.1942632477244963e-11,-2.1520971791979076,-3.3365940001788976,-0.35089909623460774,-6.162275581750797e-12
0.8458333333333333,1,56,-0.03170743396554196,-4.0079097366758235e-12,2.0943972661182872,2.242406738138762,0.18051362782668062,-2.960338484561738e-12,1.865575238875168,1.8450059259517293,0.17209799281793042,-1.1981855193173164e-11,-2.1520971792061703,-3.347552244007141,0.06576757043205891,-6.182514099939716e-12
0.85,1,56,-0.03515734868715541,-4.020707250161297e-12,2.0943968333726297,2.2495668870334944,0.1787622777928983,-2.9697910356836016e-12,1.8686610681554419,1.8508971485014987,0.08453868271149115,-1.2020114027201397e-11,-2.152097179215446,-3.358241193559568,-0.3486479384315985,-6.202255264977462e-12
0.8541666666666666,1,56,-0.036044261136395334,-4.033180154038482e-12,2.0943964871761036,2.256545418371766,0.1830959645212067,-2.979003822344934e-12,1.8752100851932387,1.8566389398788463,0.16023231437407137,-1.2057402423875408e-11,-2.1520971792228694,-3.3686590173396977,0.06801872823506813,-6.221495694317033e-12
0.8583333333333333,1,56,-0.039119337268978586,-4.045326311139509e-12,2.094396210218883,2.263341136418158,0.18142108231034682,-2.987975265982167e-12,1.8769082475866814,1.8622303162573781,0.07574636340056289,-1.2093713994020386e-11,-2.1520971792286603,-3.378803930307057,-0.34656533272925244,-6.24023209120991e-12
0.8624999999999999,1,56,-0.039475449119989216,-4.05714364028289e-12,2.0943959886531065,2.2699528767613675,0.1860000946148074,-2.9967038293846204e-12,1.8821144217796406,1.867670319583537,0.1540988266676793,-1.2129042515835726e-11,-2.1520971792353136,-3.3886741941830367,0.07010133393741422,-6.2584612452709445e-12
0.8666666666666667,1,56,-0.041907540189107355,-4.068630116630112e-12,2.094395811400485,2.2763795065137242,0.18449382661340644,-3.0051880169578893e-12,1.8847355217478934,1.8729580177407577,0.07315790130894474,-1.2163381935961081e-11,-2.1520971792432677,-3.3982681177487324,-0.3443689077070354,-6.276180033028431e-12
0.8708333333333333,1,56,-0.04188049702489998,-4.0797837720325824e-12,2.094395669598388,2.282619924505304,0.18867066814073677,-3.0134263749801084e-12,1.8910250923774128,1.8780925047091817,0.1646861568641317,-1.2196726370513592e-11,-2.152097179249571,-3.4075840571347307,0.07229775895963128,-6.293385418459301e-12
0.875,1,56,-0.04395964491405669,-4.0906026953688705e-12,2.0943955561567105,2.2886730614726094,0.1867101327070095,-3.0214174918510436e-12,1.8943859759751478,1.8830729007209002,0.09501064950309275,-1.222907010609606e-11,-2.1520971792557706,-3.416620416102777,-0.34213087073918125,-6.310074453509337e-12
0.8791666666666667,1,56,-0.04348548320001816,-4.101085032872156e-12,2.0943954654033683,2.294537880241784,0.19062477144579978,-3.0291599983339565e-12,1.9007493540117888,1.8878983524106954,0.18622811521564864,-1.2260407600775895e-11,-2.1520971792601773,-3.425375646319281,0.07453579592748541,-6.326244278598298e-12
0.8833333333333333,1,56,-0.045013761565790074,-4.111228988447872e-12,2.0943953928006946,2.300213375906323,0.18842678885412611,-3.0366525677902193e-12,1.9040128962034035,1.8925680329622614,0.10618049369702799,-1.229073348503471e-11,-2.152097179264811,-3.433848247620617,-0.3397894744627768,-6.341892123109897e-12
0.8875,1,56,-0.04401687472157473,-4.1210328239814526e-12,2.0943953347185555,2.3056985759992616,0.19211927124021871,-3.0438939164066287e-12,1.9102837342737007,1.8970811422498757,0.18838218629613687,-1.2320042562688359e-11,-2.152097179268503,-3.44203676827017,0.07687719220388986,-6.357015305866533e-12
0.8916666666666666,1,56,-0.04505482620041645,-4.1304948596361485e-12,2.0943952882528443,2.310992540659802,0.18956027009878923,-3.0508828034153775e-12,1.913466880201616,1.9014369069754955,0.1003910818878681,-1.2348329811777267e-11,-2.1520971792723826,-3.44993980520708,-0.3374323058052713,-6.3716112355886955e-12
0.8958333333333334,1,56,-0.04355789408975523,-4.139613474140861e-12,2.0943952510802752,2.3160943627943538,0.19291608577293962,-3.0576180313066553e-12,1.9197128543481943,1.905634580801258,0.17568706280322582,-1.2375590385426923e-11,-2.1520971792756307,-3.4575560042866544,0.07923436086139538,-6.385677411338964e-12
0.9,1,56,-0.04412695407475295,-4.148387105067937e-12,2.09439522134222,2.3210031682319574,0.1899458020502794,-3.0640984460338367e-12,1.922870729020498,1.9096734444773638,0.08162381393950782,-1.2401819612678377e-11,-2.152097179279127,-3.464884060512388,-0.3351334183463668,-6.399211422950541e-12
0.9041666666666667,1,56,-0.04212231915988726,-4.156814249100886e-12,2.0943951975517763,2.3257181158740723,0.19291776201701386,-3.070322937211218e-12,1.929183217667317,1.9135528059653133,0.15163580259988896,-1.242701299928856e-11,-2.152097179282103,-3.471922718259572,0.08153324832029987,-6.412210951440207e-12
0.9083333333333333,1,56,-0.04232730247222731,-4.164893462291958e-12,2.094395178519421,2.3302383978386922,0.18938695416667953,-3.076290438304281e-12,1.932590151584851,1.9172720005564867,0.06292822818995239,-1.2451166228500378e-11,-2.152097179285522,-3.4786707714904357,-0.3329433342553849,-6.4246737694056754e-12
0.9125,1,56,-0.04000447132600389,-4.172623360309566e-12,2.094395163293537,2.334563239598773,0.1916604172277152,-3.081999926812434e-12,1.939360554046415,1.9208303909860374,0.14757545916169543,-1.2474275161782344e-11,-2.1520971792883166,-3.485127063960798,0.08372333241128174,-6.43659774140725e-12
0.9166666666666666,1,56,-0.04007142217105023,-4.18000261867548e-12,2.0943951511128294,2.338691900114944,0.18725230661337613,-3.087450424444213e-12,1.9406087905706626,1.9242273675420838,0.07017881743205426,-1.2496335839537705e-11,-2.1520971792902666,-3.491290489418181,-0.33090807562087987,-6.447980824333713e-12
0.9208333333333333,1,56,-0.0375938964423268,-4.187029972991765e-12,2.0943951413682633,2.34262367196248,0.1886833928697393,-3.092640997284909e-12,1.9447846668892563,1.9274623481701811,0.16456511712089114,-1.2517344481782899e-11,-2.1520971792924803,-3.4971599917913623,0.08575859104578679,-6.458821067752403e-12
0.9249999999999999,1,56,-0.0373569181101396,-4.1937042191574365e-12,2.0943951335726108,2.346357881452515,0.18354707822813895,-3.0975707559565863e-12,1.9457136970351272,1.930534778573052,0.09680693911579284,-1.2537297488795226e-11,-2.15209717929483,-3.5027345653713255,-0.32868134514336855,-6.469116614243417e-12
0.9291666666666667,1,56,-0.03432812338765987,-4.200024213574774e-12,2.094395127336089,2.349893888747477,0.18481047830727798,-3.1022388557704746e-12,1.9492392005625396,1.933444132305564,0.18957222691821568,-1.2556191441729656e-11,-2.1520971792965775,-3.5080132549835863,0.0879853215232981,-6.478865699717865e-12
0.9333333333333333,1,56,-0.0335588033487171,-4.2059888733452685e-12,2.094395122346871,2.3532310879707206,0.17935851389499502,-3.1066444968717034e-12,1.9493225336219464,1.9361899108649328,0.11035576441444209,-1.2574023103204621e-11,-2.1520971792984818,-3.5129951561518546,-0.3263493899509494,-6.488066653720142e-12
0.9375,1,56,-0.03015306975824284,-4.211597176455175e-12,2.0943951183554965,2.356368907310337,0.18018182080326187,-3.110786924376349e-12,1.951967275929616,1.9387716437761366,0.19319323524780654,-1.2590789417856721e-11,-2.152097179300141,-3.5176794152530118,0.09031727671571724,-6.496717899714143e-12
0.9416666666666667,1,56,-0.028870575930094174,-4.216848161950627e-12,2.0943951151623974,2.359306809117137,0.17458283296211582,-3.114665428500785e-12,1.9511800369445553,1.9411888886725328,0.10518256902127465,-1.2606487512864257e-11,-2.1520971793019195,-3.5220652296633754,-0.3240189140874321,-6.504817955353404e-12
0.9458333333333333,1,56,-0.024948508228595612,-4.2217409301022934e-12,2.094395112607918,2.36204428999677,0.17528824194715384,-3.1182793446832953e-12,1.9529895093381324,1.9434412313716523,0.1803504421637935,-1.2621114698439462e-11,-2.152097179303612,-3.5261518478962253,0.09264775257923455,-6.5123654327350926e-12
0.95,1,56,-0.02316253974277188,-4.226274642559537e-12,2.0943951105643346,2.3645808808959803,0.16956816117706217,-3.121628053697947e-12,1.9513509620082858,1.945528285946168,0.08563496240985288,-1.2634668468289388e-11,-2.152097179305508,-3.529938569730564,-0.321764062365812,-6.519359038637812e-12
0.9541666666666666,1,56,-0.018706427576555093,-4.230448522494069e-12,2.0943951089294677,2.366916147182975,0.1701768719808489,-3.124710981760689e-12,1.9523870886155572,1.9474496947900233,0.15494049164502172,-1.2647146500045345e-11,-2.1520971793073507,-3.5334247463311,0.09490260430085465,-6.525797574743194e-12
0.9583333333333334,1,56,-0.016507867338488046,-4.234261854733051e-12,2.0943951076215743,2.3690496887218986,0.16428677658448199,-3.1275276006276697e-12,1.9501423239544222,1.9492051286797045,0.06512396495518637,-1.2658546655660834e-11,-2.152097179309607,-3.53660978035942,-0.3196425501205289,-6.531679937841224e-12
0.9625,1,56,-0.011696834651921227,-4.237713985881633e-12,2.0943951065752593,2.3709811399413914,0.1645784082368473,-3.1300774276857456e-12,1.950775885022591,1.9507942868306511,0.14863595800499446,-1.2668866981777874e-11,-2.152097179311709,-3.539493126076339,0.09702411654613777,-6.537005120019267e-12
0.9666666666666667,1,56,-0.009252972712337177,-4.240804324434915e-12,2.0943951057382075,2.3727101698972297,0.1583143206364452,-3.1323600260351768e-12,1.9480921889839986,1.9522168969487947,0.07130300838640576,-1.2678105710061712e-11,-2.152097179314158,-3.5420742894354125,-0.3175670303688731,-6.54177220883477e-12
0.9708333333333333,1,56,-0.004149102637400308,-4.243532340879295e-12,2.094395105068566,2.3742364823290325,0.1584665142163315,-3.134375004564487e-12,1.9481747629232975,1.953472715277216,0.1656645274528501,-1.2686261257503824e-11,-2.1520971793162773,-3.5443528281675865,0.09909963629779353,-6.545980387471606e-12
0.975,1,56,-0.002095113177540711,-4.2458975677832e-12,2.0943951045328526,2.375559815711022,0.1505356241197804,-3.136122018017479e-12,1.944626083954231,1.954561526637909,0.07637990978352138,-1.2693332226693137e-11,-2.152097179318861,-3.5463283518569795,-0.3154057570636484,-6.549628934880031e-12
0.9791666666666666,1,56,0.00466299517040474,-4.247899599877174e-12,2.094395104104282,2.3766799432968346,0.15408931615622307,-3.1376007670523904e-12,1.9437788132510965,1.955483144468652,0.14932736772930016,-1.2699317406055481e-11,-2.1520971793201786,-3.548000522007777,0.10126090960301828,-6.552717225900226e-12
0.9833333333333333,1,56,0.00677893228949713,-4.249538094123327e-12,2.0943951037614257,2.377596673158376,0.1475514870987994,-3.138810998293187e-12,1.939142353932263,1.9562374108549745,0.04210435032974473,-1.2704215770061186e-11,-2.15209717932347,-3.549369052102232,-0.31331581662182895,-6.5552447313694266e-12
0.9874999999999999,1,56,0.01154300207554091,-4.250812769774104e-12,2.0943951034871406,2.3783098482187044,0.14743862090425297,-3.1397525043729768e-12,1.9374752008033864,1.9568241965572144,0.11033772800297813,-1.2708026479400797e-11,-2.1520971793262613,-3.5504337076497587,0.10335085004483771,-6.557211018212581e-12
0.9916666666666667,1,56,0.01314683562753696,-4.251723408420392e-12,2.0943951032677126,2.378819346278943,0.1392403750607717,-3.1404251239695383e-12,1.9326038268626156,1.9572434010326618,0.008511873719468172,-1.2710748881128884e-11,-2.152097179330597,-3.551194306227109,-0.3114496211256118,-6.55861574951656e-12
0.9958333333333333,1,56,0.019219946606381967,-4.25226985402895e-12,2.09439510309217,2.379125080039223,0.1420190075420948,-3.1408287418329673e-12,1.9313752013218122,1.9574949524527885,0.09044632028971844,-1.2712382508775929e-11,-2.1520971793330466,-3.551650717509633,0.10521704554105485,-6.559458684587888e-12
1.0,1,56,0.022009204512709494,-4.2524520129691355e-12,2.094395102951736,2.3792269971136384,0.136674063959719,-3.140963288805421e-12,1.9268827060344018,1.9575788077155531,0.0007247204500568569,-1.271292708242824e-11,-2.152097179338303,-3.5518028632936067,-0.309704814075693,-6.559739678993979e-12
1.0041666666666667,1,56,0.027307443913155104,-4.252927646510859e-12,2.094395102839389,2.37927188700798,0.1373323645508176,-3.1417694764062817e-12,1.9258569960261551,1.957610541968836,0.09425897078092259,-1.271268198677075e-11,-2.1520971793425767,-3.5518127906603825,0.10696185259097366,-6.55946192874713e-12
1.0083333333333333,1,56,0.02934723054954137,-4.25435422116056e-12,2.094395102749511,2.379406525925713,0.12995744747367474,-3.1441874866881532e-12,1.9215653806014485,1.957705722979613,0.014690474521768188,-1.27119468677746e-11,-2.1520971793483143,-3.5518425659569886,-0.30795273671949513,-6.5586288683627275e-12
1.0125,1,56,0.03603864680177571,-4.2567307592152305e-12,2.094395102677609,2.3796308215920496,0.1338946877247539,-3.1482156624675695e-12,1.9207645115088317,1.957864285515574,0.1158150280354361,-1.2710722229253634e-11,-2.152097179351213,-3.5518921687769236,0.10871392994717152,-6.557241068778746e-12
1.0166666666666666,1,56,0.03805566577638061,-4.2600556319144e-12,2.094395102620087,2.379944620285943,0.1281486390410795,-3.1538512430340635e-12,1.91664813463448,1.9580861209058762,0.04356166813310528,-1.2709008910513918e-11,-2.1520971793574177,-3.5519615651248926,-0.306077960239612,-6.555299481123701e-12
1.0208333333333333,1,56,0.042683261477400807,-4.264326560556401e-12,2.0943951025740697,2.3803477069454435,0.1288099093509848,-3.1610903660422192e-12,1.915626135527595,1.958371077115625,0.14232641570305257,-1.2706808085778536e-11,-2.152097179362068,-3.5520507074401055,0.11058870642705468,-6.552805436064784e-12
1.025,1,56,0.04423399465576603,-4.269540618060081e-12,2.0943951025372556,2.3808398053150888,0.12175528667610495,-3.169928070158729e-12,1.9112551168106928,1.9587189588500677,0.057297653090131156,-1.2704121263382826e-11,-2.1520971793678294,-3.552159534628872,-0.3041007599267884,-6.549760642895899e-12
1.0291666666666666,1,56,0.05034632603180173,-4.275694230970873e-12,2.0943951025078045,2.3814205781352373,0.1260379233686824,-3.1803582984626435e-12,1.9101008571103477,1.9591295276884406,0.1437289148423053,-1.270095028474065e-11,-2.152097179371421,-3.552287972106473,0.11256590673987824,-6.546167188366193e-12
1.0333333333333332,1,56,0.05335883199780189,-4.282783181909869e-12,2.0943951024842438,2.382089627373209,0.12252011991497838,-3.1923739025964855e-12,1.9056214389607267,1.9596025022473704,0.04796598762297473,-1.2697297323082374e-11,-2.1520971793777863,-3.5524359318482768,-0.30212217962178134,-6.542027535249904e-12
1.0375,1,56,0.05889563804842922,-4.290802612464197e-12,2.094395102465395,2.3828464944960754,0.12534775026404965,-3.2059666476653752e-12,1.9043626511299871,1.96013755837372,0.12618984018575455,-1.2693164881965451e-11,-2.1520971793837815,-3.5526033124500667,0.11454448704488532,-6.537344520658498e-12
1.0416666666666667,1,56,0.06133520298876676,-4.2997470265167334e-12,2.094395102450316,2.3836906607849166,0.12043411384451758,-3.2211272178808136e-12,1.899763083611407,1.9607343293667467,0.023311883749150986,-1.2688555793558603e-11,-2.152097179391323,-3.55278999919754,-0.3002323735033696,-6.532121354096252e-12
1.0458333333333334,1,56,0.06607576000735343,-4.30961029401287e-12,2.0943951024382526,2.384621547690326,0.121485239732985,-3.2378452229452636e-12,1.8986850954334333,1.9613924062294217,0.1053258908551758,-1.2683473216700791e-11,-2.1520971793986345,-3.552995864144925,0.11643429316329704,-6.5263616152606274e-12
1.05,1,56,0.06748446722462434,-4.3203856551617474e-12,2.094395102428602,2.3856385172289167,0.1145749924764145,-3.256109205173136e-12,1.8944330332631876,1.9621113379487347,0.015881042852116747,-1.2677920634736317e-11,-2.15209717940792,-3.5532207662026694,-0.29845175994753187,-6.5200692515889155e-12
1.0541666666666667,1,56,0.07325352692925098,-4.332065725069074e-12,2.0943951024208816,2.386740872420566,0.11855691126173606,-3.2759066473433192e-12,1.8937725894698159,1.9628906318047972,0.10827197910308986,-1.2671901853127501e-11,-2.1520971794137833,-3.5534645512341374,0.11821490671913479,-6.513248575552866e-12
1.0583333333333333,1,56,0.07568638889761535,-4.344642498798369e-12,2.094395102414705,2.3879278577660896,0.1145988933842684,-3.2972239812778536e-12,1.8899722131819392,1.963729753708526,0.027939102069846355,-1.2665420996846611e-11,-2.1520971794238544,-3.5537270521612454,-0.2966613636498139,-6.505904261703135e-12
1.0625,1,56,0.08055683205357882,-4.358107356857142e-12,2.0943951024097642,2.389198659765023,0.11674149347583652,-3.3200465971408848e-12,1.8894250102065897,1.9646281285676843,0.11958580835209708,-1.2658482507548817e-11,-2.152097179432422,-3.5540080890789705,0.12000530301685278,-6.4980413434655765e-12
1.0666666666666667,1,56,0.08210842824107789,-4.3724510711042635e-12,2.0943951024058114,2.390552407473154,0.11094204226689147,-3.344358853451515e-12,1.8857711472087346,1.9655851406810179,0.038612025449208554,-1.26510911405281e-11,-2.152097179443024,-3.554307469378647,-0.2948125903824623,-6.489665209691591e-12
1.0708333333333333,1,56,0.08609464579553712,-4.387663811074473e-12,2.094395102402649,2.391988173099424,0.11126295847071166,-3.3701440878036948e-12,1.8857029157387575,1.9666001341602282,0.12987281744715268,-1.2643251961458205e-11,-2.152097179452985,-3.5546249878799725,0.12185407628420433,-6.4807816009648685e-12
1.075,1,56,0.08679712351022195,-4.403735150715689e-12,2.094395102400119,2.393504972641792,0.10368484745873463,-3.397384628285799e-12,1.8827188518928182,1.9676724133794845,0.03883288668634043,-1.2634970342920895e-11,-2.152097179464622,-3.554960426971626,-0.2929114582345142,-6.471396605667085e-12
1.0791666666666666,1,56,0.09110868527739863,-4.420654075534503e-12,2.0943951023980953,2.3951017665616163,0.10547196097643108,-3.4260618055920765e-12,1.883066502279515,1.968801243452172,0.09871274112977434,-1.2626251960723838e-11,-2.1520971794739725,-3.55531355676041,0.12375520843215246,-6.461516655805226e-12
1.0833333333333333,1,56,0.09212304332857049,-4.438408990144962e-12,2.094395102396476,2.396777460496107,0.09947690806603962,-3.4561559658176593e-12,1.8806893161621034,1.9699858507345445,-0.00980176494339706,-1.2617102790010698e-11,-2.152097179487587,-3.5556841352288067,-0.2911849360355342,-6.451148522603412e-12
1.0875,1,56,0.09461319095690658,-4.45698772621547e-12,2.094395102395181,2.3985309060083435,0.09761003885049234,-3.4876464839283654e-12,1.8819591190185774,1.9712254233559436,0.04608672387090222,-1.260752910116607e-11,-2.1520971795019097,-3.556071908400844,0.12548173063113247,-6.440299311862242e-12
1.0916666666666666,1,56,0.09368765454157027,-4.476377550808355e-12,2.0943951023941447,2.4003609013743583,0.08793533583924419,-3.5205117778960677e-12,1.880638608553429,1.9725191117752126,-0.05588089555341716,-1.2597537455518074e-11,-2.1520971795185613,-3.55647661051616,-0.28975591840388093,-6.428976459088824e-12
1.0958333333333332,1,56,0.09626206891576666,-4.496565175106382e-12,2.0943951023933156,2.402266192406738,0.08714285858041439,-3.5547293234899395e-12,1.8832966502435329,1.9738660293629298,0.014155710761433746,-1.2587134700841542e-11,-2.152097179531705,-3.5568979642121397,0.12691074826278573,-6.4171877244008635e-12
1.1,1,56,0.095298286620398,-4.5175367635202525e-12,2.0943951023926526,2.4042454733141807,0.07845876338378088,-3.590275669713437e-12,1.8835341973541726,1.9752652530090609,-0.06540947671355442,-1.25763279666649e-11,-2.1520971795500055,-3.5573356807140075,-0.28852516203713513,-6.404941187208252e-12
1.1041666666666667,1,56,0.09806478726629915,-4.5392779431708215e-12,2.094395102392122,2.4062973875964193,0.07905533781623345,-3.6271264548764338e-12,1.887670945113483,1.9767158237556115,0.024010735422783154,-1.2565124659383944e-11,-2.1520971795632113,-3.5577894600327373,0.12814150462953153,-6.3922452406758566e-12
1.1083333333333334,1,56,0.09744751492707059,-4.561773813739552e-12,2.0943951023916973,2.4084205289739002,0.07215921619100167,-3.6652564232915195e-12,1.8894582745364614,1.9782167474538495,-0.03870825367821007,-1.2553532457185868e-11,-2.1520971795799646,-3.558258991170651,-0.28726153153518275,-6.379108585971251e-12
1.1125,1,56,0.10054698688867732,-4.585008957680452e-12,2.094395102391358,2.410613442351577,0.07457622564437666,-3.704639442582977e-12,1.8946837641097782,1.9797669954456452,0.06533908404076916,-1.2541559304787013e-11,-2.1520971795913137,-3.5587439523345594,0.1294051351314839,-6.365540226301381e-12
1.1166666666666667,1,56,0.10035695953380376,-4.608967450786483e-12,2.0943951023910863,2.412874624816158,0.06957147019158065,-3.745248521596609e-12,1.897137053904297,1.9813655052684611,0.0052024195015279336,-1.2529213407987963e-11,-2.152097179604347,-3.559244011156306,-0.28579220850886305,-6.351549460742208e-12
1.1208333333333333,1,56,0.10189626714296941,-4.633632873103226e-12,2.094395102390869,2.4152025266661314,0.06912944868150331,-3.78705582889813e-12,1.9027157414212479,1.9830111813835125,0.10300183725505793,-1.2516503228049693e-11,-2.1520971796160073,-3.5597588249205527,0.1308744581578036,-6.337145877865594e-12
1.125,1,56,0.10026495824875509,-4.6589883201822884e-12,2.0943951023906955,2.417595552473851,0.06128203650463726,-3.830032711847434e-12,1.9054242963165469,1.9847028959265933,0.02733811645887344,-1.2503437475894643e-11,-2.152097179626693,-3.560288040799661,-0.2841320265444768,-6.322339349167765e-12
1.1291666666666667,1,56,0.10263746149781122,-4.6850164146667775e-12,2.0943951023905565,2.4200520621789616,0.06362349931171332,-3.874149716235693e-12,1.9111725576706964,1.9864394894810589,0.10028841948932607,-1.2490025106136692e-11,-2.152097179635434,-3.560831296095502,0.13253464012218988,-6.30714002230389e-12
1.1333333333333333,1,56,0.10178173908219074,-4.711699318200863e-12,2.094395102390445,2.422570372212417,0.058347800723703026,-3.919376606471793e-12,1.9140865655310617,1.9882197718724315,0.002900751242806254,-1.2476275310944109e-11,-2.152097179645022,-3.5613882184880326,-0.2824974051252559,-6.291558314133378e-12
1.1375,1,56,0.10276741948131314,-4.739018743655306e-12,2.094395102390356,2.4251487566503127,0.05807265988879853,-3.965682386304299e-12,1.9203674585940271,1.9900425229840872,0.06815113172188986,-1.2462197513739703e-11,-2.1520971796547776,-3.5619584262904636,0.13416926154141076,-6.275604903580685e-12
1.1416666666666666,1,56,0.10054845277332689,-4.7669559676605345e-12,2.094395102390285,2.4277854483967483,0.050437367426583786,-4.0130353200647385e-12,1.9240015184605912,1.991906493593463,-0.026101914647470133,-1.2447801362742474e-11,-2.1520971796638175,-3.5625415287108493,-0.2810466600950075,-6.259290724316512e-12
1.1458333333333333,1,56,0.1021713169319039,-4.795491843438711e-12,2.0943951023902283,2.430478640394906,0.052659878282552655,-4.061402954417646e-12,1.9312860288393308,1.99381040622821,0.05058061374187474,-1.2433096724355212e-11,-2.152097179671734,-3.5631371261199183,0.13562000657165915,-6.242626957264417e-12
1.15,1,56,0.1005150677566079,-4.824606813925977e-12,2.0943951023901826,2.433226486865519,0.047510235700885965,-4.110752140602451e-12,1.9336949956937823,1.9957529560417113,-0.034856903641241874,-1.2418093676402557e-11,-2.1520971796773227,-3.5637448103249563,-0.2797431639606986,-6.225625022937963e-12
1.1541666666666666,1,56,0.10072144034384867,-4.854280925175883e-12,2.094395102390146,2.436027104571873,0.04727026433549634,-4.16104905715199e-12,1.9397324589642058,1.9977328117073572,0.05078829642635303,-1.2402802501224154e-11,-2.1520971796853776,-3.5643641648495645,0.13692350270596806,-6.208296573613671e-12
1.1583333333333332,1,56,0.0976958357608982,-4.884493840034836e-12,2.094395102390117,2.438878574110488,0.0397118925122814,-4.212259233072047e-12,1.9428361587218206,1.9997486163309703,-0.025866872391279085,-1.238723367862766e-11,-2.152097179692116,-3.564994765219088,-0.2784139049454947,-6.190653485345134e-12
1.1625,1,56,0.09857603148362833,-4.915224852080161e-12,2.0943951023900933,2.4417789412265747,0.04212662331205915,-4.264347571466056e-12,1.949206933195547,2.0017989883807537,0.0661518934197477,-1.2371397878706404e-11,-2.152097179698074,-3.565636179251534,0.13825276172117199,-6.172707849823758e-12
1.1666666666666667,1,56,0.09619379754964599,-4.9464528998112476e-12,2.0943951023900746,2.444726218153389,0.03711345901486361,-4.3172783735887445e-12,1.9527064663780165,2.003882522634122,-0.004959603703215094,-1.2355305954526634e-11,-2.15209717970373,-3.5662879673537637,-0.27701065131228897,-6.154471966091727e-12
1.1708333333333334,1,56,0.095791537124957,-4.978156581084057e-12,2.0943951023900595,2.4477183849745443,0.037293120521659145,-4.371015363312294e-12,1.9592342562920386,2.0059977911407736,0.08316466739523473,-1.2338968934689374e-11,-2.1520971797093664,-3.5669496828227687,0.1396560153543777,-6.135958332112845e-12
1.175,1,56,0.09222814560988628,-5.010314167779081e-12,2.0943951023900476,2.4507533910083645,0.030085568947166078,-4.425521711988171e-12,1.9627687539129988,2.0081433442013337,-0.0014026608551290462,-1.232239801577197e-11,-2.152097179714006,-3.5676208721518208,-0.275525664897124,-6.117179636207068e-12
1.1791666666666667,1,56,0.0927987407620961,-5.0429036206927045e-12,2.0943951023900382,2.4538291562133154,0.03351150348970792,-4.480760063687645e-12,1.9694287262993433,2.0103177113609076,0.07390712576624944,-1.2305604554654508e-11,-2.1520971797184174,-3.56830107534128,0.14114100176954267,-6.09814874835455e-12
1.1833333333333333,1,56,0.0902804999891175,-5.0759026046417815e-12,2.0943951023900307,2.456943572613563,0.02979758102327411,-4.536692560803678e-12,1.9708779324010701,2.0125194024168556,-0.023164293994636556,-1.2288600060736389e-11,-2.152097179721224,-3.5689898262138566,-0.2741177500583296,-6.078878711375213e-12
1.1875,1,56,0.0899076131364268,-5.109288503771047e-12,2.0943951023900245,2.460094505743676,0.03174312723619916,-4.593280869996639e-12,1.9755996147367354,2.014746908440106,0.04233683477080116,-1.227139618804835e-11,-2.1520971797256476,-3.569686652734108,0.14254891660833705,-6.059382731989842e-12
1.1916666666666667,1,56,0.08636413390671482,-5.143038437052903e-12,2.0943951023900196,2.4632797961114794,0.026470093252701568,-4.6504862084660556e-12,1.9775364005181597,2.0169987028092957,-0.05215166913317961,-1.225400472726538e-11,-2.1520971797294637,-3.570391077331943,-0.27286521561033455,-6.0396741717688615e-12
1.1958333333333333,1,56,0.08494011310631261,-5.177129273968924e-12,2.0943951023900156,2.466497260678064,0.0267414973108593,-4.7082693705304105e-12,1.9829930093103068,2.019273242257044,0.025505655409037577,-1.2236437597625975e-11,-2.152097179733584,-3.57110261722993,0.1438014510563321,-6.019766537974984e-12
1.2,1,56,0.0804810179220183,-5.211537650362364e-12,2.0943951023900125,2.469744694353931,0.020046832979548304,-4.766590754496758e-12,1.9856786358394376,2.02156896792763,-0.05840938302183993,-1.2218706838763293e-11,-2.1520971797370323,-3.5718207847741645,-0.2717161377231839,-5.999673474306001e-12
1.2041666666666666,1,56,0.08031379564542562,-5.246239984450777e-12,2.09439510239001,2.4730198715102527,0.024101055326423232,-4.825410389801747e-12,1.991865434904498,2.023884306445352,0.027445399863071394,-1.220082460245379e-11,-2.1520971797403696,-3.5725450877684852,0.14495052894348273,-5.979408751544082e-12
1.2083333333333333,1,56,0.07707626270998928,-5.281212492987802e-12,2.094395102390008,2.4763205475042045,0.02112610577085107,-4.884687964405444e-12,1.9949586782542648,2.0262176709928443,-0.04948434864569965,-1.2182803144288988e-11,-2.1520971797431705,-3.5732750298117995,-0.27056469758518653,-5.958986258117962e-12
1.2125,1,56,0.07613487720586955,-5.316431207563002e-12,2.0943951023900063,2.479644460217333,0.023930760032501747,-4.944382852419199e-12,2.0011798960769247,2.0285674623986,0.043344913169599486,-1.2164654815276128e-11,-2.1520971797461024,-3.5740101106382927,0.14610196908148013,-5.9384199905845085e-12
1.2166666666666666,1,56,0.07211170083772757,-5.3518719910286215e-12,2.094395102390005,2.4829893316058977,0.01963515670017481,-5.004454141948592e-12,2.0043667529108413,2.0309320702329643,-0.02755358249771955,-1.2146392053373383e-11,-2.1520971797484068,-3.5747498264602835,-0.26932550878065026,-5.917724044036182e-12
1.2208333333333332,1,56,0.07037932900365378,-5.38751055404198e-12,2.094395102390004,2.486352869262128,0.02119605776882515,-5.064860663132407e-12,2.010639656805107,2.033309873911843,0.07061890121660538,-1.2128027374965516e-11,-2.152097179750828,-3.5754936703134983,0.1473411578860164,-5.896912602440961e-12
1.225,1,56,0.06554882790455627,-5.423322471712176e-12,2.094395102390003,2.4897327679853287,0.01553006264507306,-5.125561016358402e-12,2.013958426283241,2.0356992438073673,0.004305141958686989,-1.2109573366285771e-11,-2.1520971797526762,-3.576241132404515,-0.2679451686707408,-5.8759999289213575e-12
1.2291666666666667,1,56,0.06307676930813036,-5.45928320033968e-12,2.0943951023900027,2.4931267113617426,0.015916161663423876,-5.186513600636519e-12,2.0201247953858132,2.0380985423647635,0.09663562976663802,-1.2091042674789901e-11,-2.152097179754639,-3.5769917004601535,0.14872149799592585,-5.855000355979194e-12
1.2333333333333334,1,56,0.05758843786763616,-5.49536809423737e-12,2.0943951023900023,2.496532373352112,0.00900500262052921,-5.247676642110147e-12,2.023222224496862,2.0405061252246477,0.015152915272675422,-1.2072448000488227e-11,-2.152097179756112,-3.57774486007856,-0.26643942081992905,-5.833928275672812e-12
1.2375,1,56,0.05666934798998488,-5.53155242262145e-12,2.094395102390002,2.499947419885825,0.013750070353512445,-5.309008222685821e-12,2.0292267474047625,2.0429203423499893,0.09346576047695938,-1.2053802087241691e-11,-2.1520971797576616,-3.578500095081753,0.1502272458467376,-5.81279812975348e-12
1.2416666666666667,1,56,0.05280904764291821,-5.567811386560693e-12,2.0943951023900014,2.503369510460572,0.011188857868778646,-5.370466308761797e-12,2.0321771730342086,2.045339539156963,-0.0003417022638594369,-1.203511771402785e-11,-2.152097179758879,-3.579256887869387,-0.26495697497724363,-5.791624399767735e-12
1.2458333333333333,1,56,0.05155367888478515,-5.604120135972391e-12,2.094395102390001,2.5067962997464117,0.015295454324442778,-5.4320087800357775e-12,2.038173622419666,2.047762057648919,0.06802327421125887,-1.2016407686182796e-11,-2.1520971797602626,-3.580014719773487,0.15170969168942303,-5.770421597132459e-12
1.25,1,56,0.047239780159935046,-5.640453786653358e-12,2.094395102390001,2.510225439193139,0.012012208605272079,-5.4935934583720664e-12,2.0409516137473767,2.050186237552691,-0.024734351276047607,-1.1997684826625028e-11,-2.152097179761265,-3.5807730714139203,-0.26360767137035157,-5.749204253189475e-12
1.2541666666666667,1,56,0.045507489880182495,-5.676787437334327e-12,2.094395102390001,2.513654578639866,0.015348587588737176,-5.555178136708355e-12,2.0466797023150405,2.0526104174564623,0.054306965654205064,-1.197896196706726e-11,-2.1520971797623965,-3.5815314230543542,0.1530589952963151,-5.72798690924649e-12
1.2583333333333333,1,56,0.04071745703781246,-5.713096186746024e-12,2.094395102390001,2.5170813679257056,0.01134409539796915,-5.616720607982335e-12,2.0491939172726767,2.0550329359484185,-0.02913566651054168,-1.1960251939222207e-11,-2.1520971797632424,-3.582289254958454,-0.2623324632686018,-5.706784106611215e-12
1.2625,1,56,0.03855810706454903,-5.749355150685267e-12,2.094395102390001,2.520503458500453,0.01401259926969614,-5.678178694058311e-12,2.0546441027336155,2.0574521327553925,0.058060277867470526,-1.1941567566008365e-11,-2.1520971797641866,-3.583046047746088,0.15433420339806483,-5.68561037662547e-12
1.2666666666666666,1,56,0.03333254968294367,-5.785539479069347e-12,2.094395102390001,2.5239185050341657,0.009307850257439083,-5.739510274633986e-12,2.0569169350597045,2.0598663498807337,-0.0183030432605735,-1.192292165276183e-11,-2.152097179764888,-3.583801282749281,-0.26104159530270754,-5.664480230706137e-12
1.2708333333333333,1,56,0.03096304249328222,-5.821624372967038e-12,2.094395102390001,2.527324167024535,0.011574615711921353,-5.800673316107613e-12,2.061916931471369,2.062273932740618,0.06515160792029392,-1.1904326978460155e-11,-2.1520971797656645,-3.5845544423676876,0.15562507136395912,-5.643408150399755e-12
1.275,1,56,0.02578747645985928,-5.857585101594541e-12,2.094395102390001,2.530718110400949,0.0069165772896948325,-5.861625900385731e-12,2.06378173948588,2.064673231298014,-0.014635453197126511,-1.1885796286964285e-11,-2.152097179766246,-3.585305010423326,-0.259720493861642,-5.622408577457592e-12
1.2791666666666666,1,56,0.023465416090651475,-5.893397019264734e-12,2.094395102390001,2.534098009124149,0.009267367926910155,-5.922326253611722e-12,2.068404568293527,2.0670626011935385,0.06588645022842905,-1.1867342278284542e-11,-2.152097179766908,-3.586052472514343,0.15694617280502468,-5.60149590393799e-12
1.2833333333333332,1,56,0.018322247643185026,-5.929035582278093e-12,2.094395102390001,2.53746154678038,0.004628205398008099,-5.982732774795538e-12,2.069921056602925,2.069440404872417,-0.016509771418089243,-1.1848977599876675e-11,-2.1520971797674044,-3.586796316367557,-0.25840259545082667,-5.580684462342768e-12
1.2875,1,56,0.01604240154858698,-5.9644763657437144e-12,2.094395102390001,2.5408064181689447,0.007033040440177754,-6.042804064324934e-12,2.074233435954781,2.0718050127067817,0.06177475457390462,-1.1830714837973928e-11,-2.1520971797679778,-3.5875360321895484,0.15826407121584,-5.559988515794441e-12
1.2916666666666667,1,56,0.010930366442581232,-5.999695080318915e-12,2.094395102390001,2.5441303308820733,0.002411805279870635,-6.1024989523386885e-12,2.075458879713557,2.0741548041125375,-0.02261073507991356,-1.1812566508961068e-11,-2.152097179768409,-3.5882711130160416,-0.2571131773916405,-5.539422248260987e-12
1.2958333333333334,1,56,0.008826527612992833,-6.03466758885594e-12,2.094395102390001,2.547431006876025,0.005018244614389531,-6.161776526942386e-12,2.0795236999597146,2.07648816866003,0.05392072959541619,-1.1794545050796267e-11,-2.152097179768911,-3.589001055059356,0.15955348927502613,-5.5189997548348675e-12
1.3,1,56,0.004007485149468805,-6.069369922944353e-12,2.094395102390001,2.5507061840323466,0.000734014705630338,-6.220596162247374e-12,2.080514203227653,2.078803507177752,-0.03206540261558357,-1.1776662814486763e-11,-2.15209717976929,-3.5897253580536765,-0.2558711911873825,-5.498735032072948e-12
1.3041666666666667,1,56,0.0021362012179084147,-6.103778299337792e-12,2.094395102390001,2.553953617708214,0.0036250421470716927,-6.278917546213723e-12,2.0845651402328107,2.0810992328483375,0.05301762635277774,-1.175893205562408e-11,-2.152097179769738,-3.590443525597911,0.16079547547928416,-5.478641968403965e-12
1.3083333333333333,1,56,-0.002457428829784118,-6.1378691362538135e-12,2.094395102390001,2.5571710822747984,-0.00038235927343679434,-6.336700708278077e-12,2.08556060504586,2.083373772296086,-0.0255094022787815,-1.1741364925984676e-11,-2.1520971797700703,-3.591155065495898,-0.25463878256718425,-5.458734334610088e-12
1.3125,1,56,-0.0040973094578014655,-6.171619069535669e-12,2.094395102390001,2.5603563726426017,0.0028099767210182786,-6.393906046747493e-12,2.089231293028049,2.085625566665276,0.06594561496810185,-1.1723973465201706e-11,-2.1520971797704505,-3.591859490093733,0.1620278840994824,-5.439025774389108e-12
1.3166666666666667,1,56,-0.008477375052363545,-6.2050049686649355e-12,2.094395102390001,2.5635073057727147,-0.0009706660673725752,-6.4504943559404545e-12,2.089537050758415,2.087853072688526,-0.007251698188978316,-1.1706769592513667e-11,-2.152097179770731,-3.5925563166139844,-0.25334167418996906,-5.419529795003736e-12
1.3208333333333333,1,56,-0.009844126476565764,-6.2380039526140124e-12,2.094395102390001,2.5666217221729624,0.0025298057574228094,-6.506426853056488e-12,2.092292756951567,2.090054763744474,0.07898606936735975,-1.1689765098595548e-11,-2.152097179771068,-3.5932450674865613,0.1633249924766976,-5.400259758024399e-12
1.325,1,56,-0.013880767905550767,-6.270593405527636e-12,2.094395102390001,2.5696974873779133,-0.0010038919516385904,-6.561665204755962e-12,2.0915295918488592,2.0922291309040477,-0.008794320487626456,-1.1672971637478088e-11,-2.152097179771322,-3.5939252706760203,-0.251978667083422,-5.381228870171882e-12
1.3291666666666666,1,56,-0.014798136943439563,-6.302750992222659e-12,2.094395102390001,2.5727324934117335,0.0029201072882132253,-6.616171553431839e-12,2.0933105978410556,2.0943746839646082,0.06470627459674491,-1.1656400718560682e-11,-2.152097179771644,-3.5945964600050724,0.16468799958324468,-5.362450174266104e-12
1.3333333333333333,1,56,-0.01835329195737326,-6.334454673495469e-12,2.094395102390001,2.575724660232889,-9.711360229396446e-05,-6.6699085431553876e-12,2.091761697965043,2.0964899524712597,-0.024306332872421482,-1.1640063698723422e-11,-2.152097179771897,-3.5952581754740773,-0.2506894657385629,-5.343936540287223e-12
1.3375,1,56,-0.01875596117006483,-6.365682721226555e-12,2.094395102390001,2.578671937159703,0.004346036956136993,-6.722839345278076e-12,2.092812150093194,2.098573486724628,0.04809918545959665,-1.1623971774543652e-11,-2.152097179772221,-3.595909963576307,0.16597720092810378,-5.325700656555191e-12
1.3416666666666666,1,56,-0.02179201444130478,-6.396413733271879e-12,2.094395102390001,2.58157230427579,0.0019095935010778567,-6.774927683672082e-12,2.0905187354459245,2.1006238587744113,-0.041850277099995885,-1.1608135974622395e-11,-2.1520971797724835,-3.5965513776087525,-0.2494828682814105,-5.3077550210338155e-12
1.3458333333333332,1,56,-0.021723486153339574,-6.426626648130832e-12,2.094395102390001,2.5844237738144042,0.006854821255174197,-6.8261378595921405e-12,2.0910541410482772,2.1026396633980244,0.039632542092211495,-1.1592567152025902e-11,-2.152097179772829,-3.5971819779782765,0.16718379838525615,-5.290111932765279e-12
1.35,1,56,-0.024282134082060966,-6.45630075938074e-12,2.094395102390001,2.587224391520759,0.004988230725015131,-6.876434776141681e-12,2.0882393504443653,2.1046195190636703,-0.04235097817948671,-1.1577275976847499e-11,-2.1520971797731097,-3.597801332502885,-0.24831354109836856,-5.2727834834409864e-12
1.3541666666666667,1,56,-0.023726083106858302,-6.4854157298680056e-12,2.094395102390001,2.589972237991372,0.010473911058015546,-6.925783962326487e-12,2.0882235094395267,2.106562068877172,0.04606320999550918,-1.1562272928894844e-11,-2.15209717977348,-3.598409016707923,0.1683531255682981,-5.255781549114532e-12
1.3583333333333334,1,56,-0.02580098885657515,-6.513951605646182e-12,2.094395102390001,2.5926654299895295,0.009147387686625008,-6.9741515966793935e-12,2.0848727027600056,2.1084659815119187,-0.029859225740499824,-1.1547568290507582e-11,-2.152097179773784,-3.599004614116992,-0.24710085292597275,-5.239117782062437e-12
1.3625,1,56,-0.024785343293264143,-6.541888829651411e-12,2.094395102390001,2.595302121735965,0.015135345825931377,-7.021504530439834e-12,2.084625239825058,2.1103299521212944,0.06402526282455118,-1.1533172139510353e-11,-2.1520971797741986,-3.5995877165373775,0.1695658137406939,-5.222803602798265e-12
1.3666666666666667,1,56,-0.02655805104695464,-6.569208255105853e-12,2.094395102390001,2.597880506173861,0.013865332583803815,-7.06781031027234e-12,2.0814229111929308,2.11215270323295,-0.006908306413176696,-1.1519094342305947e-11,-2.152097179774539,-3.6001579243398085,-0.24578254425180077,-5.206850192245571e-12
1.3708333333333333,1,56,-0.02535827139917977,-6.59589115863994e-12,2.094395102390001,2.600398816207316,0.019555313974543145,-7.1130372005084396e-12,2.081082278838326,2.1139329856243227,0.08145374858480314,-1.1505344547113364e-11,-2.1520971797749846,-3.600714846732339,0.1708841224148659,-5.191268484075058e-12
1.375,1,56,-0.026864116273716165,-6.621919253124428e-12,2.094395102390001,2.6028553259124267,0.01797633321013155,-7.157154204896699e-12,2.077620918072105,2.115669579178788,-0.0042867854147356525,-1.1491932177355413e-11,-2.15209717977535,-3.60125810202818,-0.24436252243003367,-5.176069157211184e-12
1.3791666666666667,1,56,-0.025435376795723958,-6.647274700203491e-12,2.094395102390001,2.6052483517201463,0.023359714048345463,-7.200131087846003e-12,2.07709308318887,2.117361293721869,0.07113898241768131,-1.1478866425200363e-11,-2.1520971797758444,-3.6017873179072883,0.17230414423663298,-5.161262628513355e-12
1.3833333333333333,1,56,-0.026795425973763925,-6.671940122520234e-12,2.094395102390001,2.60757625357012,0.021446733240911845,-7.2419383951475235e-12,2.073620641907685,2.1190069698369203,-0.01593291914434941,-1.1466156245262093e-11,-2.152097179776262,-3.602302131671535,-0.24298342956322702,-5.146859045636741e-12
1.3875,1,56,-0.025201204686838445,-6.695898615626265e-12,2.094395102390001,2.609837436034701,0.02648715365331716,-7.282547474161156e-12,2.073115572541927,2.1206054796597367,0.05827864830901102,-1.1453810348463043e-11,-2.1520971797768187,-3.6028021904932817,0.17368323710343964,-5.132868280077569e-12
1.3916666666666666,1,56,-0.026381432436497047,-6.719133759567164e-12,2.094395102390001,2.6120303494123776,0.02431937981610348,-7.321930493452613e-12,2.0696416908283397,2.122155727651532,-0.02981702189828503,-1.1441837196064188e-11,-2.1520971797772943,-3.6032871516571903,-0.24166017228685388,-5.119299920407698e-12
1.3958333333333333,1,56,-0.024669739722149267,-6.741629630135895e-12,2.094395102390001,2.6141534907898585,0.029009063714087936,-7.360060461867698e-12,2.0693440840019255,2.12365665134977,0.053376779056935456,-1.1430244993866112e-11,-2.1520971797779285,-3.6037566827951037,0.17500649437981278,-5.1061632657030925e-12
1.4,1,56,-0.025719485512967877,-6.7633708097864644e-12,2.094395102390001,2.616205405072097,0.026573561627028744,-7.396911247030697e-12,2.066063305677566,2.1251072220963207,-0.026829065390756694,-1.1419041686585157e-11,-2.152097179778461,-3.6042104621138336,-0.24035390625309347,-5.093467319170697e-12
1.4041666666666666,1,56,-0.023876687278469824,-6.7843423982003336e-12,2.094395102390001,2.6181846859795392,0.03096600561968975,-7.432457593254191e-12,2.065907415889642,2.126506445742452,0.06321963940642664,-1.1408234952408514e-11,-2.1520971797791524,-3.6046481786157014,0.1763127604135732,-5.0812207819780864e-12
1.4083333333333332,1,56,-0.024795337804821033,-6.8045300224983606e-12,2.094395102390001,2.6200899770119195,0.02823642491924056,-7.466675138848064e-12,2.062777569444498,2.127853363330169,-0.010990013341880753,-1.1397832197731982e-11,-2.1520971797797257,-3.6050695323116813,-0.23899078050713934,-5.069432047290125e-12
1.4125,1,56,-0.022766474673707474,-6.823919847091247e-12,2.094395102390001,2.6219199723779343,0.032392775432652565,-7.499540432815767e-12,2.06252638689249,2.1291470517494377,0.07435707905829096,-1.1387840552083986e-11,-2.1520971797804545,-3.605474234426997,0.1776758861595273,-5.0581091945167075e-12
1.4166666666666667,1,56,-0.023410980310350733,-6.842498583161755e-12,2.094395102390001,2.6236734178901706,0.029457270229516823,-7.531030950926472e-12,2.059118772688975,2.130386624370837,-0.013934546887247861,-1.1378266863239358e-11,-2.1520971797810633,-3.6058620075990344,-0.2375662841723186,-5.047259983775537e-12
1.4208333333333334,1,56,-0.02113221444387242,-6.860253497772214e-12,2.094395102390001,2.6253491118246615,0.033409866176499395,-7.561125111152056e-12,2.058657504699865,2.1315712316532096,0.05909568283779717,-1.1369117692526218e-11,-2.1520971797818667,-3.606232586067431,0.17910038249434806,-5.0368918505737235e-12
1.425,1,56,-0.021608501962560457,-6.877172422591028e-12,2.094395102390001,2.6269459057444857,0.030251213566150945,-7.589802288458335e-12,2.0551976464316626,2.132700061725897,-0.029986710046023064,-1.136039931032916e-11,-2.152097179782564,-3.606585715856215,-0.23621566531640076,-5.027011900711865e-12
1.4291666666666667,1,56,-0.019220221762404156,-6.8932437622322435e-12,2.094395102390001,2.6284627052868537,0.03387658216022446,-7.617042828940438e-12,2.0548865121471844,2.1337723409451534,0.05222361702526716,-1.135211769179185e-11,-2.1520971797834747,-3.6069211549478686,0.1804510013502659,-5.017626905414081e-12
1.4333333333333333,1,56,-0.019571759993044474,-6.9084565022024534e-12,2.094395102390001,2.629898470913124,0.03048270105817786,-7.642828063292618e-12,2.0515531686223833,2.134787334424364,-0.0287995151858988,-1.1344278512721956e-11,-2.152097179784252,-3.607238673449194,-0.234898363593231,-5.008743296687358e-12
1.4375,1,56,-0.017053428160363343,-6.922800216449575e-12,2.094395102390001,2.631252218621255,0.03384411450321162,-7.667140319603248e-12,2.05131044861684,2.1357443465376975,0.06040685876564645,-1.1336887145701239e-11,-2.1520971797852413,-3.6075380537488706,0.18176830307343567,-5.000367162913373e-12
1.4416666666666667,1,56,-0.01727395709645273,-6.936265074508348e-12,2.094395102390001,2.632523020620188,0.030196168178696914,-7.68996293546628e-12,2.0480460432843937,2.1366427213968553,-0.014498324705628018,-1.1329948656403445e-11,-2.1520971797860775,-3.6078190906665957,-0.23353834027086126,-4.992504244675815e-12
1.4458333333333333,1,56,-0.014563747303274846,-6.948841848237643e-12,2.094395102390001,2.6337100059657117,0.033371752929214606,-7.711280269400813e-12,2.047619771857415,2.1374818433005847,0.07010512025693666,-1.1323467800122555e-11,-2.1520971797871207,-3.6080815915937037,0.1831283263958054,-4.985159930826083e-12
1.45,1,56,-0.014597040926098178,-6.9605219181449695e-12,2.094395102390001,2.634812361157361,0.02949669932199554,-7.731077711570997e-12,2.0441711665909197,2.138261137156647,-0.008837405593385434,-1.1317449018513739e-11,-2.152097179788019,-3.6083253766251717,-0.2321290661040844,-4.978339254790034e-12
1.4541666666666666,1,56,-0.01172706159918839,-6.971297279293847e-12,2.094395102390001,2.6358293306959517,0.03242768897266306,-7.74934169379887e-12,2.0435482434406405,2.13898006887596,0.07222035580157343,-1.1311896436549265e-11,-2.1520971797891537,-3.608550278682916,0.18453760056258225,-4.972046891118322e-12
1.4583333333333333,1,56,-0.011723256004125918,-6.981160546789984e-12,2.094395102390001,2.636760217601361,0.028158880740514845,-7.76605969886332e-12,2.0398873241983675,2.139638145738635,-0.009773437100234242,-1.1306813859691453e-11,-2.1520971797901427,-3.608756143630301,-0.23071070197006716,-4.966287152282697e-12
1.4625,1,56,-0.008950367685853486,-6.990104960842519e-12,2.094395102390001,2.6376043838902024,0.030531033173063587,-7.781220269078757e-12,2.039045597318028,2.1402349167316617,0.06863176346435812,-1.1302204771284605e-11,-2.152097179791398,-3.6089428303777744,0.1859559646965995,-4.961063985720452e-12
1.4666666666666666,1,56,-0.009033596346865073,-6.998124391396848e-12,2.094395102390001,2.6383612510130687,0.025743061601653752,-7.794813014147647e-12,2.035142440613264,2.140769972858011,-0.015670464317688506,-1.1298072330167682e-11,-2.1520971797925044,-3.6091102109795643,-0.22931542624827497,-4.956380971129046e-12
1.4708333333333332,1,56,-0.006338536258376771,-7.005213342335844e-12,2.094395102390001,2.63903030025104,0.02758554871378907,-7.80682861828149e-12,2.034408812933665,2.141242947416941,0.06084880655449522,-1.1294419368509406e-11,-2.152097179793953,-3.6092581707213682,0.18735124041839168,-4.952241318012756e-12
1.475,1,56,-0.006480343132665541,-7.011366955246636e-12,2.094395102390001,2.639611073071189,0.02233160408632463,-7.817258846585404e-12,2.030931847390632,2.141653516255314,-0.024893761538720034,-1.129124838986723e-11,-2.1520971797952395,-3.609386608198969,-0.22796658977140125,-4.94864786348305e-12
1.4791666666666667,1,56,-0.003924220773690114,-7.016581012750316e-12,2.094395102390001,2.6401031714408343,0.02358178283157898,-7.826096550701914e-12,2.0307984054337824,2.1420013979897568,0.06024011565396471,-1.128856156747152e-11,-2.1520971797968573,-3.6094954353877355,0.1887000768952654,-4.945603070314165e-12
1.4833333333333334,1,56,-0.0041921663601344125,-7.0208519413923176e-12,2.094395102390001,2.6405062581003347,0.017796038443341867,-7.83333567371007e-12,2.0279009546940547,2.142286354199505,-0.017955720036296367,-1.1286360742736138e-11,-2.152097179798255,-3.6095845777029485,-0.22663173160216554,-4.943109025255248e-12
1.4875,1,56,-0.001673986615181526,-7.0241768140914865e-12,2.094395102390001,2.640820056794228,0.018602514825207542,-7.838971254276564e-12,2.0280876734485282,2.1425081895898077,0.06379092216154421,-1.1284647423996422e-11,-2.152097179799954,-3.6096539740509175,0.19003493506450111,-4.941167437600202e-12
1.4916666666666667,1,56,-0.001978085511828327,-7.026553352146157e-12,2.094395102390001,2.6410443524605647,0.012360137284730607,-7.84299943005598e-12,2.0254949624479734,2.1426667521257685,-0.017376112687982805,-1.1283422785475455e-11,-2.1520971798014292,-3.6097035768708525,-0.22529166372848808,-4.9397796380162225e-12
1.4958333333333333,1,56,0.0004945609556283411,-7.027979926795858e-12,2.094395102390001,2.6411789913782977,0.012700487476014106,-7.84541744033785e-12,2.0259655153688128,2.1427619331365455,0.06173897219115638,-1.1282687666479306e-11,-2.1520971798032185,-3.6097333521674586,0.19137500293817858,-4.9389465776318194e-12
1.5,1,56,0.00015107391453971977,-7.0284555603375814e-12,2.094395102390001,2.6412238812726394,0.006006156227347732,-7.846223627938712e-12,2.0236326657030124,2.1427936673898285,-0.021736382087337875,-1.1282442570821816e-11,-2.1520971798047643,-3.6097432795342344,-0.22397796117956625,-4.93866882738497e-12
1.5041666666666667,1,56,0.003985933986781993,-7.0284555603375814e-12,2.0944128234960964,2.6412238812726394,0.004885334151234343,-7.846223627938712e-12,2.0062373398173947,2.1427936673898285,0.018611979251535037,-1.1282442570821816e-11,-2.1520971798047643,-3.6097432795342344,-0.47174951428204015,-4.93866882738497e-12
1.5083333333333333,1,56,0.0044720257343828385,-7.0284555603375814e-12,2.094600068315456,2.6412238812726394,0.0034041656380268716,-7.846223627938712e-12,1.8929927730322837,2.1427936673898285,0.05114423608765351,-1.1282442570821816e-11,-2.1520758356012486,-3.6097432795342344,-0.8884161809487068,-4.93866882738497e-12
1.5125,1,56,0.020795865240686773,-7.0284555603375814e-12,2.0947464969181224,2.6412238812726394,0.026618308256901802,-7.846223627938712e-12,1.7366700240950828,2.1427936673898285,0.12800731575781146,-1.1282442570821816e-11,-2.151942458453368,-3.6097432795342344,-0.4717495142820401,-4.93866882738497e-12
1.5166666666666666,1,56,0.035679059773662265,-7.0284555603375814e-12,2.0845059126756302,2.6412238812726394,0.05303348795456246,-7.846223627938712e-12,1.5736520635384361,2.1427936673898285,0.18487318574437409,-1.1282442570821816e-11,-2.1519387967649504,-3.6097432795342344,-0.05508284761537344,-4.93866882738497e-12
1.5208333333333333,1,56,0.04558583971012211,-7.0284555603375814e-12,2.058981580405861,2.6412238812726394,0.07183254250513676,-7.846223627938712e-12,1.4116466370231726,2.1427936673898285,0.2513739828640821,-1.1282442570821816e-11,-2.151705544438947,-3.6097432795342344,-0.4717495142820401,-4.93866882738497e-12
1.525,1,56,0.056217707601576544,-7.0284555603375814e-12,2.030583716250487,2.6412238812726394,0.10101205726401559,-7.846223627938712e-12,1.2490789198894656,2.1427936673898285,0.2859245509651848,-1.1282442570821816e-11,-2.1517023415218475,-3.6097432795342344,-0.05508284761537344,-4.93866882738497e-12
1.5291666666666666,1,56,0.061031258277462475,-7.0284555603375814e-12,1.9970746343379684,2.6412238812726394,0.12003838622220381,-7.846223627938712e-12,1.093944810897,2.1427936673898285,0.33403747048654564,-1.1282442570821816e-11,-2.1517023332802854,-3.6097432795342344,0.22888194545361995,-4.93866882738497e-12
1.5333333333333332,1,56,0.05686418481091233,-7.0284555603375814e-12,1.962749384009706,2.6412238812726394,0.10749387064492083,-7.846223627938712e-12,0.9931556008904867,2.1427936673898285,0.4495661896898936,-1.1282442570821816e-11,-2.1416130635497126,-3.6097432795342344,0.2051290005929889,-4.93866882738497e-12
1.5375,1,56,0.05895468808376897,-7.0284555603375814e-12,1.93718150352296,2.6412238812726394,0.10297848463290891,-7.846223627938712e-12,0.9366735507763059,2.1427936673898285,0.6003789300411727,-1.1282442570821816e-11,-2.1327033193606892,-3.6097432795342344,0.4554777560833687,-4.93866882738497e-12
1.5416666666666667,1,56,0.06416206630111755,-7.0284555603375814e-12,1.9226996442307254,2.6412238812726394,0.10075523701813519,-7.846223627938712e-12,0.9222607227513699,2.1427936673898285,0.7651284058713927,-1.1282442570821816e-11,-2.1124799072734732,-3.6097432795342344,0.6013374281920887,-4.93866882738497e-12
1.5458333333333334,1,56,0.07230735692385042,-7.0284555603375814e-12,1.9163108201332508,2.6412238812726394,0.11204207156038762,-7.846223627938712e-12,0.9359237523511238,2.1427936673898285,0.8463327689735578,-1.1282442570821816e-11,-2.0771646653109204,-3.6097432795342344,0.61881634239003,-4.93866882738497e-12
1.55,1,56,0.07592154380645119,-7.0284555603375814e-12,1.908582651318042,2.6412238812726394,0.11995385771962422,-7.846223627938712e-12,0.9516287819232995,2.1427936673898285,0.8644626456892396,-1.1282442570821816e-11,-2.1500271482502944,-3.6097432795342344,0.6151269107349059,-4.93866882738497e-12
1.5541666666666667,1,56,0.08655596752661274,-7.0284555603375814e-12,1.9130609801789513,2.6412238812726394,0.14189463368429964,-7.846223627938712e-12,0.9972065316023452,2.1427936673898285,0.852481244123861,-1.1282442570821816e-11,-2.117838258618414,-3.6097432795342344,0.5082930839776189,-4.93866882738497e-12
1.5583333333333333,1,56,0.09468638388271763,-7.0284555603375814e-12,1.9225824855864666,2.6412238812726394,0.15135486216929836,-7.846223627938712e-12,1.0605677022464317,2.1427936673898285,0.8712315929454111,-1.1282442570821816e-11,-2.077788596885162,-3.6097432795342344,0.4173651069161989,-4.93866882738497e-12
1.5625,1,56,0.10315917475830962,-7.0284555603375814e-12,1.928833333118714,2.6412238812726394,0.16663968207397767,-7.846223627938712e-12,1.119268244943739,2.1427936673898285,0.8626868563565592,-1.1282442570821816e-11,-2.105952167662399,-3.6097432795342344,0.3489703582284447,-4.93866882738497e-12
1.5666666666666667,1,56,0.11180811422459123,-7.0284555603375814e-12,1.9437338929091423,2.6412238812726394,0.179114862701356,-7.846223627938712e-12,1.1856247091721275,2.1427936673898285,0.839569559811166,-1.1282442570821816e-11,-2.103640754607919,-3.6097432795342344,0.3324484928372342,-4.93866882738497e-12
1.5708333333333333,1,56,0.11630086498092719,-7.0284555603375814e-12,1.95689940543366,2.6412238812726394,0.18065127355562285,-7.846223627938712e-12,1.2587009258766266,2.1427936673898285,0.8267355949651944,-1.1282442570821816e-11,-2.088812104813476,-3.6097432795342344,0.2701318559991645,-4.93866882738497e-12
1.575,1,56,0.11979464017061568,-7.0284555603375814e-12,1.9665297289772496,2.6412238812726394,0.18365998095830383,-7.846223627938712e-12,1.3293354467701861,2.1427936673898285,0.8225435624014701,-1.1282442570821816e-11,-2.1430781844789095,-3.6097432795342344,0.42327587940402217,-4.93866882738497e-12
1.5791666666666666,1,56,0.12484237217580901,-7.0284555603375814e-12,1.9797808857807577,2.6412238812726394,0.19259693899439975,-7.846223627938712e-12,1.400812170554312,2.1427936673898285,0.7218950147887552,-1.1282442570821816e-11,-2.1419283392618267,-3.6097432795342344,0.3919671269205793,-4.93866882738497e-12
1.5833333333333333,1,56,0.12485065102264489,-7.0284555603375814e-12,1.9927641599401005,2.6412238812726394,0.19290258709390662,-7.846223627938712e-12,1.4709842365713854,2.1427936673898285,0.6009633611711396,-1.1282442570821816e-11,-2.141408877048525,-3.6097432795342344,0.337418484166498,-4.93866882738497e-12
1.5875,1,56,0.1211376444871551,-7.0284555603375814e-12,2.0046754389328907,2.6412238812726394,0.188802737248208,-7.846223627938712e-12,1.5403423940355898,2.1427936673898285,0.46781985924237135,-1.1282442570821816e-11,-2.1409258446051314,-3.6097432795342344,0.27436371870039417,-4.93866882738497e-12
1.5916666666666666,1,56,0.11428408937486582,-7.0284555603375814e-12,2.0151654970079305,2.6412238812726394,0.18117128450333325,-7.846223627938712e-12,1.609893772778796,2.1427936673898285,0.3379169283211724,-1.1282442570821816e-11,-2.140631689084693,-3.6097432795342344,0.352168019152197,-4.93866882738497e-12
1.5958333333333332,1,56,0.10388962436640417,-7.0284555603375814e-12,2.0241715208492495,2.6412238812726394,0.17069164768438527,-7.846223627938712e-12,1.679366208588924,2.1427936673898285,0.18685954437136784,-1.1282442570821816e-11,-2.1396294428883396,-3.6097432795342344,0.27496938639891705,-4.93866882738497e-12
1.6,1,56,0.0940455445750664,-7.0284555603375814e-12,2.0308342808187083,2.6412238812726394,0.16186749215302565,-7.846223627938712e-12,1.7505167767077878,2.1427936673898285,0.05965079046274292,-1.1282442570821816e-11,-2.138625805043364,-3.6097432795342344,0.3611412896311514,-4.93866882738497e-12
1.6041666666666667,1,56,0.0805879078954143,-7.0284555603375814e-12,2.035832443923502,2.6412238812726394,0.14753092548823174,-7.846223627938712e-12,1.8218086795539934,2.1427936673898285,-0.06420216899881415,-1.1282442570821816e-11,-2.1365352961279593,-3.6097432795342344,0.29068005165314004,-4.93866882738497e-12
1.6083333333333334,1,56,0.06837080563559177,-7.0284555603375814e-12,2.039128600850272,2.6412238812726394,0.1330414122732436,-7.846223627938712e-12,1.8936954685903935,2.1427936673898285,-0.14769147333265237,-1.1282442570821816e-11,-2.134549263763521,-3.6097432795342344,0.3909056843452434,-4.93866882738497e-12
1.6125,1,56,0.053483221628337706,-7.0284555603375814e-12,2.0414139460477587,2.6412238812726394,0.11318830428740603,-7.846223627938712e-12,1.9639903721078753,2.1427936673898285,-0.21857610556579812,-1.1282442570821816e-11,-2.133587013006957,-3.6097432795342344,0.31199661202256035,-4.93866882738497e-12
1.6166666666666667,1,56,0.03989710587843546,-7.0284555603375814e-12,2.0427795477082125,2.6412238812726394,0.09245631059742376,-7.846223627938712e-12,2.0321671260544925,2.1427936673898285,-0.24845455096724967,-1.1282442570821816e-11,-2.1235955554565935,-3.6097432795342344,0.2891654345577479,-4.93866882738497e-12
1.6208333333333333,1,56,0.029280501388144444,-7.0284555603375814e-12,2.0427412913343432,2.6412238812726394,0.07274661499021837,-7.846223627938712e-12,2.097332837078827,2.1427936673898285,-0.22933516571495569,-1.1282442570821816e-11,-2.115633274210685,-3.6097432795342344,0.4296624013419511,-4.93866882738497e-12
1.625,1,56,0.017190601625838322,-7.0284555603375814e-12,2.034567846441346,2.6412238812726394,0.05204840367901638,-7.846223627938712e-12,2.0963819136168396,2.1427936673898285,-0.23006992665507148,-1.1282442570821816e-11,-2.1107279221216446,-3.6097432795342344,0.36915961839082745,-4.93866882738497e-12
1.6291666666666667,1,56,0.008111568709305754,-7.0284555603375814e-12,2.028527608255129,2.6412238812726394,0.03513105595794449,-7.846223627938712e-12,2.0953012168970164,2.1427936673898285,-0.21655882351116393,-1.1282442570821816e-11,-2.1068998391807585,-3.6097432795342344,0.3134171080060707,-4.93866882738497e-12
1.6333333333333333,1,56,0.0027143244052354252,-7.0284555603375814e-12,2.023922938002441,2.6412238812726394,0.026075702939158285,-7.846223627938712e-12,2.0943152209249773,2.1427936673898285,-0.21650446779038288,-1.1282442570821816e-11,-2.1038525670848345,-3.6097432795342344,0.24793765243375665,-4.93866882738497e-12
1.6375,1,56,4.2389420760289725e-05,-7.0284555603375814e-12,2.020868754758252,2.6412238812726394,0.020933688741542174,-7.846223627938712e-12,2.093142019842099,2.1427936673898285,-0.19897887272889717,-1.1282442570821816e-11,-2.1020345868871524,-3.6097432795342344,0.33928072012651156,-4.93866882738497e-12
1.6416666666666666,1,56,-0.005727922114183567,-7.0284555603375814e-12,2.019731661683435,2.6412238812726394,0.01335170726994206,-7.846223627938712e-12,2.0917362369705175,2.1427936673898285,-0.21495473543376228,-1.1282442570821816e-11,-2.0993548442246253,-3.6097432795342344,0.2575323764315551,-4.93866882738497e-12
1.6458333333333333,1,56,-0.009095376287565666,-7.0284555603375814e-12,2.020269691489521,2.6412238812726394,0.006610539826710802,-7.846223627938712e-12,2.08983207367787,2.1427936673898285,-0.1896120623852723,-1.1282442570821816e-11,-2.0978286711783922,-3.6097432795342344,0.3387538922917908,-4.93866882738497e-12
1.65,1,56,-0.013646141255068082,-7.0284555603375814e-12,2.022658802001663,2.6412238812726394,0.002558702020676599,-7.846223627938712e-12,2.087969107854037,2.1427936673898285,-0.20323292559561296,-1.1282442570821816e-11,-2.098003025208571,-3.6097432795342344,0.2526951017264111,-4.93866882738497e-12
1.6541666666666666,1,56,-0.01727382200702245,-7.0284555603375814e-12,2.0267670780871354,2.6412238812726394,-0.004518901457928189,-7.846223627938712e-12,2.0855459629650555,2.1427936673898285,-0.17361366413593984,-1.1282442570821816e-11,-2.0986130826292007,-3.6097432795342344,0.33384458419445434,-4.93866882738497e-12
1.6583333333333332,1,56,-0.021966513316200913,-7.0284555603375814e-12,2.0325705628062622,2.6412238812726394,-0.008692205239538574,-7.846223627938712e-12,2.0832910859636864,2.1427936673898285,-0.1817268503020636,-1.1282442570821816e-11,-2.0972313542673304,-3.6097432795342344,0.26633874714593936,-4.93866882738497e-12
1.6624999999999999,1,56,-0.025849307951954874,-7.0284555603375814e-12,2.040061939922945,2.6412238812726394,-0.016079006205548727,-7.846223627938712e-12,2.0806094037324128,2.1427936673898285,-0.14660959611899058,-1.1282442570821816e-11,-2.0961087200205553,-3.6097432795342344,0.3678560386965576,-4.93866882738497e-12
1.6666666666666667,1,56,-0.030754326667925356,-7.0284555603375814e-12,2.048520837945556,2.6412238812726394,-0.02010933289676487,-7.846223627938712e-12,2.077550867762795,2.1427936673898285,-0.15396688244180837,-1.1282442570821816e-11,-2.094793407462183,-3.6097432795342344,0.2975602905566816,-4.93866882738497e-12
1.6708333333333334,1,56,-0.03569440242434101,-7.0284555603375814e-12,2.057888066408606,2.6412238812726394,-0.027826699694046716,-7.846223627938712e-12,2.0740232428107577,2.1427936673898285,-0.12642518541373132,-1.1282442570821816e-11,-2.0925962080217837,-3.6097432795342344,0.25414844205686304,-4.93866882738497e-12
1.675,1,56,-0.0362142682161367,-7.0284555603375814e-12,2.0636864671462223,2.6412238812726394,-0.02629326038379237,-7.846223627938712e-12,2.069893015393841,2.1427936673898285,-0.11122548287403382,-1.1282442570821816e-11,-2.175530224850583,-3.6097432795342344,0.3632449704978904,-4.93866882738497e-12
1.6791666666666667,1,56,-0.040860571225063765,-7.0284555603375814e-12,2.07556316845577,2.6412238812726394,-0.026776543242629673,-7.846223627938712e-12,2.0659587066960334,2.1427936673898285,-0.14143983408765337,-1.1282442570821816e-11,-2.1744853510917923,-3.6097432795342344,0.2854609823276114,-4.93866882738497e-12
1.6833333333333333,1,56,-0.044453883896324195,-7.0284555603375814e-12,2.0883582962181877,2.6412238812726394,-0.030306362792620844,-7.846223627938712e-12,2.062111322705687,2.1427936673898285,-0.12723780473207277,-1.1282442570821816e-11,-2.174267964056179,-3.6097432795342344,0.3718468828233331,-4.93866882738497e-12
1.6875,1,56,-0.050970860476508596,-7.0284555603375814e-12,2.101957712370553,2.6412238812726394,-0.03495365348379589,-7.846223627938712e-12,2.058035813517961,2.1427936673898285,-0.15703352297365886,-1.1282442570821816e-11,-2.173610877418244,-3.6097432795342344,0.2843118407075412,-4.93866882738497e-12
1.6916666666666667,1,56,-0.056563296771842436,-7.0284555603375814e-12,2.100324622390544,2.6412238812726394,-0.04282138597490017,-7.846223627938712e-12,2.0491196516502783,2.1427936673898285,-0.1426981697994301,-1.1282442570821816e-11,-2.1731189185087985,-3.6097432795342344,0.3633271331308611,-4.93866882738497e-12
1.6958333333333333,1,56,-0.06281720829277192,-7.0284555603375814e-12,2.099009701841506,2.6412238812726394,-0.04636431355104063,-7.846223627938712e-12,2.0415432520621435,2.1427936673898285,-0.1751639794839773,-1.1282442570821816e-11,-2.1722520327656163,-3.6097432795342344,0.27322871013239514,-4.93866882738497e-12
1.7,1,56,-0.06764346458116467,-7.0284555603375814e-12,2.0979582096278455,2.6412238812726394,-0.052573422519856104,-7.846223627938712e-12,2.03527521314748,2.1427936673898285,-0.15901748979752045,-1.1282442570821816e-11,-2.1716682946002543,-3.6097432795342344,0.3523657360735982,-4.93866882738497e-12
1.7041666666666666,1,56,-0.07490166801006423,-7.0284555603375814e-12,2.097126338899978,2.6412238812726394,-0.05902001515749759,-7.846223627938712e-12,2.0291827304492958,2.1427936673898285,-0.18785185303036062,-1.1282442570821816e-11,-2.170097741737592,-3.6097432795342344,0.2623622397054926,-4.93866882738497e-12
1.7083333333333333,1,56,-0.07911574510628674,-7.0284555603375814e-12,2.096455587337482,2.6412238812726394,-0.06601125560308478,-7.846223627938712e-12,2.0228884238308913,2.1427936673898285,-0.16864910922625326,-1.1282442570821816e-11,-2.169484269469547,-3.6097432795342344,0.3439719417203471,-4.93866882738497e-12
1.7125,1,56,-0.08361162568759198,-7.0284555603375814e-12,2.0959107260021983,2.6412238812726394,-0.06801851833408194,-7.846223627938712e-12,2.0166861987098064,2.1427936673898285,-0.19679971626403306,-1.1282442570821816e-11,-2.168509355932829,-3.6097432795342344,0.25673680389401105,-4.93866882738497e-12
1.7166666666666666,1,56,-0.08656481941241578,-7.0284555603375814e-12,2.0954752511910755,2.6412238812726394,-0.07234300728697649,-7.846223627938712e-12,2.0102705856089838,2.1427936673898285,-0.17679783648468894,-1.1282442570821816e-11,-2.168074997219202,-3.6097432795342344,0.33692258297809297,-4.93866882738497e-12
1.7208333333333332,1,56,-0.09168167873237781,-7.0284555603375814e-12,2.095120860997811,2.6412238812726394,-0.07684642514479056,-7.846223627938712e-12,2.0039297407979455,2.1427936673898285,-0.19711164386541694,-1.1282442570821816e-11,-2.16751151540648,-3.6097432795342344,0.2479429308115377,-4.93866882738497e-12
1.7249999999999999,1,56,-0.0951374424012231,-7.0284555603375814e-12,2.0948451546678184,2.6412238812726394,-0.0835090136221378,-7.846223627938712e-12,1.9973418498366795,2.1427936673898285,-0.1692746662600929,-1.1282442570821816e-11,-2.1672608028442757,-3.6097432795342344,0.3275860997821375,-4.93866882738497e-12
1.7291666666666667,1,56,-0.09872489468352136,-7.0284555603375814e-12,2.094623619201434,2.6412238812726394,-0.0850499401993389,-7.846223627938712e-12,1.9924185637515057,2.1427936673898285,-0.18921702452892325,-1.1282442570821816e-11,-2.1666187355996267,-3.6097432795342344,0.23880039811996479,-4.93866882738497e-12
1.7333333333333334,1,56,-0.10070825282514735,-7.0284555603375814e-12,2.094452359545749,2.6412238812726394,-0.08884677718847334,-7.846223627938712e-12,1.987220596269179,2.1427936673898285,-0.16142527422938427,-1.1282442570821816e-11,-2.1662543800080196,-3.6097432795342344,0.3191987099759886,-4.93866882738497e-12
1.7375,1,56,-0.10463705405539525,-7.0284555603375814e-12,2.094310620442241,2.6412238812726394,-0.091933470126376,-7.846223627938712e-12,1.9820740344467844,2.1427936673898285,-0.17880722459109444,-1.1282442570821816e-11,-2.1656077290629794,-3.6097432795342344,0.23046367931472866,-4.93866882738497e-12
1.7416666666666667,1,56,-0.10671566083228036,-7.0284555603375814e-12,2.0958531557226254,2.6412238812726394,-0.09662766217282234,-7.846223627938712e-12,1.9774863274425218,2.1427936673898285,-0.14907347520710273,-1.1282442570821816e-11,-2.1649375715276475,-3.6097432795342344,0.3120951315693961,-4.93866882738497e-12
1.7458333333333333,1,56,-0.11090736699437227,-7.0284555603375814e-12,2.095431513557704,2.6412238812726394,-0.10093146334085178,-7.846223627938712e-12,1.9724500895643027,2.1427936673898285,-0.16456828044760216,-1.1282442570821816e-11,-2.164231640544852,-3.6097432795342344,0.22355183781298094,-4.93866882738497e-12
1.75,1,56,-0.11322279057070794,-7.0284555603375814e-12,2.0950890957063817,2.6412238812726394,-0.10651430039013547,-7.846223627938712e-12,1.9674369067424897,2.1427936673898285,-0.13654079817008913,-1.1282442570821816e-11,-2.1640809672377364,-3.6097432795342344,0.30271068548709124,-4.93866882738497e-12
1.7541666666666667,1,56,-0.11737200042177579,-7.0284555603375814e-12,2.0948191117783117,2.6412238812726394,-0.11130205373827202,-7.846223627938712e-12,1.9627262722545145,2.1427936673898285,-0.1533888047506861,-1.1282442570821816e-11,-2.1634986014558226,-3.6097432795342344,0.2132636822819143,-4.93866882738497e-12
1.7583333333333333,1,56,-0.11951881386563046,-7.0284555603375814e-12,2.0946064110716702,2.6412238812726394,-0.11704087829042688,-7.846223627938712e-12,1.9580791442052836,2.1427936673898285,-0.127396863388685,-1.1282442570821816e-11,-2.1628992762817023,-3.6097432795342344,0.2936586370991874,-4.93866882738497e-12
1.7625,1,56,-0.12237694713262169,-7.0284555603375814e-12,2.0944300185547693,2.6412238812726394,-0.12058356066892288,-7.846223627938712e-12,1.95365339106793,2.1427936673898285,-0.13909153490488277,-1.1282442570821816e-11,-2.162216226899573,-3.6097432795342344,0.20580437414530958,-4.93866882738497e-12
1.7666666666666666,1,56,-0.12330704937609527,-7.0284555603375814e-12,2.094283103955526,2.6412238812726394,-0.12520335700548293,-7.846223627938712e-12,1.9493067979762624,2.1427936673898285,-0.10754638130121674,-1.1282442570821816e-11,-2.162166947772342,-3.6097432795342344,0.28492038778715384,-4.93866882738497e-12
1.7708333333333333,1,56,-0.12477311300451727,-7.0284555603375814e-12,2.095509870291222,2.6412238812726394,-0.1268985600085299,-7.846223627938712e-12,1.9457877761024376,2.1427936673898285,-0.11770937326698938,-1.1282442570821816e-11,-2.161566742872437,-3.6097432795342344,0.19678371253267843,-4.93866882738497e-12
1.775,1,56,-0.12445625504664302,-7.0284555603375814e-12,2.0951572818787922,2.6412238812726394,-0.12953609800827653,-7.846223627938712e-12,1.9417761541642882,2.1427936673898285,-0.0894947924024022,-1.1282442570821816e-11,-2.1609732233649988,-3.6097432795342344,0.27684384530500084,-4.93866882738497e-12
1.7791666666666666,1,56,-0.12484250843817189,-7.0284555603375814e-12,2.0948682192056887,2.6412238812726394,-0.1295718369656983,-7.846223627938712e-12,1.9378741470294565,2.1427936673898285,-0.102762107286684,-1.1282442570821816e-11,-2.160326341970793,-3.6097432795342344,0.18886298299721727,-4.93866882738497e-12
1.7833333333333332,1,56,-0.1233679661261421,-7.0284555603375814e-12,2.0946282525002053,2.6412238812726394,-0.13043449727310957,-7.846223627938712e-12,1.9344163796494434,2.1427936673898285,-0.07611846637715486,-1.1282442570821816e-11,-2.160296796593037,-3.6097432795342344,0.2672188112388021,-4.93866882738497e-12
1.7874999999999999,1,56,-0.12263353026434577,-7.0284555603375814e-12,2.0944465642546124,2.6412238812726394,-0.12885404937206038,-7.846223627938712e-12,1.9313275595946926,2.1427936673898285,-0.09068108923438224,-1.1282442570821816e-11,-2.159542054400044,-3.6097432795342344,0.17862505349871255,-4.93866882738497e-12
1.7916666666666667,1,56,-0.12008322224694806,-7.0284555603375814e-12,2.0942935033441077,2.6412238812726394,-0.12819161616241026,-7.846223627938712e-12,1.9287331571275506,2.1427936673898285,-0.0656445599118374,-1.1282442570821816e-11,-2.1594825795483565,-3.6097432795342344,0.25690661277658466,-4.93866882738497e-12
1.7958333333333334,1,56,-0.11808238438767246,-7.0284555603375814e-12,2.0955029757500263,2.6412238812726394,-0.12430335575692415,-7.846223627938712e-12,1.9270034522174897,2.1427936673898285,-0.08611339286975425,-1.1282442570821816e-11,-2.158678953576209,-3.6097432795342344,0.16867735086069813,-4.93866882738497e-12
1.8,1,56,-0.11445942288292847,-7.0284555603375814e-12,2.0951320660024506,2.6412238812726394,-0.12177970642325425,-7.846223627938712e-12,1.9250004369925102,2.1427936673898285,-0.0659183469530561,-1.1282442570821816e-11,-2.15848353735494,-3.6097432795342344,0.24666754102098543,-4.93866882738497e-12
1.8041666666666667,1,56,-0.11154217749205707,-7.0284555603375814e-12,2.0948381767386546,2.6412238812726394,-0.1164716540239774,-7.846223627938712e-12,1.9232421081218836,2.1427936673898285,-0.08969946646919513,-1.1282442570821816e-11,-2.1579456923147573,-3.6097432795342344,0.1570640951503391,-4.93866882738497e-12
1.8083333333333333,1,56,-0.10684063675797116,-7.0284555603375814e-12,2.0946166425555033,2.6412238812726394,-0.1122173684213257,-7.846223627938712e-12,1.9221348310322157,2.1427936673898285,-0.07363513834085961,-1.1282442570821816e-11,-2.157301828261263,-3.6097432795342344,0.23685552960161746,-4.93866882738497e-12
1.8125,1,56,-0.10303923982110554,-7.0284555603375814e-12,2.0944273139261176,2.6412238812726394,-0.10583837905691643,-7.846223627938712e-12,1.9211429169633143,2.1427936673898285,-0.09784191661179753,-1.1282442570821816e-11,-2.1565620889641006,-3.6097432795342344,0.14830022692705055,-4.93866882738497e-12
1.8166666666666667,1,56,-0.09773619297488119,-7.0284555603375814e-12,2.094275825404245,2.6412238812726394,-0.10103920011257657,-7.846223627938712e-12,1.9207617035012874,2.1427936673898285,-0.08163004682430854,-1.1282442570821816e-11,-2.1565368884097533,-3.6097432795342344,0.22633050429307278,-4.93866882738497e-12
1.8208333333333333,1,56,-0.09337201325819104,-7.0284555603375814e-12,2.0954607702236445,2.6412238812726394,-0.09425633338077574,-7.846223627938712e-12,1.9211534971932935,2.1427936673898285,-0.1054015008773027,-1.1282442570821816e-11,-2.155480321290836,-3.6097432795342344,0.13882453775738285,-4.93866882738497e-12
1.825,1,56,-0.08964472621529437,-7.0284555603375814e-12,2.0951005082031307,2.6412238812726394,-0.09406839732090556,-7.846223627938712e-12,1.9214076157094502,2.1427936673898285,-0.08514069492148886,-1.1282442570821816e-11,-2.1553905257863692,-3.6097432795342344,0.2164030266424445,-4.93866882738497e-12
1.8291666666666666,1,56,-0.08692462338036074,-7.0284555603375814e-12,2.0948230394035248,2.6412238812726394,-0.09204363325368464,-7.846223627938712e-12,1.9219454516656267,2.1427936673898285,-0.10474420190936798,-1.1282442570821816e-11,-2.1543952516845493,-3.6097432795342344,0.12831437984709018,-4.93866882738497e-12
1.8333333333333333,1,56,-0.08265122658652423,-7.0284555603375814e-12,2.0945908660018677,2.6412238812726394,-0.09145443290909928,-7.846223627938712e-12,1.922926512049772,2.1427936673898285,-0.08470413869413013,-1.1282442570821816e-11,-2.154294090638079,-3.6097432795342344,0.20698409232659384,-4.93866882738497e-12
1.8375,1,56,-0.07951237999545262,-7.0284555603375814e-12,2.0944178261577635,2.6412238812726394,-0.0891710712812941,-7.846223627938712e-12,1.924178158741236,2.1427936673898285,-0.10470392088271781,-1.1282442570821816e-11,-2.153246726225334,-3.6097432795342344,0.12016617450983408,-4.93866882738497e-12
1.8416666666666666,1,56,-0.07495621589367303,-7.0284555603375814e-12,2.0942646330336085,2.6412238812726394,-0.08851235034666205,-7.846223627938712e-12,1.925816847836241,2.1427936673898285,-0.08451773750889335,-1.1282442570821816e-11,-2.1530872027652834,-3.6097432795342344,0.19975772213939158,-4.93866882738497e-12
1.8458333333333332,1,56,-0.07146087519249006,-7.0284555603375814e-12,2.095492756062103,2.6412238812726394,-0.08603090014353844,-7.846223627938712e-12,1.9283037426594174,2.1427936673898285,-0.10426785786205028,-1.1282442570821816e-11,-2.1519273761058453,-3.6097432795342344,0.11425204471292996,-4.93866882738497e-12
1.8499999999999999,1,56,-0.06664324235101365,-7.0284555603375814e-12,2.095125768519598,2.6412238812726394,-0.0853727565555549,-7.846223627938712e-12,1.9305012166917226,2.1427936673898285,-0.08405643191585015,-1.1282442570821816e-11,-2.1517710826676817,-3.6097432795342344,0.19432611498256167,-4.93866882738497e-12
1.8541666666666667,1,56,-0.06313506813429007,-7.0284555603375814e-12,2.094848049364437,2.6412238812726394,-0.08345631940920767,-7.846223627938712e-12,1.9329908076129392,2.1427936673898285,-0.1034266615826039,-1.1282442570821816e-11,-2.1506475538009497,-3.6097432795342344,0.10902937181437772,-4.93866882738497e-12
1.8583333333333334,1,56,-0.05836008435064407,-7.0284555603375814e-12,2.0946103620733214,2.6412238812726394,-0.08351341287317765,-7.846223627938712e-12,1.9358595830965828,2.1427936673898285,-0.08268818295546736,-1.1282442570821816e-11,-2.1504520319677907,-3.6097432795342344,0.18997276233858898,-4.93866882738497e-12
1.8625,1,56,-0.05504218267762338,-7.0284555603375814e-12,2.0944350758130583,2.6412238812726394,-0.08256828568735632,-7.846223627938712e-12,1.9390060575264796,2.1427936673898285,-0.10039102464116394,-1.1282442570821816e-11,-2.148870790873306,-3.6097432795342344,0.10453538099452409,-4.93866882738497e-12
1.8666666666666667,1,56,-0.05057992748190492,-7.0284555603375814e-12,2.0942909851146605,2.6412238812726394,-0.08378033206650841,-7.846223627938712e-12,1.9424543756463468,2.1427936673898285,-0.07841652732161562,-1.1282442570821816e-11,-2.1491424670816275,-3.6097432795342344,0.1847052255457692,-4.93866882738497e-12
1.8708333333333333,1,56,-0.04748229924590759,-7.0284555603375814e-12,2.095459433500902,2.6412238812726394,-0.08373371649895386,-7.846223627938712e-12,1.9462870852601555,2.1427936673898285,-0.09600291962078618,-1.1282442570821816e-11,-2.1469683829986086,-3.6097432795342344,0.09790910584508872,-4.93866882738497e-12
1.875,1,56,-0.04231580983588226,-7.0284555603375814e-12,2.0951115351951866,2.6412238812726394,-0.08476682428521527,-7.846223627938712e-12,1.9498423242514553,2.1427936673898285,-0.06759653735154122,-1.1282442570821816e-11,-2.1464796043591257,-3.6097432795342344,0.1744394916416549,-4.93866882738497e-12
1.8791666666666667,1,56,-0.03852832249873448,-7.0284555603375814e-12,2.094833208651284,2.6412238812726394,-0.08413648508069065,-7.846223627938712e-12,1.953331307313077,2.1427936673898285,-0.08263926590915664,-1.1282442570821816e-11,-2.145277324660375,-3.6097432795342344,0.0825876747757136,-4.93866882738497e-12
1.8833333333333333,1,56,-0.03258913341387929,-7.0284555603375814e-12,2.0946091858022684,2.6412238812726394,-0.08439070548220164,-7.846223627938712e-12,1.9571545248927036,2.1427936673898285,-0.05176955222216142,-1.1282442570821816e-11,-2.144177051291111,-3.6097432795342344,0.15766662581252527,-4.93866882738497e-12
1.8875,1,56,-0.028192547643891275,-7.0284555603375814e-12,2.0944452838393195,2.6412238812726394,-0.08319895062079528,-7.846223627938712e-12,1.961030336212174,2.1427936673898285,-0.06478293980636379,-1.1282442570821816e-11,-2.1427731060542454,-3.6097432795342344,0.0635331719173339,-4.93866882738497e-12
1.8916666666666666,1,56,-0.021719171213997527,-7.0284555603375814e-12,2.0943038889125325,2.6412238812726394,-0.08246791030364227,-7.846223627938712e-12,1.9651741771492426,2.1427936673898285,-0.03616083688923681,-1.1282442570821816e-11,-2.1417682091777324,-3.6097432795342344,0.14025624304306958,-4.93866882738497e-12
1.8958333333333333,1,56,-0.01679380746993528,-7.0284555603375814e-12,2.0955043504019053,2.6412238812726394,-0.08030850439947121,-7.846223627938712e-12,1.9696953600330345,2.1427936673898285,-0.05010098412605215,-1.1282442570821816e-11,-2.1406387596714156,-3.6097432795342344,0.050345291459056446,-4.93866882738497e-12
1.9,1,56,-0.009925187058564024,-7.0284555603375814e-12,2.095136583734196,2.6412238812726394,-0.07895588284262336,-7.846223627938712e-12,1.9740830062962362,2.1427936673898285,-0.021632211558020604,-1.1282442570821816e-11,-2.1409402116527003,-3.6097432795342344,0.12623583313489514,-4.93866882738497e-12
1.9041666666666666,1,56,-0.006374961455702511,-7.0284555603375814e-12,2.094866574742826,2.6412238812726394,-0.07815592241215016,-7.846223627938712e-12,1.9783786750025532,2.1427936673898285,-0.03808171531486232,-1.1282442570821816e-11,-2.139565599027014,-3.6097432795342344,0.03510418994070832,-4.93866882738497e-12
1.9083333333333332,1,56,-0.0009311077315336623,-7.0284555603375814e-12,2.094648045033178,2.6412238812726394,-0.07815498327005205,-7.846223627938712e-12,1.9831892886593587,2.1427936673898285,-0.013504263374585608,-1.1282442570821816e-11,-2.139055904462638,-3.6097432795342344,0.11173573155211655,-4.93866882738497e-12
1.9124999999999999,1,56,0.0027681682316194976,-7.0284555603375814e-12,2.0944691175082255,2.6412238812726394,-0.07673403257908909,-7.846223627938712e-12,1.9876898969585213,2.1427936673898285,-0.03439948945203355,-1.1282442570821816e-11,-2.1382329130125077,-3.6097432795342344,0.02225314692425862,-4.93866882738497e-12
1.9166666666666667,1,56,0.008349335926276388,-7.0284555603375814e-12,2.0943277124271544,2.6412238812726394,-0.07614417622037746,-7.846223627938712e-12,1.992518328332452,2.1427936673898285,-0.013574006098666139,-1.1282442570821816e-11,-2.137654563055895,-3.6097432795342344,0.10081359640879768,-4.93866882738497e-12
1.9208333333333334,1,56,0.012207570497969113,-7.0284555603375814e-12,2.095521206078181,2.6412238812726394,-0.07411364038277822,-7.846223627938712e-12,1.9972378282610594,2.1427936673898285,-0.03789287098333364,-1.1282442570821816e-11,-2.1367363505298327,-3.6097432795342344,0.012529677795460678,-4.93866882738497e-12
1.925,1,56,0.017903932043525594,-7.0284555603375814e-12,2.095171789317734,2.6412238812726394,-0.07301869333313292,-7.846223627938712e-12,2.0017527270173443,2.1427936673898285,-0.02049868019552449,-1.1282442570821816e-11,-2.136077331588161,-3.6097432795342344,0.0916770085454554,-4.93866882738497e-12
1.9291666666666667,1,56,0.022681113894210538,-7.0284555603375814e-12,2.0948889132743873,2.6412238812726394,-0.06966049508112089,-7.846223627938712e-12,2.0057735285445437,2.1427936673898285,-0.04101473109602008,-1.1282442570821816e-11,-2.1351984678061644,-3.6097432795342344,0.003944948673010753,-4.93866882738497e-12
1.9333333333333333,1,56,0.02923739814481761,-7.0284555603375814e-12,2.0946671096560667,2.6412238812726394,-0.06722766108110742,-7.846223627938712e-12,2.010131353303397,2.1427936673898285,-0.020144452565714812,-1.1282442570821816e-11,-2.134535574885881,-3.6097432795342344,0.08364165393536165,-4.93866882738497e-12
1.9375,1,56,0.03325400359694793,-7.0284555603375814e-12,2.0944880944873177,2.6412238812726394,-0.06452428503790215,-7.846223627938712e-12,2.0140364162556703,2.1427936673898285,-0.03688523165952868,-1.1282442570821816e-11,-2.1336216331379694,-3.6097432795342344,-0.004825248782530043,-4.93866882738497e-12
1.9416666666666667,1,56,0.038981921406302446,-7.0284555603375814e-12,2.094347711284184,2.6412238812726394,-0.0627690737819399,-7.846223627938712e-12,2.018116882470683,2.1427936673898285,-0.01254602484273655,-1.1282442570821816e-11,-2.1252303724392014,-3.6097432795342344,0.07368070636571863,-4.93866882738497e-12
1.9458333333333333,1,56,0.04372580718081808,-7.0284555603375814e-12,2.0953038208648533,2.6412238812726394,-0.05879118176268855,-7.846223627938712e-12,2.0215487542245696,2.1427936673898285,-0.02622848435368365,-1.1282442570821816e-11,-2.1182183755394037,-3.6097432795342344,-0.014533912128760137,-4.93866882738497e-12
1.95,1,56,0.04999105180365219,-7.0284555603375814e-12,2.0950025816000792,2.6412238812726394,-0.05607974466940296,-7.846223627938712e-12,2.024312226063811,2.1427936673898285,0.000278027008021291,-1.1282442570821816e-11,-2.112906465869121,-3.6097432795342344,0.06415358134576231,-4.93866882738497e-12
1.9541666666666666,1,56,0.05500622731184783,-7.0284555603375814e-12,2.0947622103575227,2.6412238812726394,-0.05173998818836512,-7.846223627938712e-12,2.026600244967788,2.1427936673898285,-0.010213937547226203,-1.1282442570821816e-11,-2.1083780771106286,-3.6097432795342344,-0.02393109564282185,-4.93866882738497e-12
1.9583333333333333,1,56,0.06152066039233151,-7.0284555603375814e-12,2.0945715322397556,2.6412238812726394,-0.04822792283238195,-7.846223627938712e-12,2.0290089216594036,2.1427936673898285,0.015188693332071982,-1.1282442570821816e-11,-2.105026501948689,-3.6097432795342344,0.054858119442052176,-4.93866882738497e-12
1.9625,1,56,0.06661173569652859,-7.0284555603375814e-12,2.0944179193209673,2.6412238812726394,-0.04336592657793257,-7.846223627938712e-12,2.030643567751758,2.1427936673898285,0.00428930411490089,-1.1282442570821816e-11,-2.1020944173221405,-3.6097432795342344,-0.03290929212515547,-4.93866882738497e-12
1.9666666666666666,1,56,0.07301770645897147,-7.0284555603375814e-12,2.0942983716101597,2.6412238812726394,-0.03954624000703308,-7.846223627938712e-12,2.0324281067041032,2.1427936673898285,0.028994598196202873,-1.1282442570821816e-11,-2.0999878830361576,-3.6097432795342344,0.045842380426793165,-4.93866882738497e-12
1.9708333333333332,1,56,0.07801109983853853,-7.0284555603375814e-12,2.0955323757845865,2.6412238812726394,-0.03401863421328814,-7.846223627938712e-12,2.0337186140433965,2.1427936673898285,0.014351654260378955,-1.1282442570821816e-11,-2.0980115064102165,-3.6097432795342344,-0.04130316084682423,-4.93866882738497e-12
1.9749999999999999,1,56,0.0841397363011168,-7.0284555603375814e-12,2.095190979300429,2.6412238812726394,-0.029933303660752482,-7.846223627938712e-12,2.0346804462291197,2.1427936673898285,0.0354862424658128,-1.1282442570821816e-11,-2.096723864404578,-3.6097432795342344,0.037555238060225524,-4.93866882738497e-12
1.9791666666666667,1,56,0.08867420787245103,-7.0284555603375814e-12,2.0949147896615443,2.6412238812726394,-0.02459236307000692,-7.846223627938712e-12,2.034670232531083,2.1427936673898285,0.018033611070605592,-1.1282442570821816e-11,-2.0954483808343873,-3.6097432795342344,-0.049508960916804394,-4.93866882738497e-12
1.9833333333333334,1,56,0.09417427885335183,-7.0284555603375814e-12,2.094697536957396,2.6412238812726394,-0.020944329027201017,-7.846223627938712e-12,2.0348821159666666,2.1427936673898285,0.036400210215348415,-1.1282442570821816e-11,-2.094706451329428,-3.6097432795342344,0.029075014507818586,-4.93866882738497e-12
1.9875,1,56,0.09794892045651758,-7.0284555603375814e-12,2.0945192155700507,2.6412238812726394,-0.01622888111671863,-7.846223627938712e-12,2.0340815287449345,2.1427936673898285,0.01656697629341743,-1.1282442570821816e-11,-2.0938212322911722,-3.6097432795342344,-0.05842656227725797,-4.93866882738497e-12
1.9916666666666667,1,56,0.10280780977533104,-7.0284555603375814e-12,2.0915346234427057,2.6412238812726394,-0.012967806370537566,-7.846223627938712e-12,2.0335819274748697,2.1427936673898285,0.0329215882884848,-1.1282442570821816e-11,-2.174306043116665,-3.6097432795342344,0.022367242288057983,-4.93866882738497e-12
1.9958333333333333,1,56,0.1057154587783592,-7.0284555603375814e-12,2.0946308857073,2.6412238812726394,-0.008757083837724335,-7.846223627938712e-12,2.033820162123508,2.1427936673898285,0.008288481658885108,-1.1282442570821816e-11,-2.172637687039973,-3.6097432795342344,-0.06609801621994943,-4.93866882738497e-12
2.0,1,56,0.10970725239163556,-7.0284555603375814e-12,2.094454444421568,2.6412238812726394,-0.006454256271502739,-7.846223627938712e-12,2.033337288241839,2.1427936673898285,0.02336254052341768,-1.1282442570821816e-11,-2.1725710172275403,-3.6097432795342344,0.013750133857797919,-4.93866882738497e-12
2.0041666666666664,1,56,0.11166795581282274,-7.027979926795858e-12,2.094324479122238,2.6411789913782977,-0.003749852718416367,-7.845417440337852e-12,2.032296325898909,2.1427619331365455,0.0014287872046077296,-1.1282687666479306e-11,-2.17127375820735,-3.6097333521674586,-0.07525492994747815,-4.9389465776318194e-12
2.0083333333333333,1,56,0.11442580599437949,-7.026553352146157e-12,2.0958878945897124,2.6410443524605647,-0.003532595192888092,-7.84299943005598e-12,2.032419018220134,2.1426667521257685,0.02009069195368563,-1.1283422785475455e-11,-2.17063423667463,-3.6097035768708525,0.002291320049079775,-4.939779638016222e-12
2.0125,1,56,0.11515714035327043,-7.0241768140914865e-12,2.095469430881215,2.640820056794228,-0.0027926509675737002,-7.838971254276564e-12,2.031298240416894,2.1425081895898077,0.00019799663027701215,-1.1284647423996422e-11,-2.1698274343095365,-3.6096539740509175,-0.08817380375248533,-4.941167437600203e-12
2.0166666666666666,1,56,0.11675680010303618,-7.020851941392317e-12,2.095138053127745,2.6405062581003347,-0.004350406534532657,-7.83333567371007e-12,2.030769825128052,2.142286354199505,0.020914048310445986,-1.1286360742736138e-11,-2.169320255786693,-3.6095845777029485,-0.011464609962875533,-4.943109025255248e-12
2.0208333333333335,1,56,0.11626749250186542,-7.0165810127503156e-12,2.0948700295131224,2.6401031714408343,-0.005510352450685685,-7.826096550701914e-12,2.0296676743029023,2.1420013979897568,0.0030396938546396754,-1.1288561567471522e-11,-2.168588822300045,-3.6094954353877355,-0.10231015378578623,-4.945603070314165e-12
2.025,1,56,0.11764287806333439,-7.011366955246636e-12,2.094658965735399,2.639611073071189,-0.007891609785815252,-7.817258846585404e-12,2.029230246097966,2.141653516255314,0.03301928296411813,-1.129124838986723e-11,-2.1681304782290156,-3.609386608198969,-0.025897163053041485,-4.94864786348305e-12
2.029166666666667,1,56,0.11701933350997822,-7.005213342335844e-12,2.094506870057804,2.63903030025104,-0.009087759164139902,-7.80682861828149e-12,2.02820952794766,2.141242947416941,0.017729694612216497,-1.1294419368509406e-11,-2.1667296879381457,-3.6092581707213682,-0.11004444851616009,-4.952241318012756e-12
2.033333333333333,1,56,0.11818737364395601,-6.998124391396848e-12,2.0943706247727283,2.6383612510130687,-0.011527144192309675,-7.794813014147647e-12,2.0275875921917925,2.140769972858011,0.050654935152967845,-1.1298072330167682e-11,-2.1649789564078374,-3.6091102109795643,-0.025308976839123948,-4.956380971129045e-12
2.0375,1,56,0.1172094397272727,-6.99010496084252e-12,2.095739311846075,2.6376043838902024,-0.01320831517502371,-7.781220269078757e-12,2.026587273598936,2.1402349167316617,0.04045737465208746,-1.1302204771284605e-11,-2.1630248140978248,-3.6089428303777744,-0.11085496498778255,-4.9610639857204515e-12
2.0416666666666665,1,56,0.1182368854718552,-6.981160546789984e-12,2.095343069895913,2.636760217601361,-0.015204090087552245,-7.76605969886332e-12,2.025612414184493,2.139638145738635,0.07330033080803641,-1.1306813859691453e-11,-2.1617649131786743,-3.608756143630301,-0.02779043220926044,-4.966287152282697e-12
2.0458333333333334,1,56,0.11728240145503478,-6.9712972792938465e-12,2.095020234988014,2.6358293306959517,-0.016067711830546907,-7.74934169379887e-12,2.023784941291842,2.1389800688759597,0.06292464875274331,-1.1311896436549265e-11,-2.160657849759379,-3.608550278682916,-0.11220336984626529,-4.972046891118322e-12
2.05,1,56,0.11819853936040467,-6.96052191814497e-12,2.0947642548069827,2.634812361157361,-0.01747003904930333,-7.731077711570997e-12,2.022660724061336,2.138261137156647,0.09524499409229639,-1.1317449018513739e-11,-2.1598692135153508,-3.6083253766251717,-0.028423920660424647,-4.978339254790034e-12
2.0541666666666667,1,56,0.11715797118314723,-6.948841848237643e-12,2.0945598992474874,2.6337100059657117,-0.01731640427766962,-7.711280269400813e-12,2.0204665348083903,2.1374818433005847,0.08010123325560264,-1.1323467800122555e-11,-2.1590836273667655,-3.6080815915937037,-0.11288725540222697,-4.985159930826083e-12
2.058333333333333,1,56,0.11796296669831587,-6.9362650745083484e-12,2.0944016483100523,2.632523020620188,-0.01738056486419047,-7.689962935466281e-12,2.018891281045832,2.1366427213968553,0.10512023929726078,-1.1329948656403445e-11,-2.1579787963068204,-3.6078190906665957,-0.028103221662439323,-4.992504244675814e-12
2.0625,1,56,0.11679040209711038,-6.922800216449575e-12,2.0942720276500557,2.631252218621255,-0.016034477385103694,-7.667140319603248e-12,2.0160840750415194,2.1357443465376975,0.08276261805202684,-1.1336887145701239e-11,-2.157041395938961,-3.6075380537488706,-0.11299593992910102,-5.000367162913373e-12
2.0666666666666664,1,56,0.117392272742729,-6.908456502202454e-12,2.095698045642509,2.629898470913124,-0.015067828343227412,-7.64282806329262e-12,2.0144240447287904,2.134787334424364,0.10043077605800675,-1.1344278512721956e-11,-2.1557152049812114,-3.607238673449194,-0.029321008313947752,-5.008743296687358e-12
2.0708333333333333,1,56,0.11608763184683511,-6.893243762232244e-12,2.095304115142271,2.6284627052868537,-0.012608617499955399,-7.617042828940438e-12,2.0108191329406693,2.1337723409451534,0.0721150311926883,-1.135211769179185e-11,-2.1548081212461825,-3.6069211549478686,-0.1140143259354918,-5.017626905414081e-12
2.075,1,56,0.11655711814302117,-6.877172422591027e-12,2.0950009077585108,2.6269459057444857,-0.010933723892941028,-7.589802288458333e-12,2.0080180977770548,2.132700061725897,0.08769274322437612,-1.136039931032916e-11,-2.153589244819485,-3.606585715856215,-0.030288742893827332,-5.027011900711865e-12
2.0791666666666666,1,56,0.11492988064579529,-6.860253497772214e-12,2.0947445773237168,2.6253491118246615,-0.00826960620814323,-7.561125111152056e-12,2.003890970708743,2.1315712316532096,0.057794543414547414,-1.1369117692526218e-11,-2.152674221152125,-3.606232586067431,-0.11489268374240802,-5.0368918505737235e-12
2.0833333333333335,1,56,0.11495275716790286,-6.842498583161754e-12,2.094552777909107,2.6236734178901706,-0.006727621246075958,-7.531030950926472e-12,2.000516812089101,2.130386624370837,0.07196032146138161,-1.1378266863239358e-11,-2.1514929442175137,-3.6058620075990344,-0.03120385457056417,-5.047259983775537e-12
2.0875,1,56,0.1128639325216996,-6.823919847091247e-12,2.0943847865750564,2.6219199723779343,-0.004610169067111248,-7.499540432815768e-12,1.9959238095766634,2.1291470517494377,0.044642124361491974,-1.1387840552083986e-11,-2.1505999992390374,-3.605474234426997,-0.11590605603695232,-5.0581091945167075e-12
2.091666666666667,1,56,0.11240410019542073,-6.804530022498361e-12,2.0956510381172957,2.6200899770119195,-0.0036739207776244082,-7.466675138848064e-12,1.9924579270534233,2.127853363330169,0.06110961749552179,-1.1397832197731982e-11,-2.149388177287517,-3.6050695323116813,-0.032396340471988146,-5.069432047290125e-12
2.095833333333333,1,56,0.10994931636871269,-6.784342398200335e-12,2.095262903013662,2.6181846859795397,-0.0018962696053923015,-7.432457593254193e-12,1.9872052185476627,2.126506445742452,0.03600337933041233,-1.1408234952408514e-11,-2.148530013903965,-3.6046481786157014,-0.11725593127128685,-5.081220781978086e-12
2.1,1,56,0.10932240916623812,-6.7633708097864644e-12,2.0949628296916147,2.616205405072097,-0.0009687343742149061,-7.396911247030697e-12,1.982500925658678,2.1251072220963207,0.05428078382673361,-1.1419041686585157e-11,-2.14741343877519,-3.6042104621138336,-0.03400942236829931,-5.093467319170697e-12
2.1041666666666665,1,56,0.10678939596901532,-6.741629630135897e-12,2.0947111151902855,2.6141534907898585,0.0008441199935522165,-7.360060461867701e-12,1.9768697613223205,2.12365665134977,0.031100033575344545,-1.1430244993866112e-11,-2.146565176392573,-3.6037566827951037,-0.11881755022632849,-5.106163265703092e-12
2.1083333333333334,1,56,0.10608709792210118,-6.719133759567165e-12,2.0945191530372593,2.6120303494123776,0.0018209659159683555,-7.321930493452613e-12,1.9719371093225035,2.122155727651532,0.051131025149759146,-1.1441837196064188e-11,-2.1454717870533875,-3.6032871516571903,-0.03568114095812776,-5.119299920407698e-12
2.1125,1,56,0.10350662105693297,-6.695898615626267e-12,2.094355044435587,2.6098374360347014,0.00373871875472397,-7.282547474161157e-12,1.966064851684916,2.1206054796597367,0.029700297969176684,-1.1453810348463043e-11,-2.1446504013809746,-3.6028021904932817,-0.12044075875848988,-5.132868280077567e-12
2.1166666666666667,1,56,0.1026852490657361,-6.671940122520234e-12,2.0955029927646214,2.60757625357012,0.004686871581172819,-7.2419383951475235e-12,1.9613086601973528,2.1190069698369203,0.051318710146040614,-1.1466156245262093e-11,-2.1435091293514605,-3.602302131671535,-0.037382593367122074,-5.146859045636741e-12
2.120833333333333,1,56,0.10008042031930589,-6.6472747002034926e-12,2.095140786530375,2.6052483517201463,0.006786491363764632,-7.200131087846006e-12,1.9549917175645937,2.1173612937218693,0.03143614787768745,-1.1478866425200363e-11,-2.14273772606134,-3.6017873179072883,-0.12202049826823341,-5.161262628513355e-12
2.125,1,56,0.099271298540233,-6.6219192531244285e-12,2.094859068074354,2.6028553259124267,0.008037285394330912,-7.157154204896699e-12,1.9492693719466145,2.115669579178788,0.0543268987109377,-1.1491932177355413e-11,-2.1416908120039353,-3.60125810202818,-0.03900405802811386,-5.176069157211184e-12
2.1291666666666664,1,56,0.09661085718116827,-6.595891158639941e-12,2.0946231949722933,2.6003988162073166,0.010270751896554022,-7.113037200508442e-12,1.9425458943979348,2.1139329856243227,0.03583291580624942,-1.1505344547113364e-11,-2.1409397699492665,-3.600714846732339,-0.1234843945254687,-5.191268484075058e-12
2.1333333333333333,1,56,0.09572285132078706,-6.569208255105854e-12,2.094452039104473,2.597880506173861,0.011534354596395667,-7.06781031027234e-12,1.9381818979752155,2.11215270323295,0.06147471809677161,-1.1519094342305947e-11,-2.142499036857527,-3.6001579243398085,-0.03612780924348777,-5.206850192245571e-12
2.1375,1,56,0.09298244214495138,-6.541888829651409e-12,2.0942883593077273,2.595302121735965,0.013892485029738165,-7.021504530439832e-12,1.932405477031626,2.1103299521212944,0.043858058092158585,-1.1533172139510355e-11,-2.1422872589002666,-3.5995877165373775,-0.12286157639344616,-5.222803602798265e-12
2.1416666666666666,1,56,0.09175979862593937,-6.5139516056461824e-12,2.095348064249424,2.5926654299895295,0.014916609427315168,-6.974151596679394e-12,1.9278816052428898,2.1084659815119187,0.06896922909852694,-1.1547568290507582e-11,-2.141890092050514,-3.599004614116992,-0.039128163599424774,-5.239117782062437e-12
2.1458333333333335,1,56,0.08863389936817645,-6.485415729868004e-12,2.095017475757505,2.5899722379913714,0.016888844785886273,-6.9257839623264846e-12,1.9219215520028408,2.1065620688771713,0.05170068511431091,-1.1562272928894844e-11,-2.1414230897573447,-3.598409016707923,-0.12370318935659043,-5.255781549114533e-12
2.15,1,56,0.08705550076383768,-6.45630075938074e-12,2.094745990589214,2.587224391520759,0.01766943852328206,-6.876434776141682e-12,1.9166330627428878,2.1046195190636703,0.07685610614398776,-1.1577275976847499e-11,-2.1411447217331934,-3.597801332502885,-0.03883685154544503,-5.2727834834409864e-12
2.154166666666667,1,56,0.08356224763156203,-6.426626648130832e-12,2.0945338563360836,2.5844237738144042,0.01973397920605887,-6.8261378595921405e-12,1.9103615165154004,2.1026396633980244,0.05592337370555216,-1.1592567152025902e-11,-2.1406837895466206,-3.5971819779782765,-0.12246725029591135,-5.290111932765279e-12
2.158333333333333,1,56,0.0817027227197291,-6.396413733271881e-12,2.094358557808522,2.58157230427579,0.020696250429171392,-6.7749276836720856e-12,1.9047644078700896,2.1006238587744113,0.07759853904196676,-1.1608135974622395e-11,-2.140396960500473,-3.596551377608753,-0.03724386873859176,-5.307755021033815e-12
2.1625,1,56,0.0779891730380535,-6.365682721226556e-12,2.0952729315889598,2.578671937159703,0.02292362458897821,-6.722839345278077e-12,1.8985812393288517,2.098573486724628,0.05344511657972379,-1.1623971774543652e-11,-2.1398841106302084,-3.595909963576307,-0.12057450302035884,-5.325700656555191e-12
2.1666666666666665,1,56,0.07598134922216271,-6.334454673495471e-12,2.0949492206471305,2.5757246602328894,0.02421451981187602,-6.669908543155391e-12,1.8924952898213725,2.0964899524712597,0.07192243183694688,-1.1640063698723422e-11,-2.1395367576076096,-3.5952581754740773,-0.03528499962699134,-5.343936540287221e-12
2.1708333333333334,1,56,0.07213200720015359,-6.30275099222266e-12,2.09469040029314,2.5727324934117335,0.026409128266946334,-6.616171553431839e-12,1.885415142068075,2.0943746839646082,0.04852152352465353,-1.1656400718560682e-11,-2.139032173345051,-3.5945964600050724,-0.11844069529108792,-5.362450174266104e-12
2.175,1,56,0.06992706513373739,-6.2705934055276375e-12,2.094479779279097,2.5696974873779137,0.02742791610327669,-6.561665204755965e-12,1.8807099486182512,2.092229130904048,0.06827219054292628,-1.1672971637478086e-11,-2.138663741017862,-3.5939252706760203,-0.03389141968649918,-5.38122887017188e-12
2.1791666666666667,1,56,0.06591872034511942,-6.2380039526140124e-12,2.0943134488097037,2.5666217221729624,0.029427983058456838,-6.506426853056488e-12,1.875228112505131,2.090054763744474,0.04614012326303303,-1.1689765098595548e-11,-2.1380633286642734,-3.5932450674865613,-0.11771551659112356,-5.400259758024399e-12
2.183333333333333,1,56,0.06344738663426058,-6.205004968664937e-12,2.0952071594165385,2.5635073057727147,0.030154994505164484,-6.450494355940457e-12,1.8711963547641743,2.087853072688526,0.06635571327589082,-1.1706769592513665e-11,-2.13702834505801,-3.5925563166139844,-0.037424649943647775,-5.419529795003735e-12
2.1875,1,56,0.05928057147057401,-6.17161906953567e-12,2.0949239326332294,2.5603563726426017,0.03205491754081861,-6.393906046747494e-12,1.8656449489302278,2.085625566665276,0.04567061824852026,-1.1723973465201706e-11,-2.1342152381186685,-3.591859490093733,-0.11210953623501992,-5.439025774389107e-12
2.1916666666666664,1,56,0.05687811116663948,-6.137869136253815e-12,2.0946606570589306,2.5571710822747984,0.033022628441201116,-6.3367007082780805e-12,1.8605395034490526,2.083373772296086,0.06587469933346886,-1.1741364925984674e-11,-2.12516684801143,-3.591155065495898,-0.02986638010690805,-5.458734334610086e-12
2.1958333333333333,1,56,0.05268453297423631,-6.103778299337792e-12,2.0944567270353085,2.553953617708214,0.03484173177792808,-6.278917546213722e-12,1.854375097425324,2.0810992328483375,0.04786964692943256,-1.175893205562408e-11,-2.1190006651837554,-3.590443525597911,-0.1125075536228585,-5.478641968403965e-12
2.2,1,56,0.05013719527953159,-6.0693699229443515e-12,2.094287597186747,2.5507061840323466,0.035548875809925745,-6.220596162247372e-12,1.8489417116061122,2.078803507177752,0.07127236629621146,-1.1776662814486763e-11,-2.1139036323364233,-3.5897253580536765,-0.0286026857407521,-5.49873503207295e-12
2.2041666666666666,1,56,0.045886661082727605,-6.03466758885594e-12,2.095012974919347,2.547431006876025,0.03709553107196512,-6.161776526942386e-12,1.8431059606199067,2.07648816866003,0.054605051559464116,-1.1794545050796267e-11,-2.1096025582383793,-3.589001055059356,-0.10810143870360957,-5.5189997548348675e-12
2.2083333333333335,1,56,0.04312112281865104,-5.999695080318913e-12,2.0947278306875905,2.544130330882073,0.037351148601667314,-6.102498952338685e-12,1.8372951317301014,2.0741548041125375,0.07886420405714842,-1.1812566508961068e-11,-2.1065719675288803,-3.5882711130160416,-0.0218624685149254,-5.539422248260989e-12
2.2125,1,56,0.03863030412512503,-5.9644763657437144e-12,2.094497586056039,2.5408064181689447,0.03874662390854025,-6.042804064324934e-12,1.830533804441708,2.0718050127067817,0.05989287138472828,-1.1830714837973928e-11,-2.10393909755444,-3.5875360321895484,-0.09958223150698134,-5.559988515794441e-12
2.216666666666667,1,56,0.0355918223319442,-5.929035582278093e-12,2.0943344353955258,2.53746154678038,0.03884957907727882,-5.982732774795538e-12,1.8261597810527563,2.069440404872417,0.07808859451912452,-1.1848977599876675e-11,-2.10332294095703,-3.586796316367557,-0.0170012943005113,-5.580684462342768e-12
2.220833333333333,1,56,0.030892019442074974,-5.8933970192647366e-12,2.0948659385931303,2.5340980091241496,0.040192381458621425,-5.922326253611726e-12,1.8206878991054094,2.067062601193539,0.054963806617022326,-1.186734227828454e-11,-2.1012498781878506,-3.586052472514343,-0.10349981194177683,-5.601495903937988e-12
2.225,1,56,0.02774408778280361,-5.857585101594541e-12,2.0946104145036926,2.530718110400949,0.0403161749627383,-5.861625900385731e-12,1.8155738714986558,2.064673231298014,0.07383741647486759,-1.1885796286964285e-11,-2.0997687625244494,-3.585305010423326,-0.022252289973672724,-5.622408577457592e-12
2.2291666666666665,1,56,0.02305304839196339,-5.821624372967039e-12,2.0943991992098656,2.527324167024535,0.04178071280878288,-5.8006733161076174e-12,1.8093362256209804,2.062273932740618,0.05016061033348636,-1.1904326978460155e-11,-2.0983290422962058,-3.5845544423676876,-0.10882500833740402,-5.6434081503997534e-12
2.2333333333333334,1,56,0.019832116566664715,-5.785539479069347e-12,2.0942348313627517,2.5239185050341657,0.041825127426515334,-5.739510274633986e-12,1.8037334230147672,2.0598663498807337,0.06791582228312273,-1.192292165276183e-11,-2.0975164909588617,-3.583801282749281,-0.027548226217038018,-5.664480230706137e-12
2.2375,1,56,0.01492377895191078,-5.7493551506852695e-12,2.0947824521791754,2.5205034585004533,0.0424987669564713,-5.678178694058315e-12,1.7974263577841225,2.0574521327553925,0.04705208450612809,-1.1941567566008363e-11,-2.0964593822338817,-3.583046047746088,-0.11397853515996213,-5.685610376625468e-12
2.2416666666666667,1,56,0.011561593611222642,-5.713096186746025e-12,2.0945391445783663,2.5170813679257056,0.0419674254877515,-5.616720607982336e-12,1.7912043911536268,2.0550329359484185,0.06721148411017559,-1.1960251939222207e-11,-2.096042200753581,-3.582289254958454,-0.03231397771957748,-5.706784106611214e-12
2.245833333333333,1,56,0.006727545034193901,-5.676787437334329e-12,2.0943390961226314,2.513654578639866,0.0424558286544613,-5.555178136708358e-12,1.783895418451276,2.0526104174564628,0.048511962124662876,-1.197896196706726e-11,-2.095344883823542,-3.5815314230543542,-0.11817501386058156,-5.727986909246489e-12
2.25,1,56,0.0034189570430147582,-5.640453786653359e-12,2.095175942431449,2.510225439193139,0.04148815745145401,-5.4935934583720664e-12,1.7793814339831866,2.050186237552691,0.07112087492001484,-1.1997684826625028e-11,-2.0950757407154263,-3.5807730714139208,-0.036048088253247915,-5.749204253189474e-12
2.2541666666666664,1,56,-0.0012268471466646811,-5.604120135972392e-12,2.0948483058298653,2.506796299746412,0.04186186490882611,-5.432008780035781e-12,1.7732903710412866,2.047762057648919,0.054779211894242084,-1.2016407686182794e-11,-2.0945046422454014,-3.580014719773487,-0.12109841410049549,-5.770421597132458e-12
2.2583333333333333,1,56,-0.0043493162154826575,-5.567811386560693e-12,2.0946210116291137,2.503369510460572,0.04094477449154697,-5.370466308761798e-12,1.768182739696251,2.045339539156963,0.08094269097866566,-1.203511771402785e-11,-2.0947938651032723,-3.579256887869387,-0.036542614130162375,-5.791624399767734e-12
2.2625,1,56,-0.008814715091254602,-5.531552422621448e-12,2.0944068836404544,2.4999474198858245,0.04171603747777274,-5.3090082226858184e-12,1.7618243269436908,2.042920342349989,0.06318476335970102,-1.2053802087241693e-11,-2.0947863824280604,-3.578500095081753,-0.11439564855316596,-5.812798129753481e-12
2.2666666666666666,1,56,-0.011801198487023082,-5.49536809423737e-12,2.0942364226169414,2.496532373352112,0.04122783628095169,-5.247676642110147e-12,1.7561001458621222,2.0405061252246477,0.08498304938250821,-1.2072448000488227e-11,-2.0941149577404774,-3.57774486007856,-0.0261569737767404,-5.833928275672812e-12
2.2708333333333335,1,56,-0.016665738026122662,-5.4592832003396776e-12,2.089437849579016,2.4931267113617426,0.04231000463502788,-5.186513600636516e-12,1.7473262910019074,2.0380985423647635,0.06253745420306156,-1.2091042674789901e-11,-2.178516756358445,-3.5769917004601535,-0.1083561019024951,-5.855000355979195e-12
2.275,1,56,-0.01938473914793579,-5.423322471712177e-12,2.091346637117101,2.4897327679853287,0.04183268736336145,-5.125561016358402e-12,1.7450361557244574,2.0356992438073673,0.08531078293437956,-1.2109573366285771e-11,-2.1778642659757304,-3.576241132404515,-0.023917214402088147,-5.8759999289213575e-12
2.279166666666667,1,56,-0.023450767642536476,-5.38751055404198e-12,2.0939859455234564,2.486352869262128,0.04342989498362854,-5.064860663132408e-12,1.7419522425205032,2.033309873911843,0.059135343326433824,-1.2128027374965516e-11,-2.17732347704891,-3.5754936703134983,-0.10888225585322482,-5.896912602440961e-12
2.283333333333333,1,56,-0.02587550462455538,-5.351871991028624e-12,2.097380064008033,2.4829893316058977,0.04340955795184487,-5.004454141948595e-12,1.740718164654086,2.0309320702329647,0.0812701601394216,-1.2146392053373381e-11,-2.177281123549194,-3.574749826460284,-0.02182805410440047,-5.917724044036181e-12
2.2875,1,56,-0.02906911686590081,-5.316431207563002e-12,2.096589306605339,2.479644460217333,0.04684168315806388,-4.944382852419199e-12,1.736087873031406,2.0285674623986,0.05108582238014507,-1.2164654815276128e-11,-2.176931784301908,-3.5740101106382927,-0.10599632384059937,-5.9384199905845085e-12
2.2916666666666665,1,56,-0.030576371456688192,-5.281212492987804e-12,2.095976297034771,2.476320547504205,0.04872140948289065,-4.8846879644054476e-12,1.7331900061457457,2.0262176709928443,0.0715869260822618,-1.2182803144288988e-11,-2.176714741582671,-3.5732750298117995,-0.018813959411790388,-5.958986258117961e-12
2.2958333333333334,1,56,-0.0334423874625464,-5.246239984450777e-12,2.0954693992632185,2.4730198715102527,0.05216039010732596,-4.825410389801747e-12,1.7297951507862166,2.023884306445352,0.04722947417754874,-1.220082460245379e-11,-2.176110089324367,-3.5725450877684852,-0.10178742461704351,-5.979408751544082e-12
2.3,1,56,-0.034587464553980825,-5.211537650362365e-12,2.0950693541488206,2.469744694353931,0.054115584503896696,-4.766590754496761e-12,1.7279331348273614,2.02156896792763,0.0706189980788601,-1.2218706838763293e-11,-2.175872468715925,-3.5718207847741645,-0.013308924549173932,-5.9996734743059995e-12
2.3041666666666667,1,56,-0.03707618938691893,-5.177129273968924e-12,2.094744196193548,2.466497260678064,0.05772836524464506,-4.70826937053041e-12,1.725614593256882,2.019273242257044,0.04916418135536069,-1.2236437597625975e-11,-2.1752112736547513,-3.57110261722993,-0.09511016019984711,-6.019766537974983e-12
2.308333333333333,1,56,-0.03869452588968763,-5.143038437052905e-12,2.094494633598844,2.46327979611148,0.05891907208400818,-4.650486208466059e-12,1.724683160628364,2.0169987028092957,0.06735628426026558,-1.225400472726538e-11,-2.1753335649999124,-3.570391077331943,-0.005639083477831418,-6.039674171768861e-12
2.3125,1,56,-0.041524471469627296,-5.109288503771047e-12,2.0942811759775624,2.460094505743676,0.06195164858134883,-4.59328086999664e-12,1.7231461759055478,2.014746908440106,0.04064755858611953,-1.227139618804835e-11,-2.174625638909201,-3.569686652734108,-0.0872380635776089,-6.059382731989842e-12
2.3166666666666664,1,56,-0.04374135804500304,-5.075902604641783e-12,2.094893132916507,2.4569435726135636,0.06194473070342858,-4.5366925608036816e-12,1.7234740455938808,2.012519402416856,0.0545639899656499,-1.2288600060736388e-11,-2.174428075751375,-3.5689898262138566,0.002439678138886562,-6.078878711375212e-12
2.3208333333333333,1,56,-0.04719426871628012,-5.042903620692705e-12,2.0946015093737786,2.4538291562133154,0.06369108684310039,-4.480760063687645e-12,1.7226541327276017,2.0103177113609076,0.024159782175621716,-1.2305604554654508e-11,-2.1737376620262854,-3.56830107534128,-0.07870552831028534,-6.09814874835455e-12
2.325,1,56,-0.05001276305451042,-5.0103141677790795e-12,2.0943825508100122,2.450753391008364,0.062025682320917416,-4.425521711988168e-12,1.7232506084228254,2.0081433442013337,0.038444617144228,-1.232239801577197e-11,-2.1738585537733703,-3.5676208721518208,0.011571386628783474,-6.117179636207069e-12
2.3291666666666666,1,56,-0.05422656749671995,-4.978156581084057e-12,2.094971667974264,2.4477183849745443,0.061753561415116766,-4.371015363312294e-12,1.723821085054229,2.0059977911407736,0.008367833107028502,-1.2338968934689374e-11,-2.173044795558225,-3.5669496828227687,-0.06976784173456159,-6.135958332112845e-12
2.3333333333333335,1,56,-0.05764085198342768,-4.946452899811247e-12,2.0946766916343726,2.4447262181533884,0.05843577175553826,-4.317278373588742e-12,1.7250909725760926,2.003882522634122,0.02278531423935379,-1.2355305954526634e-11,-2.1729570846401796,-3.5662879673537637,0.020567340127360993,-6.154471966091727e-12
2.3375,1,56,-0.062253190000817964,-4.915224852080161e-12,2.0944318058466735,2.4417789412265747,0.056580861702171054,-4.2643475714660565e-12,1.7260133048386972,2.0017989883807537,-0.0032433672913811957,-1.2371397878706404e-11,-2.1722666697667674,-3.565636179251534,-0.060670311779499136,-6.172707849823758e-12
2.341666666666667,1,56,-0.06582017769874754,-4.884493840034837e-12,2.0942423794231138,2.438878574110488,0.052136782324315234,-4.212259233072049e-12,1.7281180840046484,1.9997486163309703,0.014246346077439492,-1.238723367862766e-11,-2.1721923589600887,-3.5649947652190885,0.029555600465359818,-6.190653485345134e-12
2.345833333333333,1,56,-0.07050724186476734,-4.854280925175885e-12,2.094842101631761,2.4360271045718735,0.04924433457162044,-4.161049057151992e-12,1.7304185590089702,1.9977328117073572,-0.008810724473873833,-1.2402802501224154e-11,-2.1713735915353496,-3.5643641648495645,-0.05172543145098982,-6.2082965736136705e-12
2.35,1,56,-0.07402237612320983,-4.8246068139259775e-12,2.0945708119881554,2.433226486865519,0.04407024051811289,-4.110752140602452e-12,1.7332389159861818,1.9957529560417113,0.011178044728597528,-1.2418093676402557e-11,-2.1713016504164253,-3.5637448103249563,0.038516044411392066,-6.225625022937963e-12
2.3541666666666665,1,56,-0.07856577882724615,-4.795491843438713e-12,2.0943524021662148,2.430478640394906,0.04066922914725602,-4.061402954417648e-12,1.7358210354173582,1.99381040622821,-0.009456039653212187,-1.2433096724355212e-11,-2.1705759558679425,-3.5631371261199183,-0.04256505815677943,-6.242626957264416e-12
2.3583333333333334,1,56,-0.08206341450833489,-4.7669559676605345e-12,2.0948843864995426,2.4277854483967483,0.034703390899639294,-4.013035320064739e-12,1.739891032332087,1.991906493593463,0.012643752995120622,-1.2447801362742474e-11,-2.1703833898335896,-3.5625415287108493,0.047570383610486905,-6.259290724316512e-12
2.3625,1,56,-0.08634522989060238,-4.7390187436553084e-12,2.094606258365127,2.4251487566503127,0.031082412675008112,-3.965682386304302e-12,1.7432106117631283,1.9900425229840875,-0.006208765710909597,-1.2462197513739701e-11,-2.169636155411363,-3.5619584262904636,-0.03314754382613344,-6.275604903580683e-12
2.3666666666666667,1,56,-0.08922445052002172,-4.711699318200863e-12,2.094377070452992,2.422570372212417,0.025611029231563404,-3.919376606471793e-12,1.7472667706435652,1.9882197718724315,0.017124285073175195,-1.2476275310944109e-11,-2.1691826539049206,-3.5613882184880326,0.05402703658328009,-6.291558314133378e-12
2.370833333333333,1,56,-0.09290345413731925,-4.685016414666779e-12,2.094886091888014,2.4200520621789616,0.022293745394454594,-3.8741497162356965e-12,1.7514258259312752,1.9864394894810589,0.000229168819940274,-1.249002510613669e-11,-2.168615579967526,-3.560831296095502,-0.023954107465572937,-6.307140022303889e-12
2.375,1,56,-0.09512040121915262,-4.6589883201822884e-12,2.094601066056743,2.417595552473851,0.017304643711931817,-3.830032711847434e-12,1.755726035314471,1.9847028959265933,0.02438307654090954,-1.2503437475894643e-11,-2.1683024940562428,-3.560288040799661,0.06543222377713867,-6.322339349167765e-12
2.3791666666666664,1,56,-0.09811361853715764,-4.633632873103227e-12,2.094387575194646,2.415202526666132,0.01455771341110426,-3.787055828898132e-12,1.759667201703526,1.9830111813835125,0.00809393046085389,-1.2516503228049691e-11,-2.167713229589867,-3.5597588249205527,-0.012645822068391134,-6.337145877865593e-12
2.3833333333333333,1,56,-0.09974135480751128,-4.608967450786483e-12,2.0948662049524205,2.412874624816158,0.009933566817453129,-3.745248521596609e-12,1.7647160376149742,1.9813655052684611,0.03276151732881346,-1.2529213407987963e-11,-2.167428732852591,-3.559244011156306,0.0789657767121634,-6.351549460742208e-12
2.3875,1,56,-0.10184840131318751,-4.58500895768045e-12,2.0945981361133095,2.4106134423515764,0.00863552237522425,-3.704639442582975e-12,1.7687495276791694,1.979766995445645,0.012321397538433327,-1.2541559304787013e-11,-2.1666502627766606,-3.5587439523345594,0.00019930725983215915,-6.365540226301382e-12
2.3916666666666666,1,56,-0.10242722244438553,-4.561773813739552e-12,2.0944156797376126,2.4084205289739002,0.00568249047596044,-3.6652564232915195e-12,1.7738468561343432,1.9782167474538495,0.03516044404488762,-1.2553532457185868e-11,-2.166795966134957,-3.558258991170651,0.09866327998843387,-6.379108585971251e-12
2.3958333333333335,1,56,-0.10454570011585505,-4.539277943170821e-12,2.0942397664247214,2.4062973875964193,0.0047135831060217655,-3.6271264548764326e-12,1.7779769282780524,1.9767158237556115,0.00475000127767838,-1.2565124659383944e-11,-2.1655345874919463,-3.5577894600327373,0.01829768192326085,-6.392245240675857e-12
2.4,1,56,-0.10507401694904613,-4.517536763520253e-12,2.0948051927812057,2.4042454733141807,0.0023735762638632087,-3.590275669713437e-12,1.7832693423920813,1.9752652530090609,0.013790090850457895,-1.25763279666649e-11,-2.1650552244182335,-3.5573356807140075,0.10387366027415518,-6.404941187208252e-12
2.404166666666667,1,56,-0.1071028215439837,-4.496565175106382e-12,2.094544520374449,2.402266192406738,0.001748777402191873,-3.5547293234899395e-12,1.787606962263296,1.9738660293629298,-0.02707445545536138,-1.2587134700841542e-11,-2.165269279000491,-3.5568979642121397,0.02105511285925537,-6.4171877244008635e-12
2.408333333333333,1,56,-0.10754986970053602,-4.4763775508083555e-12,2.09434431855345,2.4003609013743583,-0.0007278622513196301,-3.5205117778960693e-12,1.792823953512068,1.9725191117752126,-0.02097916813057134,-1.2597537455518074e-11,-2.1648033958475716,-3.55647661051616,0.10609245236130257,-6.428976459088824e-12
2.4125,1,56,-0.11020081414143502,-4.456987726215471e-12,2.0948754466783033,2.3985309060083435,-0.005625132546242924,-3.4876464839283654e-12,1.798041209179496,1.9712254233559436,-0.03640186194024545,-1.260752910116607e-11,-2.1645090670704747,-3.556071908400844,0.021057929175953744,-6.440299311862242e-12
2.4166666666666665,1,56,-0.11111804388324653,-4.438408990144963e-12,2.0946055737049876,2.396777460496107,-0.011981546469748703,-3.4561559658176605e-12,1.8031599433616825,1.9699858507345447,-0.007769938475313078,-1.2617102790010698e-11,-2.164540732084217,-3.5556841352288067,0.10200934522977798,-6.451148522603412e-12
2.4208333333333334,1,56,-0.11339907471583868,-4.420654075534502e-12,2.0944020725598187,2.3951017665616163,-0.0164589101177798,-3.4260618055920765e-12,1.8077717046896231,1.968801243452172,-0.027814791983398746,-1.2626251960723838e-11,-2.164251958120532,-3.55531355676041,0.01562627675847852,-6.461516655805226e-12
2.425,1,56,-0.11368608475917392,-4.4037351507156906e-12,2.094229288233275,2.393504972641792,-0.021973506657177868,-3.3973846282858006e-12,1.8127572340200568,1.9676724133794847,-0.003848427306335216,-1.2634970342920895e-11,-2.1642939309310014,-3.554960426971626,0.09611095515915684,-6.471396605667084e-12
2.4291666666666667,1,56,-0.11422234991502629,-4.387663811074473e-12,2.0947285330136935,2.391988173099424,-0.024203878899688173,-3.3701440878036948e-12,1.8176128267598217,1.9666001341602282,-0.02121292719752016,-1.2643251961458205e-11,-2.164024647537275,-3.5546249878799725,0.009688991556916831,-6.4807816009648685e-12
2.433333333333333,1,56,-0.11266449227434198,-4.372451071104264e-12,2.0944932874017965,2.390552407473154,-0.02687273532529011,-3.3443588534515168e-12,1.8224074624113198,1.9655851406810179,0.0013404834784798477,-1.2651091140528098e-11,-2.1640969401078425,-3.554307469378647,0.09037808949504156,-6.48966520969159e-12
2.4375,1,56,-0.11138826910348738,-4.358107356857142e-12,2.094314242345078,2.389198659765023,-0.026353561023433978,-3.3200465971408848e-12,1.8267073337589184,1.9646281285676843,-0.017222629500355302,-1.2658482507548817e-11,-2.163980353654454,-3.5540080890789705,0.0038514325244033876,-6.4980413434655765e-12
2.4416666666666664,1,56,-0.1080484983840301,-4.344642498798369e-12,2.094908729447242,2.38792785776609,-0.02637116108879548,-3.2972239812778544e-12,1.8317876114542588,1.963729753708526,0.004191409188932012,-1.2665420996846611e-11,-2.164021369193883,-3.5537270521612454,0.08469667003051683,-6.505904261703134e-12
2.4458333333333333,1,56,-0.1051409708137369,-4.332065725069074e-12,2.094648983286284,2.386740872420566,-0.023439863931421126,-3.2759066473433192e-12,1.8358852196172546,1.9628906318047972,-0.015225372056056197,-1.2671901853127501e-11,-2.1639539443527966,-3.5534645512341374,-0.002009240527021477,-6.513248575552866e-12
2.45,1,56,-0.10029964304240228,-4.320385655161747e-12,2.094434856349819,2.3856385172289167,-0.021242485187238317,-3.256109205173135e-12,1.8404067312517263,1.9621113379487347,0.005552870941769538,-1.2677920634736317e-11,-2.164095440373189,-3.5532207662026694,0.07880899191216761,-6.5200692515889155e-12
2.4541666666666666,1,56,-0.0959384297673665,-4.30961029401287e-12,2.0942712874190077,2.384621547690326,-0.016203761494466406,-3.2378452229452632e-12,1.8441866685085009,1.9613924062294217,-0.01449197849324551,-1.2683473216700791e-11,-2.1640951934839383,-3.552995864144925,-0.008066221762493142,-6.5263616152606274e-12
2.4583333333333335,1,56,-0.0896681252752682,-4.2997470265167334e-12,2.0948513251542686,2.3836906607849166,-0.011962564253131823,-3.2211272178808136e-12,1.8485535222576799,1.9607343293667467,0.005714695468717956,-1.2688555793558603e-11,-2.1642067284054622,-3.55278999919754,0.07268139278602676,-6.532121354096252e-12
2.4625,1,56,-0.08404932065469493,-4.290802612464197e-12,2.0946067477110484,2.3828464944960754,-0.005270877897738199,-3.2059666476653756e-12,1.851747405269022,1.96013755837372,-0.014452138243269663,-1.2693164881965451e-11,-2.1642649732846087,-3.5526033124500667,-0.014520613734657179,-6.537344520658498e-12
2.466666666666667,1,56,-0.07891828357227149,-4.282783181909869e-12,2.094405827558503,2.382089627373209,-0.004804802106804045,-3.1923739025964855e-12,1.8552250391669685,1.9596025022473704,0.009628266938672081,-1.2697297323082374e-11,-2.1645000865022554,-3.5524359318482768,0.06512028291307224,-6.542027535249904e-12
2.470833333333333,1,56,-0.07459033823725753,-4.275694230970873e-12,2.0942523913200985,2.3814205781352378,-0.002074068193912906,-3.1803582984626435e-12,1.8579842736584475,1.9591295276884406,-0.00687949558728815,-1.270095028474065e-11,-2.164571970306682,-3.552287972106473,-0.02301014728162008,-6.546167188366193e-12
2.475,1,56,-0.06867551549065304,-4.26954061806008e-12,2.0949294602808686,2.3808398053150888,-0.0007716833032769437,-3.1699280701587285e-12,1.861598090503131,1.9587189588500677,0.018855506570456777,-1.2704121263382826e-11,-2.1629594771522287,-3.552159534628872,0.06922483089079501,-6.549760642895898e-12
2.4791666666666665,1,56,-0.06363747622834576,-4.264326560556401e-12,2.094745613512403,2.3803477069454435,0.0024908550634337146,-3.16109036604222e-12,1.8640119467462835,1.958371077115625,0.00563787231061451,-1.2706808085778536e-11,-2.16181739386698,-3.5520507074401055,-0.009977623219071998,-6.552805436064784e-12
2.4833333333333334,1,56,-0.05704251400889633,-4.2600556319144e-12,2.0945710526564922,2.379944620285943,0.004217005959680321,-3.1538512430340635e-12,1.8665554785562686,1.9580861209058762,0.032810658756337305,-1.2709008910513918e-11,-2.161871788437908,-3.5519615651248926,0.07842086911535207,-6.555299481123701e-12
2.4875,1,56,-0.05297582623201342,-4.2567307592152305e-12,2.094394090552845,2.3796308215920496,0.006364202326964056,-3.14821566246757e-12,1.8679325347988025,1.957864285515574,0.014953359818537165,-1.2710722229253634e-11,-2.162437874305364,-3.5518921687769236,-0.006101522184683508,-6.557241068778746e-12
2.4916666666666667,1,56,-0.04746417171488825,-4.254354221160559e-12,2.095005367480146,2.379406525925713,0.007116021706479982,-3.1441874866881537e-12,1.8699403864163677,1.9577057229796133,0.03556422973595921,-1.27119468677746e-11,-2.1623173232306763,-3.5518425659569886,0.07583038672162568,-6.5586288683627275e-12
2.495833333333333,1,56,-0.04281430202725158,-4.252927646510859e-12,2.0947431161923147,2.37927188700798,0.010665781146145208,-3.1417694764062825e-12,1.8705531256403543,1.957610541968836,0.010917588144004415,-1.271268198677075e-11,-2.1623874051809606,-3.5518127906603825,-0.005217838054220387,-6.55946192874713e-12
2.5,1,56,-0.03672101279767981,-4.2524520129691355e-12,2.0945320545421837,2.3792269971136384,0.012746801209594448,-3.140963288805421e-12,1.8714921810682625,1.9575788077155531,0.026540015618759315,-1.271292708242824e-11,-2.1624071072012128,-3.5518028632936067,0.08404519364072523,-6.559739678993979e-12
2.5041666666666664,1,56,-0.03185509489415364,-5.0793419615438973e-05,2.0943597756939143,2.379102261728959,0.01686297191766059,-1.6024805032347426e-05,1.8714719736334453,1.9575771191861442,-0.0026142804796525543,1.0619081078856747e-05,-2.162227841409769,-3.5516824790461454,0.008894126869204207,-7.227744494114259e-05
2.5083333333333333,1,56,-0.025910308797900353,-0.0002031649625140987,2.0950046920339944,2.378728076947688,0.018806785762031163,-6.40964649391715e-05,1.8721796250107028,1.9575720538872383,0.009390262228121646,4.2474542927140895e-05,-2.161648309996873,-3.551321346930983,0.10265140532805234,-0.000289097375718279
2.5125,1,56,-0.02224932705302358,-0.00045708852486900744,2.0947363840963504,2.37810450688446,0.021105225013097403,-0.000144206746029997,1.8715033032896446,1.9575636126867484,-0.027017283385559244,9.556091456253862e-05,-2.16129692311758,-3.550719528826248,0.025621532643659396,-0.0006504226479122608
2.5166666666666666,1,56,-0.017562010787294753,-0.0008125205981849386,2.0945176040544777,2.3772316583847966,0.020686172364263494,-0.0002563419218205619,1.8711979032928687,1.9575517970310305,-0.01800828585381021,0.00016986909990855556,-2.160835698242162,-3.5498771278503747,0.11692593316382759,-0.001156191350297778
2.5208333333333335,1,56,-0.015216755325249041,-0.001269400281005891,2.0943444215769236,2.3761096810067937,0.020525209035779382,-0.00040048277852576536,1.8700801556197717,1.9575366089446367,-0.05718401911675871,0.0002653863666401707,-2.1603975810122185,-3.5487942883444332,0.039420292992682494,-0.0018063168220113699
2.525,1,56,-0.011882917231052,-0.001827649289350247,2.0949789266203696,2.3747387669954994,0.017560652558428813,-0.0005766046183518535,1.8696227917976729,1.9575180510299672,-0.050607919369814285,0.0003820963483654559,-2.159797503438805,-3.547471195847399,0.12982033269102322,-0.0026006876674003285
2.529166666666667,1,56,-0.011041029232320778,-0.002487171970124346,2.0947161545324886,2.373119151249972,0.014240148883325391,-0.0007846772637282642,1.8680563696051569,1.9574961264668251,-0.08831387840719675,0.0005199790474298767,-2.1592391713944954,-3.5459080770643596,0.051667938219706236,-0.0035391677751097934
2.533333333333333,1,56,-0.009383129615398486,-0.0032478553175119096,2.094502960489968,2.3712511112830326,0.007436592983869226,-0.0010246650624783226,1.8666696774653981,1.9574708390118716,-0.07631710881265161,0.0006790108383427372,-2.159040226012879,-3.544105199827672,0.1413101373693529,-0.00462159634140439
2.5375,1,56,-0.008084883625220139,-0.004109568992337606,2.094333825649847,2.369134967173711,0.0049531257928971,-0.001296526893928248,1.8647469428569925,1.9574421929979817,-0.10924050533929955,0.0008591644718254116,-2.15844284101818,-3.542062873051069,0.06301254021435872,-0.005847787897721978
2.5416666666666665,1,56,-0.005866200058697605,-0.00507216534439916,2.09493306563906,2.3667710815124083,-0.0006426401943693436,-0.0016002161759527036,1.8632044955508433,1.9574101933335029,-0.09346393849482647,0.001060409079480192,-2.1575734536528195,-3.5397814466767303,0.15320594411325403,-0.007217532342451532
2.5458333333333334,1,56,-0.006198511617576638,-0.006135479437767277,2.0947368998423306,2.364159859338762,-0.007133136441400759,-0.0019356808729566657,1.8611229438907992,1.9573748455014122,-0.11656830822459537,0.001282710179079603,-2.15729858736173,-3.5372613116153198,0.08325161266802228,-0.008730594976934158
2.55,1,56,-0.005624712794426016,-0.00729932907904589,2.0945104717160987,2.361301748072249,-0.016548922439033224,-0.00230286350479124,1.8585672110264542,1.9573361555583795,-0.09506023423283479,0.0015260296804746115,-2.1567547247230388,-3.534502899679007,0.17273306735515,-0.010386716545676529
2.5541666666666667,1,56,-0.005363407458254931,-0.008563514848590546,2.0943348791831395,2.358197237435522,-0.02131196042405737,-0.0027017011566027446,1.8557478395524836,1.9572941301337266,-0.11920322793621613,0.0017903258921212794,-2.156170270975995,-3.5315066835074767,0.09752162389383588,-0.012185613280773671
2.558333333333333,1,56,-0.004164943003950653,-0.009927820134677568,2.0948817820060457,2.354846859370496,-0.02884968850661274,-0.0031321254896127275,1.8532360600538653,1.9572487764282942,-0.09757118890452586,0.0020755535282243184,-2.155375805623011,-3.5282731764869455,0.19398715537321143,-0.014126976950530612
2.5625,1,56,-0.003408074631313139,-0.011392011170619902,2.0946297491626944,2.3512511879472044,-0.031958387649955705,-0.003594062752827639,1.8501321065189211,1.957200102213206,-0.12208191753904021,0.0023816637164966914,-2.155235037655581,-3.524802932662195,0.12318984732735823,-0.016210474912277072
2.5666666666666664,1,56,-0.002832341863868924,-0.012955837074820849,2.09442302616581,2.347410839265436,-0.03919809366071938,-0.00408743379567537,1.8469668231716518,1.9571481158285382,-0.10857173900511584,0.0027086040065334204,-2.1548252927500515,-3.52109654664164,0.22171274036916644,-0.018435750169362653
2.5708333333333333,1,56,-0.0026222148720751216,-0.014619029893762677,2.0942637274932427,2.3433264713491657,-0.04179604267539694,-0.0046121540815677224,1.843622816035198,1.9570928261818903,-0.1413401507978189,0.0030563183787989754,-2.1546220996764562,-3.5171546534954437,0.1525085934311672,-0.020802421432328317
2.575,1,56,-0.002619703653746745,-0.016381304647917934,2.094785243193721,2.338998784033811,-0.04891296392874926,-0.005168133702384954,1.8404882081270182,1.9570342427468586,-0.13210209319100452,0.003424747254225693,-2.154110543607215,-3.5129779286467047,0.2514863452557825,-0.023310083184236708
2.5791666666666666,1,56,-0.003170083935107273,-0.01824235938057938,2.094549414399189,2.334428518846314,-0.05215797859037762,-0.005755277393881127,1.8368343887444738,1.956972375561413,-0.16522250454050427,0.003813827504422378,-2.1539427889008347,-3.5085670877557242,0.18256738757238436,-0.025958305750155654
2.5833333333333335,1,56,-0.004051748936246943,-0.020201875209599714,2.0943611659382304,2.3296164588780863,-0.060144634527774965,-0.0063734845520074515,1.8332656989784861,1.9569072352261772,-0.1561763758955798,0.0042234924624912325,-2.153691085237401,-3.503922886597381,0.28154485340933144,-0.028746635370782134
2.5875,1,56,-0.005492511298635465,-0.022259516382028912,2.0948447764398983,2.3245634286508317,-0.06423661470906289,-0.007022649250149819,1.83022565251831,1.9568388329026125,-0.18998260314598125,0.004653671934450584,-2.1534471615419255,-3.499046120931636,0.21181346005982182,-0.03167459428018955
2.591666666666667,1,56,-0.0073540876786528115,-0.024414930331645258,2.0945955932163387,2.3192702939752654,-0.07361501891787771,-0.00770266025727924,1.826721972016025,1.9567671803111046,-0.1776494272706587,0.0051042922112625655,-2.1532099233944986,-3.4939376263671793,0.3079497102713292,-0.034741680787692526
2.595833333333333,1,56,-0.010798740884543441,-0.026667747739364082,2.094403974316181,2.3137379618027665,-0.08080123518133082,-0.008413401057010193,1.8237491151116416,1.9566922897289567,-0.2122502963696036,0.005575276081462443,-2.155833342865346,-3.488598278218257,0.23467532657116458,-0.037947369363806695
2.6,1,56,-0.012540306842621377,-0.0290175825965206,2.0942221278730964,2.3079673800699707,-0.08830273863872948,-0.009154749867565698,1.8201994835373712,1.956614173988284,-0.20425720594167363,0.006066542844388791,-2.156485821767382,-3.4830289913546864,0.32062847122529714,-0.04129111073029817
2.6041666666666665,1,56,-0.015571963537490156,-0.03146403227100859,2.094645799468804,2.301959537536352,-0.09304347191391395,-0.00992657966264341,1.817311073616746,1.9565328464738168,-0.24239403429049675,0.006578008324010741,-2.156575054595842,-3.477230720045102,0.23468166317487066,-0.04477233195429682
2.6083333333333334,1,56,-0.019051656455521343,-0.03400667757627113,2.0944369465052195,2.295715463614799,-0.10361473097046583,-0.010728758193181467,1.8137289753719028,1.9564483211206058,-0.22999343892397717,0.00710958488335148,-2.156678714393552,-3.4712044577934416,0.302088408696697,-0.048390436546467894
2.6125,1,56,-0.023974375265410252,-0.03664508284312417,2.0942632191156467,2.2892362281952354,-0.1121066945091932,-0.011561148010018113,1.81045821109646,1.9563606124116353,-0.2603918562078096,0.007661181439504015,-2.156752964190326,-3.46495123716872,0.2044372406218544,-0.05214480456321481
2.6166666666666667,1,56,-0.02700513402904522,-0.03937879599440845,2.094884658595795,2.2825229414612926,-0.12089066089346118,-0.0124236064874436,1.8071163359263183,1.956269735375341,-0.2450679867054301,0.008232703479238214,-2.1568580903500356,-3.458472129628099,0.2481045683468137,-0.056034792712906366
2.620833333333333,1,56,-0.030553128834901827,-0.04220734862244806,2.094621505798033,2.275576753700095,-0.12651586631932132,-0.013315985847637567,1.8037250676797902,1.9561757055830356,-0.2655224490106762,0.00882405307519464,-2.156861923223285,-3.451768245333301,0.13652866735686103,-0.060059734466097935
2.625,1,56,-0.034556803002234855,-0.04513025606931218,2.0944084625711663,2.268398855105154,-0.1376712273469023,-0.014238133185990808,1.7997995522315067,1.9560785391462392,-0.23718877810024927,0.009435128902664422,-2.1570408009732596,-3.444840732960389,0.15292060483956219,-0.06421894016974138
2.6291666666666664,1,56,-0.03887025118664503,-0.04814701750985633,2.0942413661680837,2.260990475572444,-0.14509652036673096,-0.01518989049730392,1.7965023345407698,1.9559782527139211,-0.2455083239941111,0.010065826256950213,-2.1569152562661476,-3.4376907795029448,0.024950701447252442,-0.06851169716535009
2.6333333333333333,1,56,-0.04035977348828946,-0.05125711603753872,2.0949968007396786,2.2533528844896575,-0.1515109849637921,-0.0161710947028615,1.7932078699894227,1.955874863469645,-0.20250828373494512,0.01071603707130735,-2.157081344756656,-3.4303196100686844,0.08432518473918203,-0.07293726991111311
2.6375,1,56,-0.04364293899960889,-0.05446001875298715,2.0947182607633175,2.2454873905187096,-0.15808326762486272,-0.01718157767837408,1.7902307582623025,1.9557683891286257,-0.1909840269266082,0.011385649935460023,-2.156745410170178,-3.422728487669544,-0.014801195345527794,-0.07749490010792291
2.6416666666666666,1,56,-0.043185385328349604,-0.05775517685530942,2.0944801630936416,2.2373953413715006,-0.15604834967884823,-0.018221166282785625,1.7878883125504943,1.9556588479346937,-0.18569539876450944,0.012074550114691027,-2.1568841484056094,-3.4149187130052687,0.0582760492382381,-0.08218380682930729
2.6458333333333335,1,56,-0.04537459509428965,-0.06114202573612906,2.0942880741424728,2.2290781235789927,-0.15855260020640327,-0.019289682387940862,1.7860955661563083,1.955546258657168,-0.18385360120063388,0.0127826195695013,-2.156886273683738,-3.4068916242405405,-0.032418263121885144,-0.08700318665523933
2.65,1,56,-0.04671993547038524,-0.06461998507632515,2.0948613903809052,2.220537162253639,-0.1614487348139764,-0.02038694290910566,1.785280695785405,1.9554306405876423,-0.15859088524844064,0.013509736975834751,-2.1569583049532413,-3.398648596775698,0.047095762324974165,-0.09195221380979499
2.654166666666667,1,56,-0.050125772742645854,-0.06818845894547004,2.094597680793083,2.2117739208451916,-0.16449740274435065,-0.021512759836338675,1.784914717062856,1.955312013536677,-0.16849811461506742,0.014255777745867174,-2.1567811306159603,-3.390191043011059,-0.040641171897180826,-0.09703004030265006
2.658333333333333,1,56,-0.053434574851699584,-0.07184683590393598,2.094382264929596,2.202789900889955,-0.17159537412756168,-0.022666940266704867,1.7850237054006104,1.9551903978304073,-0.13282927504903042,0.015020614049353068,-2.1568423913708124,-3.3815204121049245,0.04088063171408048,-0.10223579607437448
2.6625,1,56,-0.05667004179414637,-0.07559448910766545,2.0947253538767603,2.1935866417534964,-0.17368344711052935,-0.023849286437329538,1.7863271261265707,1.955065814307058,-0.1372975278879639,0.015804114835529424,-2.1564715488505923,-3.3726381897252606,-0.04392459561708562,-0.10756858914551747
2.6666666666666665,1,56,-0.05949880154671772,-0.07943077641557399,2.0944841165362176,2.1841657203668925,-0.17652028395532363,-0.02505959575928277,1.7880142475175165,1.9549382843133745,-0.12252042533428922,0.016606145855569795,-2.156471660258133,-3.36354589779515,0.03767683522865625,-0.11302750576943815
2.6708333333333334,1,56,-0.06459886958977322,-0.08335504049958162,2.0942904714645634,2.1745287509565214,-0.17940674442534268,-0.02629766085229325,1.7905856288887954,1.9548078297009646,-0.14661362417941715,0.017426569685587968,-2.156346972637907,-3.354245094232004,-0.049406834652868374,-0.11861161058887698
2.675,1,56,-0.06986561430650456,-0.08736660895723879,2.094718952563155,2.164677384767483,-0.18691119117506488,-0.027563269580280568,1.794314877906077,1.9546744728225547,-0.12327952158649788,0.01826524575018403,-2.157176642748022,-3.3447373726806355,0.02995152210034477,-0.1243199467962189
2.6791666666666667,1,56,-0.07535092802189455,-0.09146479442694275,2.094491036159794,2.154613309780656,-0.18996374783881909,-0.028856205087704836,1.7982249553811485,1.9545382365281594,-0.1423886341040756,0.01912203034653201,-2.156916335887672,-3.335024362240184,-0.05549064414748021,-0.1301515362974426
2.683333333333333,1,56,-0.08109292798108622,-0.09564889470570993,2.0943036068911853,2.1443382504234823,-0.197570485197148,-0.030176245836722633,1.8026608423001338,1.9543991441611663,-0.11555792224484009,0.019996776669001882,-2.156856800775868,-3.325107727184988,0.025837850996857006,-0.13610537987970694
2.6875,1,56,-0.08705057672961511,-0.09991819286949827,2.09448766605312,2.1338539672744834,-0.2001538762049489,-0.03152316564514748,1.8078938014414798,1.9542572195543366,-0.13338982347786155,0.020889334834314686,-2.1565842325670825,-3.314989166679411,-0.0601591020306252,-0.1421804573825658
2.6916666666666664,1,56,-0.09341718319957741,-0.1042719573960449,2.094302554187355,2.123162256761607,-0.20759337224352384,-0.032896733725203894,1.8135679009349694,1.9541124870257207,-0.10669122084406188,0.02179955190722351,-2.1564844828292147,-3.304670414486707,0.02203698758108764,-0.1483757278727624
2.6958333333333333,1,56,-0.10012890062233429,-0.10870944229021234,2.0944281505924502,2.1122649508544056,-0.2102247441326057,-0.03429671472307277,1.8200232289160478,1.9539649713744929,-0.12487380718860035,0.022727271926718903,-2.1561826308593295,-3.2941532386719414,-0.06350392954237973,-0.15469012982259286
2.7,1,56,-0.10574939095115105,-0.1132298872118077,2.094257519576224,2.101163916750148,-0.21554207664176925,-0.0357228687592171,1.8269255761883716,1.9538146978767,-0.09990294591614378,0.023672335932751344,-2.1560464617798885,-3.2834394412990484,0.019918067246933405,-0.161122581291789
2.7041666666666666,1,56,-0.1138396817402211,-0.1178325176058646,2.0937236801112262,2.0898610565538807,-0.22094773870228387,-0.037174951469484525,1.8329261755971766,1.9536616922809324,-0.11653590687892863,0.024634581993468515,-2.155751522378332,-3.2725308581220545,-0.06549079688403596,-0.16767198011290535
2.7083333333333335,1,56,-0.12063775423729656,-0.12251654483536033,2.0937151671493095,2.0783583069525093,-0.2281476155106393,-0.038652714046978266,1.8398904879240916,1.9535059808039115,-0.09492170237001561,0.025613845232961757,-2.155522649395195,-3.2614293582705267,-0.009783161356100368,-0.1743372040801716
2.7125,1,56,-0.12630835937682666,-0.12728116631634162,2.0936710946472052,2.0666576388829636,-0.22865148389160778,-0.04015590328468792,1.845662133896426,1.9533475901259971,-0.11787222607923879,0.02660995785951605,-2.1540091799858883,-3.2501368439293166,-0.11074986670858206,-0.18111711114177229
2.716666666666667,1,56,-0.13149486041157382,-0.132125565655447,2.0941084002524732,2.0547610571944794,-0.2323014804970397,-0.04168426161887636,1.8522659359941651,1.9531865473866166,-0.09463879139755985,0.027622749194361043,-2.1528059107401445,-3.23865525001262,-0.03815402444299609,-0.1880105395955369
2.720833333333333,1,56,-0.1394860099189002,-0.13704891278978773,2.09401356741654,2.0426706003050885,-0.23659359832308163,-0.04323752717321069,1.8577916665494782,1.9530228801796141,-0.11349084996173679,0.02865204570091515,-2.1520899036267473,-3.22698654383245,-0.12980215143411533,-0.19501630828798583
2.725,1,56,-0.14535617395806197,-0.1420503641291789,2.0944899375816375,2.030388339852334,-0.2416136768828211,-0.04481543380363477,1.8642011662715978,1.9528566165485233,-0.08871171770328966,0.029697671014521046,-2.1515840153757257,-3.2151327247615367,-0.048268680616017044,-0.20213321681672103
2.7291666666666665,1,56,-0.15412968997518722,-0.14712906270067985,2.094321579222007,2.017916380338318,-0.2472489042459891,-0.046417711143970176,1.871081466561173,1.952687784981761,-0.10674193166580309,0.03075944597266388,-2.15085201246051,-3.203095823890757,-0.13576322308826455,-0.20936004573610228
2.7333333333333334,1,56,-0.16091459197483357,-0.15228413829543677,2.094315727718978,2.005256858769095,-0.25384309515936115,-0.048044084652243566,1.87710859217699,1.9525164144077474,-0.08159407726412937,0.031837188645670866,-2.1503362413359226,-3.1908779036811072,-0.05208473106997423,-0.2166955567661998
2.7375,1,56,-0.1670514900586993,-0.1575147076177838,2.0943396974007715,1.9924119442885166,-0.25423074235521514,-0.04969427565772656,1.883570621754634,1.952342534189948,-0.1037422046721378,0.032930714367882974,-2.1495271790344956,-3.178481057610319,-0.1361957741806172,-0.2241384930049604
2.7416666666666667,1,56,-0.172952934881796,-0.16281987443659557,2.0946016343467413,1.9793838378065511,-0.25791364943527606,-0.051368001408685866,1.8909326539544538,1.952166174121843,-0.08248777926301308,0.034039835769297415,-2.1488239778168676,-3.1659074098141446,-0.05108232842693446,-0.2316875791435772
2.745833333333333,1,56,-0.1818006130436721,-0.16819872973884784,2.0939644734009564,1.9661747716221774,-0.2622317308762803,-0.05306497512083013,1.8968110272362195,1.9519873644218222,-0.10465071075731058,0.03516436280767162,-2.14810927348843,-3.1531591147224076,-0.13576416401452104,-0.23934152168500192
2.75,1,56,-0.18886641232342988,-0.17365035188537595,2.0935804069740223,1.9527870090408834,-0.26768039590680653,-0.05478490602645014,1.903248250390323,1.951806135728007,-0.08497542093735241,0.036304102801086854,-2.1473825832799123,-3.1402383566898413,-0.04945158542711642,-0.247099009165584
2.7541666666666664,1,56,-0.19751244515425548,-0.1791738067687891,2.0926172908608036,1.93922284398687,-0.27199494391234513,-0.05652749942423912,1.9097271570999712,1.9516225190930014,-0.10941016671875083,0.037458860460962425,-2.146686027134655,-3.1271473496218207,-0.13262994412161092,-0.2549587123797779
2.7583333333333333,1,56,-0.20447685126314755,-0.18476814797352895,2.0918067797899496,1.9254846006099873,-0.2776224517997708,-0.058292456729789575,1.91672268263965,1.9514365459785703,-0.09250133900928904,0.03862843792551825,-2.145965668807369,-3.113888336595011,-0.044732319735194856,-0.2629192846079012
2.7625,1,56,-0.21318743735666765,-0.19043241693802918,2.089991503859189,1.9115746328875152,-0.2824730994234807,-0.060079475526753065,1.9221054624925193,1.9512482482502498,-0.11988144640291823,0.03981263479367665,-2.145308821027827,-3.100463589473039,-0.12740959176874384,-0.270979361846883
2.7666666666666666,1,56,-0.22016919025761544,-0.1961656431189619,2.0882601115323607,1.8974953242208155,-0.28853283593626333,-0.061888249618658145,1.9279655487849685,1.951057658171886,-0.1063308486092691,0.04101124815940043,-2.1447885502029185,-3.086875408517214,-0.03833681174993317,-0.2791375630439809
2.7708333333333335,1,56,-0.2289458707187987,-0.201966844157537,2.0856936347521517,1.8832490870269447,-0.29378378781582937,-0.06371846908137613,1.9338064634915733,1.9508648084001075,-0.13729720159636666,0.04222407264646008,-2.144195327123888,-3.0731261219923884,-0.12015818172140565,-0.28739249033342007
2.775,1,56,-0.23629178819839208,-0.20783502604781984,2.0830587584670677,1.8688383623253093,-0.30111702593318124,-0.06556982031622369,1.9400107204055177,1.9506697319787303,-0.12388161349192467,0.043450900443623125,-2.1434515046147364,-3.0592180857680287,-0.03122030894954747,-0.29574272927590417
2.779166666666667,1,56,-0.24368204163197493,-0.21376918330705436,2.0797821044797398,1.8542656193193972,-0.30366971126847797,-0.06744198610369792,1.945916742217748,1.9504724623330947,-0.15492113685047681,0.044691521340262524,-2.142742016228353,-3.0451536829145414,-0.11207885940940873,-0.3041868491009794
2.783333333333333,1,56,-0.2497689870595098,-0.21976829914794194,2.0763064452823654,1.839533354973705,-0.30853647753232355,-0.06933464565782864,1.9517984984730612,1.9502730332643392,-0.14197914136460282,0.04594572276237408,-2.141660160286769,-3.030935323294954,-0.027907293278833577,-0.3127234029521822
2.7875,1,56,-0.25942084475551647,-0.22583134565286825,2.071514944072757,1.824644093585883,-0.31522770940412254,-0.07124747468114517,1.9574552818945348,1.9500714789436078,-0.17009230397406291,0.04721328980900108,-2.1407767836012557,-3.0165654431519875,-0.11433086657671294,-0.3213509281349586
2.7916666666666665,1,56,-0.2657988917876124,-0.23195728395002582,2.0668983989838554,1.8096003863542234,-0.31927909261282,-0.07318014542024115,1.9629704296087156,1.9498678339061957,-0.15866795259803296,0.04849400528905521,-2.140064406887699,-3.002046504690632,-0.07183822433731814,-0.33006794636728104
2.7958333333333334,1,56,-0.27570534245581607,-0.23814506439142522,2.0608975099863733,1.7944048109405117,-0.3251618308415582,-0.07513232672193529,1.9683230416046689,1.9496621330456319,-0.18776432345964594,0.0497876497585324,-2.1391074793986817,-2.9873809956562454,-0.18449262226425917,-0.3388729640329526
2.8,1,56,-0.28444269714676157,-0.24439362673274134,2.054537493375212,1.779059971028371,-0.3337942694897854,-0.07710368409001099,1.973363529027731,1.9494544116077,-0.170067150377172,0.05109400155811224,-2.138064321937386,-2.9725714289083065,-0.18061837258893518,-0.34776447243752295
2.8041666666666667,1,56,-0.29086177434914634,-0.25070190031498585,2.0479641591655677,1.7635684958771223,-0.3347756119087519,-0.07909387974253222,1.9783669052405186,1.9492447051843986,-0.1788125072299679,0.05241283685113924,-2.1371439423807277,-2.9576203419898337,-0.31683514576511224,-0.35674094806680223
2.808333333333333,1,56,-0.2963917654848221,-0.2570688042479544,2.0418374391618137,1.7479330398712847,-0.338486754454693,-0.08110257266971907,1.9833238346268607,1.949033049707844,-0.13519346607218455,0.053743929661975075,-2.136065749031542,-2.9425302966926052,-0.2636780826593849,-0.3658008528479007
2.8125,1,56,-0.3047018947397367,-0.2634932475954362,2.034341305837582,1.732156282065751,-0.3428812949118268,-0.08312941869237962,1.988365797260453,1.9488194814441129,-0.1284541731192447,0.05508705191471935,-2.1348546499653547,-2.9273038786181966,-0.3686145045511443,-0.3749426344127764
2.8166666666666664,1,56,-0.31005214741641646,-0.2699741295621355,2.027536783863616,1.7162409257267546,-0.341444859180593,-0.08517407052088179,1.9934274179403557,1.9486040369870272,-0.12396045589594405,0.056441973472288215,-2.134281844930024,-2.9119436967349612,-0.2979364582146532,-0.38416472636421845
2.8208333333333333,1,56,-0.31795556286620996,-0.2765103396822922,2.0204211805331878,1.700189697868669,-0.3433174839464706,-0.08723617781466098,1.9982154165383368,1.9483867532518857,-0.12315393978893806,0.057808462175848174,-2.1257307393314124,-2.8964523829309883,-0.39220177247237004,-0.39346554854424814
2.825,1,56,-0.3234461388938389,-0.2831007580099502,2.013708064663547,1.6840053487867572,-0.3429486912349782,-0.08931538724224801,2.0029507887787568,1.9481676674691382,-0.10110540010708285,0.05918628388459447,-2.118974823464687,-2.8808325915631494,-0.3120587152128,-0.4028435073048649
2.8291666666666666,1,56,-0.33094875277080305,-0.2897442553108558,2.0062558317761248,1.667690651585919,-0.34222556118310576,-0.091411342541811,2.0074722482857004,1.9479468171780052,-0.11157369988731863,0.0605752025158702,-2.113425467577333,-2.8650869990022865,-0.40022327864098595,-0.4122969957811118
2.8333333333333335,1,56,-0.33671735752245846,-0.29643969325594866,1.9990019691525787,1.6512484017055278,-0.3425322697747877,-0.09352368458219984,2.011920271612603,1.9477242402200474,-0.08107577664428725,0.06197498008561834,-2.109242169788916,-2.8492183031746228,-0.31700645801097754,-0.4218243941664071
2.8375,1,56,-0.34459925947931086,-0.30318592461640403,1.9909514606029712,1.6346814164404586,-0.3426201571847341,-0.0956520514244799,2.0161400850395195,1.9474999747326809,-0.08353966322805992,0.06338537674915815,-2.105498712849713,-2.8332292230994995,-0.4022954713765895,-0.4314240699900831
2.841666666666667,1,56,-0.35046311721081663,-0.309981793460209,1.9831614375449866,1.6179925344583472,-0.3406452069590096,-0.09779607838394995,2.020496534535449,1.947274059142642,-0.06915640434046191,0.0648061508422823,-2.1009425131520234,-2.817122498423472,-0.30259716719378354,-0.4410943783971082
2.845833333333333,1,56,-0.3586916189698114,-0.3168261353502212,1.9744412491015217,1.6011846153132092,-0.3386190438701412,-0.0999553980926276,2.0241105723036,1.9470465321594044,-0.09088165686278651,0.06623705892266386,-2.0987195533322587,-2.8009008889509,-0.38634112044006275,-0.45083366242991796
2.85,1,56,-0.36551327733711797,-0.3237177775436938,1.9658179734282697,1.5842605389554603,-0.33824177357851365,-0.10212964056219732,2.027816143327893,1.9468174327685452,-0.0714630502730056,0.06767785581156983,-2.09747374775043,-2.7845671741710536,-0.3002907622221038,-0.4606402533123331
2.8541666666666665,1,56,-0.37339288209619703,-0.33065553919321405,1.9564025281409907,1.567223205238461,-0.33632479460424425,-0.10431843324740468,2.0310637793619786,1.9465868002250657,-0.08754280250226698,0.06912829463587032,-2.096349821863502,-2.768124152781877,-0.38127238536916086,-0.47051247073548874
2.8583333333333334,1,56,-0.38009931486506904,-0.3376382315490402,1.9469415800211327,1.550075533421633,-0.33637294136609847,-0.10652140110989133,2.0342872567549883,1.9463546740466648,-0.06430027225900649,0.07058812687033987,-2.0956894725358977,-2.751574642210434,-0.3124697551930448,-0.4804486231457534
2.8625,1,56,-0.38803058264759976,-0.34466465816278263,1.9366182494741777,1.5328204616702688,-0.33510725867978225,-0.10873816668245453,2.037074014373926,1.9461210940069684,-0.07697643886547052,0.07205710238024009,-2.0942371274991682,-2.7349214781301665,-0.40361433763409843,-0.49044700803456104
2.8666666666666667,1,56,-0.3936338805188163,-0.351733615092415,1.923722079934271,1.5154609465520794,-0.33521486471459316,-0.1109683501337259,2.039360649796044,1.9458861001287135,-0.05091499078298115,0.07353496946418,-2.1426225190958035,-2.718167513975006,-0.3713068823622298,-0.5005059122301353
2.870833333333333,1,56,-0.40300184859056126,-0.3588438911085567,1.9122369786666666,1.4979999625306182,-0.3357802503277685,-0.11321156933325147,2.04150210359321,1.9456497326768918,-0.06334741752042203,0.07502147489724248,-2.140609471845412,-2.701315620450464,-0.48907301808940673,-0.5106236121910229
2.875,1,56,-0.4112976859364529,-0.3659942679020178,1.9006354695103163,1.480440501455603,-0.33806776087672047,-0.11546743991697012,2.0432768085303614,1.9454120321518489,-0.0389618600208281,0.07651636397437449,-2.1392326628296137,-2.6843686850417385,-0.5055655513330771,-0.5207983743014244
2.8791666666666664,1,56,-0.4171934586996571,-0.37318352029254337,1.889268045785747,1.4627855720502971,-0.3351244131000869,-0.11773557535307003,2.0445980463101545,1.9451730392823465,-0.02352784173114208,0.078019380554028,-2.138597152318118,-2.667329611518973,-0.37511987247073936,-0.5310284551682293
2.8833333333333333,1,56,-0.4261201781225529,-0.38041041643874834,1.8765528551550161,1.4450381993959622,-0.33231431163148917,-0.12001558700822115,2.0449650746087533,1.9449327950185822,-0.052677321534801744,0.07953026710205002,-2.137641104011399,-2.6502013194396934,-0.42816728381459745,-0.5413121019197481
2.8875,1,56,-0.43438850701686504,-0.3876737180491814,1.8635374407674425,1.427201424413541,-0.33189120973673747,-0.12230708421416363,2.0452914003176463,1.9446913405251738,-0.04677521501768605,0.08104876473580841,-2.136130095047127,-2.6329867436485737,-0.5180112775684245,-0.5516475525060491
2.8916666666666666,1,56,-0.4407052299507626,-0.39497218059450223,1.8506076322620912,1.4092783033426046,-0.329668678090182,-0.12460967433464763,2.045255670378615,1.9444487171741058,-0.023736912320518597,0.08257461326855071,-2.135231221005034,-2.6156888337745565,-0.4362098387566199,-0.5620330360008804
2.8958333333333335,1,56,-0.4502031235214329,-0.40230455352072797,1.8362999275945249,1.3912719072176762,-0.32787179782373826,-0.12692296283271026,2.0442734489017043,1.9442049665376404,-0.045193273184882074,0.08410755125398624,-2.13403959862566,-2.598310553725445,-0.5220345572882799,-0.5724667729051117
2.9,1,56,-0.4586204049124478,-0.4096695804635035,1.8222647682985973,1.3731853213420384,-0.32821091166139443,-0.12924655333827584,2.0433165698231273,1.9439601303811944,-0.025511747367078362,0.08564731603108251,-2.1255790979858165,-2.580854881180066,-0.43447841711371865,-0.5829469754516357
2.904166666666667,1,56,-0.46905534793225456,-0.41706599946337863,1.8068528664207235,1.3550216447590673,-0.3281770405845672,-0.13158004771607343,2.041266762686363,1.9437142506561824,-0.04646255336906024,0.08719364376907196,-2.1184996802276497,-2.563324807078043,-0.512798687845567,-0.5934718479117002
2.908333333333333,1,56,-0.47838833082218407,-0.4244925431820334,1.7911753585639858,1.3367839897212417,-0.33040956689772405,-0.13392304613385395,2.039130399850319,1.9434673694928302,-0.026730005126533594,0.08874626951265693,-2.113217509901716,-2.5457233351073336,-0.4183442400739584,-0.6040395869025893
2.9125,1,56,-0.48984130145015775,-0.43194793911943474,1.7740484815334336,1.3184754811568622,-0.3325032294991536,-0.13627514713090058,2.0362689756755707,1.9432195291929535,-0.046518089829191527,0.09030492722740946,-2.106175770456505,-2.528053481189544,-0.4727295386391101,-0.6146483816966316
2.9166666666666665,1,56,-0.5011971230209259,-0.4394309098318681,1.756419707733943,1.3000992561346212,-0.33789253960546234,-0.13863594768681584,2.032831922710195,1.942970772222712,-0.031903665832829595,0.09186934984535386,-2.101101042006068,-2.51031827296318,-0.6492181243481535,-0.6252964145314518
2.9208333333333334,1,56,-0.5105770800331251,-0.4469401731508256,1.7387787487398305,1.2816584633260721,-0.3390850061476549,-0.14100504329057828,2.0290266121879066,1.9427211412053322,-0.025222714762430164,0.09343926931072848,-2.0982963413648084,-2.492520749264868,-0.637421567956931,-0.6359818609214416
2.925,1,56,-0.5212051601918298,-0.45447444240269386,1.7200593586347732,1.2631562624661332,-0.3395073365853624,-0.14338202800985186,2.0244978340527684,1.9424706789138038,-0.04865390245103102,0.0950144166259146,-2.095656257656514,-2.4746639596086757,-0.7673156261705423,-0.6467028899703687
2.9291666666666667,1,56,-0.5301445469081346,-0.46203242662922483,1.7013982534963494,1.2445958238116677,-0.34183738435716876,-0.14576649456054225,2.020165639808734,1.9422194282635505,-0.026469673783410686,0.09659452189752898,-2.094001861060891,-2.4567509636635783,-0.7134137259464819,-0.6574576646851003
2.933333333333333,1,56,-0.5390621576841984,-0.4696128308087281,1.6803966989130137,1.2259803275982941,-0.34245196070932654,-0.14815803437658065,2.0150326525875544,1.9419674323050786,-0.030124295746392183,0.09817931438266739,-2.1226494978652566,-2.4387848307292197,-0.8116054443966259,-0.6682443422903519
2.9375,1,56,-0.5468638414138025,-0.4772143560779733,1.6613546877743917,1.2073129634954516,-0.3424185518921418,-0.15055623767993184,2.010013418866483,1.9417147342165977,-0.013374600072574143,0.09976852253529638,-2.1159609508476596,-2.4207686392099843,-0.739965373971599,-0.6790610745444485
2.9416666666666664,1,56,-0.555480198926542,-0.48483569995473647,1.6413464146185845,1.1885969300598835,-0.340712243509461,-0.15296069355080522,2.0042300822742236,1.9414613772966245,-0.027652869533545656,0.1013618740527799,-2.110054006742209,-2.4027054760875455,-0.8286122571926297,-0.6899060080560004
2.9458333333333333,1,56,-0.5627944039770526,-0.492475556560981,1.6212815718402087,1.1698354341875643,-0.3415890197026103,-0.15537098999806603,1.9986645195836923,1.941207404956563,0.0035199010165188173,0.1029590959225384,-2.10567768300825,-2.3845984363919097,-0.7450499987483366,-0.700777284601483
2.95,1,56,-0.5710371030622624,-0.5001326168466066,1.6002715397541167,1.1510316905642295,-0.3408752608878125,-0.15778671402982603,1.9923152671639768,1.9409528607132664,0.002640230033212863,0.10455991446882681,-2.1014825817827156,-2.366450622671117,-0.8253320247376835,-0.7116730414436242
2.9541666666666666,1,56,-0.5777309271273385,-0.507805568813751,1.5793199776556173,1.1321889211145493,-0.3393166608852818,-0.16020745172420825,1.9857269164724118,1.9406977881815801,0.01751532088194301,0.10616405539962812,-2.098921157492433,-2.3482651444596243,-0.7332646254392972,-0.7225914116505796
2.9583333333333335,1,56,-0.5855918061623346,-0.5154930977415969,1.5576952581859551,1.1133103544500615,-0.3366096604526592,-0.16263278830027128,1.9800567779523517,1.9404422310668696,0.0016414344892149149,0.10777124385365228,-2.0960370734680303,-2.3300451177455006,-0.8061418514929555,-0.7335305244158243
2.9625,1,56,-0.5925745951838923,-0.5231938864116363,1.5360861357142876,1.094399225315981,-0.3366425708021187,-0.16506230818907802,1.9749800857197783,1.9401862331575306,0.02769901415669102,0.10938120444743123,-2.0940557894682956,-2.3117936644365304,-0.6985817305169697,-0.7444885053786988
2.966666666666667,1,56,-0.6004318857652045,-0.5309066153333761,1.5124162858291998,1.0754587740369266,-0.3350866712418287,-0.16749559510490317,1.9688993540903978,1.939929838317487,0.017527635312891515,0.11099366132250564,-2.1129930673517006,-2.2935139118252748,-0.7578160495207402,-0.7554634769455788
2.970833333333333,1,56,-0.6080079948030661,-0.5386299629704191,1.4898375131352388,1.0564922459617225,-0.3365141060586637,-0.16993223211655983,1.9633833553248679,1.939673090478675,0.046091749756103535,0.11260833819269059,-2.1059692711931715,-2.2752089920532432,-0.6692795724265148,-0.7664535586115836
2.975,1,56,-0.61765644132919,-0.5463626059669091,1.4660298412973976,1.0375028909073114,-0.33662199070469945,-0.17237180171884034,1.9573358911502536,1.9394160336335147,0.028913982968878666,0.11422495839141705,-2.1012889872413654,-2.256882041574202,-0.7466414518334562,-0.777456867282799
2.9791666666666665,1,56,-0.6266111560449931,-0.5541032193742752,1.4420374215374012,1.0184939626019276,-0.3390891245630114,-0.17481388590405192,1.9516507505124912,1.9391587118273734,0.0478427551916362,0.1158432449191361,-2.0974390938677296,-2.23853620061677,-0.6565705446692608,-0.7884715175989272
2.9833333333333334,1,56,-0.6378071383428775,-0.5618504768782598,1.4167514205728569,0.9994687181275745,-0.3407420737939856,-0.17725806623364165,1.9446635357554378,1.9389011691510178,0.026068184334300262,0.1174629204907824,-2.0940491608678777,-2.2201746126463497,-0.7296693326779197,-0.7994956222563421
2.9875,1,56,-0.6483121751620746,-0.5696030510261715,1.390745817605077,0.9804304173619547,-0.3452815259433537,-0.17970392390989232,1.939625485216811,1.9386434497330596,0.040295406595844435,0.1190837075832846,-2.1070152406833107,-2.2018004238265156,-0.6344422446699889,-0.8105272923314608
2.9916666666666667,1,56,-0.6616105517386797,-0.577359613454342,1.3643388449618459,0.9613823224198899,-0.34886052181075117,-0.18215103984768294,1.9339171413049878,1.9383855977323945,0.012054051896145144,0.12070532848311859,-2.1015784405897313,-2.183416782479928,-0.7032761661239147,-0.8215646376044097
2.995833333333333,1,56,-0.6746256901754207,-0.585118835115728,1.3376674173786944,0.9423276970943939,-0.35584225123511476,-0.18459899474629476,1.9290063882163988,1.9381276573306354,0.02390464685562079,0.12232750533389089,-2.0975879180622456,-2.165026838548898,-0.6149640646681368,-0.8326057668828939
3.0,1,56,-0.6893702438867175,-0.5928793865076446,1.3099620044980655,0.9232698062974178,-0.35926186413313904,-0.1870473691612586,1.9234888808300175,1.937869672724542,-0.005549321023601632,0.12394996018394953,-2.0943210642947947,-2.1466337430556397,-0.6800150008858884,-0.843648788326254
3.0041666666666664,1,56,-0.7046219352044532,-0.6006399378995604,1.2813120792572636,0.904211915500444,-0.3665830368257517,-0.18949574357622218,1.9184774507360784,1.9376116881184486,-0.0004215616723536921,0.12557241503400798,-2.0992383791360045,-2.128240647562384,-0.8449825338869318,-0.8546918097696129
3.0083333333333333,1,56,-0.7183251901552559,-0.6083991595609475,1.2535908877773791,0.8851572901749454,-0.3705924280214921,-0.19194369847483433,1.914123055489072,1.9373537477166893,0.014401843575223937,0.12719459188478052,-2.0956350449244576,-2.109850703631351,-0.8275427508251143,-0.8657329390480986
3.0125,1,56,-0.7337970103586804,-0.6161557219891178,1.2248617121861103,0.866109195232881,-0.3732131510051309,-0.19439081441262493,1.908929549934374,1.9370958957160243,-0.0008700520448965122,0.12881621278461447,-2.0920320325250317,-2.0914670622847638,-0.9354351176754702,-0.8767702843210472
3.0166666666666666,1,56,-0.7481292691551681,-0.6239082961370295,1.1959316892585228,0.8470708944672609,-0.37861719923746256,-0.1968366720888756,1.9043633877407775,1.936838176298066,0.027928801610878944,0.13043699987711668,-2.097840312310264,-2.07309287346493,-0.8684563893599856,-0.8878019543961659
3.0208333333333335,1,56,-0.7645876961859372,-0.6316555536410142,1.1664565140787733,0.8280456499929079,-0.3818599307145293,-0.19928085241846533,1.8994851606987335,1.9365806336217104,0.019969337431399344,0.132056675448763,-2.0939416145780796,-2.0547312854945092,-0.9517574568390664,-0.8988260590535809
3.025,1,56,-0.7801341832124691,-0.6393961670483801,1.1368989713333026,0.809036721687524,-0.38780471147002166,-0.20172293660367688,1.8953781142198383,1.9363233118155692,0.056756732690316856,0.13367496197648204,-2.096481184185818,-2.036385444537078,-0.8583560356286248,-0.9098407093697091
3.029166666666667,1,56,-0.7977565476853599,-0.6471288100448702,1.1066337080639903,0.7900473666331129,-0.39131851836829806,-0.2041625062059574,1.8907249833357374,1.9360662549704089,0.0543002812874551,0.1352915821752085,-2.0938317249676732,-2.018058494058036,-0.9270180516870979,-0.9208440180409244
3.033333333333333,1,56,-0.8138311224968197,-0.6548521576819133,1.0766394669923602,0.7710808385579089,-0.3937285671204181,-0.20659914321761408,1.88639786407764,1.9358095071315968,0.06429142604403809,0.13690625904539347,-2.096684918614321,-1.9997535742860049,-0.8445958832074326,-0.9318340997069293
3.0375,1,56,-0.8321729567647207,-0.662564886603653,1.0459033380908944,0.7521403872788546,-0.39378262974122896,-0.20903243013343922,1.881657949414381,1.9355531122915532,0.03769959620694891,0.13851871592046786,-2.0944069596067236,-1.9814738216747496,-0.9171434455729599,-0.9428090712738093
3.0416666666666665,1,56,-0.8498511280040446,-0.6702656752736925,1.0154513209661125,0.7332292581447739,-0.39621692056102426,-0.21146195002224596,1.8781172224286813,1.9352971143822142,0.050996689857493394,0.14012867651424682,-2.092854038182394,-1.9632223683657786,-0.831161513422337,-0.9537670522366838
3.0458333333333334,1,56,-0.8698189316316302,-0.6779532042015384,0.9842767815334267,0.7143506914802862,-0.39574982303000217,-0.213887286598309,1.8744883607246143,1.9350415572675037,0.025590788027394836,0.14173586496827098,-2.088315375894725,-1.9450023416516549,-0.9121289286051605,-0.9647061650019285
3.05,1,56,-0.889341297125485,-0.6856261561686827,0.9536379647834917,0.695507922030606,-0.39744595809848915,-0.2163080242926912,1.8720576507420181,1.9347864847358174,0.04153997162076358,0.14334000589907225,-2.0802296934496223,-1.9268168634401626,-0.8063439018877593,-0.9756245352088838
3.0541666666666667,1,56,-0.9109557458406333,-0.6932832164543083,0.9211357213210402,0.6767041784072709,-0.3966259697123951,-0.21872374832445124,1.868726785516363,1.9345319404925208,0.02069406600140042,0.14494082444536072,-2.0887024390029474,-1.9086690497193695,-0.8520415596680876,-0.9865202920510252
3.058333333333333,1,56,-0.9339767071207208,-0.7009230730605519,0.8899622831818633,0.6579426825349541,-0.3986794080515721,-0.22113404477171175,1.8668126713932107,1.9342779681524593,0.03975505311735846,0.146538046315119,-2.070037187409447,-1.8905620100237364,-0.9791693135906816,-0.9973915685965064
3.0625,1,56,-0.9542917495139981,-0.7085444169373161,0.8587177304269489,0.6392266490993836,-0.3968286353137186,-0.22353850064258543,1.8646738152723323,1.9340246112324861,0.04687155523192264,0.1481313978326027,-2.0706644262852927,-1.872498846901295,-0.9275149900217036,-1.0082365021080595
3.0666666666666664,1,56,-0.9762253164096263,-0.7161459422065604,0.827480329138744,0.6205592849965433,-0.39162454280946396,-0.22593670394593635,1.862645979286215,1.9337719131440054,0.026230797169126522,0.14972060598523151,-2.064809167103405,-1.8544826553820617,-0.9987679545071184,-1.019053234362155
3.0708333333333333,1,56,-0.9976111570710278,-0.7237263463860645,0.7969588246244069,0.6019437887831676,-0.38872451834505867,-0.22832824376197502,1.861541698840282,1.9335199171855333,0.041195336412602826,0.1513053984703701,-2.054661947354581,-1.8365165224477014,-0.9311463363719966,-1.0298399119674078
3.075,1,56,-1.0199252657296847,-0.7312843306125955,0.7653058224512377,0.5833833501287022,-0.38281187813740863,-0.23071271031266538,1.8597132763368718,1.93326866653528,0.026551821758382343,0.1528855037419845,-2.055324400184159,-1.8186035265026042,-1.0091736332540149,-1.0405946866821392
3.0791666666666666,1,56,-1.0415604625480337,-0.7388185998644637,0.7346415357287039,0.5648811492687631,-0.37905134747928854,-0.233089695031939,1.8590639789584607,1.9330182042437516,0.047691469095017876,0.15446065105717063,-2.0475703519864306,-1.8007467368464112,-0.9689834869885415,-1.0513157157310666
3.0833333333333335,1,56,-1.0641207827450936,-0.7463278631834213,0.703157095090349,0.546440356460214,-0.3720701003426112,-0.23545879063570144,1.8581108440219352,1.9327685732263717,0.03858831976753834,0.15603057052254526,-2.0479510686104883,-1.7829492131480993,-1.073765578099585,-1.0620011621210563
3.0875,1,56,-1.0855141665144101,-0.7538108338958546,0.672784248532084,0.5280641314379733,-0.3693876928109185,-0.23781959119161666,1.8586145034237842,1.9325198162561303,0.07032633806104084,0.15759499314048964,-2.036099176489033,-1.7652140049217357,-1.0412414468761062,-1.0726491949558765
3.091666666666667,1,56,-1.1074562094231868,-0.761266229833256,0.6417490458439589,0.5097556228735936,-0.36355223569458706,-0.24017169218866333,1.858578376875526,1.9322719759562537,0.07149616442990528,0.15915365085524216,-2.031993639494539,-1.7475441510039456,-1.1468246831695281,-1.0832579897499188
3.095833333333333,1,56,-1.1256897435709512,-0.7686927735519107,0.6124151553220785,0.49151796783576795,-0.3575937671389912,-0.24251469060644384,1.859085483241127,1.9320250947929014,0.08589904809016866,0.16070627659882714,-2.0146836210219123,-1.729942679033236,-1.0992765758759866,-1.093825728740808
3.1,1,56,-1.1424627156556724,-0.7760891925517858,0.5827312107943228,0.47335429125279727,-0.34898593327068234,-0.2448481849842414,1.8589280639145322,1.9317792150678894,0.07459821216180532,0.16225260433681657,-2.0034564976154075,-1.712412604931214,-1.1888033997280414,-1.1043506012008721
3.1041666666666665,1,56,-1.1535897821323524,-0.7834542194945613,0.5529904792733197,0.455267705377159,-0.3469147204903826,-0.24717177548980698,1.8594248658770427,1.9315343789114434,0.10131461655553678,0.16379236911391284,-2.006189601747826,-1.6949569323858342,-1.127596179232425,-1.1148308037473964
3.1083333333333334,1,56,-1.1626210159564585,-0.7907865924207871,0.5238623958018119,0.4372613092522306,-0.34298101243329393,-0.24948506398786963,1.859828523497478,1.931290628274978,0.10173495807080787,0.1653253070993484,-1.997194565400556,-1.6775786523367227,-1.2032591358355373,-1.1252645406516277
3.1125,1,56,-1.1648666933182226,-0.7980850549661079,0.49501386091580585,0.4193381881812943,-0.34186274655461946,-0.25178765410835363,1.8602318282552763,1.93104800492391,0.11060711814348935,0.1668511556320907,-1.998245291582473,-1.6602807424627057,-1.1357284214884358,-1.1356500241464589
3.1166666666666667,1,56,-1.1682567942140765,-0.8053483565765409,0.46664073480737694,0.401501413198873,-0.3384734136636283,-0.25407915131429615,1.8607861875156564,1.9308065504305016,0.09483090394401796,0.16836965326584907,-1.9839455925401361,-1.643066166671586,-1.2083740680522987,-1.14598547473276
3.120833333333333,1,56,-1.169310688349985,-0.8125752527227451,0.4381643430717407,0.3837540405445403,-0.3398335090041786,-0.256359162969447,1.862356559331497,1.9305663061667373,0.11354598465711757,0.1698805398138709,-1.9772293452080776,-1.6259378745923088,-1.1376031513910516,-1.1562691214842775
3.125,1,56,-1.1705595423590978,-0.8197645051132715,0.4090392325244157,0.36609911113923266,-0.3397193584765324,-0.25862729840554716,1.8633948349085603,1.930327313297235,0.10738995462270519,0.1713835563935246,-1.9736940308484268,-1.608898801069541,-1.2123903159725555,-1.1664992023510836
3.1291666666666664,1,56,-1.1683449199607994,-0.8269148819067318,0.381376454733123,0.3485396500642195,-0.34186604791783864,-0.26088316898926556,1.8654962784989244,1.930089612772192,0.11062034368273481,0.17287844547065645,-1.9549437001868988,-1.5919518656608176,-1.140428805597379,-1.1766739644614839
3.1333333333333333,1,56,-1.1674923669360608,-0.8340251579228743,0.35297063077734014,0.3310786660427558,-0.34532774480835937,-0.2631263881887914,1.8680060543055306,1.9298532453203703,0.11551012113009965,0.1743649509037191,-1.9373581318851278,-1.5750999721362735,-1.2098157139500287,-1.1867916644223728
3.1375,1,56,-1.1621316166164222,-0.8410941148525066,0.3248453794591114,0.3137191509245669,-0.35234926405051875,-0.2653565716400627,1.8707483426290592,1.9296182514421154,0.12866217682894615,0.175842817987659,-1.923253100165207,-1.5583460079811131,-1.137778084569868,-1.196850568617947
3.1416666666666666,1,56,-1.1612800692977323,-0.848120541466249,0.29623503541353496,0.2964640791732025,-0.35336579984268907,-0.26757333721262594,1.8730730080377747,1.929384671402419,0.11437163409683926,0.1773117934975592,-1.9074974992775011,-1.541692843900846,-1.2135504885453363,-1.2068489535067546
3.1458333333333335,1,56,-1.1576126101786368,-0.8551032338220752,0.2674063644487971,0.27931640735637453,-0.36031609246294516,-0.2697763050751126,1.8763505211729763,1.9291525452240181,0.1320412277361296,0.1787716257320288,-1.900724689129002,-1.5251433333294027,-1.1472258006817424,-1.2167851059170194
3.15,1,56,-1.1603439213059734,-0.8620409954715954,0.23778934314367176,0.2622790736393754,-0.35948839104002583,-0.2719650977603199,1.8791715885590494,1.9289219126805386,0.12323711178780014,0.18022206455632922,-1.8967511598426698,-1.5087003119402262,-1.2310158124942254,-1.2266573233401747
3.154166666666667,1,56,-1.1610080996194971,-0.8689326376650682,0.20941572243121975,0.24535499728162558,-0.36291756134119096,-0.2741393402298897,1.8838940470329237,1.9286928132896792,0.1416223290891623,0.18166286144523527,-1.8775668786029254,-1.4923665971603794,-1.1724230801693696,-1.2364639142225904
3.158333333333333,1,56,-1.1614350640654112,-0.8757769795550804,0.18039831326344985,0.22854707813648822,-0.3653913388400892,-0.27629865993856734,1.8880342766405918,1.9284652863064418,0.13644414498212093,0.1830937695256168,-1.8620738937736374,-1.4761449876878072,-1.2645578498091965,-1.2462031982554
3.1625,1,56,-1.1572054644290763,-0.8825728483988853,0.15160776767099338,0.21185819615437662,-0.3717713374607097,-0.27844268689803736,1.8924176543369384,1.928239370716403,0.13572716455994852,0.18451454361874095,-1.8505035603480513,-1.4600382630117803,-1.2155443818844933,-1.255873506662425
3.1666666666666665,1,56,-1.1532662303590477,-0.8893190797593405,0.12223696346057167,0.1952912108893079,-0.38021316617197237,-0.28057105374031743,1.8971516787873197,1.9280151052290364,0.1345304009189814,0.18592494028228074,-1.838935894775542,-1.4440491829366566,-1.328318689662448,-1.2654731824861007
3.1708333333333334,1,56,-1.1562970157673504,-0.8960145177044336,0.09331766532732418,0.17884896100891634,-0.379839583579021,-0.28268339578070634,1.9021305162377513,1.9277925282710786,0.1388436405575392,0.18732471785202892,-1.8260641517144351,-1.428180487108993,-1.269152229801278,-1.2750005808713964
3.175,1,56,-1.1584443544628338,-0.9026580150053392,0.06390817863805681,0.162534263808078,-0.3826807923522224,-0.2847793510802693,1.9069847503061048,1.9275716779799457,0.14263263644279864,0.18871363648330464,-1.8106734427999733,-1.41243489454813,-1.3748367406465136,-1.2844540693476432
3.1791666666666667,1,56,-1.1563130634841627,-0.9092484333329971,0.03469980502983116,0.1463499147261662,-0.388719475710981,-0.28685856050785635,1.9114692989650561,1.927352592197198,0.15281958377663094,0.19009145819205092,-1.8000209435535819,-1.3968151031802911,-1.3154441910722863,-1.29383202810826
3.183333333333333,1,56,-1.1518451216903582,-0.9157846434531532,0.005162046324810289,0.13029868686808221,-0.39601904713296965,-0.28892066780163533,1.9152439612879693,1.9271353084620566,0.14511350570227574,0.19145794689561077,-1.7908775811825475,-1.3813237893763195,-1.4039751597919525,-1.3031328502882886
3.1875,1,56,-1.1628655370685994,-0.922265525419853,-0.024102164654581006,0.11438333052908467,-0.3883545892787545,-0.2909653196301376,1.9198793422924807,1.926919864004971,0.16221178847219697,0.19281286845317971,-1.7847973721426325,-1.3659636074930832,-1.3394298302815795,-1.3123549422397314
3.1916666666666664,1,56,-1.1332630681963816,-0.9286899687673343,-0.05223702177796179,0.09860657272355189,-0.42224891512738344,-0.29299216565279806,1.9254630745829735,1.9267062957412397,0.16461627713574953,0.1941559907059239,-1.7573215522733694,-1.3507371894186755,-1.4318003914192032,-1.3214967238046065
3.1958333333333333,1,56,-1.1439206562842446,-0.9350568727003035,-0.07991031427534784,0.0829711167177134,-0.4122289563180873,-0.29500085857998504,1.9310908527611617,1.9264946402646852,0.16982587072644734,0.19548708351675986,-1.7331484077577304,-1.3356471441214461,-1.3659684628338944,-1.3305566285857058
3.2,1,56,-1.1162144187327308,-0.941365146282548,-0.10828647847420966,0.06747964156646447,-0.44719215111321103,-0.29699105423250627,1.9374797942811643,1.9262849338413839,0.18569071500565237,0.19680591880978685,-1.7069033936159264,-1.3206960572029733,-1.462030426002533,-1.339533104214985
3.2041666666666666,1,56,-1.1299386996337768,-0.9476137086238641,-0.13585878606815371,0.05213480165432394,-0.4312606238690292,-0.298962411600582,1.942100873257384,1.926077212403452,0.17589548801049718,0.1981122706093667,-1.688883472301843,-1.305886490455034,-1.3928383928889363,-1.3484246126195554
3.2083333333333335,1,56,-1.1094172670665496,-0.9538014890652636,-0.16485525254265057,0.036939226240611855,-0.4603290736871423,-0.3009145929022762,1.948190333993456,1.9258715115428882,0.1981806417306959,0.19940591507884392,-1.671282557032769,-1.2912209814206475,-1.485173530272711,-1.3572296302852271
3.2125,1,56,-1.1291382566652555,-0.9599274273624211,-0.1920452414787637,0.02189551900895248,-0.43640563881706046,-0.30284726364137216,1.9519193291810704,1.925667866505476,0.19118568483545198,0.20068663055889804,-1.6598834381682344,-1.276702042959292,-1.4042447816806334,-1.3659466485175495
3.216666666666667,1,56,-1.1174498978202447,-0.9659904738673474,-0.22082042896166548,0.007006257621130274,-0.4556905333087736,-0.3047600926646886,1.9573343107809005,1.9254663121847446,0.21731341833668058,0.20195419760552502,-1.649928593901748,-1.262332162816326,-1.497899207398511,-1.3745741737003259
3.220833333333333,1,56,-1.138995933233284,-0.971989589708235,-0.24736911011847695,-0.00772600672456214,-0.42819143244590907,-0.3066527522188194,1.960273949253774,1.9252668831159891,0.21196272453581202,0.20320839902763657,-1.6444015027660013,-1.248113803196738,-1.42183842555166,-1.3831107275515286
3.225,1,56,-1.1329849214057144,-0.9779237469674695,-0.27395626048990424,-0.0222987497304743,-0.4369345254317992,-0.3085249180062936,1.96620790268362,1.9250696134703535,0.2208515330776357,0.20444901992427597,-1.6169213540840515,-1.2340494003432507,-1.5164002561218992,-1.391554847376604
3.2291666666666665,1,56,-1.1460261180695743,-0.9837919288577524,-0.29893963446262645,-0.03670947443210926,-0.4146174885137988,-0.31037626924114115,1.969256870734957,1.9248745370489764,0.19716008557441628,0.20567584772143901,-1.59921177609168,-1.2201413641188914,-1.4406882050926069,-1.399905086319088
3.2333333333333334,1,56,-1.1343014735735817,-0.9895931298963274,-0.32593240650657074,-0.050955711625980005,-0.4305615251915426,-0.31220648870385914,1.9746484693438484,1.924681687277198,0.21094419722761287,0.20688867220849866,-1.5878804495636365,-1.2063920775940655,-1.5504601651149732,-1.408160013608527
3.2375,1,56,-1.1473587888102512,-0.9953263560772602,-0.35082935513581043,-0.06503502029267993,-0.4082659182669703,-0.3140152627957642,1.9770792842999914,1.924491097198834,0.19184409107427558,0.20808728557422243,-1.5839574636602771,-1.1928038966382406,-1.4848475759178066,-1.416318214805625
3.2416666666666667,1,56,-1.139531430338557,-1.0009906250417604,-0.37593197305858583,-0.07894498801515226,-0.41853431417145287,-0.3158022815927278,1.9832807174175013,1.9243027994705135,0.21023794219813888,0.20927148244238086,-1.5607227757288478,-1.1793791495162682,-1.5972251899879728,-1.424378292044607
3.245833333333333,1,56,-1.1525135380068197,-1.0065849662464996,-0.398916108005435,-0.09268323139203316,-0.39497715509108156,-0.31756723889827804,1.9868147930535927,1.9241168263560824,0.1975804517987632,0.21044105990693657,-1.5474501103744371,-1.16612013648946,-1.5447272315937655,-1.4323388642727295
3.25,1,56,-1.14702903451549,-1.0121084211299132,-0.42335015502113554,-0.10624739644604819,-0.4024433474776506,-0.31930983229606713,1.9923694945134325,1.9239332097210768,0.22391599948495947,0.21159581756681226,-1.5341212219333524,-1.153029129421438,-1.6545972168420653,-1.440198567486924
3.2541666666666664,1,56,-1.1539687722034393,-1.017560043276441,-0.4458524484969459,-0.11963515902734034,-0.38593194988580587,-0.32102976320168697,1.995079489562079,1.9237519810272616,0.2152669883116262,0.21273555756022736,-1.5254977666294263,-1.140108371388873,-1.5859485921886944,-1.4479560549675052
3.2583333333333333,1,56,-1.1448507711040883,-1.0229388985786936,-0.4696232380588699,-0.13284422521171546,-0.3978885598857934,-0.3227267369138314,2.0001214706055266,1.9235731713272408,0.246068389350369,0.21386008459860167,-1.5167922838669052,-1.1273600762971347,-1.690400827807471,-1.4556099975089307
3.2624999999999997,1,56,-1.1534698915094233,-1.028244065397505,-0.49114973127030565,-0.14587233169367986,-0.37770026643384613,-0.32440046266479056,2.001288341676567,1.923396811259136,0.23637270241925962,0.214969206000016,-1.51922839923012,-1.1147864285009623,-1.6165230831280317,-1.463159083647547
3.2666666666666666,1,56,-1.1469599709913871,-1.0334746347198525,-0.5128407631300946,-0.15871724617425942,-0.3842471926623455,-0.3260506536702737,2.0065660912800887,1.9232229310413365,0.263860355855231,0.21606273172222823,-1.5046546878225266,-1.1023895824301726,-1.7170968630349455,-1.4706020198863081
3.2708333333333335,1,56,-1.152270397662611,-1.0386297103146094,-0.5324141958153457,-0.17137676774348298,-0.36608862579170326,-0.32767702717854713,2.008457377836029,1.9230515604673228,0.25470415002384106,0.2171404743952352,-1.4969818991417823,-1.0901716622205222,-1.6331876982570777,-1.4779375309164058
3.275,1,56,-1.147991713815412,-1.0437084088861104,-0.5530811763371438,-0.1838487272574989,-0.368806090761171,-0.32927930451888254,2.012229956661792,1.9228827289005608,0.2816303833882997,0.21820224935337806,-1.4939345622754088,-1.0781347613497427,-1.719348068145855,-1.485164359835787
3.279166666666667,1,56,-1.1495096542798644,-1.0487098602255016,-0.5706722835131341,-0.19613098771025328,-0.35570378416279524,-0.3308572111493066,2.0150042735431875,1.9227164652694697,0.272383902604965,0.21924787466698395,-1.4767564712774286,-1.0662809422788295,-1.634380055934569,-1.4922812683645224
3.283333333333333,1,56,-1.1425576164669105,-1.0536332073598422,-0.5892650827761192,-0.2082214445996442,-0.361496357035268,-0.33241047670364093,2.020000226527745,1.9225527980624673,0.29496119036276786,0.22027717117353807,-1.4648516390259705,-1.0546122360986594,-1.7278909435291179,-1.4992870370569713
3.2875,1,56,-1.144933689093494,-1.0584776066989476,-0.6058859724673485,-0.22011802628812838,-0.3474343217876035,-0.3339388350378294,2.0214136368579503,1.9223917553230867,0.27747975308780276,0.22128996250838304,-1.4593076247590338,-1.0431306421819628,-1.6464940954031415,-1.5061804655107358
3.2916666666666665,1,56,-1.1386858577892325,-1.0632422281799288,-0.6219891636258575,-0.23181869435767366,-0.3522922566190921,-0.335442024275539,2.0274265165618726,1.9222333646451724,0.2955342161468483,0.22228607513493734,-1.4350063348832172,-1.0318381278407531,-1.7522608862110276,-1.5129603725723364
3.2958333333333334,1,56,-1.1381628172084346,-1.0679262554094247,-0.636346792457866,-0.24332144395904542,-0.3421103675343495,-0.33691978685303275,2.0300332995423163,1.9220776531681514,0.2756584470653633,0.22326533837443058,-1.418456806474086,-1.0207366279892254,-1.6855237919367436,-1.5196255965396026
3.3,1,56,-1.1312015043541286,-1.0725288858034816,-0.6515356800414103,-0.2546243041553127,-0.34777704310911217,-0.3383718695633002,2.0339433341514255,1.921924647572384,0.2897772562181392,0.22422758443514776,-1.4110210166980208,-1.009828044812231,-1.7862368224910352,-1.526174995360719
3.3041666666666667,1,56,-1.1327393711379812,-1.077049330725077,-0.66499068722025,-0.26572533825957034,-0.33514732464462216,-0.33979802359944455,2.03390475205781,1.921774374074591,0.26430753502842746,0.2251726484411802,-1.416162966164724,-0.999114247439338,-1.7081963295680418,-1.5326074468299153
3.308333333333333,1,56,-1.127548913513599,-1.0814868156192439,-0.6778236042891685,-0.27662264416677074,-0.3386962589714219,-0.34119800459731325,2.038359387215137,1.9216268584233631,0.27870978090817894,0.2261003684606755,-1.4051101413239855,-0.9885970716245738,-1.795986549626315,-1.5389218487797451
3.3125,1,56,-1.127710866553086,-1.085840580145791,-0.689145855238909,-0.2873143546796486,-0.32807055288156584,-0.3425715726773699,2.039121777463053,1.9214821258947472,0.2549642275328715,0.22701058553358444,-1.4061704498179521,-0.9782783194318685,-1.7024829699119282,-1.5451171192699424
3.3166666666666664,1,56,-1.1211242972279836,-1.0901098783095788,-0.6998842310862745,-0.2977986378286457,-0.33403565642825844,-0.34391849248579454,2.044138597465312,1.9213402012879175,0.27029499058213996,0.22790314369889714,-1.391759587771319,-0.9681597589262925,-1.787383422455386,-1.5511921967728006
3.3208333333333333,1,56,-1.1224603212820219,-1.0942939785883465,-0.7088953951753636,-0.3080736971858209,-0.3224584051093854,-0.34523853323481246,2.045378434548038,1.9212011089209244,0.24555572032156545,0.2287778900213671,-1.3886659270730344,-0.9582431238710956,-1.691971872371287,-1.5571460403550654
3.3249999999999997,1,56,-1.11716984023941,-1.09839216405805,-0.7172696515233875,-0.3181377721726464,-0.3274105039458492,-0.3465314687422366,2.0510585389048677,1.9210648726265291,0.25994896549061264,0.22963467461771497,-1.3694749441415093,-0.9485301134306452,-1.779289072515496,-1.5629776298562885
3.3291666666666666,1,56,-1.1165881141651874,-1.1024037325157074,-0.7241946479622154,-0.3279891383616862,-0.31939766863185176,-0.34779707747022404,2.05347231659826,1.9209315157481193,0.23805918954574273,0.23047335068231112,-1.3612228186248518,-0.9390223918792757,-1.6897935675963343,-1.568685966063631
3.3333333333333335,1,56,-1.109710217374246,-1.1063279965997153,-0.7316898047894267,-0.33762610777205726,-0.32824258867609596,-0.34903514256323454,2.0577439676105835,1.9208010611357094,0.2559940643304901,0.2312937745123293,-1.35996768539755,-0.9297215883161298,-1.782250639762149,-1.57427007088307
3.3375,1,56,-1.1131887297951102,-1.1101642839076238,-0.7357018781141607,-0.34704702915866115,-0.31384314639076727,-0.35024545188518774,2.0609475390912517,1.9206735311420258,0.2304809168490494,0.2320958055323697,-1.3440976803261957,-0.9206292963860188,-1.691982833264851,-1.5797289875069906
3.341666666666667,1,56,-1.1103555101852158,-1.1139119371113533,-0.7411115523031702,-0.35625028829511995,-0.3166931786938274,-0.3514277980558124,2.065638350382963,1.9205489476186766,0.2458449890680052,0.23287930631854603,-1.336305989576419,-0.9117470740063554,-1.7861031883175922,-1.5850617805781335
3.345833333333333,1,56,-1.1121217604681861,-1.1175703140698192,-0.7457258482813562,-0.3652343082503564,-0.30670563014667773,-0.3525819784861786,2.066828589381219,1.9204273319124068,0.2235861757662409,0.23364414262203193,-1.3387178589239646,-0.9030764431002205,-1.7003398625864636,-1.590267536349858
3.35,1,56,-1.1075496715027677,-1.121138787938964,-0.7503085239476296,-0.37399754965880394,-0.31329550221156754,-0.35370779541341163,2.0722881084852647,1.9203087048614416,0.24312810462307652,0.23439018339206436,-1.324143932951596,-0.8946188893355815,-1.7989240745360868,-1.5953453628427132
3.3541666666666665,1,56,-1.1106486863582967,-1.1246167472791602,-0.7540896470527715,-0.3825385109841575,-0.3009912570438438,-0.35480505593457645,2.073118460384512,1.920193086791916,0.21911418126492768,0.23511730079839782,-1.3265074680242626,-0.8863758618707385,-1.7126504985780828,-1.6002943899972688
3.3583333333333334,1,56,-1.1069519910617511,-1.12800359615998,-0.7578352236227288,-0.3908557287766654,-0.30667759635907405,-0.3558735720397317,2.0785321179015304,1.9200804975143901,0.2415970770897214,0.23582537025320807,-1.3112467280841307,-0.8783487731060107,-1.8124112773343772,-1.6051137698232008
3.3625,1,56,-1.1079095065731612,-1.131298754262302,-0.7611521615182963,-0.3989477779238739,-0.2994722632903931,-0.3569131606441432,2.079685786612423,1.919970956320458,0.22500002658701518,0.23651427043243908,-1.3132597586974455,-0.8705389984417358,-1.7314444533013686,-1.6098026765445852
3.3666666666666667,1,56,-1.1024883723328047,-1.1345016569777506,-0.7647310482503685,-0.4068132718948223,-0.30936861322101905,-0.3579236436196558,2.0844173011515794,1.9198644819794388,0.25104341459928686,0.23718388329659176,-1.3044690023781471,-0.862947876042595,-1.8334317083849059,-1.614360306741395
3.370833333333333,1,56,-1.1046160620440788,-1.1376117555054326,-0.7674830971650013,-0.414450862977608,-0.300390595339893,-0.35890484782521326,2.0845673356754455,1.9197610927351627,0.23224201619737914,0.2378340941109488,-1.3116936820157334,-0.8555767066083355,-1.749355002528577,-1.6187858794871575
3.375,1,56,-1.1003040826498347,-1.1406285169459771,-0.769241794289043,-0.4218592425103189,-0.307943466896521,-0.3598566051365265,2.0911978100745903,1.9196608063028446,0.2571322301879144,0.2384647914652347,-1.2840775540899545,-0.8484267531508904,-1.8517047125297954,-1.6230786364827667
3.3791666666666664,1,56,-1.1036878894248312,-1.1435514243928409,-0.7706718212922049,-0.42903714110525915,-0.29625645184512023,-0.36077875247487967,2.091207628484098,1.9195636398660483,0.23523832941674142,0.2390758672927044,-1.2764533673429332,-0.8414992407779787,-1.7694674350933126,-1.6272378421864098
3.3833333333333333,1,56,-1.100781264759082,-1.1463799770208807,-0.7737212753696832,-0.4359833288664574,-0.30254831547308436,-0.36167113183507366,2.0918889198904798,1.9194696100737427,0.2570840838888205,0.23966721688866088,-1.2823714700867774,-0.8347953564831809,-1.8694609830510438,-1.6312627839396017
3.3874999999999997,1,56,-1.1033540509577573,-1.1491136901721648,-0.7747042032383782,-0.4426966156003993,-0.29222913380139853,-0.3625335903124991,2.0904181326169713,1.9193787330374485,0.23210493914317884,0.24023873892839503,-1.2800283236995549,-0.82831624894256,-1.784856857955972,-1.6351527720892929
3.3916666666666666,1,56,-1.0996016902650543,-1.1517520954390181,-0.7759641937150725,-0.4491758510199637,-0.2992020719544867,-0.36336598012933585,2.0926186820892263,1.919291024328478,0.25183188611265656,0.24079033548454762,-1.2669315875700151,-0.8220630283178378,-1.8860943009291475,-1.6389071401060402
3.3958333333333335,1,56,-1.10423445135145,-1.1542947407442807,-0.7761468461000316,-0.45541992494151673,-0.2843166503874894,-0.3641681586598739,2.0893731893437444,1.919206498975267,0.21843430871062441,0.24132191204388836,-1.2696936824368334,-0.8160367660661776,-1.7978621402670614,-1.6425252446982113
3.4,1,56,-1.1021918170629394,-1.1567411904187686,-0.7766455611626448,-0.46142776747513503,-0.28790798529360306,-0.36493998845495157,2.090060643280787,1.9191251714608,0.23465952814500027,0.2418333775235103,-1.2614581023706883,-0.810238494756593,-1.8976778025225658,-1.6460064659222098
3.404166666666667,1,56,-1.1057076918512,-1.1590910252759252,-0.776441378335614,-0.46719834920793124,-0.27541638286721853,-0.3656813372655071,2.0857850584551882,1.9190470557201271,0.2028182067245099,0.24232464428643666,-1.2693499482270683,-0.8046692078930224,-1.8116689818473926,-1.6493502072887014
3.408333333333333,1,56,-1.102214586908598,-1.161343842683644,-0.7752579241374921,-0.4727306813804302,-0.28139624013304965,-0.3663920780652381,2.088295965314527,1.9189721651379792,0.22181142372096949,0.24279562815663655,-1.2417833423529323,-0.7993298597441001,-1.9161844867154811,-1.6525558958648157
3.4125,1,56,-1.1042080996562706,-1.1634992566332603,-0.7735207794817369,-0.478023816055996,-0.2712587122819151,-0.36707208907236744,2.0858589090775106,1.9189005125464713,0.19167826035370336,0.2432462484334485,-1.2319770026228434,-0.7942213651796437,-1.836787355331193,-1.6556229823723183
3.4166666666666665,1,56,-1.0993415401837494,-1.1655568978056896,-0.7732942429809843,-0.4830768462832511,-0.2808457841757272,-0.36772125377050985,2.084111135422159,1.9188321102229067,0.21220920621297737,0.2436764279054079,-1.2356377183599516,-0.7893445995138983,-1.942321968041976,-1.6585509412817259
3.4208333333333334,1,56,-1.1024945247695601,-1.1675164136347098,-0.7708441005391016,-0.4878889062514786,-0.2686287040104612,-0.3683394609286362,2.080737812786882,1.9187669698876708,0.1815638435625621,0.24408609286347674,-1.2298066942863093,-0.7847003983555552,-1.8592759408327066,-1.6613392709023524
3.425,1,56,-1.09856991606434,-1.1693774683673712,-0.768669742873477,-0.4924591714389752,-0.2758726432689199,-0.3689266046201323,2.0812959442818935,1.9187051027022253,0.20293008964490392,0.2444751731136734,-1.2127211207665245,-0.7802895574645747,-1.965839109566808,-1.6639874934682712
3.4291666666666667,1,56,-1.102892418698459,-1.1711397431215265,-0.7660639925988917,-0.4967868587543305,-0.26166687222647794,-0.36948258424094954,2.0760367245499993,1.9186465192671935,0.17055811730024498,0.2448436019891001,-1.2200130619062521,-0.7761128326158357,-1.8825997782672583,-1.6664951552201797
3.433333333333333,1,56,-1.1009152769148098,-1.1728029359404681,-0.7626422561899677,-0.5008712266706001,-0.26400991351918196,-0.3700073045268419,2.0765876106258276,1.9185912296205456,0.1876605014616693,0.24519131636136565,-1.1983041055276644,-0.7721709394696399,-1.9881657141034446,-1.6688618264831452
3.4375,1,56,-1.1043669276400037,-1.1743667618446694,-0.7591793255956882,-0.5047115753523692,-0.25056152930000564,-0.3705006755696897,2.071597168789936,1.9185392432358779,0.15551369724837566,0.24551825665140242,-1.20225214747725,-0.7684645534490846,-1.9085497127125133,-1.6710871017402311
3.4416666666666664,1,56,-1.101336783776585,-1.1758309528806117,-0.7561210091225511,-0.5083072467756602,-0.254655441429059,-0.37096261283290455,2.0691594764506127,1.9184905690207896,0.1729464243376753,0.24582436683967476,-1.2021382414739026,-0.7649943096243343,-2.014767012807899,-1.6731705997019772
3.4458333333333333,1,56,-1.1034643908098178,-1.177195258166699,-0.751830517154979,-0.5116576248406868,-0.24268011940832082,-0.3713930371659146,2.0647926929119995,1.9184452153153573,0.1418134251773904,0.24610959447577785,-1.2034607638604706,-0.7617608026038027,-1.9436320431625131,-1.6751119633717346
3.4499999999999997,1,56,-1.099063658115772,-1.1784594439362432,-0.7479205077438146,-0.5147621354774135,-0.24813634788255326,-0.371791874817726,2.0627702531897443,1.9184031898907046,0.15793639226139003,0.24637389068742446,-1.2001906534903692,-0.7587645864322727,-2.0597433417751945,-1.6769108601068314
3.4541666666666666,1,56,-1.0995813983327989,-1.179623293577522,-0.7428017944694065,-0.5176202467439261,-0.238309827000478,-0.3721590574495606,2.0586084861007063,1.9183644999476717,0.1286369251333953,0.2466172101888195,-1.1954994196073787,-0.7560061744959596,-1.985118255676679,-1.678566981675574
3.4583333333333335,1,56,-1.0934306345182663,-1.1806866076708902,-0.7380477057360065,-0.5202314689175731,-0.24619106399382115,-0.3724945221465646,2.0566031829609197,1.918329152115581,0.14844765328157647,0.2468395112884189,-1.1866455290379663,-0.7534860394345491,-2.0937475375567423,-1.6800800443100565
3.4625,1,56,-1.0968469114225612,-1.1816492040229518,-0.7329759079665781,-0.522595354578876,-0.22884855784230324,-0.3727982114285891,2.048671182318884,1.918297152451102,0.10774200204817326,0.24704075589607372,-1.2052019134645162,-0.7512046130602101,-2.0071241565155313,-1.6814497887547861
3.466666666666667,1,56,-1.0924863298391763,-1.1825109176977775,-0.7266610960438823,-0.5247114986881973,-0.2312565254886122,-0.373070073260039,2.0481938164599423,1.9182685064372123,0.12353726246340159,0.2472209095295564,-1.1895904704795899,-0.7491622862836071,-2.10781820935901,-1.6826759803111038
3.470833333333333,1,56,-1.0944067169232872,-1.183271601045165,-0.720443225552363,-0.5265795386551368,-0.2149722250391124,-0.37331006105878906,2.0422703742509585,1.9182432189822587,0.08483295108050763,0.24737994132046923,-1.2015882392971091,-0.7473594090469198,-2.019033264965998,-1.6837584088773982
3.475,1,56,-1.0884997647561052,-1.1839311237259391,-0.7134362026709397,-0.5281991544006646,-0.2185570413241339,-0.3735181337041655,2.0417407503206504,1.9182212944191166,0.10137710892304953,0.24751782401953368,-1.1851288673482867,-0.7457962902638804,-2.1219372399002507,-1.684696888985108
3.4791666666666665,1,56,-1.0888127553521931,-1.1844893727342833,-0.7074906546347411,-0.5295700684119584,-0.20396629595314777,-0.37369425554399155,2.0354725459458427,1.9182027365044472,0.06655941824672602,0.24763453400125893,-1.1980375856384264,-0.7444731977668462,-2.0370965820653124,-1.6854912598304967
3.4833333333333334,1,56,-1.0807600233057104,-1.1849462524171044,-0.7006480227797784,-0.5306920457899609,-0.2106776914786477,-0.3738383964006967,2.0346914582680413,1.9181875484180533,0.09127949646181516,0.24773005126799055,-1.1820942417092684,-0.7433903582609052,-2.1373322819720277,-1.6861413853022102
3.4875,1,56,-1.0850583686436661,-1.1853016844904203,-0.6945536164827726,-0.531564894289625,-0.18905928068346228,-0.37395053157648733,2.028033164755861,1.9181757327623354,0.0555820832417698,0.2478043594533366,-1.1962883449593038,-0.7425479572850313,-2.045929743849433,-1.686647154004596
3.4916666666666667,1,56,-1.0806134395716906,-1.1855556080527752,-0.6871781947196994,-0.5321884643528523,-0.18934087755231957,-0.3740306418575781,2.028386213673014,1.9181672915618455,0.0805113992254503,0.24785744582497196,-1.1790450719407832,-0.7419461391802966,-2.1364376561625864,-1.6870084792767897
3.495833333333333,1,56,-1.082286258591275,-1.1857079795956738,-0.681081494349117,-0.5325626491341238,-0.17144684575046906,-0.37407871351748495,2.023214788624525,1.9181622262629396,0.052986116643455136,0.24788930128682024,-1.1925522556723323,-0.741585007065134,-2.0462433832922584,-1.687225299207567
3.5,1,56,-1.0749375058854376,-1.1857587730110368,-0.674025232900127,-0.5326873845188032,-0.17579688232169094,-0.37409473831937634,2.0232526156432122,1.9181605377335307,0.08574484014881534,0.24789992038061204,-1.178335994247502,-0.7414646228176727,-2.1213067926732867,-1.6872975766459484
3.5041666666666664,1,56,-1.0762446643421544,-1.18579861396103,-0.66828490661383,-0.5327569974982624,-0.15883507722321163,-0.37404730165550826,2.0174205496940734,1.9181462347392735,0.06326857398754153,0.24788529273783108,-1.1956867248284246,-0.741402529534228,-2.0157278941333385,-1.6872860285460396
3.5083333333333333,1,56,-1.0680666224352855,-1.1859181095060125,-0.6615606062426275,-0.5329657887273823,-0.16481169965385983,-0.37390502417462385,2.0167690606833895,1.91810333555906,0.10048481463147622,0.24784141983454386,-1.1853135973762294,-0.7412162922395283,-2.0836832517902244,-1.6872513921608039
3.5124999999999997,1,56,-1.068694875359374,-1.186117177749707,-0.6561902577638994,-0.5333136151110833,-0.1492833322471788,-0.37366800338660167,2.0103493343048897,1.9180318695938452,0.08277366980702028,0.2477683317390468,-1.2049262308689428,-0.740906038571313,-1.9735499928580056,-1.6871936912282897
3.5166666666666666,1,56,-1.0600940806379189,-1.1863956822606825,-0.6497287417947002,-0.5338002382665366,-0.15558917758874408,-0.3733364017336503,2.009188243817944,1.917931885822832,0.119837536684397,0.24766607854226974,-1.1964089411192842,-0.7404719811619486,-2.0349527148953728,-1.687112965293834
3.5208333333333335,1,56,-1.0590121871569635,-1.1867534321658593,-0.6440672870232047,-0.5344253246865385,-0.14447173507522865,-0.3729104464789788,2.0030524071383935,1.9178034527699026,0.1120251940203291,0.24753473032344606,-1.215614126836122,-0.7399144174927017,-1.9251931049866469,-1.6870092696829595
3.525,1,56,-1.04896419873577,-1.1871901822813218,-0.6372834855324362,-0.5351884459680806,-0.15453595387127755,-0.3723904295510419,2.002303896930354,1.9176466584566565,0.15743951110177304,0.247374377102084,-1.2064219508818539,-0.7392337296898606,-1.9816178970304563,-1.6868826754634587
3.529166666666667,1,56,-1.0507188113077854,-1.1877056332803575,-0.6318690681361482,-0.5360890791059554,-0.13912447611220208,-0.37177670734346646,1.995575608747011,1.9174616103420834,0.1476802981764709,0.2471851287762716,-1.2253746180525333,-0.7384303842628439,-1.8635257802751788,-1.6867332693966859
3.533333333333333,1,56,-1.042243568629851,-1.1882994318985987,-0.6249310942371351,-0.5371266068511976,-0.1479466215392277,-0.3710697004707975,1.9965352882337863,1.917248435248918,0.19643337191366173,0.24696711504735824,-1.2121763600076492,-0.7375049317844796,-1.9498207785159547,-1.6865611538780965
3.5375,1,56,-1.0465252720402034,-1.1889711711761337,-0.6193833208437349,-0.5383003181341166,-0.1293949087116252,-0.3702698934802297,1.990985900028014,1.9170072792767208,0.18491567812469079,0.2467204853310637,-1.2266999153140747,-0.7364580065136688,-1.8504523954932808,-1.6863664468670692
3.5416666666666665,1,56,-1.0408149030693001,-1.1897203907364156,-0.6123801777630704,-0.539609408551627,-0.13374568855665597,-0.36937783451952333,1.9925575607761024,1.9167383077017492,0.22695181648613166,0.24644540865507608,-1.2046148092270277,-0.7352903259606971,-1.947758530651432,-1.6861492818060635
3.5458333333333334,1,56,-1.040818220089226,-1.190546577101782,-0.6070116637532313,-0.5410529809185474,-0.12144611435061241,-0.36839413496133044,1.9874514787856965,1.916441704863685,0.21262543326758726,0.24614207354320872,-1.2108790347903724,-0.7340026903954884,-1.861614567453382,-1.685909807529165
3.55,1,56,-1.0309545641167273,-1.191449164045367,-0.6018576339149083,-0.5426300458824852,-0.1323417996911449,-0.36731946898419154,1.9853355604643503,1.916117674039298,0.25091557681553245,0.24581068788619537,-1.2137053006825622,-0.7325959822991406,-1.967378646817177,-1.6856481881600809
3.5541666666666667,1,56,-1.0348149387926884,-1.1924275329791654,-0.5958831083946644,-0.5443395226018908,-0.11369254091151369,-0.3661545731104865,1.9801144550379455,1.9157664373031293,0.22519061817498642,0.24545147879921222,-1.2145490758991393,-0.7310711657591159,-1.879475488309653,-1.6853646029996583
3.558333333333333,1,56,-1.0304672934487742,-1.1934810133779796,-0.5900552509997544,-0.5461802394868104,-0.11347278516051094,-0.3649002457016594,1.9776121982071144,1.9153882353752936,0.23979184524348668,0.2450646924662247,-1.2125718726933497,-0.7294292858085049,-1.9120771596751298,-1.6850592464030012
3.5625,1,56,-1.032017907950546,-1.1946088832389672,-0.5837015327198176,-0.5481509350018374,-0.09646505270407502,-0.363557346411061,1.9725270112835491,1.9149833274565,0.20197716680646965,0.2446505939712649,-1.2084035615318547,-0.7276714677098116,-1.7841437064537855,-1.6847323276462678
3.5666666666666664,1,56,-1.022897162748722,-1.195810369576464,-0.5775285203981455,-0.5502502585307039,-0.10418379450155371,-0.36212679559478606,1.9710438957470584,1.9145519910504112,0.21902604849739574,0.2442094671167567,-1.2011012681344813,-0.7257989161837565,-1.8659654746251213,-1.684384070783244
3.5708333333333333,1,56,-1.0274007180587925,-1.1970846489517497,-0.5721274845880309,-0.5524767713019272,-0.08383109285739661,-0.3606095736809061,1.9635250695427764,1.9140945217734535,0.17639808883641425,0.2437416142290113,-1.215824671688863,-0.7238129145836187,-1.7644260179598912,-1.684014714491788
3.5749999999999997,1,56,-1.0209592301060002,-1.198430848037392,-0.5649706037248655,-0.5548289473748701,-0.08819223014914093,-0.3590067204975344,1.9647875462395883,1.9136112331522188,0.19100641552729988,0.2432473559510283,-1.1967254095702957,-0.7217148240156929,-1.8647880403881012,-1.6836245119102522
3.5791666666666666,1,56,-1.020432720259819,-1.1998480442157822,-0.5595899138187809,-0.5573051746855465,-0.07607686128837753,-0.35731933456017806,1.9600951126824961,1.913102456408587,0.1534848641399646,0.24272703102274257,-1.202334835421095,-0.7195060824064514,-1.782705867004549,-1.683213730463995
3.5833333333333335,1,56,-1.0086037042043232,-1.2013352662114498,-0.5541602078967531,-0.559903756151448,-0.08984591784177333,-0.35554857231887194,1.9589385418991898,1.9125685402327242,0.17505304742687625,0.24218099604886917,-1.2018091728993257,-0.7171882035170647,-1.8954788523780075,-1.6827826516821003
3.5875,1,56,-1.012154352193357,-1.2028914947567273,-0.5482985686020069,-0.5626229108346394,-0.07221160852744563,-0.3536956473656049,1.9557084973171779,1.9120098505441077,0.13488466886277503,0.24160962525450422,-1.19705195689758,-0.714762775905943,-1.8154587462706793,-1.6823315710044329
3.591666666666667,1,56,-1.0046180118282928,-1.2045156632903053,-0.5424670395162919,-0.5654607751623263,-0.08020091448010717,-0.35176182960258384,1.9559035244885574,1.9114267702407428,0.15324445108262522,0.24101331022864947,-1.1858988446021397,-0.7122314618400176,-1.9294172325635424,-1.6818607975791566
3.595833333333333,1,56,-1.0121802788230352,-1.2062066586881999,-0.5376788480837958,-0.5684154042040523,-0.058046455228889,-0.34974844437190766,1.9508318462325653,1.910819698936744,0.11223482552566376,0.2403924596558371,-1.196060346060548,-0.7095959961555082,-1.8500380873685132,-1.6813706540508622
3.6,1,56,-1.0039923574006453,-1.2079633220266324,-0.5314297541426932,-0.57148477300466,-0.06796725941983844,-0.3476568715472421,1.9529418347368994,1.9101890526884595,0.13775681851206184,0.2397474990360375,-1.1723419258269472,-0.7068581850689495,-1.9686302139964624,-1.6808614763394403
3.6041666666666665,1,56,-1.011589749488431,-1.209784449376298,-0.5263897549795233,-0.5746667779720911,-0.04642250430838549,-0.34548854458812533,1.9499660068332785,1.9095352637093257,0.10172079729948837,0.23907887039304304,-1.1706201899360509,-0.7040199049393043,-1.8932833548255237,-1.6803336134098603
3.6083333333333334,1,56,-1.0048496101408297,-1.2116687926274785,-0.5212322481396549,-0.5779592383190862,-0.05310607504941015,-0.34324494955754425,1.9500649056634078,1.908858780073652,0.12207340237453976,0.2383870319715268,-1.1609637318402328,-0.7010831009819978,-1.9121375981902538,-1.679787427033007
3.6125,1,56,-1.0131890126668113,-1.2136150603454345,-0.517354030833833,-0.581359897557785,-0.030497188404110597,-0.3409276241034632,1.9455340581330733,1.908160065409531,0.08725571891712314,0.23767245792298486,-1.1716156983571233,-0.6980497859357659,-1.7728098389769489,-1.6792232915377403
3.6166666666666667,1,56,-1.0048344686596113,-1.2156219186554909,-0.5118160705707321,-0.5848664250462127,-0.04168958821227261,-0.33853815640499507,1.9482665685316283,1.9074395985810917,0.12206437012087834,0.23693563798077624,-1.1453687552030345,-0.6949220386832236,-1.8555458523454327,-1.6786415935543497
3.620833333333333,1,56,-1.0109165349160796,-1.2176879921572061,-0.5077124730493023,-0.5884764175855829,-0.02578774643551916,-0.33607818408394413,1.946793939595598,1.9066978733603104,0.10678091983269698,0.23617707712448446,-1.139805881961117,-0.6917020028261036,-1.7590380196435882,-1.6780427317495763
3.625,1,56,-1.0047525335745544,-1.2198118648670053,-0.5032267809748899,-0.592187401067333,-0.03755964792869293,-0.3335493930824605,1.9488721572070515,1.9059353980886033,0.15605348217332213,0.23539729523382932,-1.1225683080600395,-0.6883918852161377,-1.8675134119960948,-1.6774271165533874
3.6291666666666664,1,56,-1.0114398089732826,-1.2219920811886225,-0.5005379009039709,-0.5959968321687517,-0.021027724047288577,-0.33095351650758115,1.9447262599476534,1.9051526953284355,0.1384714334296498,0.2345968267323679,-1.1341931274971346,-0.6849939544425921,-1.7826021892843882,-1.676795169877688
3.6333333333333333,1,56,-1.0023100477961926,-1.2242271469106953,-0.49607396825464567,-0.5999021000960482,-0.035560261848939255,-0.328292333443443,1.948269721367582,1.9043503015051813,0.1840833675516785,0.23377622022122657,-1.1067041339803898,-0.6815105392774881,-1.8983016080898516,-1.6761473248271626
3.6374999999999997,1,56,-1.0108330663158371,-1.2265155302308217,-0.4935412362710442,-0.6039005283736566,-0.015073465134793613,-0.3255676677319897,1.9449844506788276,1.9035287665394873,0.15465056528424528,0.23293603810311808,-1.1073562980373983,-0.6779440270795799,-1.8150814815476772,-1.6754840254024488
3.6416666666666666,1,56,-1.0031927544632153,-1.2288556628053817,-0.4909695993770931,-0.6079893766785625,-0.026537491763260944,-0.3227813867229993,1.9445645018194235,1.902688653470382,0.1902788610905205,0.23207685619689794,-1.1031549734325796,-0.674296862158176,-1.9299852968364082,-1.6748057261958396
3.6458333333333335,1,56,-1.0138946028966282,-1.231245940824401,-0.4888730483610029,-0.6121658427183796,-0.0019166138855684475,-0.3199353999942977,1.9411334356929033,1.9018305380693987,0.15084153432785846,0.23119926334292767,-1.0984975513131212,-0.670571544097934,-1.8486963014022024,-1.6741128920797292
3.65,1,56,-1.0080049583982682,-1.2336847261107216,-0.48680399435179644,-0.616427064151903,-0.00987556269417822,-0.31703165804302896,1.9410757509592875,1.9009550084459692,0.17741327003391183,0.23030386099951278,-1.0891500227721689,-0.666770626045769,-1.9639621884434555,-1.6734059978880131
3.654166666666667,1,56,-1.0156267758187885,-1.2361703472427292,-0.4865858315911565,-0.6207701205508158,0.01170988908640052,-0.31407215094888064,1.9341831516443762,1.9000626646443637,0.12942066860379753,0.22939126283069286,-1.1060744120981771,-0.662896712961053,-1.8827520716520092,-1.6726855280906603
3.658333333333333,1,56,-1.0087514214285798,-1.238701100699859,-0.4843379139724451,-0.6251920354012018,0.005898905865014552,-0.311058907010185,1.9363526572744227,1.8991541182324503,0.13954006629822405,0.22846209428566774,-1.0866836952841348,-0.6589524598303088,-1.8818790329263617,-1.6719519764616817
3.6625,1,56,-1.0107951397495998,-1.2412752520301056,-0.48386682293037464,-0.6296897781435031,0.016775398407087184,-0.3079939913538222,1.9335810392841128,1.898229991882557,0.10689939788047136,0.22751699217014498,-1.092688860970873,-0.6549405698476116,-1.7437024240546417,-1.6712058457407215
3.6666666666666665,1,56,-1.0002113029679034,-1.2438910370387288,-0.48305970515997365,-0.6342602662495103,-0.0008513238713169733,-0.30487950451988777,1.9343902869312268,1.8972909189447227,0.1436354838483125,0.22655660420990587,-1.0895191907908122,-0.6508637925619581,-1.8273964251070185,-1.6704476472885064
3.6708333333333334,1,56,-1.0066569986047529,-1.2465466629973454,-0.4828173656472934,-0.6389003673349776,0.013277931469244069,-0.3017175810220848,1.934003905657666,1.896337543012631,0.11800431481752471,0.22558158860688565,-1.0827767509965411,-0.6467249219928592,-1.735619228353392,-1.6696779007363824
3.675,1,56,-1.0007166173936028,-1.2492403098725744,-0.48360933442293635,-0.6436069013063982,-0.0004612095302785492,-0.29851038788483797,1.9331458528807974,1.8953705174825242,0.15864241628138068,0.2245926135880758,-1.0933056041459086,-0.6425267947154629,-1.847277033852561,-1.6688971336301868
3.6791666666666667,1,56,-1.0079703672847922,-1.2519701315733989,-0.4834733381664049,-0.6483766425404858,0.0133102846872026,-0.29526012315811984,1.9351916959321493,1.8943905051053962,0.13881625772334683,0.22359035694755353,-1.0721517708223116,-0.638272287916503,-1.7770061824809134,-1.6681058810686937
3.683333333333333,1,56,-0.9991124292027048,-1.2547342572163818,-0.4843813283109071,-0.6532063220948512,-0.0046321170560744765,-0.29196901441102047,1.9367091504311902,1.8933981775327775,0.1812345764658244,0.22257550558195666,-1.0689753974497882,-0.633964317422423,-1.9049593082607807,-1.6673046853368851
3.6875,1,56,-1.0103210155151725,-1.2575307924078793,-0.48585242739838225,-0.658092629948377,0.016777727519759256,-0.28863931720507996,1.93600075340716,1.8923942148564186,0.14054043009512765,0.221548755019718,-1.0604829355238106,-0.6296058357010108,-1.8325747884920245,-1.6664940955342948
3.6916666666666664,1,56,-1.0055255140934596,-1.260357820542361,-0.4883420132579149,-0.6630322172697358,0.0064519515943772515,-0.28527331354844176,1.9352278009368802,1.891379305142189,0.1667537322988938,0.22051080894438574,-1.0684440834357238,-0.625199829837928,-1.9530021497537446,-1.6656746671986837
3.6958333333333333,1,56,-1.0161519548742965,-1.2632134041159566,-0.48992679692247754,-0.6680216987125165,0.029030597322629886,-0.28187331033187585,1.9367488992231847,1.8903541439585108,0.11894987826226691,0.21946237871235322,-1.043453980098442,-0.6207493194895075,-1.8812521427540645,-1.6648469619253017
3.6999999999999997,1,56,-1.0123605892699883,-1.2660955860543242,-0.4926621233264621,-0.6730576547353672,0.023613881058503042,-0.2784416377477537,1.93761229956807,1.8893194338996515,0.128167768718172,0.2184041828653314,-1.038101783012566,-0.6162573548132351,-1.860534580003922,-1.6640115469819983
3.7041666666666666,1,56,-1.0099309311773366,-1.2690023910539323,-0.4954672786024512,-0.6781366339455825,0.019677930709244795,-0.2749806476930477,1.9396635085343394,1.8882758841042002,0.12735606001059196,0.2173369466378955,-1.0211304814423272,-0.61172701437732,-1.994638072158137,-1.6631689949204458
3.7083333333333335,1,56,-1.0137353410043972,-1.2719318269358313,-0.5003981662842579,-0.6832551554645122,0.030695104300720585,-0.2714927121574615,1.9357229736138017,1.8872242097690604,0.08410131336770817,0.2162614014604463,-1.033612193194911,-0.6071614030508024,-1.9396568948062989,-1.6623198831837405
3.7125,1,56,-1.0089433321065993,-1.2748818860109967,-0.5036698508640869,-0.6884097113131822,0.021836239458541264,-0.2679802215977854,1.93976309278639,1.8861651316592893,0.09770104917942925,0.21517828445792392,-1.0065328596091176,-0.6025636498756282,-1.9152830629680495,-1.6614647937106533
3.716666666666667,1,56,-1.0124126176816004,-1.2778505464562975,-0.5091238005160934,-0.6935967688164908,0.027155498146039066,-0.2644455832995952,1.938602540667166,1.8850993756141208,0.08222260304095012,0.2140883379446187,-1.0087929678967558,-0.59793690592216,-1.8206044680998665,-1.6606043125367955
3.720833333333333,1,56,-1.0110932672784427,-1.2808357737001514,-0.5146423759617555,-0.6988127730243233,0.01682110807830711,-0.26089121972742235,1.9398718275929938,1.884027672049513,0.1256353771459878,0.21299230891542703,-0.9990965979501945,-0.5932843421295934,-1.9120462122896975,-1.6597390293929826
3.725,1,56,-1.0244888924009083,-1.2838355218169222,-0.5225127783491764,-0.7040541491479424,0.039010521682961576,-0.25731956686451385,1.9340567064583443,1.882950755457556,0.08106716598543981,0.21189094853389748,-1.0210064200463569,-0.58860914713275,-1.818652051417259,-1.6588695373010587
3.7291666666666665,1,56,-1.0230209088324715,-1.2868477349290903,-0.5280667090010578,-0.7093173050099639,0.03050030889823525,-0.25373307254333477,1.9362284678712383,1.881869363903089,0.11410484208131397,0.21078501161742152,-1.005110310596437,-0.5839145250767507,-1.9384165474254869,-1.657996432167472
3.7333333333333334,1,56,-1.0355982732793572,-1.2898703486162528,-0.5359173225120262,-0.7145986335062621,0.05305211075583309,-0.25013419476794263,1.9321039020726773,1.8807842385178664,0.07023946999724504,0.20967525611991877,-1.0167967725092013,-0.5792036934210498,-1.8645864500816678,-1.6571203123748683
3.7375,1,56,-1.0351659693027166,-1.292901291329971,-0.5415071881577533,-0.7198945150780924,0.04894177553130162,-0.24652540002939757,1.935544051550534,1.8796961229926241,0.09091020552677925,0.2085624426123739,-0.9933648739693525,-0.5744798807343541,-1.8401424292392539,-1.6562417783719905
3.7416666666666667,1,56,-1.0357437148650763,-1.295938485813508,-0.5487622385180408,-0.725201320192762,0.04552392247524315,-0.2429091616153492,1.935254490784127,1.8786057630673905,0.10250462831625023,0.20744733376157842,-0.9888250395496182,-0.5697463244819181,-1.9633213828260785,-1.65536143226216
3.745833333333333,1,56,-1.0449732906438565,-1.298979850525476,-0.556126486346323,-0.7305154118311248,0.06460412923369312,-0.2392879579149722,1.9340962207690346,1.8775139060203938,0.039972789927597556,0.20633069380743801,-0.9799213452817,-0.5650062688067519,-1.8927639857640968,-1.6544798773906266
3.75,1,56,-1.0411363863669763,-1.302023301066421,-0.5637638991847451,-0.7358331479802179,0.05687547384683761,-0.23566427072039892,1.9318202932872666,1.8764213001559147,0.046369519187295725,0.20521328803919964,-0.9940636630340743,-0.5602629623062432,-1.8579052769992275,-1.6535977179310646
3.7541666666666664,1,56,-1.0404820910510284,-1.305066751607366,-0.5694938821340476,-0.7411508841293106,0.04932582448921401,-0.23204058352582593,1.9364382970138854,1.8753286942914353,0.07848731989462329,0.20409588227096134,-0.9651793132509285,-0.5555196558057349,-1.9882971352140384,-1.6527155584715023
3.7583333333333333,1,56,-1.0533250413326358,-1.3081081163193342,-0.5776743722746371,-0.746464975767674,0.0729015965249046,-0.2284193798254486,1.9350054399945507,1.8742368372444387,0.022891243423433526,0.20297924231682085,-0.9642282840054941,-0.5507796001305683,-1.9192131190419113,-1.651834003599969
3.7624999999999997,1,56,-1.0534750446857677,-1.311145310802871,-0.5847312589213318,-0.7517717808823429,0.06952823995852193,-0.22480314141140065,1.937098127614216,1.8731464773192052,0.03804470513249536,0.2018641334660255,-0.953247827095234,-0.5460460438781327,-1.8869880481189407,-1.6509536574901387
3.7666666666666666,1,56,-1.0556158550821972,-1.3141762535165893,-0.5927362992721111,-0.7570676624541739,0.07022356246774339,-0.22119434667285515,1.935877775587942,1.8720583617939628,0.03446878988382797,0.2007513199584805,-0.9638245387681753,-0.5413222311914364,-1.783455672950853,-1.6500751234872606
3.7708333333333335,1,56,-1.0554549189245557,-1.3171988672037518,-0.5985672582380305,-0.7623489909504719,0.061603084661688595,-0.217595468897463,1.942161963320689,1.8709732364087401,0.06739687814164863,0.19964156446097772,-0.9293554912181727,-0.5366113995357356,-1.885473018846768,-1.6491990036946569
3.775,1,56,-1.067492664658783,-1.32021108031592,-0.6073261215076194,-0.7676121468124936,0.08218632803099553,-0.21400897457628396,1.9409003266373739,1.8698918448542732,0.015218198412591068,0.1985356275445018,-0.9316857258449492,-0.5319167774797362,-1.8037422407260082,-1.6483258985610703
3.779166666666667,1,56,-1.0660577235350004,-1.3232108284326907,-0.6150609233357845,-0.7728535229361126,0.07230361098897173,-0.21043732171337545,1.942095183193834,1.868814928262316,0.05081223619493827,0.1974342671629722,-0.9263904717295126,-0.5272415824828929,-1.9330713073606718,-1.6474564064691464
3.783333333333333,1,56,-1.076894774096081,-1.3261960556765446,-0.6236408310155437,-0.7780695271439452,0.0919697500209497,-0.20688295814120256,1.9414203007310575,1.8677432246977084,-0.0008428602388678238,0.19633823813378054,-0.9251071307584473,-0.5225890186903264,-1.8660371365027661,-1.6465911233253334
3.7875,1,56,-1.0760724464415483,-1.3291647161218454,-0.6313548207031635,-0.7832565846472539,0.08618077611531731,-0.20334831984301238,1.942624336876647,1.8666774686525398,0.01846886540763882,0.19524829162047533,-0.9203634678259429,-0.5179622747368581,-1.8239583088397864,-1.6457306421514757
3.7916666666666665,1,56,-1.075299547434393,-1.3321147751970108,-0.638811727963655,-0.7884111404959238,0.07866270737319422,-0.19983582928333624,1.944511868585114,1.8656183905427688,0.03995259588320245,0.1941651746179529,-0.909035477186504,-0.513364521561684,-1.946892300180944,-1.6448755526783885
3.7958333333333334,1,56,-1.0861214523537726,-1.3350442110789098,-0.6483343073132783,-0.7935296620148533,0.10000447696817737,-0.19634789374775008,1.9400106678113922,1.864566716207629,-0.028079548128021624,0.19308962944050376,-0.9300750436868245,-0.5087989102351662,-1.8675583326249667,-1.6440264409416832
3.8,1,56,-1.0855228899350873,-1.3379510160785175,-0.6555963469011343,-0.7986086412250682,0.09514039369368593,-0.19288690369304448,1.9427214207016998,1.8635231664121779,-0.015241446487173706,0.19202239321306797,-0.9170037098344607,-0.5042685697992517,-1.842266339730672,-1.6431838888801307
3.8041666666666667,1,56,-1.0851353013368008,-1.3408331980168855,-0.6638180405761439,-0.8036445972479196,0.08921394036012664,-0.18945523110892193,1.9414524314188912,1.8624884563533184,-0.00287973849074093,0.19096419736604603,-0.9259585374648165,-0.4997766051229788,-1.970484391086409,-1.6423484739368273
3.808333333333333,1,56,-1.0918248030723592,-1.343688781590481,-0.6711904537012179,-0.8086340786906996,0.10313043428539954,-0.18605522789235637,1.944324754423943,1.8614632951696402,-0.06633934492746806,0.1899157671340136,-0.9026011318043003,-0.4953260947745587,-1.8984771630444444,-1.6415207686634452
3.8125,1,56,-1.0876391253599524,-1.3465158097249628,-0.6787188658034738,-0.8135736660120589,0.09239895859193831,-0.18268922423571787,1.9441806296013862,1.8604483854554106,-0.05531994680706732,0.18887782105868128,-0.9034776942361736,-0.49092008891147554,-1.8412739325895413,-1.640701340327834
3.8166666666666664,1,56,-1.087028230718199,-1.3493123449164601,-0.6860408390630238,-0.8184599738655842,0.08569914371613935,-0.17935952702977767,1.9455287447541045,1.8594444227790519,-0.042393911718600866,0.1878510704964427,-0.891568016702749,-0.4865616071900637,-1.9222876721013176,-1.6398907505252438
3.8208333333333333,1,56,-1.0967993233092945,-1.3520764705594432,-0.6952381672988509,-0.8232896534199502,0.10502736079222239,-0.176068418282678,1.9415455217702755,1.8584520952064332,-0.10625573274511378,0.18683621913084575,-0.914161136675923,-0.4822536366959833,-1.8301603599491707,-1.6390895547934352
3.8249999999999997,1,56,-1.0941617156930175,-1.3548062922602673,-0.7016335661153082,-0.8280593946540372,0.09275070215028601,-0.1728181535559602,1.944605109275314,1.857472082829305,-0.06797769311127422,0.18583396249032358,-0.8920603124785375,-0.4779991298970238,-1.9596201214099187,-1.6382983022319422
3.8291666666666666,1,56,-1.1017924265655212,-1.3574999391354967,-0.7108457015694435,-0.8327659286254584,0.10738953962701324,-0.16961096041871296,1.9424275828051905,1.8565050572991981,-0.1124815682914721,0.18484498747151357,-0.9038636893093376,-0.473801002619627,-1.8981081168313085,-1.6375175351257465
3.8333333333333335,1,56,-1.0990892725360144,-1.3601555650941133,-0.7174477605702353,-0.8374060297109256,0.09636204011919437,-0.1664490369209101,1.9467800183637722,1.8555516813671065,-0.07142065760137739,0.1838699718684934,-0.877475849440972,-0.46966213205052826,-1.8715326935336367,-1.6367477885736226
3.8375,1,56,-1.1013716792262895,-1.3627713501027365,-0.7255682383007295,-0.841976517816933,0.09514018150659398,-0.1633345500869756,1.9468469995956832,1.8546126084292722,-0.05120235870229688,0.18290958390825424,-0.8809678903377831,-0.4655853547648746,-1.7672250955434687,-1.6359895901214074
3.841666666666667,1,56,-1.1033573310932618,-1.3653455014329832,-0.7331411900945981,-0.8464742605592341,0.09056259778918832,-0.1602696344306128,1.9483270956954455,1.8536884820793789,-0.021128814692631562,0.1819644817927315,-0.8713121647565747,-0.46157346478217753,-1.8557853118365046,-1.6352434594004472
3.845833333333333,1,56,-1.110709845795844,-1.3678762548901129,-0.7422281695882353,-0.8508961754096203,0.1019961106674417,-0.15725639049191714,1.9451112798221104,1.8527799356674655,-0.05684854734671934,0.1810353132477064,-0.8899490762171289,-0.4576292116514333,-1.7745440171669524,-1.6345099077714687
3.85,1,56,-1.1074133056406792,-1.3703618760221203,-0.7484623176659436,-0.8552392318085329,0.08564993989056768,-0.15429688339776887,1.9495189295421875,1.85188759186586,0.0027231435456808715,0.18012271507888647,-0.8621605877962776,-0.45375529856671737,-1.9120374576021149,-1.6337894379741158
3.8541666666666665,1,56,-1.1147500201072866,-1.3728006613084411,-0.7574647249925784,-0.8595004532420565,0.09799696608195779,-0.15139314144650007,1.9479197921782068,1.8510120622424306,-0.034750119457085386,0.17922731273547154,-0.8677223823757166,-0.4499543805145523,-1.8483074327563893,-1.6330825437823997
3.8583333333333334,1,56,-1.1117804322588583,-1.3751909393274602,-0.7648721236756609,-0.8636769192818735,0.0837487291844705,-0.1485471547177985,1.9492730558882798,1.8501539468414472,0.02201080171304995,0.1783497198815013,-0.8572160756681046,-0.4462290624543103,-1.993235342837411,-1.6323897096662894
3.8625,1,56,-1.1191644297654866,-1.3775310719020202,-0.7741943731258417,-0.8677657675867789,0.0976354024202065,-0.1457608737088084,1.9450247037799706,1.849313833772342,-0.020383767743048457,0.17749053797528128,-0.8773059824236423,-0.4425818975329069,-1.9271184332150961,-1.6317114104596802
3.8666666666666667,1,56,-1.118013658602826,-1.3798194552221468,-0.780924968597582,-0.8717641958643878,0.09039268947992457,-0.14303620799735484,1.9485374395286519,1.848492298806648,0.010111034124791604,0.1766503558571727,-0.855647423761273,-0.43901538533499823,-1.8663611067462407,-1.6310481110349664
3.870833333333333,1,56,-1.121423444054161,-1.3820545209442194,-0.7888602960487365,-0.8756694637916838,0.09259429184287174,-0.14037502493321696,1.9478804411996218,1.847689904983394,0.01374360422007892,0.17582974934603146,-0.8595521140508648,-0.43553197016989453,-1.724526348554379,-1.6304002659844412
3.875,1,56,-1.122498949001025,-1.3842347372658368,-0.7958398682498442,-0.8794788948931029,0.085077628864088,-0.1377791483583373,1.9497881759396072,1.8469072022232258,0.06053166102145624,0.17502928084456992,-0.848616519789518,-0.4321340393963486,-1.7995534962222106,-1.6297683193087416
3.8791666666666664,1,56,-1.1320458606245145,-1.3863586099756358,-0.8044066318779105,-0.8831898783748526,0.10019356263001081,-0.1352503573568539,1.946088633954197,1.846144726951519,0.023565684672760916,0.17424949895391487,-0.8652188167002908,-0.42882392178638296,-1.6963203267607747,-1.6291527041125526
3.8833333333333333,1,56,-1.1321453284808551,-1.3884246834773513,-0.8101465922454666,-0.8867998709142233,0.09034808894910591,-0.13279038503580273,1.951249186784555,1.8454030017307375,0.07940602750883148,0.173490938097623,-0.8345851222147299,-0.4256038859292628,-1.8193750572430496,-1.6285538423077792
3.8874999999999997,1,56,-1.141096443527978,-1.3904315417874074,-0.8183067447781207,-0.8903063984026505,0.10484943601149359,-0.1304009173373348,1.9496876133550536,1.8446825349022984,0.04164965786347238,0.17275411815541447,-0.8349044301958961,-0.42247613867672074,-1.7468424585682372,-1.6279721443243886
3.8916666666666666,1,56,-1.140945787363739,-1.3923778095053636,-0.8249271941773756,-0.8937070576413497,0.09595969978111625,-0.12808359188325352,1.9519051880679046,1.843983820238177,0.0891992156666136,0.17203954410687244,-0.8192674545532487,-0.41944282363048857,-1.884375664894715,-1.6274080088291218
3.8958333333333335,1,56,-1.1504635681244748,-1.3942621527565442,-0.8336354328155656,-0.8969995179883449,0.11514906809083428,-0.12583999685267247,1.9456445993719587,1.8433073366025035,0.021028512196737507,0.17134770568535618,-0.8421663915645703,-0.41650601967318196,-1.7988010791234217,-1.6268618224522686
3.9,1,56,-1.150469369417466,-1.3960832801062097,-0.8394430017128796,-0.9001815229557759,0.10913958893261148,-0.12367166989355566,1.948807284835847,1.8426535476233696,0.050595132872385956,0.17067907704236174,-0.8178586162341757,-0.4136677395435368,-1.9365372976682955,-1.6263339595226887
3.904166666666667,1,56,-1.1571757680922685,-1.3978399434446422,-0.8478815400308051,-0.9032508917563835,0.1251904093304552,-0.12158009706889011,1.943625252269428,1.842022901375085,-0.021189886743114707,0.17003411642256214,-0.8330346121992052,-0.4109299284569782,-1.8569751018534364,-1.6258247818112668
3.908333333333333,1,56,-1.1544786392097757,-1.3995309388425368,-0.853636417452474,-0.9062055207981097,0.11590563811961004,-0.11956671183821393,1.945887325485543,1.8414158300710863,0.004334276051972251,0.1694132658497498,-0.8104137370066593,-0.4082944627724686,-1.995381946674794,-1.6253346382829723
3.9125,1,56,-1.1604674934605,-1.4011551073761148,-0.8622053585186967,-0.9090433851257964,0.13242584333388713,-0.1176328940751929,1.9404568685701882,1.8408327497677215,-0.0724402550027067,0.16881695082389503,-0.8273288360159012,-0.40576314870654334,-1.9143074596413336,-1.624863864857696
3.9166666666666665,1,56,-1.1599904998610322,-1.4027113359213923,-0.8684093473965829,-0.9117625398089879,0.12921677608531942,-0.11577996912192584,1.9419576579171394,1.840274060079105,-0.0653459160556601,0.16824558002953005,-0.8115078355657555,-0.4033377210954216,-1.8616277047640055,-1.6244127841800287
3.9208333333333334,1,56,-1.1593422838524403,-1.40419855791706,-0.876063591139591,-0.9143611212748894,0.1242115715157416,-0.11400920688061977,1.9380325313893776,1.8397401439032421,-0.05302318541563406,0.1676995450556567,-0.8240661336122542,-0.40101984220603487,-1.9695280122681704,-1.623981705398134
3.925,1,56,-1.1641128463233446,-1.40561575409545,-0.8829800703869312,-0.9168373485855656,0.13672765414737237,-0.1123218209432636,1.9384951324418371,1.8392313671596103,-0.12335173682853548,0.16717922012737102,-0.8090666414489658,-0.3988111005967937,-1.8926830124923766,-1.6235709239518767
3.9291666666666667,1,56,-1.1618588046555005,-1.4069619531810924,-0.8897121720063296,-0.9191895246585089,0.1286335898383119,-0.11071896775989165,1.934810112905428,1.8387480785383756,-0.10342677855376049,0.16668496184938794,-0.8227138097557072,-0.3967130100288675,-1.8292368462360231,-1.6231807213703409
3.933333333333333,1,56,-1.1612451164614939,-1.408236232556378,-0.8947634833312221,-0.9214160374297318,0.12050992272729202,-0.10920174584601189,1.9370939085287904,1.838290609261418,-0.07624679725749103,0.1662171089616426,-0.7989645220978248,-0.39472700842873004,-1.9408645204085828,-1.622811365078885
3.9375,1,56,-1.168257697311368,-1.4094377188938747,-0.9024981365304454,-0.9235153609585985,0.13568513427257897,-0.10777119502973675,1.9331923557470336,1.8378592728553291,-0.13951725045338417,0.16577598210713435,-0.8142237092833245,-0.3928544569026746,-1.855589967612116,-1.6224631082158611
3.9416666666666664,1,56,-1.1649559234241924,-1.4105655887548625,-0.9069210622986018,-0.9254860564736254,0.12144086771075957,-0.10642829573913853,1.9360216524950957,1.8374543649365358,-0.08482971838737192,0.1653618836121746,-0.7863258048370062,-0.3910966388039816,-1.9991751071244699,-1.6221361894591277
3.9458333333333333,1,56,-1.1694468488626437,-1.411619069153677,-0.914123446355354,-0.9273267733585453,0.131514379161887,-0.10517396833031128,1.9327961086200256,1.8370761630086998,-0.1266186576443567,0.16497509727918702,-0.7996133751199737,-0.38945475885337044,-1.9308595681591822,-1.6218308328624707
3.9499999999999997,1,56,-1.1671317390796248,-1.4125974380874748,-0.9184751390368701,-0.9290362500779505,0.12012724390829017,-0.10400907245660634,1.9361669964957295,1.8367249262725314,-0.07351374030699323,0.1646158881922039,-0.7753061583963315,-0.3879299423133459,-1.8753395624512013,-1.621547247702048
3.9541666666666666,1,56,-1.168141576505755,-1.41350002503106,-0.9247827262845637,-0.9306133150418886,0.1167567110930825,-0.10293440647946733,1.9339520124431677,1.836400895448144,-0.04461530533386999,0.16428450253519056,-0.7875544922516458,-0.38652323421699786,-1.7239462029491666,-1.621285628332964
3.9583333333333335,1,56,-1.168422091995268,-1.4143262113964266,-0.9297954218630983,-0.932056887408809,0.10873882795741083,-0.1019507069212745,1.9375095885168472,1.83610429261008,-0.0022197336531151303,0.16398116742332317,-0.763097940122531,-0.3852355986517892,-1.793448631328665,-1.6210461540560654
3.9625,1,56,-1.175327960836829,-1.4150754309567084,-0.9371420444956302,-0.9333659778263192,0.12064580867547184,-0.10105864796056807,1.9340073867190786,1.8358353210351084,-0.04567900243869373,0.16370609074733555,-0.7781041481627272,-0.3840679180988175,-1.6896520303437472,-1.6208289889950598
3.966666666666667,1,56,-1.1731201558701567,-1.4157471702342435,-0.9414542002771855,-0.9345396891092383,0.10679251946353353,-0.10025884097000026,1.9383164661357795,1.835594165062911,0.020877512518156414,0.16345946103104098,-0.7505168845205399,-0.38302099282800667,-1.8214799030982205,-1.6206342819840325
3.970833333333333,1,56,-1.1777702505903265,-1.4163409688524846,-0.9482776415886536,-0.9355772168544806,0.11399785298581529,-0.09955183409733132,1.934899706437395,1.8353809899697457,-0.005694732890921995,0.16324144730212764,-0.7638578406597855,-0.3820955403496423,-1.7427626492297241,-1.620462166465443
3.975,1,56,-1.175669966053513,-1.4168564198515203,-0.9522591025733439,-0.9364778499923554,0.09959904520453694,-0.09893811188975588,1.9394106123991626,1.8351959418551727,0.06733747504133301,0.16305219897631526,-0.7381819760189605,-0.3812921949226257,-1.8975800260527154,-1.6203127603986702
3.9791666666666665,1,56,-1.181822731756775,-1.417293169966983,-0.9589678383126601,-0.9372409712738975,0.11178679560559365,-0.09841809496181897,1.9350855476646285,1.8350391475419265,0.012073561021620917,0.1628918457549532,-0.753284319593024,-0.3806115071197846,-1.7988050842012469,-1.6201861661791694
3.9833333333333334,1,56,-1.181050165573918,-1.4176509198721596,-0.9627809179828035,-0.9378660576938995,0.1019154467042475,-0.09799213970714749,1.9390300124662518,1.8349107144889971,0.06200015487954709,0.1627604975361295,-0.7300004533073793,-0.3800539434505377,-1.944076612397866,-1.620082470568295
3.9875,1,56,-1.1882740918690244,-1.417929424383135,-0.9694222311657325,-0.9383526808493525,0.117552321024879,-0.09766053805419617,1.9318229521816903,1.834810730717984,-0.011788795715193279,0.16265824433935244,-0.7616473321396858,-0.3796198860411733,-1.8624915788636196,-1.6200017446338393
3.9916666666666667,1,56,-1.1869032775795816,-1.4181284926268294,-0.9725827097821602,-0.9387005072330536,0.10894295104669303,-0.09742351726617393,1.9353368195022362,1.8347392647527692,0.02547098430419151,0.1625851562438554,-0.7463202350844985,-0.37930963237295795,-2.0050447136985623,-1.619944043701325
3.995833333333333,1,56,-1.1933917657096242,-1.418247988171812,-0.9781638024719647,-0.9389092984621734,0.1255277833360343,-0.09728123978528957,1.930680712214899,1.8346963655725557,-0.05727220531014495,0.16254128334056817,-0.7721056157483476,-0.3791233950782584,-1.9089584949296532,-1.6199094073160893
4.0,1,56,-1.1935546972385072,-1.4182878291218053,-0.9817276796495005,-0.938978911441633,0.12256141028756752,-0.09723380312142144,1.9332512583993762,1.8346820625782985,-0.047839217845160875,0.1625266556977872,-0.7641595024484783,-0.3790613017948135,-1.8578762460178009,-1.6198978592161806
4.004166666666666,1,56,-1.1929555075601213,-1.4182878291218053,-0.9862976648188423,-0.938978911441633,0.1167505253756127,-0.09723380312142145,1.9305344152880413,1.8346820625782985,-0.029977372511584513,0.1625266556977872,-0.7852766472780376,-0.3790613017948135,-1.9629633976716825,-1.6198978592161806
4.008333333333333,1,56,-1.196996502500222,-1.4182878291218053,-0.9905261386381696,-0.938978911441633,0.12740867516070672,-0.09723380312142145,1.931918159709931,1.8346820625782985,-0.09865754158005803,0.1625266556977872,-0.7806835169129552,-0.3790613017948135,-1.8724407575937105,-1.6198978592161806
4.0125,1,56,-1.1945303544168178,-1.4182878291218053,-0.9938340801740334,-0.938978911441633,0.11805252753696258,-0.09723380312142145,1.9341758033345244,1.8346820625782985,-0.07619573021604652,0.1625266556977872,-0.7757955550781986,-0.3790613017948135,-1.8240092921783506,-1.6198978592161806
4.016666666666667,1,56,-1.1930710360304804,-1.4182878291218053,-0.9971602319285008,-0.938978911441633,0.10873267407358117,-0.09723380312142145,1.9365477379376357,1.8346820625782985,-0.04544388806669589,0.1625266556977872,-0.7681706785980117,-0.3790613017948135,-1.937863126318361,-1.6198978592161806
4.020833333333333,1,56,-1.1984505082799428,-1.4182878291218053,-1.002754461792354,-0.938978911441633,0.1219522821851586,-0.09723380312142145,1.9321546515413957,1.8346820625782985,-0.11577651860693926,0.1625266556977872,-0.8007570522250084,-0.3790613017948135,-1.8364769672455084,-1.6198978592161806
4.025,1,56,-1.1962222412526367,-1.4182878291218053,-1.0058205843212862,-0.938978911441633,0.11016940538424992,-0.09723380312142145,1.9346084956658653,1.8346820625782985,-0.0699982376332863,0.1625266556977872,-0.7926914627797969,-0.3790613017948135,-1.9671675310534267,-1.6198978592161806
4.029166666666667,1,56,-1.2009245611942987,-1.4182878291218053,-1.0112562306655624,-0.938978911441633,0.12137830059370801,-0.09723380312142145,1.9308003999277767,1.8346820625782985,-0.12423135765491149,0.1625266556977872,-0.824974520543378,-0.3790613017948135,-1.8786242654519485,-1.6198978592161806
4.033333333333333,1,56,-1.198991282854464,-1.4182878291218053,-1.0143118593085396,-0.938978911441633,0.11116295308346527,-0.09723380312142145,1.9331874595049416,1.8346820625782985,-0.08208437268524926,0.1625266556977872,-0.8217574341106082,-0.3790613017948135,-1.8282844923409103,-1.6198978592161806
4.0375,1,56,-1.1980765877285244,-1.4182878291218053,-1.0174332163929483,-0.938978911441633,0.1011989705518858,-0.09723380312142145,1.935826913379022,1.8346820625782985,-0.03433882928971045,0.1625266556977872,-0.8162282215151991,-0.3790613017948135,-1.9431715504296998,-1.6198978592161806
4.041666666666667,1,56,-1.2039582097994346,-1.4182878291218053,-1.0216129313312243,-0.938978911441633,0.11307987621520393,-0.09723380312142145,1.9371188757732782,1.8346820625782985,-0.0809670237263551,0.1625266556977872,-0.8184809253129242,-0.3790613017948135,-1.8535739374072422,-1.6198978592161806
4.045833333333333,1,56,-1.2025539185352112,-1.4182878291218053,-1.0245062211653801,-0.938978911441633,0.10141180672955011,-0.09723380312142145,1.9397738137068092,1.8346820625782985,-0.020602497547725113,0.1625266556977872,-0.8136016743082293,-0.3790613017948135,-1.9870085212782955,-1.6198978592161806
4.05,1,56,-1.208314896469138,-1.4182878291218053,-1.0285993392737862,-0.938978911441633,0.11304176590906176,-0.09723380312142145,1.940670505300382,1.8346820625782985,-0.0637572425784544,0.1625266556977872,-0.8176829746441607,-0.3790613017948135,-1.9043236676433897,-1.6198978592161806
4.054166666666666,1,56,-1.2082774706394577,-1.4182878291218053,-1.031783440899129,-0.938978911441633,0.106693034142698,-0.09723380312142145,1.9423315744288616,1.8346820625782985,-0.027131542787186717,0.1625266556977872,-0.8207057971568449,-0.3790613017948135,-1.8306895328227721,-1.6198978592161806
4.058333333333334,1,56,-1.2076583769654394,-1.4182878291218053,-1.0348546902852613,-0.938978911441633,0.09738651251199693,-0.09723380312142145,1.9441554976324344,1.8346820625782985,0.01669976606972167,0.1625266556977872,-0.8210426669069039,-0.3790613017948135,-1.930738744571867,-1.6198978592161806
4.0625,1,56,-1.2140004256536872,-1.4182878291218053,-1.0389184227586308,-0.938978911441633,0.11044769800916304,-0.09723380312142145,1.943747623361474,1.8346820625782985,-0.03855512797137618,0.1625266556977872,-0.8280035851073254,-0.3790613017948135,-1.8225835168825473,-1.6198978592161806
4.066666666666666,1,56,-1.2133584782456546,-1.4182878291218053,-1.0407340452396745,-0.938978911441633,0.10050662993699844,-0.09723380312142145,1.9500596369883614,1.8346820625782985,0.008633306783596351,0.1625266556977872,-0.8000472141216095,-0.3790613017948135,-1.950788053062884,-1.6198978592161806
4.070833333333333,1,56,-1.2196941813073632,-1.4182878291218053,-1.0449266905771073,-0.938978911441633,0.1138798298609706,-0.09723380312142145,1.948713463271302,1.8346820625782985,-0.04991031879189152,0.1625266556977872,-0.8122245398669247,-0.3790613017948135,-1.8627879971560026,-1.6198978592161806
4.075,1,56,-1.2190547281064694,-1.4182878291218053,-1.0466809542430136,-0.938978911441633,0.10438627205955806,-0.09723380312142145,1.9540403380832105,1.8346820625782985,-0.0031065788127710063,0.1625266556977872,-0.7859905348301157,-0.3790613017948135,-1.996289517176035,-1.6198978592161806
4.079166666666667,1,56,-1.2252961128684412,-1.4182878291218053,-1.0507352603354791,-0.938978911441633,0.11819392561014917,-0.09723380312142145,1.9517912234685886,1.8346820625782985,-0.06202975328328864,0.1625266556977872,-0.8008215188114611,-0.3790613017948135,-1.9023358444376037,-1.6198978592161806
4.083333333333333,1,56,-1.2256561672996622,-1.4182878291218053,-1.0527029239159054,-0.938978911441633,0.11330747954160438,-0.09723380312142145,1.9560518782682221,1.8346820625782985,-0.034576203145819565,0.1625266556977872,-0.7819815228436412,-0.3790613017948135,-1.824542168787589,-1.6198978592161806
4.0875,1,56,-1.225159163420004,-1.4182878291218053,-1.0556103849177432,-0.938978911441633,0.10535469444633572,-0.09723380312142145,1.9547303009177583,1.8346820625782985,0.0010335812817186137,0.1625266556977872,-0.793951022364211,-0.3790613017948135,-1.9310962409500263,-1.6198978592161806
4.091666666666667,1,56,-1.2314300960693858,-1.4182878291218053,-1.058421929770255,-0.938978911441633,0.11920921533596532,-0.09723380312142145,1.9566326895869535,1.8346820625782985,-0.06394098393524619,0.1625266556977872,-0.7826549643202687,-0.3790613017948135,-1.8337659709235903,-1.6198978592161806
4.095833333333333,1,56,-1.2307235488185024,-1.4182878291218053,-1.0612424497063753,-0.938978911441633,0.1110795686514399,-0.09723380312142145,1.9546011319667778,1.8346820625782985,-0.025648783906860036,0.1625266556977872,-0.7982511438971379,-0.3790613017948135,-1.9563350819021303,-1.6198978592161806
4.1,1,56,-1.2362902986794053,-1.4182878291218053,-1.063881094576532,-0.938978911441633,0.12335727525681249,-0.09723380312142145,1.9561620019113735,1.8346820625782985,-0.08331351621602678,0.1625266556977872,-0.7891710544886245,-0.3790613017948135,-1.8750690910631471,-1.6198978592161806
4.104166666666667,1,56,-1.2358504784672337,-1.4182878291218053,-1.0667255702256127,-0.938978911441633,0.11746494542640273,-0.09723380312142145,1.953322136534178,1.8346820625782985,-0.05470823749423318,0.1625266556977872,-0.8118045153747637,-0.3790613017948135,-1.800513640265433,-1.6198978592161806
4.108333333333333,1,56,-1.234536733649526,-1.4182878291218053,-1.068080550664537,-0.938978911441633,0.10731896117679396,-0.09723380312142145,1.9558960129757805,1.8346820625782985,-0.01632417945302542,0.1625266556977872,-0.7979536129959212,-0.3790613017948135,-1.9083817100799776,-1.6198978592161806
4.1125,1,56,-1.239857262016039,-1.4182878291218053,-1.0716657160896725,-0.938978911441633,0.11980852023060912,-0.09723380312142145,1.9513877126785142,1.8346820625782985,-0.08109124893142024,0.1625266556977872,-0.8241254662385995,-0.3790613017948135,-1.8080940359986102,-1.6198978592161806
4.116666666666666,1,56,-1.237920659475079,-1.4182878291218053,-1.0726689862609735,-0.938978911441633,0.10828925945127413,-0.09723380312142145,1.9537251265708562,1.8346820625782985,-0.03281545629153983,0.1625266556977872,-0.8109115560050787,-0.3790613017948135,-1.9330856587509115,-1.6198978592161806
4.120833333333334,1,56,-1.2423739633149093,-1.4182878291218053,-1.075856244139351,-0.938978911441633,0.11857776272698838,-0.09723380312142145,1.9492649685834809,1.8346820625782985,-0.08321406405726911,0.1625266556977872,-0.8373508189079125,-0.3790613017948135,-1.8461642125953874,-1.6198978592161806
4.125,1,56,-1.2395650556652704,-1.4182878291218053,-1.0745761245507448,-0.938978911441633,0.1047734544087404,-0.09723380312142145,1.9505540944255668,1.8346820625782985,-0.04059906562537947,0.1625266556977872,-0.8321459487956977,-0.3790613017948135,-1.8683128019522335,-1.6198978592161806
4.129166666666666,1,56,-1.2426674106048659,-1.4182878291218053,-1.0742130141421453,-0.938978911441633,0.11054692929394433,-0.09723380312142145,1.9502271497618957,1.8346820625782985,-0.08509204530094343,0.1625266556977872,-0.8337960423740987,-0.3790613017948135,-1.7325466572971457,-1.6198978592161806
4.133333333333333,1,56,-1.2403285740107142,-1.4182878291218053,-1.0727147506878758,-0.938978911441633,0.0967005942278762,-0.09723380312142145,1.9508749742554803,1.8346820625782985,-0.026273256670251568,0.1625266556977872,-0.8291248918994855,-0.3790613017948135,-1.8315140476398692,-1.6198978592161806
4.1375,1,56,-1.2431304721509724,-1.4182878291218053,-1.0720647892011597,-0.938978911441633,0.09953358318624077,-0.09723380312142145,1.9505518873823942,1.8346820625782985,-0.04125372702228294,0.1625266556977872,-0.8313194857668561,-0.3790613017948135,-1.7492395559382443,-1.6198978592161806
4.141666666666667,1,56,-1.2411613336462621,-1.4182878291218053,-1.070388994501037,-0.938978911441633,0.0851172984961813,-0.09723380312142145,1.951352370091076,1.8346820625782985,0.03345490969918169,0.1625266556977872,-0.8269974778241647,-0.3790613017948135,-1.878736465807903,-1.6198978592161806
4.145833333333333,1,56,-1.2463818838779859,-1.4182878291218053,-1.069806090047808,-0.938978911441633,0.09466062465311917,-0.09723380312142145,1.9498539248861633,1.8346820625782985,-0.001170355830202037,0.1625266556977872,-0.8325543889898245,-0.3790613017948135,-1.801858748299869,-1.6198978592161806
4.15,1,56,-1.2452509454864835,-1.4182878291218053,-1.0681208037863748,-0.938978911441633,0.0839305057268307,-0.09723380312142145,1.9500171312983956,1.8346820625782985,0.05615315861944314,0.1625266556977872,-0.831825851329966,-0.3790613017948135,-1.9340513866705358,-1.6198978592161806
4.154166666666667,1,56,-1.2512775564200393,-1.4182878291218053,-1.0673853941255187,-0.938978911441633,0.0967979666546679,-0.09723380312142145,1.9474847666535278,1.8346820625782985,0.006153282501799178,0.1625266556977872,-0.8393182202428617,-0.3790613017948135,-1.8537260708456376,-1.6198978592161806
4.158333333333333,1,56,-1.2509470027165397,-1.4182878291218053,-1.0640217795829168,-0.938978911441633,0.08883457515251403,-0.09723380312142145,1.9534305909692788,1.8346820625782985,0.051349589730183325,0.1625266556977872,-0.8014695669850477,-0.3790613017948135,-1.9891977891153831,-1.6198978592161806
4.1625,1,56,-1.2575580966451056,-1.4182878291218053,-1.0629764736463392,-0.938978911441633,0.1044555331130551,-0.09723380312142145,1.9510794876190514,1.8346820625782985,-0.012708291218801451,0.1625266556977872,-0.8048110964166753,-0.3790613017948135,-1.8997189849904743,-1.6198978592161806
4.166666666666667,1,56,-1.257101327681661,-1.4182878291218053,-1.061111277565642,-0.938978911441633,0.1014356651600824,-0.09723380312142145,1.9500516508617043,1.8346820625782985,0.0004705471435677355,0.1625266556977872,-0.808901609701066,-0.3790613017948135,-1.8197252330715437,-1.6198978592161806
4.170833333333333,1,56,-1.2560689078138267,-1.4182878291218053,-1.0590364183412284,-0.938978911441633,0.09594295027054343,-0.09723380312142145,1.9490268256258771,1.8346820625782985,0.01854233376158309,0.1625266556977872,-0.8094609593182437,-0.3790613017948135,-1.914741317962707,-1.6198978592161806
4.175,1,56,-1.2597220927026547,-1.4182878291218053,-1.0577110296681385,-0.938978911441633,0.10794500114692845,-0.09723380312142145,1.9458969742366128,1.8346820625782985,-0.05466337242373668,0.1625266556977872,-0.8174256244150344,-0.3790613017948135,-1.8155432917614107,-1.6198978592161806
4.179166666666666,1,56,-1.256414266924617,-1.4182878291218053,-1.0540453098330547,-0.938978911441633,0.09700528757982214,-0.09723380312142145,1.9495442976897648,1.8346820625782985,-0.021439910733819935,0.1625266556977872,-0.7882320282108584,-0.3790613017948135,-1.939114635114055,-1.6198978592161806
4.183333333333334,1,56,-1.2597680046368176,-1.4182878291218053,-1.0526878512758389,-0.938978911441633,0.10885833807035285,-0.09723380312142145,1.9458605131013142,1.8346820625782985,-0.09237641025230144,0.1625266556977872,-0.79997067661198,-0.3790613017948135,-1.8441361979886914,-1.6198978592161806
4.1875,1,56,-1.2557843312338468,-1.4182878291218053,-1.0489340655086505,-0.938978911441633,0.09645132257448251,-0.09723380312142145,1.9488208995982008,1.8346820625782985,-0.05006968156205045,0.1625266556977872,-0.7728200723412676,-0.3790613017948135,-1.9781505920041587,-1.6198978592161806
4.191666666666666,1,56,-1.2583244727630238,-1.4182878291218053,-1.0475050557424403,-0.938978911441633,0.10652191888841803,-0.09723380312142145,1.944777377532786,1.8346820625782985,-0.10764557367421822,0.1625266556977872,-0.789380617668802,-0.3790613017948135,-1.8835867218396496,-1.6198978592161806
4.195833333333333,1,56,-1.254592203197721,-1.4182878291218053,-1.0439014270241045,-0.938978911441633,0.0964790190535496,-0.09723380312142145,1.9465417996924934,1.8346820625782985,-0.07412537084374989,0.1625266556977872,-0.7725356687219694,-0.3790613017948135,-1.8326446832821972,-1.6198978592161806
4.2,1,56,-1.2517898533329817,-1.4182878291218053,-1.0415489930421258,-0.938978911441633,0.08742369034976342,-0.09723380312142145,1.9431414389516313,1.8346820625782985,-0.03364781316760687,0.1625266556977872,-0.7845546574801848,-0.3790613017948135,-1.9380916211376942,-1.6198978592161806
4.204166666666667,1,56,-1.2552897348902754,-1.4182878291218053,-1.0389947777437922,-0.938978911441633,0.0988465480341183,-0.09723380312142145,1.9433280631573313,1.8346820625782985,-0.09093712240370819,0.1625266556977872,-0.7734567648159454,-0.3790613017948135,-1.8467825866393048,-1.6198978592161806
4.208333333333333,1,56,-1.251597698970666,-1.4182878291218053,-1.036550523456857,-0.938978911441633,0.08772654844791523,-0.09723380312142145,1.9393076046649282,1.8346820625782985,-0.036818212742275196,0.1625266556977872,-0.7883139805882883,-0.3790613017948135,-1.9748675209291928,-1.6198978592161806
4.2125,1,56,-1.2543315632280847,-1.4182878291218053,-1.0339645802572885,-0.938978911441633,0.09752719111160921,-0.09723380312142145,1.9390947335684576,1.8346820625782985,-0.08280357202904691,0.1625266556977872,-0.7796893615292466,-0.3790613017948135,-1.8949754334310935,-1.6198978592161806
4.216666666666667,1,56,-1.2509732575716277,-1.4182878291218053,-1.0317567061435435,-0.938978911441633,0.08925063471234633,-0.09723380312142145,1.9343211898613109,1.8346820625782985,-0.04287661681782883,0.1625266556977872,-0.8022687354910513,-0.3790613017948135,-1.8213611136846704,-1.6198978592161806
4.220833333333333,1,56,-1.2486534497311905,-1.4182878291218053,-1.0282885465605018,-0.938978911441633,0.08116402568574888,-0.09723380312142145,1.9352641119472458,1.8346820625782985,-0.0002535362154659485,0.1625266556977872,-0.7886875667915847,-0.3790613017948135,-1.9230085909807018,-1.6198978592161806
4.225,1,56,-1.253200436745352,-1.4182878291218053,-1.026959172966316,-0.938978911441633,0.09599497467012916,-0.09723380312142145,1.9291101360784646,1.8346820625782985,-0.06328782713605212,0.1625266556977872,-0.8147749388339741,-0.3790613017948135,-1.8136659532193762,-1.6198978592161806
4.229166666666667,1,56,-1.2505638683289206,-1.4182878291218053,-1.0232774967630798,-0.938978911441633,0.08759755006052473,-0.09723380312142145,1.930150891097561,1.8346820625782985,-0.017411742581282454,0.1625266556977872,-0.8014833731494081,-0.3790613017948135,-1.9302905452127934,-1.6198978592161806
4.233333333333333,1,56,-1.254701762757274,-1.4182878291218053,-1.0218802980074655,-0.938978911441633,0.10221206751937079,-0.09723380312142145,1.9247863254789506,1.8346820625782985,-0.07744374649795827,0.1625266556977872,-0.8282101335355809,-0.3790613017948135,-1.8552385865583483,-1.6198978592161806
4.2375,1,56,-1.2514551694419571,-1.4182878291218053,-1.0178983711031775,-0.938978911441633,0.09282198314220975,-0.09723380312142145,1.9259966022507136,1.8346820625782985,-0.025684940818844836,0.1625266556977872,-0.8130810415928732,-0.3790613017948135,-1.9860771998223201,-1.6198978592161806
4.241666666666666,1,56,-1.2547991076914482,-1.4182878291218053,-1.0162436000040247,-0.938978911441633,0.10558321586090018,-0.09723380312142145,1.9205981334146216,1.8346820625782985,-0.07103535389609512,0.1625266556977872,-0.8400020474920677,-0.3790613017948135,-1.9017922171201425,-1.6198978592161806
4.245833333333334,1,56,-1.2520956951118332,-1.4182878291218053,-1.0120923248865261,-0.938978911441633,0.09928687398577933,-0.09723380312142145,1.92295129139979,1.8346820625782985,-0.034728721735476455,0.1625266556977872,-0.8244602639028139,-0.3790613017948135,-1.846552291054344,-1.6198978592161806
4.25,1,56,-1.2486422125172614,-1.4182878291218053,-1.0091194269812815,-0.938978911441633,0.09067586003947428,-0.09723380312142145,1.9206010434822158,1.8346820625782985,0.00900929959071496,0.1625266556977872,-0.836648487010455,-0.3790613017948135,-1.946973675608616,-1.6198978592161806
4.254166666666666,1,56,-1.2520731374977354,-1.4182878291218053,-1.0055120139471825,-0.938978911441633,0.10376117643209314,-0.09723380312142145,1.9231156312164706,1.8346820625782985,-0.04325782770144149,0.1625266556977872,-0.8152552837832454,-0.3790613017948135,-1.862511181789092,-1.6198978592161806
4.258333333333333,1,56,-1.24825033624369,-1.4182878291218053,-1.0021552950050174,-0.938978911441633,0.09464500068741837,-0.09723380312142145,1.922162206992266,1.8346820625782985,0.004304369015323546,0.1625266556977872,-0.8198609628198718,-0.3790613017948135,-1.9874078383871483,-1.6198978592161806
4.2625,1,56,-1.2513532353109094,-1.4182878291218053,-0.9998246831993483,-0.938978911441633,0.10810747752954011,-0.09723380312142145,1.919452043228053,1.8346820625782985,-0.050040972290109495,0.1625266556977872,-0.8316809611416965,-0.3790613017948135,-1.903804492044573,-1.6198978592161806
4.266666666666667,1,56,-1.2482867295057167,-1.4182878291218053,-0.9954113894782288,-0.938978911441633,0.1025716756443974,-0.09723380312142145,1.9230976001989601,1.8346820625782985,-0.02299688614438731,0.1625266556977872,-0.8119545581090829,-0.3790613017948135,-1.8389855345777868,-1.6198978592161806
4.270833333333333,1,56,-1.2446806096220422,-1.4182878291218053,-0.9921739658408166,-0.938978911441633,0.09548340592261895,-0.09723380312142145,1.9218538033347972,1.8346820625782985,0.0069354828952896295,0.1625266556977872,-0.8205417562122718,-0.3790613017948135,-1.9306869004052738,-1.6198978592161806
4.275,1,56,-1.2479626606444554,-1.4182878291218053,-0.9887033511298126,-0.938978911441633,0.11011709408737547,-0.09723380312142145,1.9239337924035047,1.8346820625782985,-0.05932805280411465,0.1625266556977872,-0.8032663792969503,-0.3790613017948135,-1.8224493145591756,-1.6198978592161806
4.279166666666667,1,56,-1.2437298521010103,-1.4182878291218053,-0.9854849331065307,-0.938978911441633,0.10188599172219207,-0.09723380312142145,1.9224654866986095,1.8346820625782985,-0.02304686657142455,0.1625266556977872,-0.8130551938219496,-0.3790613017948135,-1.94411980475759,-1.6198978592161806
4.283333333333333,1,56,-1.2464608612751622,-1.4182878291218053,-0.9821399138019004,-0.938978911441633,0.11579938227021319,-0.09723380312142145,1.9245447584170978,1.8346820625782985,-0.0867794864105457,0.1625266556977872,-0.798689398524255,-0.3790613017948135,-1.8653305718788389,-1.6198978592161806
4.2875,1,56,-1.242453639785923,-1.4182878291218053,-0.979213574026525,-0.938978911441633,0.11026273569273998,-0.09723380312142145,1.9224061262297143,1.8346820625782985,-0.06410041817162765,0.1625266556977872,-0.8175604835375869,-0.3790613017948135,-1.7955241507222475,-1.6198978592161806
4.291666666666667,1,56,-1.2374979542313715,-1.4182878291218053,-0.9748463979678038,-0.938978911441633,0.10056381595990667,-0.09723380312142145,1.9258637601125534,1.8346820625782985,-0.029594483850719867,0.1625266556977872,-0.7988799774988171,-0.3790613017948135,-1.904904723916561,-1.6198978592161806
4.295833333333333,1,56,-1.2393336530989374,-1.4182878291218053,-0.9728701108439902,-0.938978911441633,0.11316855368980916,-0.09723380312142145,1.9226012217054027,1.8346820625782985,-0.09124771595005021,0.1625266556977872,-0.8218262961003169,-0.3790613017948135,-1.8061285407288392,-1.6198978592161806
4.3,1,56,-1.2331873571545338,-1.4182878291218053,-0.9684144021261151,-0.938978911441633,0.10039035579303583,-0.09723380312142145,1.9261260864964869,1.8346820625782985,-0.03815499115416494,0.1625266556977872,-0.8051268169629606,-0.3790613017948135,-1.9292693892221784,-1.6198978592161806
4.304166666666666,1,56,-1.2339808072823477,-1.4182878291218053,-0.9664510926567988,-0.938978911441633,0.11039548402269286,-0.09723380312142145,1.923180924657714,1.8346820625782985,-0.08339434922845289,0.1625266556977872,-0.8285308290055882,-0.3790613017948135,-1.8354274007877143,-1.6198978592161806
4.308333333333334,1,56,-1.2269646637553884,-1.4182878291218053,-0.9620390274526307,-0.938978911441633,0.0953859840513992,-0.09723380312142145,1.9269820370748203,1.8346820625782985,-0.018108072572462847,0.1625266556977872,-0.8109554950281848,-0.3790613017948135,-1.9629378574681071,-1.6198978592161806
4.3125,1,56,-1.2290084889900592,-1.4182878291218053,-0.9602464994825244,-0.938978911441633,0.10658960378942696,-0.09723380312142145,1.9241840886380475,1.8346820625782985,-0.06049267406849247,0.1625266556977872,-0.833754533096396,-0.3790613017948135,-1.8749381582281148,-1.6198978592161806
4.316666666666666,1,56,-1.2248473510053168,-1.4182878291218053,-0.9563745641345627,-0.938978911441633,0.09866895180703612,-0.09723380312142145,1.9277196470632478,1.8346820625782985,-0.021325679436658054,0.1625266556977872,-0.8231330853021922,-0.3790613017948135,-1.792363743634765,-1.6198978592161806
4.320833333333333,1,56,-1.222354408318006,-1.4182878291218053,-0.9539689949528998,-0.938978911441633,0.0936518232276861,-0.09723380312142145,1.9264480424606623,1.8346820625782985,0.013909706452411024,0.1625266556977872,-0.8408645336620509,-0.3790613017948135,-1.8733496827381686,-1.6198978592161806
4.325,1,56,-1.2249266857561756,-1.4182878291218053,-0.950756005767102,-0.938978911441633,0.10609055902688816,-0.09723380312142145,1.9302209355545545,1.8346820625782985,-0.03795329455592534,0.1625266556977872,-0.8240423659335676,-0.3790613017948135,-1.7765440119203657,-1.6198978592161806
4.329166666666667,1,56,-1.22001379517592,-1.4182878291218053,-0.9478023494663985,-0.938978911441633,0.09585575444157499,-0.09723380312142145,1.9306176857424817,1.8346820625782985,0.010966503631701893,0.1625266556977872,-0.8319258094451252,-0.3790613017948135,-1.8896077580419688,-1.6198978592161806
4.333333333333333,1,56,-1.2224866260126233,-1.4182878291218053,-0.9447428688287426,-0.938978911441633,0.10835449270357837,-0.09723380312142145,1.934368032776806,1.8346820625782985,-0.038505247103778055,0.1625266556977872,-0.8158181544452863,-0.3790613017948135,-1.8035807945078943,-1.6198978592161806
4.3375,1,56,-1.2174876456985213,-1.4182878291218053,-0.9419000233261827,-0.938978911441633,0.09827920900217367,-0.09723380312142145,1.9347457624545503,1.8346820625782985,0.012688736062450034,0.1625266556977872,-0.8243731446403024,-0.3790613017948135,-1.920020098242232,-1.6198978592161806
4.341666666666667,1,56,-1.2199335415861354,-1.4182878291218053,-0.9390210122258723,-0.938978911441633,0.11110140339401131,-0.09723380312142145,1.9384533025248518,1.8346820625782985,-0.03614227029760673,0.1625266556977872,-0.8085828187455736,-0.3790613017948135,-1.8312335098834338,-1.6198978592161806
4.345833333333333,1,56,-1.2146936378657804,-1.4182878291218053,-0.9364453768135866,-0.938978911441633,0.10094259834236494,-0.09723380312142145,1.9384579292334387,1.8346820625782985,0.01696648965915933,0.1625266556977872,-0.8186721654078534,-0.3790613017948135,-1.9456247845827426,-1.6198978592161806
4.35,1,56,-1.2169330243646932,-1.4182878291218053,-0.9339449612167987,-0.938978911441633,0.1138010931255453,-0.09723380312142145,1.9414991764689364,1.8346820625782985,-0.030939108922236013,0.1625266556977872,-0.8048258334160427,-0.3790613017948135,-1.8535688239438795,-1.6198978592161806
4.354166666666667,1,56,-1.2114396465477317,-1.4182878291218053,-0.9317063542921962,-0.938978911441633,0.10359172448834951,-0.09723380312142145,1.9408836323235177,1.8346820625782985,0.023728208855897503,0.1625266556977872,-0.8168277828813744,-0.3790613017948135,-1.9658734818131882,-1.6198978592161806
4.358333333333333,1,56,-1.2136009807800552,-1.4182878291218053,-0.9295599621414136,-0.938978911441633,0.11662196044832174,-0.09723380312142145,1.9432839826259571,1.8346820625782985,-0.023320404614899502,0.1625266556977872,-0.8043171045381401,-0.3790613017948135,-1.8697596626810926,-1.6198978592161806
4.3625,1,56,-1.209547369592562,-1.4182878291218053,-0.9279812131162912,-0.938978911441633,0.11194895063948547,-0.09723380312142145,1.9415582954473143,1.8346820625782985,0.0030331650110587333,0.1625266556977872,-0.8229606079827306,-0.3790613017948135,-1.758993488557404,-1.6198978592161806
4.366666666666666,1,56,-1.204938677243585,-1.4182878291218053,-0.925239835174939,-0.938978911441633,0.10427333057277498,-0.09723380312142145,1.945698533219121,1.8346820625782985,0.038241461292684596,0.1625266556977872,-0.8043044802939183,-0.3790613017948135,-1.8244155273048928,-1.6198978592161806
4.370833333333334,1,56,-1.206689753892307,-1.4182878291218053,-0.9247434785040031,-0.938978911441633,0.11603427822226914,-0.09723380312142145,1.942014374752533,1.8346820625782985,-0.014100955008237537,0.1625266556977872,-0.8257509663403008,-0.3790613017948135,-1.7100625736919155,-1.6198978592161806
4.375,1,56,-1.2011683257314671,-1.4182878291218053,-0.922100865725095,-0.938978911441633,0.1050491942257643,-0.09723380312142145,1.9451874267676772,1.8346820625782985,0.03441944350201864,0.1625266556977872,-0.8107644892972838,-0.3790613017948135,-1.8219106556313298,-1.6198978592161806
4.379166666666666,1,56,-1.2022421378806951,-1.4182878291218053,-0.9219140280662447,-0.938978911441633,0.11446263047982651,-0.09723380312142145,1.941101050449565,1.8346820625782985,-0.007941049653138146,0.1625266556977872,-0.834655401917126,-0.3790613017948135,-1.7454009839191051,-1.6198978592161806
4.383333333333333,1,56,-1.1962698454923788,-1.4182878291218053,-0.9191813910648082,-0.938978911441633,0.10174003275752524,-0.09723380312142145,1.9453027544370267,1.8346820625782985,0.047971749255048865,0.1625266556977872,-0.8116590039834132,-0.3790613017948135,-1.8768174110128033,-1.6198978592161806
4.3875,1,56,-1.1982677100894972,-1.4182878291218053,-0.9192223501962005,-0.938978911441633,0.11423506141115332,-0.09723380312142145,1.9416358082426395,1.8346820625782985,-0.005577346652455978,0.1625266556977872,-0.8291555035128139,-0.3790613017948135,-1.7719594741012088,-1.6198978592161806
4.391666666666667,1,56,-1.1929927870274653,-1.4182878291218053,-0.917183361231306,-0.938978911441633,0.10394928224307387,-0.09723380312142145,1.9448539721717162,1.8346820625782985,0.04169691065196863,0.1625266556977872,-0.8105049092212291,-0.3790613017948135,-1.8612724625123005,-1.6198978592161806
4.395833333333333,1,56,-1.1942539796979088,-1.4182878291218053,-0.9176097442659689,-0.938978911441633,0.11369275725821111,-0.09723380312142145,1.9408140723122107,1.8346820625782985,-0.0005525318751873748,0.1625266556977872,-0.8295299804794685,-0.3790613017948135,-1.7579062570093493,-1.6198978592161806
4.4,1,56,-1.1882995495673438,-1.4182878291218053,-0.9159136597960534,-0.938978911441633,0.1009980327292557,-0.09723380312142145,1.943689257247428,1.8346820625782985,0.05582329340872155,0.1625266556977872,-0.8118021585366435,-0.3790613017948135,-1.8684240962851657,-1.6198978592161806
4.404166666666667,1,56,-1.1903706551289264,-1.4182878291218053,-0.9168846321656483,-0.938978911441633,0.1134059524241289,-0.09723380312142145,1.9386867312266025,1.8346820625782985,0.0014149515086187196,0.1625266556977872,-0.832663694213306,-0.3790613017948135,-1.7673268723566442,-1.6198978592161806
4.408333333333333,1,56,-1.1851706678252496,-1.4182878291218053,-0.9157418551397137,-0.938978911441633,0.10330133519796447,-0.09723380312142145,1.940767912523504,1.8346820625782985,0.046789511858608177,0.1625266556977872,-0.8167976306341185,-0.3790613017948135,-1.8775513656570844,-1.6198978592161806
4.4125,1,56,-1.1879504704916664,-1.4182878291218053,-0.9172156125513684,-0.938978911441633,0.11806791347062397,-0.09723380312142145,1.9350600417604842,1.8346820625782985,-0.017061472367763418,0.1625266556977872,-0.838934844286647,-0.3790613017948135,-1.7711064777763892,-1.6198978592161806
4.416666666666667,1,56,-1.1835244430243936,-1.4182878291218053,-0.9161019324904957,-0.938978911441633,0.10994784389609025,-0.09723380312142145,1.9382645113216304,1.8346820625782985,0.02029327365840241,0.1625266556977872,-0.8143083704829331,-0.3790613017948135,-1.8745672917110023,-1.6198978592161806
4.420833333333333,1,56,-1.1867274062239916,-1.4182878291218053,-0.9176446804417647,-0.938978911441633,0.1256872581121563,-0.09723380312142145,1.9342695892409585,1.8346820625782985,-0.04363432656485772,0.1625266556977872,-0.8251159356443472,-0.3790613017948135,-1.7613592044940516,-1.6198978592161806
4.425,1,56,-1.1822641357328736,-1.4182878291218053,-0.9168729871469015,-0.938978911441633,0.11700442507739134,-0.09723380312142145,1.9371688072947364,1.8346820625782985,-0.0007123144469829392,0.1625266556977872,-0.801889299374997,-0.3790613017948135,-1.875965273673479,-1.6198978592161806
4.429166666666666,1,56,-1.1853311331651928,-1.4182878291218053,-0.9187235175447072,-0.938978911441633,0.13210972820551353,-0.09723380312142145,1.9327235414245554,1.8346820625782985,-0.06100595900716277,0.1625266556977872,-0.8185727727261976,-0.3790613017948135,-1.7732423338116476,-1.6198978592161806
4.433333333333334,1,56,-1.1808371933436212,-1.4182878291218053,-0.9182757574757063,-0.938978911441633,0.122987724936746,-0.09723380312142145,1.9352459482865485,1.8346820625782985,-0.011300825059901355,0.1625266556977872,-0.7973871248198444,-0.3790613017948135,-1.8706501014948236,-1.6198978592161806
4.4375,1,56,-1.183802049958445,-1.4182878291218053,-0.9205331124939117,-0.938978911441633,0.13760352509122692,-0.09723380312142145,1.9310039905879979,1.8346820625782985,-0.06584807699795903,0.1625266556977872,-0.8143751786939972,-0.3790613017948135,-1.7638554016639598,-1.6198978592161806
4.441666666666666,1,56,-1.1790297641649634,-1.4182878291218053,-0.9203070604977343,-0.938978911441633,0.12761054770709104,-0.09723380312142145,1.933752943007894,1.8346820625782985,-0.010885361841979272,0.1625266556977872,-0.7926756666866484,-0.3790613017948135,-1.8675389984263837,-1.6198978592161806
4.445833333333333,1,56,-1.181717588912798,-1.4182878291218053,-0.922734597640324,-0.938978911441633,0.14149172137760188,-0.09723380312142145,1.9298445281469416,1.8346820625782985,-0.06245207697504882,0.1625266556977872,-0.8095137901626284,-0.3790613017948135,-1.766646522142885,-1.6198978592161806
4.45,1,56,-1.1767538768362142,-1.4182878291218053,-0.9226564392129523,-0.938978911441633,0.1310016849143197,-0.09723380312142145,1.9327835065197752,1.8346820625782985,-0.0036734474387230603,0.1625266556977872,-0.7889321073403753,-0.3790613017948135,-1.876443315752,-1.6198978592161806
4.454166666666667,1,56,-1.1792543615834725,-1.4182878291218053,-0.9252736044003356,-0.938978911441633,0.14444496075351668,-0.09723380312142145,1.9288315072715594,1.8346820625782985,-0.05269396241413338,0.1625266556977872,-0.807253807200769,-0.3790613017948135,-1.7802400291574458,-1.6198978592161806
4.458333333333333,1,56,-1.1741786523588837,-1.4182878291218053,-0.9253918664252905,-0.938978911441633,0.13376544795089487,-0.09723380312142145,1.9319461749879563,1.8346820625782985,0.008796329902196505,0.1625266556977872,-0.7858382881301129,-0.3790613017948135,-1.8859835594917551,-1.6198978592161806
4.4625,1,56,-1.176508944499692,-1.4182878291218053,-0.9282492323073974,-0.938978911441633,0.14689885275070022,-0.09723380312142145,1.9278275034468857,1.8346820625782985,-0.03875280220338053,0.1625266556977872,-0.8067209939070633,-0.3790613017948135,-1.7946393460383296,-1.6198978592161806
4.466666666666667,1,56,-1.1713169094227918,-1.4182878291218053,-0.9286139042076366,-0.938978911441633,0.13611404395566332,-0.09723380312142145,1.930934524756451,1.8346820625782985,0.022976120969477678,0.1625266556977872,-0.7883684151777917,-0.3790613017948135,-1.912812801196833,-1.6198978592161806
4.470833333333333,1,56,-1.1733880513888644,-1.4182878291218053,-0.9316823605381663,-0.938978911441633,0.14893229597527977,-0.09723380312142145,1.9268809199266614,1.8346820625782985,-0.023383290732349658,0.1625266556977872,-0.8099041193246999,-0.3790613017948135,-1.822874368889643,-1.6198978592161806
4.475,1,56,-1.1683208425745573,-1.4182878291218053,-0.9322932326271935,-0.938978911441633,0.13907248090478266,-0.09723380312142145,1.9300453063179719,1.8346820625782985,0.03266832168545716,0.1625266556977872,-0.7926420507719145,-0.3790613017948135,-1.932033952731358,-1.6198978592161806
4.479166666666667,1,56,-1.1707541145925189,-1.4182878291218053,-0.9356235212731663,-0.938978911441633,0.15354632885555822,-0.09723380312142145,1.9260079361362368,1.8346820625782985,-0.02345867860894166,0.1625266556977872,-0.8141543049508281,-0.3790613017948135,-1.8130969771534688,-1.6198978592161806
4.483333333333333,1,56,-1.1659134521186065,-1.4182878291218053,-0.936455027660357,-0.938978911441633,0.144798462403177,-0.09723380312142145,1.9290158521079805,1.8346820625782985,0.02427768540629995,0.1625266556977872,-0.7978225161992858,-0.3790613017948135,-1.9121863913855697,-1.6198978592161806
4.4875,1,56,-1.1681215141800947,-1.4182878291218053,-0.9399871225093004,-0.938978911441633,0.15893464216661538,-0.09723380312142145,1.924911152118444,1.8346820625782985,-0.03271645656159826,0.1625266556977872,-0.8202234519362763,-0.3790613017948135,-1.8090465476803548,-1.6198978592161806
4.491666666666666,1,56,-1.1628452319855664,-1.4182878291218053,-0.9409430594931373,-0.938978911441633,0.14908409802936604,-0.09723380312142145,1.9280797136671548,1.8346820625782985,0.01960577031720821,0.1625266556977872,-0.8041351863816104,-0.3790613017948135,-1.9211797995988835,-1.6198978592161806
4.495833333333334,1,56,-1.1647942804640397,-1.4182878291218053,-0.944646548190745,-0.938978911441633,0.16249641645605062,-0.09723380312142145,1.9242339952286887,1.8346820625782985,-0.03297788946571085,0.1625266556977872,-0.8270345110260462,-0.3790613017948135,-1.823966403241802,-1.6198978592161806
4.5,1,56,-1.1593069846585786,-1.4182878291218053,-0.9456714690106397,-0.938978911441633,0.1518881184860507,-0.09723380312142145,1.9276321999951347,1.8346820625782985,0.022590794916743248,0.1625266556977872,-0.811031390011962,-0.3790613017948135,-1.9400710064023707,-1.6198978592161806
4.504166666666666,1,56,-1.1598676958876786,-1.4182479881718122,-0.947690922190296,-0.9389092984621735,0.15684756894387245,-0.09728123978528953,1.923683594676303,1.8346963655725557,-0.07518209662116192,0.16254128334056817,-0.8918036813322324,-0.3791233950782583,-1.5386682745329845,-1.6199094073160893
4.508333333333333,1,56,-1.1546324505273662,-1.4181284926268296,-0.9478685764311507,-0.9387005072330536,0.1453028778460754,-0.09742351726617392,1.9303149780907478,1.8347392647527692,0.049469491054023255,0.1625851562438554,-0.7927822372123523,-0.3793096323729579,-1.9553349411996512,-1.619944043701325
4.5125,1,56,-1.1564009335828083,-1.417929424383135,-0.9499866136231323,-0.9383526808493525,0.15238820045363702,-0.09766053805419615,1.925906090199019,1.834810730717984,-0.03129408031023522,0.16265824433935244,-0.8223661983020767,-0.3796198860411733,-1.5386682745329845,-1.6200017446338393
4.516666666666667,1,56,-1.1503219424183457,-1.4176509198721596,-0.9502102483916031,-0.9378660576938994,0.13852576673202127,-0.09799213970714749,1.9306610089971765,1.8349107144889971,0.10892038380703722,0.1627604975361295,-0.717125050834956,-0.3800539434505377,-1.9553349411996512,-1.620082470568295
4.520833333333333,1,56,-1.1511183772689952,-1.417293169966983,-0.9518872772644663,-0.9372409712738975,0.14227771985982104,-0.09841809496181893,1.9242693657484193,1.8350391475419263,0.01660679600715958,0.16289184575495316,-0.7761014342742008,-0.3806115071197845,-1.5386682745329845,-1.6201861661791694
4.525,1,56,-1.1466084858738637,-1.4168564198515203,-0.9521008760169527,-0.9364778499923553,0.13151527748048708,-0.09893811188975594,1.9276191802164218,1.8351959418551727,0.14245597364655158,0.1630521989763153,-0.6965840087160656,-0.3812921949226258,-1.9553349411996512,-1.6203127603986702
4.529166666666667,1,56,-1.1490243851392614,-1.4163409688524846,-0.9536151667391458,-0.9355772168544806,0.13773748812468414,-0.09955183409733133,1.9193199228752813,1.8353809899697457,0.02105293679289403,0.16324144730212764,-0.777253742868001,-0.3820955403496423,-1.5386682745329845,-1.620462166465443
4.533333333333333,1,56,-1.1460616585911971,-1.4157471702342435,-0.9532394297653807,-0.9345396891092383,0.12950952199739055,-0.10025884097000026,1.923641256483086,1.835594165062911,0.12541035486524593,0.163459461031041,-0.7143945637036346,-0.38302099282800667,-1.9553349411996512,-1.6206342819840325
4.5375,1,56,-1.1499268067133193,-1.4150754309567086,-0.9541133830730055,-0.9333659778263195,0.1380746821538875,-0.10105864796056797,1.9166187280494607,1.8358353210351082,-0.01118055768154395,0.16370609074733553,-0.8087628087392255,-0.3840679180988174,-1.5386682745329845,-1.6208289889950598
4.541666666666667,1,56,-1.1459490368383476,-1.4143262113964266,-0.9527601745044004,-0.9320568874088089,0.1264035168367577,-0.10195070692127459,1.9221317240666964,1.8361042926100801,0.07976158928967182,0.1639811674233232,-0.760289259150937,-0.38523559865178936,-1.9553349411996512,-1.6210461540560654
4.545833333333333,1,56,-1.1487601179713853,-1.41350002503106,-0.9526072786870399,-0.9306133150418886,0.13198729054459893,-0.10293440647946736,1.9185366468637521,1.836400895448144,-0.04690718696936706,0.16428450253519053,-0.8330437220633139,-0.38652323421699786,-1.5386682745329845,-1.621285628332964
4.55,1,56,-1.145722573634027,-1.412597438087475,-0.9508512108341834,-0.9290362500779508,0.12167340460468519,-0.10400907245660623,1.9243918441382855,1.8367249262725311,0.054744875397446935,0.16461588819220388,-0.773441809549495,-0.3879299423133457,-1.9553349411996512,-1.621547247702048
4.554166666666666,1,56,-1.1492993684106634,-1.411619069153677,-0.9502566404491822,-0.9273267733585454,0.12862141129731536,-0.10517396833031117,1.9214905974069734,1.8370761630086998,-0.047751246358953475,0.16497509727918697,-0.8401933326516116,-0.3894547588533702,-1.5386682745329845,-1.6218308328624704
4.558333333333334,1,56,-1.1446737212939524,-1.4105655887548625,-0.9476940535172382,-0.9254860564736254,0.11400927347839025,-0.10642829573913855,1.9290674404625314,1.8374543649365358,0.07679800592306442,0.1653618836121746,-0.7432315424621995,-0.3910966388039816,-1.9553349411996512,-1.6221361894591277
4.5625,1,56,-1.1467636814372326,-1.409437718893875,-0.9467569214457562,-0.9235153609585985,0.11703000967214693,-0.10777119502973678,1.9244908426562732,1.8378592728553291,-0.02155575084928348,0.16577598210713435,-0.7900158630554239,-0.3928544569026746,-1.5386682745329845,-1.6224631082158611
4.566666666666666,1,56,-1.1431188755161295,-1.4082362325563782,-0.9443211796941926,-0.9214160374297321,0.10445591122239758,-0.10920174584601172,1.928942989447277,1.838290609261418,0.09975857612390071,0.16621710896164255,-0.7134668991344506,-0.3947270084287298,-1.9553349411996512,-1.622811365078885
4.570833333333333,1,56,-1.14608584183667,-1.4069619531810926,-0.943021706918059,-0.9191895246585091,0.10871849954288926,-0.1107189677598915,1.922073219757359,1.8387480785383754,-0.007456704177853807,0.16668496184938789,-0.8088532274898022,-0.3967130100288673,-1.5386682745329845,-1.6231807213703409
4.575,1,56,-1.1434606897940922,-1.40561575409545,-0.9398987181342038,-0.9168373485855656,0.09792660449681471,-0.1123218209432636,1.9272148348937321,1.8392313671596103,0.10788127502526486,0.167179220127371,-0.7699623450526085,-0.3988111005967937,-1.9553349411996512,-1.6235709239518767
4.579166666666667,1,56,-1.1475135400500243,-1.40419855791706,-0.9377645916771846,-0.9143611212748894,0.10401727820368044,-0.11400920688061976,1.9228090454911668,1.8397401439032421,0.007018183692566612,0.16769954505565668,-0.8627623254417641,-0.4010198422060348,-1.5386682745329845,-1.623981705398134
4.583333333333333,1,56,-1.1457389561376505,-1.4027113359213925,-0.9341085675152893,-0.9117625398089882,0.09462507890298273,-0.11577996912192567,1.928910185142062,1.840274060079105,0.12010324311499314,0.16824558002953002,-0.79612570759371,-0.4033377210954214,-1.9553349411996512,-1.6244127841800287
4.5875,1,56,-1.1506536383578903,-1.4011551073761146,-0.9314266287591665,-0.9090433851257962,0.10218111398341682,-0.11763289407519309,1.925256963258342,1.8408327497677215,0.02472490879285288,0.16881695082389508,-0.8692280654234711,-0.40576314870654356,-1.5386682745329845,-1.6248638648576963
4.591666666666667,1,56,-1.1474480557503979,-1.3995309388425368,-0.9270190147270629,-0.9062055207981097,0.08907054933470525,-0.11956671183821392,1.9317037092812308,1.8414158300710863,0.13344057898690084,0.16941326584974978,-0.7907060848038118,-0.4082944627724686,-1.9553349411996512,-1.6253346382829723
4.595833333333333,1,56,-1.1510340799581245,-1.3978399434446422,-0.9235748430544254,-0.9032508917563836,0.09292938253786673,-0.12158009706889013,1.9278836598347477,1.842022901375085,0.023779894316453484,0.17003411642256214,-0.8577829355473444,-0.4109299284569782,-1.5386682745329845,-1.6258247818112668
4.6,1,56,-1.1484777139088362,-1.39608328010621,-0.9186113543053612,-0.9001815229557762,0.08087006126774574,-0.12367166989355544,1.9342985030122741,1.8426535476233696,0.13042859332705073,0.17067907704236168,-0.7775020103157403,-0.41366773954353653,-1.9553349411996512,-1.6263339595226887
4.604166666666667,1,56,-1.1527922823099788,-1.394262152756544,-0.9145920874015986,-0.8969995179883445,0.08592640546883547,-0.1258399968526727,1.9302735141189562,1.8433073366025035,0.016905168398775917,0.17134770568535626,-0.8463853134940791,-0.41650601967318224,-1.5386682745329845,-1.6268618224522686
4.608333333333333,1,56,-1.1508049132896863,-1.3923778095053636,-0.9091288423754808,-0.8937070576413497,0.07479245981261518,-0.12808359188325355,1.9364193355849568,1.843983820238177,0.1228434351022805,0.17203954410687244,-0.7707789023505374,-0.41944282363048857,-1.9553349411996512,-1.6274080088291218
4.6125,1,56,-1.1555956860114482,-1.3904315417874076,-0.904530184394617,-0.8903063984026509,0.08057282061827908,-0.13040091733733455,1.932099299304271,1.8446825349022982,0.008000015860073172,0.17275411815541436,-0.846716698360263,-0.42247613867672035,-1.5386682745329845,-1.6279721443243886
4.616666666666666,1,56,-1.1540967862760674,-1.3884246834773515,-0.8984998902831235,-0.8867998709142236,0.07023561015380937,-0.13279038503580248,1.93788849896373,1.8454030017307375,0.11375061139119086,0.17349093809762292,-0.7799544419163722,-0.4256038859292624,-1.9553349411996512,-1.6285538423077792
4.620833333333334,1,56,-1.1591221117083121,-1.3863586099756358,-0.8932490071675538,-0.8831898783748526,0.07639728006824133,-0.13525035735685392,1.9335444748979238,1.846144726951519,0.012003017440859836,0.17424949895391487,-0.8657306160157321,-0.42882392178638296,-1.5386682745329845,-1.6291527041125526
4.625,1,56,-1.1577011509942414,-1.3842347372658368,-0.8866102802324959,-0.8794788948931029,0.06610047334444873,-0.1377791483583373,1.9391587163489628,1.8469072022232258,0.12732394419933923,0.17502928084456992,-0.8097141067850576,-0.4321340393963486,-1.9553349411996512,-1.6297683193087416
4.629166666666666,1,56,-1.1630765348585343,-1.3820545209442197,-0.8816040275533314,-0.8756694637916843,0.07276333155125363,-0.14037502493321666,1.933607124735077,1.8476899049833937,0.02955665248860182,0.17582974934603135,-0.9088139945926841,-0.43553197016989414,-1.5386682745329845,-1.630400265984441
4.633333333333333,1,56,-1.1594574224093026,-1.379819455222147,-0.875029676911007,-0.8717641958643882,0.05744109568460057,-0.14303620799735453,1.9378269616134434,1.8484922988066477,0.13557026976796985,0.1766503558571726,-0.8677263022158599,-0.43901538533499784,-1.9553349411996512,-1.6310481110349664
4.6375,1,56,-1.1629517260044713,-1.3775310719020202,-0.8699227662061794,-0.8677657675867789,0.05973322695548562,-0.14576087370880839,1.9328664370647974,1.849313833772342,0.0429347398478293,0.17749053797528128,-0.9462666624928154,-0.4425818975329068,-1.5386682745329845,-1.6317114104596802
4.641666666666667,1,56,-1.1599722568831936,-1.3751909393274604,-0.863396574261014,-0.8636769192818736,0.04566616468909779,-0.1485471547177985,1.9383999496003983,1.8501539468414472,0.14565764864374228,0.1783497198815013,-0.8590334486840404,-0.44622906245431027,-1.9553349411996512,-1.6323897096662894
4.645833333333333,1,56,-1.16399845487851,-1.3728006613084414,-0.8576505033066375,-0.8595004532420568,0.04899326863064719,-0.1513931414464998,1.9342902051167172,1.8510120622424304,0.05099588753956044,0.17922731273547146,-0.904493609985044,-0.44995438051455194,-1.5386682745329845,-1.6330825437823997
4.65,1,56,-1.16129514724716,-1.3703618760221201,-0.8506468923001429,-0.8552392318085326,0.03554919931271697,-0.15429688339776915,1.9392811164043668,1.8518875918658602,0.15690658386997527,0.18012271507888655,-0.8277658012654818,-0.4537552985667177,-1.9553349411996512,-1.6337894379741158
4.654166666666667,1,56,-1.1655848987351325,-1.3678762548901129,-0.84513482005599,-0.8508961754096201,0.03920931344556678,-0.15725639049191717,1.9326097113876248,1.8527799356674655,0.05788006797957729,0.1810353132477064,-0.9196608014660168,-0.45762921165143333,-1.5386682745329845,-1.6345099077714687
4.658333333333333,1,56,-1.1628302058519797,-1.3653455014329832,-0.8380171379072644,-0.8464742605592341,0.025790253436284105,-0.16026963443061276,1.9379000657036338,1.8536884820793789,0.16222654325802927,0.1819644817927315,-0.8793872045929362,-0.4615734647821775,-1.9553349411996512,-1.6352434594004472
4.6625,1,56,-1.1671659175304767,-1.3627713501027368,-0.8321922010763766,-0.8419765178169334,0.02962959427518295,-0.16333455008697526,1.9335730936981348,1.854612608429272,0.07288799950495162,0.18290958390825415,-0.9684344147618232,-0.46558535476487417,-1.5386682745329845,-1.6359895901214072
4.666666666666667,1,56,-1.164444016312791,-1.360155565094113,-0.8250858704576904,-0.8374060297109251,0.01651689284253198,-0.1664490369209104,1.9396469569709727,1.8555516813671067,0.17824581973718312,0.1838699718684935,-0.9003688994267101,-0.4696621320505286,-1.9553349411996512,-1.6367477885736226
4.670833333333333,1,56,-1.1690101053106263,-1.3574999391354967,-0.8193008859547234,-0.8327659286254584,0.020947871862376243,-0.16961096041871299,1.9352459786065919,1.8565050572991981,0.08560452602671415,0.1848449874715136,-0.9713907242234832,-0.473801002619627,-1.5386682745329845,-1.6375175351257465
4.675,1,56,-1.1664706748797686,-1.3548062922602677,-0.8123352998199174,-0.8280593946540378,0.00844274494118929,-0.17281815355595984,1.9408239163867786,1.857472082829305,0.1777072524135607,0.18583396249032347,-0.8933053050178518,-0.4779991298970233,-1.9553349411996512,-1.6382983022319422
4.679166666666666,1,56,-1.171158347558482,-1.3520764705594437,-0.8066783891748294,-0.8232896534199508,0.013396491572501208,-0.17606841828267764,1.9357560756929253,1.858452095206433,0.07304218550855762,0.1868362191308456,-0.9589274641260285,-0.4822536366959828,-1.5386682745329845,-1.6390895547934352
4.683333333333334,1,56,-1.1682151670264904,-1.3493123449164601,-0.7998375344016337,-0.8184599738655842,0.00046648822488383506,-0.17935952702977764,1.9408186310782576,1.8594444227790516,0.1674397204916743,0.1878510704964427,-0.8800108302138169,-0.4865616071900637,-1.9553349411996512,-1.6398907505252438
4.6875,1,56,-1.1721970611595665,-1.3465158097249628,-0.7942315416944135,-0.8135736660120589,0.004504849808193991,-0.18268922423571787,1.9354015260814756,1.8604483854554106,0.07340872789560088,0.18887782105868128,-0.9485237779443101,-0.4909200889114755,-1.5386682745329845,-1.640701340327834
4.691666666666666,1,56,-1.1685646546290993,-1.3436887815904812,-0.7875290261184297,-0.8086340786907001,-0.009244910855593926,-0.18605522789235604,1.9400380275270412,1.8614632951696402,0.1791303475686849,0.1899157671340135,-0.8745383750428894,-0.49532609477455825,-1.9553349411996512,-1.6415207686634452
4.695833333333333,1,56,-1.1719825292952402,-1.340833198016886,-0.782049572590787,-0.80364459724792,-0.005932138709135912,-0.18945523110892154,1.9337522779201657,1.8624884563533182,0.08419127325471541,0.19096419736604592,-0.9516267865089859,-0.4997766051229783,-1.5386682745329845,-1.6423484739368273
4.7,1,56,-1.1677724548828123,-1.3379510160785175,-0.775520193794605,-0.7986086412250682,-0.02027347022493902,-0.1928869036930445,1.9373905281299475,1.8635231664121779,0.17971713235261755,0.19202239321306797,-0.8882222110011545,-0.5042685697992517,-1.9553349411996512,-1.6431838888801307
4.704166666666667,1,56,-1.1707256503025685,-1.3350442110789098,-0.7693170665699955,-0.7935296620148533,-0.017427028131462206,-0.19634789374775008,1.9310187692916772,1.864566716207629,0.07916806613913333,0.19308962944050376,-0.9751053594637007,-0.5087989102351662,-1.5386682745329845,-1.6440264409416832
4.708333333333333,1,56,-1.1659899901165036,-1.332114775197011,-0.7621464822501396,-0.7884111404959244,-0.03224549190873471,-0.19983582928333585,1.9344537326171796,1.8656183905427686,0.1675689326654017,0.1941651746179528,-0.9232971822546339,-0.5133645215616834,-1.9553349411996512,-1.6448755526783883
4.7125,1,56,-1.1682138094951524,-1.3291647161218452,-0.7560333740952649,-0.7832565846472532,-0.030174210746234633,-0.20334831984301277,1.9279633960312461,1.86667746865254,0.07872738641927322,0.19524829162047544,-1.0217190051621812,-0.5179622747368586,-1.5386682745329845,-1.645730642151476
4.716666666666667,1,56,-1.1624559986756537,-1.3261960556765446,-0.7489643016972501,-0.7780695271439453,-0.04635194148716734,-0.20688295814120256,1.931060367243153,1.8677432246977084,0.1716237326452583,0.19633823813378054,-0.9823789492334164,-0.5225890186903264,-1.9553349411996512,-1.6465911233253334
4.720833333333333,1,56,-1.1642340769269444,-1.3232108284326907,-0.742772663639537,-0.7728535229361126,-0.04453326882292,-0.21043732171337542,1.9257858906077998,1.868814928262316,0.09950625641979632,0.1974342671629722,-1.0597477929335006,-0.5272415824828929,-1.5386682745329845,-1.6474564064691464
4.725,1,56,-1.1582466733046115,-1.3202110803159202,-0.7355962475542489,-0.7676121468124942,-0.06052584532441962,-0.21400897457628354,1.9308005014529879,1.869891844854273,0.20158546930645527,0.19853562754450166,-0.9738694288169135,-0.5319167774797358,-1.9553349411996512,-1.6483258985610703
4.729166666666667,1,56,-1.1599545652050334,-1.3171988672037516,-0.7292959333763769,-0.7623489909504714,-0.05835808028090881,-0.2175954688974634,1.9265853464980303,1.8709732364087404,0.12821034724692865,0.19964156446097783,-1.0183246749992834,-0.5366113995357361,-1.5386682745329845,-1.649199003694657
4.733333333333333,1,56,-1.1538177607945264,-1.3141762535165893,-0.7222351734237683,-0.7570676624541739,-0.07400193725176472,-0.22119434667285515,1.931291286238555,1.8720583617939628,0.22416076561001916,0.20075131995848047,-0.9429222300172421,-0.5413222311914364,-1.9553349411996512,-1.6500751234872606
4.7375,1,56,-1.1556569716005327,-1.3111453108028712,-0.7159674573381819,-0.7517717808823435,-0.07132041155173137,-0.22480314141140023,1.9261286063670764,1.873146477319205,0.1287412056962231,0.20186413346602539,-0.9990124968305794,-0.5460460438781323,-1.5386682745329845,-1.6509536574901384
4.741666666666666,1,56,-1.149614687177434,-1.3081081163193344,-0.7090533760222588,-0.7464649757676746,-0.08622732474891676,-0.2284193798254482,1.9301071332197886,1.8742368372444385,0.20946807828716885,0.2029792423168207,-0.9365622841426239,-0.5507796001305677,-1.9553349411996512,-1.6518340035999688
4.745833333333334,1,56,-1.1514791243067048,-1.305066751607366,-0.7028286625695735,-0.7411508841293106,-0.08292858444829303,-0.23204058352582596,1.924569944177872,1.8753286942914353,0.10959246927751581,0.20409588227096134,-1.0047000498722443,-0.5555196558057349,-1.5386682745329845,-1.6527155584715023
4.75,1,56,-1.1449035741689348,-1.302023301066421,-0.6959824435619035,-0.735833147980218,-0.09823513518422541,-0.23566427072039886,1.928353551434776,1.8764213001559145,0.1969785293850259,0.2052132880391996,-0.9545810073753317,-0.5602629623062432,-1.9553349411996512,-1.6535977179310644
4.754166666666666,1,56,-1.1489599610934547,-1.2989798505254762,-0.6897860416919465,-0.7305154118311253,-0.09165143579233669,-0.23928795791497187,1.9227311865878243,1.8775139060203938,0.10546311005044941,0.2063306938074379,-1.0353328322055304,-0.5650062688067514,-1.5386682745329845,-1.6544798773906266
4.758333333333333,1,56,-1.1409749806006397,-1.2959384858135083,-0.6829657752296457,-0.7252013201927626,-0.11062756196716339,-0.2429091616153488,1.9275508786706368,1.8786057630673905,0.20001476020497064,0.20744733376157828,-0.9653570138101204,-0.5697463244819175,-1.9553349411996512,-1.65536143226216
4.7625,1,56,-1.1440005313973203,-1.292901291329971,-0.6767605018320761,-0.7198945150780924,-0.10699190114011198,-0.24652540002939755,1.9228249258881422,1.8796961229926241,0.1183464134852835,0.20856244261237386,-1.033536991679837,-0.5744798807343541,-1.5386682745329845,-1.6562417783719905
4.766666666666667,1,56,-1.1383828963567126,-1.2898703486162528,-0.6699353015907055,-0.7145986335062622,-0.12213650345896715,-0.25013419476794263,1.928294365200785,1.8807842385178664,0.21889187829877527,0.20967525611991877,-0.9553000790700958,-0.5792036934210498,-1.9553349411996512,-1.6571203123748683
4.770833333333333,1,56,-1.141107051318637,-1.2868477349290905,-0.6637007365155065,-0.7093173050099646,-0.11844708147942964,-0.2537330725433344,1.923947763013947,1.8818693639030888,0.14285253744907656,0.21078501161742141,-1.0203829279013705,-0.5839145250767501,-1.5386682745329845,-1.6579964321674718
4.775,1,56,-1.1354460390615964,-1.283835521816922,-0.6570802025160739,-0.7040541491479418,-0.13292144188000232,-0.25731956686451424,1.9284590127388663,1.8829507554575562,0.23989531292698446,0.2118909485338976,-0.975761704385701,-0.5886091471327506,-1.9553349411996512,-1.6588695373010587
4.779166666666667,1,56,-1.1382453040695972,-1.2808357737001514,-0.6509151440966211,-0.6988127730243234,-0.12871662453344493,-0.26089121972742235,1.9230416615988872,1.884027672049513,0.154054314314914,0.21299230891542703,-1.0697598636789931,-0.5932843421295934,-1.5386682745329845,-1.6597390293929826
4.783333333333333,1,56,-1.1327016692518894,-1.2778505464562975,-0.644249773286419,-0.6935967688164908,-0.14232455829562926,-0.2644455832995952,1.9277723246715541,1.8850993756141208,0.23793350626643148,0.21408833794461868,-1.0183522297524745,-0.59793690592216,-1.9553349411996512,-1.6606043125367955
4.7875,1,56,-1.1359296753874228,-1.274881886010997,-0.6380338277166482,-0.6884097113131826,-0.13672671094149813,-0.267980221597785,1.9227646757248236,1.8861651316592891,0.14991591597957282,0.2151782844579238,-1.1077130380865792,-0.6025636498756277,-1.5386682745329845,-1.661464793710653
4.791666666666667,1,56,-1.1307785642451724,-1.271931826935831,-0.6313789642244273,-0.6832551554645117,-0.14895773305135024,-0.2714927121574619,1.927577234816924,1.8872242097690606,0.22677906423990318,0.21626140146044642,-1.055755608711762,-0.6071614030508028,-1.9553349411996512,-1.6623198831837407
4.795833333333333,1,56,-1.1345714350321516,-1.2690023910539323,-0.6249914425802883,-0.6781366339455825,-0.14149683490320533,-0.2749806476930477,1.9241042524089829,1.8882758841042002,0.14138987294422806,0.2173369466378955,-1.1126464923049464,-0.61172701437732,-1.5386682745329845,-1.6631689949204458
4.8,1,56,-1.1254312922465932,-1.2660955860543246,-0.6183829694170715,-0.6730576547353677,-0.16048929431334477,-0.2784416377477533,1.930118128737402,1.8893194338996513,0.22189436942137353,0.21840418286533125,-1.0381449171710389,-0.6162573548132345,-1.9553349411996512,-1.6640115469819983
4.804166666666666,1,56,-1.1287799235736573,-1.2632134041159568,-0.6120242172023059,-0.6680216987125169,-0.15488319299891506,-0.2818733103318755,1.9274832585613744,1.8903541439585108,0.13572552296377896,0.2194623787123531,-1.079501664998723,-0.6207493194895071,-1.5386682745329845,-1.6648469619253017
4.808333333333334,1,56,-1.123076174632649,-1.260357820542361,-0.6053747127404568,-0.6630322172697358,-0.16838854354816865,-0.2852733135484417,1.9341698002369427,1.891379305142189,0.21719517866946902,0.22051080894438574,-0.9934332722664914,-0.625199829837928,-1.9553349411996512,-1.6656746671986837
4.8125,1,56,-1.1263273356161234,-1.2575307924078793,-0.5995369630144456,-0.6580926299483771,-0.16241955453646828,-0.2886393172050799,1.9285571854458947,1.8923942148564186,0.13328443308001045,0.22154875501971796,-1.0655658037228073,-0.6296058357010108,-1.5386682745329845,-1.6664940955342948
4.816666666666666,1,56,-1.1206629301478268,-1.254734257216382,-0.5934771129018056,-0.6532063220948517,-0.1751245495685128,-0.29196901441102013,1.932530945870176,1.8933981775327773,0.22011402595826832,0.22257550558195655,-1.0053903268802669,-0.6339643174224225,-1.9553349411996512,-1.6673046853368851
4.820833333333333,1,56,-1.1239006151451876,-1.251970131573399,-0.5870339771489946,-0.6483766425404862,-0.16843859705540515,-0.2952601231581195,1.9272682154756409,1.894390505105396,0.1443922333629232,0.22359035694755341,-1.095848325708813,-0.6382722879165026,-1.5386682745329845,-1.6681058810686937
4.825,1,56,-1.1134841189945686,-1.2492403098725744,-0.5805567204446829,-0.6436069013063982,-0.18892203472335745,-0.29851038788483797,1.931764896789383,1.8953705174825242,0.23800873246410884,0.2245926135880758,-1.052902673231714,-0.6425267947154629,-1.9553349411996512,-1.6688971336301868
4.829166666666667,1,56,-1.1165408499361573,-1.2465466629973454,-0.5733836240554969,-0.6389003673349776,-0.18360978123186253,-0.30171758102208485,1.9280167862416409,1.896337543012631,0.16624997085762647,0.22558158860688565,-1.1249986475138753,-0.6467249219928592,-1.5386682745329845,-1.6696779007363824
4.833333333333333,1,56,-1.110115916113255,-1.243891037038729,-0.5668721198533692,-0.6342602662495108,-0.1976918421924527,-0.3048795045198874,1.9331515948197384,1.8972909189447225,0.2561106957704616,0.22655660420990575,-1.0693052110626518,-0.6508637925619576,-1.9553349411996512,-1.6704476472885064
4.8375,1,56,-1.1136549188843385,-1.2412752520301054,-0.5597114842831613,-0.6296897781435027,-0.1908385065707885,-0.30799399135382255,1.9300310614889755,1.8982299918825571,0.18683827537550446,0.2275169921701451,-1.132452480128106,-0.6549405698476121,-1.5386682745329845,-1.6712058457407217
4.841666666666667,1,56,-1.103668185893611,-1.238701100699859,-0.5532833299212944,-0.6251920354012019,-0.21044519302586326,-0.311058907010185,1.936775658224028,1.8991541182324503,0.27118536426682316,0.22846209428566774,-1.0394729312791802,-0.6589524598303087,-1.9553349411996512,-1.6719519764616817
4.845833333333333,1,56,-1.1081833544616289,-1.2361703472427292,-0.5464745591623901,-0.6207701205508158,-0.20313425971192214,-0.31407215094888064,1.9319016362496118,1.9000626646443637,0.17921257339925337,0.2293912628306929,-1.0778028294998259,-0.662896712961053,-1.5386682745329845,-1.6726855280906603
4.85,1,56,-1.0985678266622212,-1.233684726110722,-0.5407291323483142,-0.6164270641519034,-0.22330284995696265,-0.31703165804302863,1.9358841732274736,1.900955008445969,0.25036465964969495,0.23030386099951267,-0.9997634729616357,-0.6667706260457685,-1.9553349411996512,-1.6734059978880131
4.854166666666667,1,56,-1.1030321832898062,-1.2312459408244008,-0.5343083607618135,-0.6121658427183791,-0.21749814229562317,-0.31993539999429804,1.9297613649173184,1.9018305380693987,0.14942273593894329,0.23119926334292779,-1.0806880166475425,-0.6705715440979344,-1.5386682745329845,-1.6741128920797292
4.858333333333333,1,56,-1.0983169618153863,-1.228855662805382,-0.5279729531752845,-0.6079893766785625,-0.23020144219950125,-0.3227813867229993,1.9332200523917311,1.902688653470382,0.22101085732180722,0.23207685619689794,-1.035618776314964,-0.674296862158176,-1.9553349411996512,-1.6748057261958396
4.8625,1,56,-1.1041594271832555,-1.226515530230822,-0.5208356283524496,-0.603900528373657,-0.22108489218263105,-0.32556766773198936,1.9284794249034063,1.903528766539487,0.12932710781178755,0.23293603810311797,-1.1104324878696274,-0.6779440270795793,-1.5386682745329845,-1.6754840254024488
4.866666666666666,1,56,-1.095086601820572,-1.2242271469106956,-0.5148774352799106,-0.5999021000960485,-0.24068097262386617,-0.32829233344344266,1.9326716120798078,1.9043503015051813,0.20774922027089254,0.23377622022122646,-1.062677063557774,-0.6815105392774876,-1.9553349411996512,-1.6761473248271626
4.870833333333334,1,56,-1.1010762795536333,-1.2219920811886222,-0.5080350179309332,-0.5959968321687517,-0.23235693971536742,-0.33095351650758115,1.928906092054513,1.9051526953284355,0.13588455706791303,0.2345968267323679,-1.135730312043988,-0.6849939544425923,-1.5386682745329845,-1.676795169877688
4.875,1,56,-1.0918482475775453,-1.2198118648670053,-0.5022715562519877,-0.592187401067333,-0.2530319209182462,-0.3335493930824605,1.9349813522562083,1.9059353980886033,0.22841181748893374,0.23539729523382935,-1.053685683090326,-0.6883918852161377,-1.9553349411996512,-1.6774271165533874
4.879166666666666,1,56,-1.0982400944240238,-1.2176879921572064,-0.49561060319607114,-0.5884764175855832,-0.24505972147528546,-0.3360781840839439,1.9324312312332312,1.9066978733603102,0.1587882221151781,0.23617707712448438,-1.1013618547956041,-0.6917020028261034,-1.5386682745329845,-1.6780427317495763
4.883333333333333,1,56,-1.0894596616055874,-1.215621918655491,-0.4903170511470061,-0.5848664250462131,-0.2658737998217087,-0.3385381564049948,1.9386254521164743,1.9074395985810915,0.2566097575917578,0.23693563798077616,-1.0325901194080014,-0.6949220386832232,-1.9553349411996512,-1.6786415935543497
4.8875,1,56,-1.0972478975347788,-1.2136150603454345,-0.4840338764148887,-0.581359897557785,-0.2569944553098974,-0.3409276241034633,1.9354747807468793,1.9081600654095308,0.1864524529969363,0.23767245792298486,-1.0922618549982641,-0.6980497859357659,-1.5386682745329845,-1.6792232915377403
4.891666666666667,1,56,-1.0856002777047724,-1.2116687926274785,-0.47856381687959665,-0.5779592383190862,-0.2818565021842674,-0.34324494955754425,1.941781117831106,1.908858780073652,0.2774694642155683,0.23838703197152677,-1.0336559984514242,-0.7010831009819978,-1.9553349411996512,-1.679787427033007
4.895833333333333,1,56,-1.0910106049595927,-1.2097844493762981,-0.4719782287198031,-0.5746667779720914,-0.27663240106459064,-0.3454885445881251,1.938404101634802,1.9095352637093257,0.1911908369205092,0.23907887039304299,-1.101409573126522,-0.7040199049393041,-1.5386682745329845,-1.6803336134098603
4.9,1,56,-1.0877254268346437,-1.2079633220266321,-0.4666375102556492,-0.5714847730046597,-0.2887730252947024,-0.34765687154724234,1.943321798220579,1.9101890526884595,0.26214305514953146,0.2397474990360376,-1.04970937498174,-0.7068581850689498,-1.9553349411996512,-1.6808614763394403
4.904166666666667,1,56,-1.097232107147187,-1.2062066586881999,-0.46028809238207485,-0.5684154042040523,-0.27631862478191027,-0.34974844437190766,1.9392670015932987,1.910819698936744,0.17284410561986663,0.2403924596558371,-1.1214520651360325,-0.7095959961555081,-1.5386682745329845,-1.6813706540508622
4.908333333333333,1,56,-1.0867023512681566,-1.2045156632903053,-0.45498861412003855,-0.5654607751623264,-0.29808557703123456,-0.35176182960258384,1.9442786335796087,1.9114267702407428,0.24346386217911536,0.24101331022864947,-1.0742082948122385,-0.7122314618400176,-1.9553349411996512,-1.6818607975791566
4.9125,1,56,-1.0942081593277013,-1.2028914947567275,-0.4484953376815919,-0.5626229108346398,-0.28836286340385503,-0.35369564736560466,1.9404097098151079,1.9120098505441077,0.1569232844338885,0.24160962525450413,-1.1488145284451088,-0.7147627759059427,-1.5386682745329845,-1.6823315710044326
4.916666666666667,1,56,-1.08141417687072,-1.2013352662114496,-0.4430064091581954,-0.5599037561514477,-0.3129883072620429,-0.35554857231887216,1.9466753383819846,1.9125685402327242,0.2360731342483936,0.24218099604886922,-1.070110392675836,-0.7171882035170649,-1.9553349411996512,-1.6827826516821003
4.920833333333333,1,56,-1.087659316587903,-1.1998480442157822,-0.43631365477511397,-0.5573051746855466,-0.30454479004175555,-0.357319334560178,1.9438796461569672,1.913102456408587,0.15722231285210242,0.24272703102274257,-1.1199738551812,-0.7195060824064514,-1.5386682745329845,-1.683213730463995
4.925,1,56,-1.0783995331111238,-1.1984308480373922,-0.4314537264714647,-0.5548289473748703,-0.3247153292871871,-0.3590067204975342,1.9493538441268665,1.9136112331522188,0.24374621075394248,0.24324735595102825,-1.0539564756943778,-0.7217148240156925,-1.9553349411996512,-1.6836245119102522
4.929166666666666,1,56,-1.088555547402056,-1.19708464895175,-0.4252521763106045,-0.5524767713019274,-0.3115064279584575,-0.36060957368090596,1.945669086669885,1.9140945217734535,0.16771962607162214,0.24374161422901125,-1.1140372998942067,-0.7238129145836185,-1.5386682745329845,-1.684014714491788
4.933333333333334,1,56,-1.0784011288328104,-1.195810369576464,-0.4203978176880226,-0.5502502585307039,-0.33249068955263283,-0.3621267955947861,1.9510671506020254,1.9145519910504112,0.2593523731058984,0.2442094671167567,-1.0552057577129188,-0.7257989161837565,-1.9553349411996512,-1.684384070783244
4.9375,1,56,-1.0885947939826934,-1.1946088832389674,-0.41416533392306615,-0.5481509350018374,-0.31891824933441804,-0.363557346411061,1.9471945266472506,1.9149833274565,0.18752806631768495,0.2446505939712649,-1.1203918299438107,-0.7276714677098117,-1.5386682745329845,-1.6847323276462678
4.941666666666666,1,56,-1.0784331660295317,-1.1934810133779796,-0.40928570613262855,-0.5461802394868105,-0.33924466162008965,-0.36490024570165924,1.952315019260487,1.9153882353752933,0.27224572942290304,0.24506469246622464,-1.0652739877571182,-0.7294292858085047,-1.9553349411996512,-1.6850592464030012
4.945833333333333,1,56,-1.0893667508709985,-1.1924275329791654,-0.4029266519960802,-0.544339522601891,-0.3242246855920631,-0.3661545731104863,1.947944988186419,1.9157664373031293,0.18611908414302347,0.2454514787992122,-1.1320265618893923,-0.7310711657591157,-1.5386682745329845,-1.6853646029996583
4.95,1,56,-1.0795147784708157,-1.191449164045367,-0.39787436776371027,-0.5426300458824852,-0.34329617664760675,-0.3673194689841916,1.9536868989258604,1.916117674039298,0.25738218767614346,0.24581068788619537,-1.044931546591826,-0.7325959822991406,-1.9553349411996512,-1.6856481881600809
4.954166666666667,1,56,-1.0910345101852879,-1.190546577101782,-0.39145059697836765,-0.5410529809185474,-0.32675608299209713,-0.36839413496133044,1.9500312096416828,1.916441704863685,0.1660571586312988,0.24614207354320872,-1.0844325693562145,-0.7340026903954884,-1.5386682745329845,-1.685909807529165
4.958333333333333,1,56,-1.0808285010123337,-1.1897203907364156,-0.3865649339205292,-0.5396094085516272,-0.34589846650710027,-0.3693778345195232,1.9555537624566213,1.916738307701749,0.24743842466853505,0.24644540865507605,-1.0069200990678793,-0.7352903259606969,-1.9553349411996512,-1.6861492818060635
4.9625,1,56,-1.0924985721620888,-1.1889711711761335,-0.3804223545819163,-0.5383003181341164,-0.32908323086166336,-0.3702698934802298,1.9504006424930713,1.917007279276721,0.15631476576514514,0.24672048533106372,-1.0874831541785794,-0.736458006513669,-1.5386682745329845,-1.6863664468670692
4.966666666666667,1,56,-1.0816013882012845,-1.1882994318985987,-0.3758094179629789,-0.5371266068511976,-0.34875092499958266,-0.3710697004707975,1.9547956703782834,1.917248435248918,0.23905929519203525,0.24696711504735824,-1.040920549675223,-0.7375049317844796,-1.9553349411996512,-1.6865611538780965
4.970833333333333,1,56,-1.0934342493177738,-1.1877056332803575,-0.3698127269642996,-0.5360890791059554,-0.3311026680685195,-0.37177670734346646,1.9501048471046818,1.9174616103420834,0.15541968828123068,0.24718512877627158,-1.110981244742281,-0.7384303842628439,-1.5386682745329845,-1.6867332693966859
4.975,1,56,-1.082208589848386,-1.1871901822813218,-0.3654072730967152,-0.5351884459680807,-0.35054646741088996,-0.37239042955104185,1.954707581689636,1.9176466584566565,0.240555732556214,0.247374377102084,-1.0546488736280408,-0.7392337296898606,-1.9553349411996512,-1.6868826754634587
4.979166666666667,1,56,-1.0944516100734913,-1.186753432165859,-0.35961260500712305,-0.5344253246865385,-0.3317788170646057,-0.37291044647897886,1.950283702314231,1.9178034527699026,0.16186296757829818,0.24753473032344608,-1.1151767849413488,-0.7399144174927017,-1.5386682745329845,-1.6870092696829595
4.983333333333333,1,56,-1.0838561569844876,-1.1863956822606825,-0.3553753344750175,-0.5338002382665366,-0.34952087887065436,-0.3733364017336503,1.9550731399732721,1.917931885822832,0.2497812513612167,0.24766607854226974,-1.049511736019554,-0.7404719811619486,-1.9553349411996512,-1.687112965293834
4.9875,1,56,-1.0973979201894042,-1.186117177749707,-0.34981387130913383,-0.5333136151110834,-0.32835720946081504,-0.3736680033866016,1.9507016448586338,1.9180318695938452,0.17249470795202446,0.24776833173904678,-1.1008899768002893,-0.740906038571313,-1.5386682745329845,-1.6871936912282897
4.991666666666666,1,56,-1.087374977659709,-1.1859181095060127,-0.34586884847331123,-0.5329657887273824,-0.3445200681461017,-0.37390502417462385,1.9553981732418733,1.91810333555906,0.2534697997252705,0.24784141983454383,-1.0264597396469746,-0.7412162922395283,-1.9553349411996512,-1.6872513921608039
4.995833333333334,1,56,-1.1020193467951072,-1.18579861396103,-0.3407807741130315,-0.5327569974982624,-0.32158821841751634,-0.37404730165550826,1.9496362445920792,1.9181462347392735,0.16459627107441563,0.24788529273783105,-1.10202230288059,-0.7414025295342279,-1.5386682745329845,-1.6872860285460396
