time,triggered,bits_used,q0_real,q0_target,q1_real,q1_target,q2_real,q2_target,q3_real,q3_target,q4_real,q4_target,q5_real,q5_target,q6_real,q6_target
0.0,0,0,0.0,0.0,0.0,0.0,0.0,0.0,0.0,0.0,0.0,0.0,0.0,0.0,0.0,0.0
0.004166666666666667,0,0,-3.479932281456557e-08,-1.821589401849405e-16,-2.1066521989981656e-07,0.0001019170744153826,5.188977436770354e-08,-1.3454697245345574e-16,-4.103488711094138e-07,8.385526276473769e-05,7.665383756683999e-08,-5.445736523118677e-16,-1.7475610407846952e-07,-0.00015214578397362304,-9.374428911779278e-08,-2.809944060909777e-16
0.008333333333333333,1,56,2.3012966509979613e-06,-7.286045487428889e-16,1.3913042705334629e-05,0.0004076508346953716,-1.9279899419065036e-05,-5.381648358825735e-16,-5.616367509249468e-05,0.00033540668289125863,-4.3613527926055875e-05,-2.178201299354935e-15,-0.002557226731390644,-0.0006085570664974655,6.0915838997791355e-05,-1.1239294774186369e-15
0.0125,1,56,9.215160221751275e-05,-1.6392431950320759e-15,0.0005623857512431689,0.0009171488949341472,6.451867577631591e-05,-1.2107844324443939e-15,0.002166358205006666,0.0007546111583387822,0.00030772244518375327,-4.900603027442259e-15,0.018771499231295494,-0.0013691556438480018,-0.000674415937235324,-2.5286607813981745e-15
0.016666666666666666,1,56,-0.00016384197441068917,-2.9139188458083714e-15,-0.0009811659257667918,0.0016303239552619522,-0.00046799807402294474,-2.1522905122336506e-15,-0.00572418386215846,0.0013413968605784793,-0.0015534846545691998,-8.71131236705249e-15,-0.08685641083940412,-0.0024338111913745175,0.004303979279981911,-4.494947624552124e-15
0.020833333333333332,1,56,0.00025675495971653193,-4.552413091961036e-15,0.0016405811151162788,0.002547053816803619,-0.0004184653979679487,-3.362521753030438e-15,0.0032619519901972986,0.0020956632469010398,0.029622003341277046,-1.3609676372757788e-14,-0.059087110730002806,-0.003802341285829783,-0.41236268738668475,-7.022453093752341e-15
0.025,1,56,0.00010647405074902739,-6.5544451859360205e-15,0.0009500206341888754,0.0036671814026167323,0.03357887249457056,-4.84127078794196e-15,-0.00828779647807047,0.0030172810776441577,-0.30349392596443636,-1.9594855735102734e-14,-0.18343960721019023,-0.005474511436627355,0.004303979279981916,-1.011074411394837e-14
0.029166666666666667,1,56,0.021449817801491473,-8.919672089840438e-15,0.004469092778954784,0.004990514784605854,-0.04540508649212232,-6.5882842409336515e-15,0.0014202613747438166,0.004106092438337004,-0.2665149451981494,-2.666582492441516e-14,-0.17549519318928883,-0.007450035126020192,-0.41236268738668475,-1.375929152237235e-14
0.03333333333333333,1,56,0.0018977329325795505,-1.1647688534220897e-14,0.0041243742392405676,0.006516827216408727,-0.03652713282663509,-8.603262770244268e-15,-0.007851100618181103,0.0053619107667583115,-0.5377736756724187,-3.482137236652704e-14,-0.3148980664408761,-0.009728573858194449,0.004303979279981916,-1.7967470159209198e-14
0.0375,1,56,0.0118539206971966,-1.4738027087502948e-14,0.0066223126620474845,0.008245857172247321,-0.20744886056586437,-1.0885861119675526e-14,-0.00010361020740154355,0.006784520884902211,-0.2087018023713361,-4.406010065036732e-14,-0.3369005723521396,-0.012309737217267839,-0.41236268738668475,-2.2734558974712374e-14
0.041666666666666664,1,56,-0.028543984975036425,-1.819015823608502e-14,0.008787663512698817,0.010177308391740011,-0.2301400338829,-1.3435688177751416e-14,0.007154531506931792,0.008373679035848774,-0.2722163126637097,-5.438042676740696e-14,-0.28321576932140746,-0.015193082934187009,0.004303979279981916,-2.8059741152755037e-14
0.04583333333333333,1,56,-0.0795174035211052,-2.20034904750661e-14,0.006846872617480988,0.012310849930663293,-0.21962980215607097,-1.625230704473184e-14,0.0015601405583812401,0.010129112925529692,-0.1427722924636396,-6.578058238289401e-14,-0.3860497536179227,-0.018378116962506595,-0.41236268738668475,-3.394210425078459e-14
0.05,1,56,-0.10136169434532658,-2.6177370409598388e-14,0.008905900793381195,0.014646116217658123,-0.2027905582809107,-1.933523510747413e-14,0.005901193101992065,0.01205052176938509,-0.356304784072407,-7.825861413885269e-14,-0.3929480749117857,-0.021864293563042664,0.004303979279981916,-4.038064035616708e-14
0.05416666666666667,1,56,-0.09099684441797821,-3.0711082866842295e-14,0.013287622603817117,0.017182707116868208,-0.27711986852073367,-2.268394412212569e-14,0.023619620757780305,0.014137576343901012,-0.27516957799323094,-9.181238398877873e-14,-0.2430005659473586,-0.025651015397381603,-0.41236268738668475,-4.7374246258886526e-14
0.058333333333333334,1,56,-0.1434987719126614,-3.560385101850772e-14,0.012232776914303864,0.01992018799650128,-0.19883311359550887,-2.6297860304635942e-14,0.01833631618491449,0.016389919043020226,-0.5470634825928328,-1.0643956956398281e-13,-0.29491015240919977,-0.029737633630231054,0.004303979279981916,-5.4921723640574423e-14
0.0625,1,56,-0.15746545073026644,-4.0854836513960125e-14,0.013631439044099011,0.022858089803301323,-0.22743939669363247,-3.017636442907166e-14,0.024773765188325126,0.018807163939416425,-0.4939275667451179,-1.2213766457151825e-13,-0.2682644267135734,-0.034123448040594966,-0.41236268738668475,-6.302177927983627e-14
0.06666666666666667,1,56,-0.17624820662737017,-4.646313962386663e-14,0.012256889831370037,0.025995909142917883,-0.21957926298205593,-3.431879193371742e-14,0.01778251678972661,0.021388896850620443,-0.642075189936069,-1.3890397922361833e-13,-0.4121183029064872,-0.03880770714175203,0.004303979279981916,-7.167302527383686e-14
0.07083333333333333,1,56,-0.16599661417706288,-5.242779939436155e-14,0.014219073823219325,0.029333108366160984,-0.34580764482285786,-3.872443303494602e-14,0.024110947989574475,0.024134675409989016,-0.3164993483949499,-1.567356406985824e-13,-0.46332204602737215,-0.043789608310020385,-0.41236268738668475,-8.087397927611279e-14
0.075,1,56,-0.20457436912983526,-5.874779381169888e-14,0.016551266502474328,0.032869115661123396,-0.3161771536033126,-4.339253284883471e-14,0.03334638882266791,0.027044029142501074,-0.3537336590847402,-1.7562959363301288e-13,-0.46494044014366376,-0.04906829792228134,0.004303979279981916,-9.062306475056163e-14
0.07916666666666666,1,56,-0.21047927780754264,-6.542203997737066e-14,0.021777315675278238,0.03660332515115856,-0.35767069226759257,-4.8322291520511813e-14,0.057561538633982515,0.030116459545371954,-0.15017406739056208,-1.9558260064534088e-13,-0.2369819394310092,-0.05464287150224461,-0.41236268738668475,-1.009186112415758e-13
0.08333333333333333,1,56,-0.24904191439016354,-7.244939429365572e-14,0.024033802200547284,0.04053509699869424,-0.2578306586760702,-5.3512864361207606e-14,0.06513222452095994,0.03335144017346915,-0.3586622056610747,-2.165912428905339e-13,-0.1859289367787376,-0.060512373875425456,0.004303979279981916,-1.1175885466026605e-13
0.0875,1,56,-0.2459981585770522,-7.982865265956893e-14,0.023000231201808132,0.04466375751486519,-0.25747915906633984,-5.896336199298696e-14,0.06272604380784116,0.03674841672951576,-0.2624091385677197,-2.3865192064589604e-13,-0.25844675648430193,-0.06667579933280851,-0.41236268738668475,-1.2314193758672833e-13
0.09166666666666666,1,56,-0.24798664095332695,-8.755855067717758e-14,0.024031288378986274,0.048988599274946254,-0.2313168323986116,-6.467285050113978e-14,0.0642626400570012,0.0403068071590665,-0.41176329708793324,-2.6176085392786196e-13,-0.2861062556948455,-0.0731320918031709,0.004303979279981916,-1.3506590958830313e-13
0.09583333333333333,1,56,-0.2326839960923523,-9.563776386825011e-14,0.02768309032515351,0.05350888123956626,-0.3183611092349046,-7.06403515942028e-14,0.08217627252161486,0.044026001750239976,-0.12876435028518507,-2.859140831396793e-13,-0.1277442833917533,-0.079880145034035,-0.41236268738668475,-1.4752872755377295e-13
0.1,1,56,-0.27684087759827347,-1.0406490790119823e-13,0.029095466336769658,0.05822382888168108,-0.233061336621874,-7.686484277158455e-14,0.0813498565410025,0.047905363238189475,-0.3016659654725351,-3.1110746974986393e-13,-0.22145144886213142,-0.08691880278121883,0.004303979279981916,-1.605282560434383e-13
0.10416666666666667,1,56,-0.27990041579589525,-1.1283853882827458e-13,0.03377244253358784,0.06313263431928468,-0.24153841173747112,-8.334525749876532e-14,0.099204313843054,0.05194422691429491,-0.1708519512078382,-3.3733669700131525e-13,-0.1221900278554024,-0.09424685900695227,-0.41236268738668475,-1.7406226765501372e-13
0.10833333333333334,1,56,-0.28550045001635116,-1.2195715333298697e-13,0.03610528397523029,0.06823445645383609,-0.1733126645309094,-9.008048539004314e-14,0.09614455760573094,0.05614190074005764,-0.4600475130025723,-3.6459727065097315e-13,-0.27118032776607576,-0.10186305808652625,0.004303979279981916,-1.8812844340528337e-13
0.1125,1,56,-0.2608580809148765,-1.3141918898768266e-13,0.03898753458027868,0.07352842111437681,-0.1971642535475163,-9.706937239879181e-14,0.10115218040558464,0.0604976654656773,-0.4187017903915199,-3.928845197398803e-13,-0.3678721725875581,-0.10976609502343673,-0.41236268738668475,-2.0272437312744522e-13
0.11666666666666667,1,56,-0.2608757179885913,-1.4122302452126294e-13,0.04300558981602435,0.07901362120731564,-0.14763186764180383,-1.043107210152013e-13,0.107528559753809,0.06501077475329167,-0.6335862156126378,-4.2219359739352854e-13,-0.4483469049941117,-0.11795461567298951,0.004303979279981916,-2.178475558840814e-13
0.12083333333333333,1,56,-0.236252504053272,-1.5136698009697928e-13,0.04692782560705558,0.08468911687185447,-0.19089662700955054,-1.1180329047146464e-13,0.11902895222317751,0.06968045530485784,-0.5439627795030506,-4.5251948165234504e-13,-0.3760455789610589,-0.1264272169743258,-0.41236268738668475,-2.3349540039568075e-13
0.125,1,56,-0.24052735098827754,-1.6184931760026517e-13,0.047223227853987026,0.0905539356410288,-0.18428905236647128,-1.1954579695437746e-13,0.11382645344724367,0.07450590699465291,-0.6396920902294815,-4.838569763321806e-13,-0.5522223651310179,-0.13518244719082984,0.004303979279981916,-2.4966522548464176e-13
0.12916666666666665,1,56,-0.2314865549683784,-1.7266824093655245e-13,0.048053621441910103,0.0966070726083346,-0.30435623758350017,-1.2753691382531234e-13,0.11319700083376709,0.07948630300637129,-0.23068213204853866,-5.162007119146471e-13,-0.684071498565234,-0.1442188061588759,-0.41236268738668475,-2.6635426053467764e-13
0.13333333333333333,1,56,-0.2626297138379909,-1.8382189633902367e-13,0.05544453572769053,0.1028474905999143,-0.27295574154201163,-1.3577527184753196e-13,0.13082410682355178,0.0846207899747956,-0.1913189115391201,-5.495451464671594e-13,-0.8235969551209249,-0.1535347455448743,0.004303979279981916,-2.835596459655484e-13
0.1375,1,56,-0.2576940842039524,-1.953083726862446e-13,0.06739357852429685,0.1092741203522707,-0.250313384415368,-1.4425945942080033e-13,0.16677811069213627,0.08990848813201613,-0.16514849976680526,-5.838845665925139e-13,-0.681747728820866,-0.16312866911056978,-0.41236268738668475,-3.012784337230336e-13
0.14166666666666666,1,56,-0.24199565676123014,-2.0712570182962556e-13,0.07878815038784619,0.11588586069548003,-0.2212054281120406,-1.5298802282325332e-13,0.1992028999653696,0.09534849145817473,-0.2920751472150502,-6.192130884078514e-13,-0.5500978786707198,-0.17299893298654878,0.004303979279981916,-3.1950758778406746e-13
0.14583333333333334,1,56,-0.23004263050667595,-2.1927185893065409e-13,0.08228515946404567,0.12268157874187208,-0.23959381643997088,-1.619594664604871e-13,0.20464013836768344,0.1009398678367069,-0.17250991185805598,-6.555246585528322e-13,-0.7073336861436331,-0.18314384595390884,-0.41236268738668475,-3.3824398467694633e-13
0.15,1,56,-0.24068055147090092,-2.3174476280783887e-13,0.088939722818626,0.12966011008014372,-0.1778366143018049,-1.7117225312181904e-13,0.21529020560799284,0.10668165921405437,-0.32812831116057184,-6.928130552268425e-13,-0.8782862942662955,-0.19356166973403868,0.004303979279981916,-3.574844140165168e-13
0.15416666666666667,1,56,-0.22597676001825445,-2.4454227629331177e-13,0.1005322532124035,0.13682025897487599,-0.18953793823857856,-1.8062480424368268e-13,0.25430479534267747,0.11257288176382371,-0.25283053492522534,-7.31071889255075e-13,-0.5154377909996675,-0.2042506192864651,-0.41236268738668475,-3.772255790542624e-13
0.15833333333333333,1,56,-0.22243255595690417,-2.576622065990186e-13,0.106870422811197,0.14416079857141623,-0.1579288345333916,-1.9031550018010502e-13,0.27346597188911675,0.118612526055359,-0.3148889987990286,-7.702946051832752e-13,-0.3405239353386307,-0.21520886311470896,0.004303979279981916,-3.9746409724318135e-13
0.1625,1,56,-0.21342641657034525,-2.7110230569244305e-13,0.1056013787304946,0.15168047110609367,-0.16490361102445605,-2.0024268048022506e-13,0.2656334304633296,0.12479955722670301,-0.1333261937522978,-8.104744824009877e-13,-0.48189978739871436,-0.22643452358010338,-0.41236268738668475,-4.1819650081737e-13
0.16666666666666666,1,56,-0.207573147613188,-2.8486027068179536e-13,0.11469576327045439,0.15937798812173107,-0.11126314921342112,-2.1040464417280385e-13,0.28784488680121056,0.13113291516191555,-0.31890869646486536,-8.516046362930985e-13,-0.3825149807157837,-0.2379256772235177,0.004303979279981916,-4.39419237386207e-13
0.17083333333333334,1,56,-0.1930303277491465,-2.9893374421060087e-13,0.11583700595184332,0.16725203068841463,-0.10383423967906782,-2.2079965005767656e-13,0.2830850390110509,0.13761151467271868,-0.241984261351078,-8.936780194194767e-13,-0.5989142052795697,-0.24968035509493172,-0.41236268738668475,-4.611286705430362e-13
0.175,1,56,-0.18075307117708292,-3.133203148616206e-13,0.12558488184644773,0.17530124962948615,-0.07780536374328674,-2.3142591700409827e-13,0.3063182371393822,0.14423424568443793,-0.40438847350519486,-9.366874227225172e-13,-0.5645343850413354,-0.26169654309080514,0.004303979279981916,-4.83321080488246e-13
0.17916666666666667,1,56,-0.19034352548077418,-3.2801751757003603e-13,0.12959731165779145,0.18352426575271769,-0.10286636752216627,-2.4228162425593214e-13,0.3133202789725867,0.15099997342620858,-0.19449462035786913,-9.806254767623778e-13,-0.6971192057001706,-0.2739721822991847,-0.41236268738668475,-5.059926646666399e-13
0.18333333333333332,1,56,-0.18477358555802087,-3.4302283404582443e-13,0.1349108959635996,0.19191967008662875,-0.07378690068984002,-2.533649117436258e-13,0.3176868441414741,0.15790753862541207,-0.3326355603196653,-1.0254846529796926e-12,-0.9098339006794119,-0.2865051693524871,0.004303979279981916,-5.291395384189825e-13
0.1875,1,56,-0.18016741783647888,-3.583336932052552e-13,0.1460987396130045,0.20048602412190628,-0.09236695136766522,-2.646738804029251e-13,0.35200470417290985,0.1649557577063117,-0.24540415286015022,-1.0712572649855518e-12,-0.6242360737718923,-0.29929335678790076,-0.41236268738668475,-5.527577356476163e-13
0.19166666666666665,1,56,-0.17655983159003003,-3.739474716114317e-13,0.1538256775486875,0.209221860057886,-0.06415138002073215,-2.7620659250026893e-13,0.36878824707769897,0.1721434229928523,-0.48989298902668194,-1.1179354698785262e-12,-0.5346127931016244,-0.31233455341534216,0.004303979279981916,-5.768432094960332e-13
0.19583333333333333,1,56,-0.181681836954527,-3.8986149392380433e-13,0.15789403191477333,0.2181256810540527,-0.08772969222063573,-2.8796107196481017e-13,0.37759806388534517,0.1794693029155893,-0.3601761874584911,-1.1655112695885084e-12,-0.5128559050805607,-0.3256265246929058,-0.41236268738668475,-6.013918330422818e-13
0.2,1,56,-0.17380095322348713,-4.060730333565752e-13,0.15753522027794895,0.22719596148651544,-0.0631246238297139,-2.9993530472700464e-13,0.3602773525716105,0.18693214222271157,-0.5886776766748409,-1.2139765122471376e-12,-0.8570222082118921,-0.3391669931097403,0.004303979279981916,-6.263994000060937e-13
0.20416666666666666,1,56,-0.18758063136640837,-4.2257931214591996e-13,0.1563811649039798,0.23643114720941621,-0.10116901551488919,-3.1212723906371217e-13,0.3462704174592294,0.19453066219512274,-0.35710210409433163,-1.2633228935845853e-12,-1.2233130032095043,-0.3529536385762891,-0.41236268738668475,-6.518616254696094e-13
0.20833333333333334,1,56,-0.18817107122251595,-4.393775020259425e-13,0.17371363582769705,0.24582965582122424,-0.11778518716619822,-3.2453478594974834e-13,0.39497087731960284,0.20226356086554276,-0.2584163497572104,-1.3135419583524445e-12,-1.0881065279356532,-0.36698409882182526,0.004303979279981916,-6.777741466115755e-13
0.2125,1,56,-0.1808773639539816,-4.564647247132841e-13,0.19458808160107097,0.25538987693587245,-0.11399674372493243,-3.3715581941582845e-13,0.455862642493227,0.21012951324159349,-0.211092179556813,-1.3646251017724956e-12,-0.7892123798092823,-0.38125596979921467,-0.41236268738668475,-7.041325234548921e-13
0.21666666666666667,1,56,-0.17387711908708198,-4.73838052400303e-13,0.21105757709489054,0.26511017245868923,-0.0916165528659645,-3.4998817691284155e-13,0.5001611397646335,0.2181271715328295,-0.29823241159968605,-1.4165635710110914e-12,-0.652654753010296,-0.39576680609683745,0.004303979279981916,-7.309322396273811e-13
0.22083333333333333,1,56,-0.17064229957083027,-4.914945082567372e-13,0.22001119487790444,0.27498887686707646,-0.09049249489149441,-3.6302965968239107e-13,0.5163674027015429,0.2262551653816743,-0.1833275894461382,-1.4693484666789053e-12,-0.9125171663075405,-0.41051412135759535,-0.41236268738668475,-7.581687031356403e-13
0.225,1,56,-0.1569017460853083,-5.094310669397724e-13,0.23559675638209715,0.2850242974958901,-0.07624742483345397,-3.76278033133543e-13,0.5586802174912274,0.23451210209822534,-0.26068306000777547,-1.5229707443558051e-12,-0.7345087652496907,-0.4254953887049385,0.004303979279981916,-7.858372471518627e-13
0.22916666666666666,1,56,-0.15271239641864087,-5.276446551124151e-13,0.24369852031646574,0.29521471482746736,-0.07890057412008121,-3.8973102722570865e-13,0.5731061241744427,0.24289656689888267,-0.14842153836197916,-1.5774212161405564e-12,-0.9742344814797933,-0.44070804117583023,-0.41236268738668475,-8.139331308134681e-13
0.23333333333333334,1,56,-0.1422166821889505,-5.461321519700967e-13,0.2581232318472505,0.3055583827862594,-0.06566183498783405,-4.033863368576071e-13,0.6111994126349045,0.25140712314876645,-0.21411089533073188,-1.6326905522251333e-12,-0.7967154004597579,-0.4561494721605851,0.004303979279981916,-8.424515400354301e-13
0.2375,1,56,-0.1514779816429609,-5.648903897754038e-13,0.27314041947940854,0.31605352903801043,-0.0795308913931231,-4.1724162226223016e-13,0.6591177861900009,0.2600423126078754,0.013785958513286503,-1.6887692824933232e-12,-0.4925520190935617,-0.47181703584949614,-0.41236268738668475,-8.713875883351409e-13
0.24166666666666667,1,56,-0.14448542333282327,-5.83916154400856e-13,0.28041537576196585,0.3266983552934394,-0.06352180323862353,-4.3129450940775103e-13,0.6686527870573831,0.2688006556809498,-0.18166009463202973,-1.7456477981433886e-12,-0.5302499179783886,-0.48770804768618203,0.004303979279981916,-9.007363176696875e-13
0.24583333333333332,1,56,-0.1473489081474183,-6.032061858796302e-13,0.28340707558508205,0.33749103761636734,-0.061815326292150426,-4.45542590404302e-13,0.668043444862243,0.2776806516709923,-0.13583580725243433,-1.8033163533344852e-12,-0.625990899832399,-0.5038197848275722,-0.41236268738668475,-9.304926992853868e-13
0.25,1,56,-0.13608053858033162,-6.227571789641376e-13,0.2884515446339943,0.3484297267362391,-0.047757348005832395,-4.599834239165536e-13,0.6706827088694981,0.28668077903640443,-0.34913647985468665,-1.86176506685656e-12,-0.635326594792136,-0.5201494866104506,0.004303979279981916,-9.606516345794348e-13
0.25416666666666665,1,56,-0.1430482618437598,-6.425657836923619e-13,0.2913785690959216,0.35951254836498636,-0.057293922334219545,-4.746145355820251e-13,0.6721051315474834,0.2957994956516946,-0.22399267582099502,-1.9209839238234442e-12,-0.6033930889047734,-0.5366943550244823,-0.41236268738668475,-9.912079559735274e-13
0.2583333333333333,1,56,-0.13171921430320832,-6.62628605961858e-13,0.28965289636532304,0.37073760351817764,-0.04153862452384192,-4.894334184350536e-13,0.64242912058729,0.3050352390717143,-0.4199368974478103,-1.9809627773888573e-12,-1.0200597555714401,-0.5534515551916377,0.004303979279981916,-1.0221564277992983e-12
0.2625,1,56,-0.14602495501205262,-6.829422081113137e-13,0.28684723030082576,0.3821029688403992,-0.054554830175106886,-5.044375333363502e-13,0.6153207657120753,0.3143864267993742,-0.22575725423331264,-2.041691350485012e-12,-1.4367264222381069,-0.5704182158519345,-0.41236268738668475,-1.053491747195423e-12
0.26666666666666666,1,56,-0.14457507515169352,-7.035031095095752e-13,0.29334156318795424,0.39360669693481204,-0.052289310167572656,-5.196243094080681e-13,0.6215311795384145,0.32385145655679715,-0.14571439460403726,-2.1031592375835405e-12,-1.4553300602879184,-0.5875914298554133,0.004303979279981916,-1.0852085450162378e-12
0.2708333333333333,1,56,-0.13845884502114067,-7.24307787152036e-13,0.3081515780165332,0.40524681669682855,-0.04739335814190736,-5.349911444743087e-13,0.653178941722548,0.3334287065598603,-0.12407686446951599,-2.1653559064784253e-12,-1.158494975756041,-0.6049682546602624,-0.41236268738668475,-1.1173013867517147e-12
0.275,1,56,-0.12570526392073153,-7.453526762642851e-13,0.31954829520317496,0.41702133365185134,-0.033758335375243975,-5.505354055069929e-13,0.6734633216335381,0.34311653579607976,-0.18475617743432163,-2.2282707000906427e-12,-0.9828324924729939,-0.6225457128370081,0.004303979279981916,-1.1497647734586373e-12
0.2791666666666667,1,56,-0.1266711671008315,-7.666341709129116e-13,0.3328271367822123,0.42892823029701505,-0.038214023608543424,-5.662544290770138e-13,0.7027349876816138,0.3529132843057885,-0.07866594584809866,-2.29189283829419e-12,-0.7566096286288717,-0.6403207925786799,-0.41236268738668475,-1.182593142702814e-12
0.2833333333333333,1,56,-0.11023768100512352,-7.881486246233653e-13,0.34060230168226635,0.44096546644687645,-0.019453212029840593,-5.821455218106049e-13,0.7046179833388895,0.3628172734665633,-0.30715518036977035,-2.356211419763215e-12,-0.8081893274460873,-0.6582904482168708,0.004303979279981916,-1.2157808695121762e-12
0.2875,1,56,-0.10853204487904856,-8.098923510047598e-13,0.34700579182356694,0.45313097958298937,-0.017513192908155676,-5.982059608508339e-13,0.7057517848768547,0.3728268062808475,-0.3153635480974615,-2.4212154238398972e-12,-0.849428408257668,-0.6764516007435956,-0.41236268738668475,-1.2493222673405867e-12
0.2916666666666667,1,56,-0.11195564810909757,-8.31861624381517e-13,0.3540292158468493,0.4654226852073063,-0.013335902890323693,-6.144329943241509e-13,0.7085473474327538,0.38294016766672273,-0.3577108019551245,-2.4868937124227792e-12,-0.8817250693934517,-0.6948011383388625,0.004303979279981916,-1.283211589042199e-12
0.29583333333333334,1,56,-0.12503050956220985,-8.540526804317412e-13,0.3595312265606826,0.4778384771993461,-0.03129736028406535,-6.308238418119069e-13,0.7080509494399383,0.3931556247517789,-0.1352164568072964,-2.5532350318752244e-12,-0.9099564980874598,-0.7133359169038681,-0.41236268738668475,-1.3174430278562016e-12
0.3,1,56,-0.11896089152191652,-8.764617168322185e-13,0.3709841265993372,0.4903762281770676,-0.026716364221309914,-6.473756948267652e-13,0.7263514901499253,0.403471427170034,-0.17195048684727685,-2.620228014953671e-12,-0.693063877456382,-0.7320527605997228,0.004303979279981916,-1.3520107184017782e-12
0.30416666666666664,1,56,-0.12075408480994554,-8.990848939099233e-13,0.3763439331668196,0.5030337898613852,-0.03198379676240776,-6.640857172939208e-13,0.7165682496792912,0.4138858073618494,-0.03104511777966793,-2.687861182755349e-12,-1.0328762815515162,-0.7509484623916136,-0.41236268738668475,-1.386908737683108e-12
0.30833333333333335,1,56,-0.10805131098185737,-9.219183352999286e-13,0.38895351780629484,0.5158089934442662,-0.019141838005260123,-6.809510460370478e-13,0.7312595898661602,0.4243969808767929,-0.11422380822037137,-2.7561229466851333e-12,-1.0600977948581871,-0.7700197845983142,0.004303979279981916,-1.4221311061042443e-12
0.3125,1,56,-0.11173522606694421,-9.44958128609598e-13,0.39844522200607835,0.5286996499603428,-0.027331284987316042,-6.979687912688884e-13,0.7384148982988405,0.43500314667939405,0.01084233248850228,-2.825001610441185e-12,-1.1269959490254498,-0.7892634594469435,-0.41236268738668475,-1.4576717884936814e-12
0.31666666666666665,1,56,-0.10030966539965389,-9.68200326088958e-13,0.41106176056132765,0.5417035506619828,-0.014430906086869486,-7.151360370864053e-13,0.7544340205378498,0.4457024874577435,-0.05963115821995475,-2.89448537201906e-12,-0.9689819817142552,-0.8086761896328833,0.004303979279981916,-1.4935246951384574e-12
0.3208333333333333,1,56,-0.10049334164136767,-9.91640945307121e-13,0.42553951487610503,0.554818467397745,-0.01916891002850705,-7.324498419704044e-13,0.7783518857386084,0.4564931699348791,0.036171628409842296,-2.964562325733913e-12,-0.834157629657769,-0.8282546488847528,-0.41236268738668475,-1.5296836828275886e-12
0.325,1,56,-0.08688029174642706,-1.0152759698346571e-12,0.43442942654174366,0.5680421529941626,-0.002348116022086512,-7.49907239289551e-13,0.7724876884803227,0.4673733451829091,-0.17851869085533023,-3.0352204642604842e-12,-1.0317402382723906,-0.8479954825343498,0.004303979279981916,-1.5661425559046827e-12
0.32916666666666666,1,56,-0.08616583479243059,-1.039101349931787e-12,0.44002565946761657,0.5813723416407844,0.0009955398894164465,-7.675052378086852e-13,0.7551054809027243,0.47834114893981594,-0.20498488529521783,-3.106447680690486e-12,-1.4484069049390573,-0.8678953080914544,-0.41236268738668475,-1.6028950673295283e-12
0.3333333333333333,1,56,-0.08690624411136325,-1.0631130032422837e-12,0.4534859718662697,0.5948067492784095,0.0009683002635733965,-7.85240822201355e-13,0.7671473294831289,0.4893947019288882,-0.1500898773159673,-3.178231770607059e-12,-1.5714676170974775,-0.8879507158234015,0.004303979279981916,-1.6399349197484943e-12
0.3375,1,56,-0.08490667032209691,-1.0873068154929656e-12,0.4677028090888366,0.6083430739904502,0.0009750225551156921,-8.031109535664787e-13,0.7813593708760866,0.5005321101807253,-0.15726512403976864,-3.2505604341759457e-12,-1.4973073151821743,-0.9081582693393226,-0.41236268738668475,-1.6772557665735521e-12
0.3416666666666667,1,56,-0.08257121599390625,-1.1116786411986535e-12,0.47988734786085957,0.621978996397352,0.001865381292741186,-8.21112569949042e-13,0.7895880894226818,0.5117514653577588,-0.11390804461232887,-3.3234212782529907e-12,-1.4822556171398267,-0.928514506178951,0.004303979279981916,-1.7148512130697253e-12
0.3458333333333333,1,56,-0.07867607389456635,-1.1362243043724782e-12,0.4867467822592492,0.6357121800540081,0.003690713938512574,-8.392425868647501e-13,0.7786030916702408,0.5230508450812361,-0.12729179545388528,-3.3968018185076477e-12,-1.5348731408529772,-0.9490159384058982,-0.41236268738668475,-1.7527148174507982e-12
0.35,1,56,-0.07729637976128872,-1.1609395992414179e-12,0.49949882626996556,0.6495402718500981,0.005980374649656208,-8.574978978285386e-13,0.7865694294338672,0.5344283132606115,-0.0641641382692936,-3.470689481562112e-12,-1.4109423827152974,-0.9696590532052943,0.004303979279981916,-1.7908400919830838e-12
0.3541666666666667,1,56,-0.07393221399003966,-1.1858202909669305e-12,0.5060184808551768,0.6634609024132798,0.00963131190072952,-8.758753748868523e-13,0.7733822078673365,0.5458819204252835,-0.0553587094955565,-3.545071607145692e-12,-1.393456500649694,-0.9904403134856894,-0.41236268738668475,-1.82922050409706e-12
0.35833333333333334,1,56,-0.06448066773946504,-1.210862116370575e-12,0.5143811431543287,0.6774716865151696,0.02630882590574094,-8.943718691536045e-13,0.7639790702181207,0.5574097040586278,-0.12270552704067854,-3.6199354502640885e-12,-1.445233758811157,-1.0113561584851163,0.004303979279981916,-1.8678494775066934e-12
0.3625,1,56,-0.06924557005630935,-1.2360607846644846e-12,0.5273395569770265,0.6915702234800396,0.019093254438861503,-9.129842113497232e-13,0.7698407515926493,0.5690096889342641,-0.029324377843810454,-3.695268183383185e-12,-1.3455443541650267,-1.0324030043812098,-0.41236268738668475,-1.906720393336253e-12
0.36666666666666664,1,56,-0.06115019240849498,-1.2614119781865696e-12,0.5386268847349799,0.70575409759616,0.034883211243572694,-9.317092123461893e-13,0.7682358851151674,0.5806798874545007,-0.08055650188422597,-3.7710568986269744e-12,-1.3615944189378877,-1.0535772449052747,0.004303979279981916,-1.9458265912544198e-12
0.37083333333333335,1,56,-0.06297556497574702,-1.2869113531403298e-12,0.5531929663278029,0.7200208785297206,0.030529426408737285,-9.505436637104793e-13,0.7775979502509667,0.5924182999909,-0.009353123326726187,-3.8472886099892636e-12,-1.2527644264401006,-1.0748752519602032,-0.41236268738668475,-1.9851613706155005e-12
0.375,1,56,-0.05271946717850347,-1.3125545403391356e-12,0.5655027739532867,0.7343681217412528,0.04961679724272987,-9.694843382563108e-13,0.776779482837682,0.6042229152269025,-0.0985150896240953,-3.923950255558747e-12,-1.2789340325530383,-1.0962933762421276,0.004303979279981916,-2.0247179916075454e-12
0.37916666666666665,1,56,-0.05663220073714545,-1.3383371459548736e-12,0.5810697244213275,0.7487933689044928,0.042594500239499164,-9.88527990596608e-13,0.7873422783780871,0.6160917105024585,-0.0033118493241948224,-4.001028699757115e-12,-1.1932111467848683,-1.117827947865714,-0.41236268738668475,-2.0644896764071865e-12
0.3833333333333333,1,56,-0.04867020807400902,-1.3642547522708007e-12,0.5943773986548276,0.7632941483276008,0.059876989529438804,-1.0076713576995796e-12,0.7871624710995361,0.6280226521605983,-0.08419506228881701,-4.078510735589757e-12,-1.2555324595531219,-1.139475276992975,0.004303979279981916,-2.10446961034098e-12
0.3875,1,56,-0.0508655850975644,-1.3903029184384988e-12,0.6108757193443634,0.7778679753766725,0.05568812437702454,-1.0269111594478225e-12,0.7975384796517173,0.6400136958958892,-0.024023189065176215,-4.1563830869087095e-12,-1.2153466182137362,-1.1612316544655052,-0.41236268738668475,-2.1446509430530625e-12
0.39166666666666666,1,56,-0.043075720903308516,-1.4164771812387909e-12,0.6253230814673975,0.7925123529014694,0.07266457899527054,-1.046244099200354e-12,0.7977149190425752,0.6520627871047172,-0.12736974644558446,-4.234632410687462e-12,-1.3274795922472362,-1.1830933524400267,0.004303979279981916,-2.1850267896789272e-12
0.3958333333333333,1,56,-0.04580498908121751,-1.4427730558464914e-12,0.643162464356882,0.8072247716632918,0.06710459423758576,-1.065666864357473e-12,0.8083162172286691,0.6641678612373325,-0.09265087211746363,-4.313245299307211e-12,-1.3433613322410538,-1.2050566250271355,-0.41236268738668475,-2.22559023202511e-12
0.4,1,56,-0.040160682290144314,-1.469186036598859e-12,0.661653072028003,0.822002710764925,0.07993132534658084,-1.0851761269283598e-12,0.8205473349798186,0.6763268441515998,-0.1690590596231796,-4.3922082828541976e-12,-1.3005978960023106,-1.227117708933142,0.004303979279981916,-2.2663343197545886e-12
0.4041666666666667,1,56,-0.04535259091271803,-1.4957115977676156e-12,0.6735582763022803,0.836843638082581,0.07261869817204436,-1.1047685441013063e-12,0.8093851701720427,0.6885376524683914,-0.11910158465265178,-4.47150783142769e-12,-1.4435081500652713,-1.2492728241048892,-0.41236268738668475,-2.3072520715776794e-12
0.4083333333333333,1,56,-0.04161948592678966,-1.522345194334408e-12,0.6894828298947817,0.8517450106997647,0.08303599981539825,-1.1244407588164913e-12,0.8122411053955914,0.7007981939285631,-0.14560834116768076,-4.5511303574582744e-12,-1.505934276869478,-1.2715181743774466,0.004303979279981916,-2.3483364764482523e-12
0.4125,1,56,-0.04660566983703731,-1.5490822627695763e-12,0.7077283806863682,0.8667042753429912,0.07172832911941385,-1.1441894003411971e-12,0.8207414508402608,0.7131063677514538,-0.06883961383764219,-4.631062218036016e-12,-1.5151838331040695,-1.2938499481245656,-0.41236268738668475,-2.3895804947650375e-12
0.4166666666666667,1,56,-0.041098769123894915,-1.5759182218140858e-12,0.7271095849558896,0.8817188688192743,0.08390476786008423,-1.1640110848473645e-12,0.8326566727073297,0.7254600649948413,-0.1004163515756376,-4.7112897172480935e-12,-1.4973517267082999,-1.3162643189117782,0.004303979279981916,-2.4309770595778206e-12
0.42083333333333334,1,56,-0.0455386877383923,-1.6028484732645061e-12,0.7402191541197541,0.8967862184553168,0.07598873797705336,-1.183902415991395e-12,0.8221180108976858,0.7378571689162998,-0.03374454443649258,-4.791799108525529e-12,-1.6878280685920277,-1.3387574461520393,-0.41236268738668475,-2.47251907779833e-12
0.425,1,56,-0.03978530031909471,-1.6298684027608889e-12,0.757050894288956,0.9119037425383257,0.08991996967296692,-1.203859985496099e-12,0.8245841742263269,0.7502955553358931,-0.04092374031969994,-4.8725765969985916e-12,-1.820516322197806,-1.3613254757637918,0.004303979279981916,-2.5141994314156044e-12
0.42916666666666664,1,56,-0.04116743183552655,-1.6569733805774136e-12,0.7765597712938028,0.9270688507583748,0.0862079153289416,-1.2238803737346827e-12,0.832957462058337,0.762773093000141,-0.012986977135537472,-4.953608341860474e-12,-1.9188963550912317,-1.383964540831342,-0.41236268738668475,-2.556010978715621e-12
0.43333333333333335,1,56,-0.03486814580609673,-1.6841587624156694e-12,0.7979924106694317,0.942278944652241,0.09933722145882756,-1.2439601503166882e-12,0.8473468115152231,0.7752876439471997,-0.004796505230540196,-5.034880458738851e-12,-1.873079952659912,-1.4066707622674373,0.004303979279981916,-2.597946555504998e-12
0.4375,1,56,-0.03401220785466138,-1.711419890200427e-12,0.8133660584240089,0.9575314180486364,0.10209112656193244,-1.2640958746757669e-12,0.8395596234243808,0.7878370638731886,-0.052693642933480445,-5.116379022074878e-12,-2.066863104596416,-1.4294402494779253,-0.41236268738668475,-2.639998976338535e-12
0.44166666666666665,1,56,-0.031346937128574295,-1.738752092877782e-12,0.8338155917906726,0.972823657514765,0.10587070717157077,-1.2842840966592102e-12,0.8502687681867325,0.8004192024996086,0.10431172634662897,-5.198090067509286e-12,-2.071855510922038,-1.4522691010283908,0.004303979279981916,-2.6821610357504094e-12
0.4458333333333333,1,56,-0.028888357100042315,-1.766150687215513e-12,0.858416836764136,0.9881530428041194,0.10748049041920903,-1.304521357119111e-12,0.8707964873771251,0.8130319039417795,0.13585017083832088,-5.279999594275094e-12,-2.1502394363172628,-1.4751534053126445,-0.41236268738668475,-2.724425509488794e-12
0.45,1,56,-0.019581051807710016,-1.7936109786055278e-12,0.88433349866893,1.0035169473054457,0.124056191389657,-1.3248041885050702e-12,0.894493005749414,0.8256730070782388,0.15317894533503834,-5.362093567596557e-12,-2.1197888871266337,-1.4980892412229554,0.004303979279981916,-2.7667851557536896e-12
0.45416666666666666,1,56,-0.014710288378649489,-1.8211282618682628e-12,0.9079620413302621,1.0189127384928012,0.13157443599989446,-1.3451291154583467e-12,0.9052856100997775,0.8383403459210409,0.05978839554362696,-5.4443579210939696e-12,-2.114710130179307,-1.5210726788219144,-0.41207758398510486,-2.809232716437778e-12
0.4583333333333333,1,56,-0.008956372432382786,-1.8486978220588902e-12,0.9313366144768275,1.0343377783766237,0.1411083495784298,-1.3654926554073394e-12,0.9188748320538088,0.8510317499868866,0.17361976496095746,-5.526778559193856e-12,-2.1106471246214458,-1.5440997800158078,0.004589082681561805,-2.8517609183700554e-12
0.46249999999999997,1,56,-0.005235279111023748,-1.8763149352752e-12,0.952784626261784,1.0497894239557375,0.1476859411943336,-1.3858913191643105e-12,0.9209363282451288,0.863745044669025,0.1591506115120418,-5.609341359544181e-12,-2.1073967201751564,-1.56716659922939,-0.4118113937380685,-2.894362474562057e-12
0.4666666666666667,1,56,0.000529033486626298,-1.9039748694670163e-12,0.9754797800146034,1.065265027670218,0.15882238180640776,-1.4063216115232378e-12,0.9290849093883874,0.8764780516098606,0.30820907588341323,-5.692032175434142e-12,-2.0154588417786736,-1.5902691840819374,0.00485527292859814,-2.937030085456444e-12
0.4708333333333333,1,56,0.006040699612672177,-1.9316728852470076e-12,1.0070103102114272,1.0807619378550368,0.16331703577141374,-1.4267800318587002e-12,0.9599453057025635,0.8892285890742032,0.34157971313107394,-5.774836838218124e-12,-1.6867536633040645,-1.613403576064467,-0.4118113937380685,-2.9797564401777405e-12
0.475,1,56,0.014497724426142285,-1.9594042367027614e-12,1.033467918154561,1.096277499194413,0.17920741123969575,-1.4472630747256947e-12,0.9736897479769944,0.9019944723230989,0.24062314979890248,-5.857741159743445e-12,-1.6877019395915784,-1.6365658112180097,0.00485527292859814,-3.0225342177850234e-12
0.4791666666666667,1,56,0.01625230146874233,-1.987164172209967e-12,1.0598506470204068,1.111809053176785,0.17855475841304091,-1.4677672304602725e-12,0.9829527397081337,0.9147735139881717,0.14676947045355743,-5.940730934781401e-12,-1.8810136266977988,-1.6597519208128115,-0.4118113937380685,-3.0653560885263194e-12
0.48333333333333334,1,56,0.020894084531924303,-2.014947935246582e-12,1.0858524367091162,1.127353938550334,0.18688305516190365,-1.4882889857809035e-12,0.9941889099463567,0.9275635244464188,0.16401813128095594,-6.023791943461269e-12,-2.0325099374210853,-1.6829579320283548,0.00485527292859814,-3.1082147150945235e-12
0.4875,1,56,0.023931214074332175,-2.042750765207843e-12,1.1156858573686361,1.1429094917789773,0.1883911994913341,-1.5088248243904608e-12,1.0122735299224295,0.9403623121953916,0.08603032364016208,-6.106909953706816e-12,-1.9998406932549095,-1.7061798686340837,-0.4118113937380685,-3.1511027538846116e-12
0.49166666666666664,1,56,0.025470230761667066,-2.0705678982219653e-12,1.1430829934074287,1.158473047498749,0.1883107007223644,-1.5293712275787169e-12,1.0241728613325645,0.9531676842286975,0.11174984041442525,-6.1900707236748766e-12,-2.162757190137202,-1.7294137516707069,0.00485527292859814,-3.194012856251924e-12
0.49583333333333335,1,56,0.02642649598993722,-2.0983945679664103e-12,1.1749630549533145,1.1740419389744983,0.18430297072161128,-1.5499246748252591e-12,1.0431750191906992,0.965977446411761,0.02080356354211084,-6.2732600041956316e-12,-2.153557070654938,-1.7526556001319753,-0.4118113937380685,-3.2369376697713235e-12
0.5,1,56,0.026360052136591927,-2.1262260064845673e-12,1.2065959628052434,1.189613498556819,0.17812711376807913,-1.5704816444027103e-12,1.062358974493506,0.9787894038577765,0.07522049068617648,-6.356463541214119e-12,-2.153557070654938,-1.7759014316468031,0.00485527292859814,-3.279869839496989e-12
0.5041666666666667,1,56,0.02564993377839616,-2.154057445002725e-12,1.2363594289807358,1.2051850581391397,0.17186697292621292,-1.5910386139801614e-12,1.0707545836561319,0.991601361303792,0.00020359532004056262,-6.4396670782326066e-12,-2.153557070654938,-1.799147263161631,-0.41143524118038866,-3.3228020092226546e-12
0.5083333333333333,1,56,0.02751407987817094,-2.1818841147471698e-12,1.2655878293694267,1.2207539496148891,0.17233857676235834,-1.6115920612267037e-12,1.0823497228193897,1.0044111234868556,0.1465998756564754,-6.522856358753362e-12,-2.153557070654938,-1.8223891116228996,0.005231425486278005,-3.365726822742054e-12
0.5125,1,56,0.028955711229350076,-2.209701247761291e-12,1.2992916846180766,1.2363175053346604,0.1697424676145363,-1.6321384644149593e-12,1.1044823943697617,1.017216495520161,0.16041248742347178,-6.60601712872142e-12,-2.153557070654938,-1.8456229946595224,-0.41095585680516933,-3.408636925109366e-12
0.5166666666666666,1,56,0.03733592026573966,-2.2375040777225527e-12,1.3306893057456688,1.2518730585633038,0.18656003554729217,-1.6526743030245168e-12,1.122067387979652,1.0300152832691338,0.20552661183834037,-6.689135138966968e-12,-2.153557070654938,-1.8688449312652513,0.0057108098614973325,-3.451524963899454e-12
0.5208333333333334,1,56,0.04157490643985098,-2.265287840759169e-12,1.3613529032121257,1.2674179439368536,0.19343727233383146,-1.6731960583451487e-12,1.1301897189865342,1.0428052937273815,0.13240578161399383,-6.77219614764684e-12,-2.153557070654938,-1.8920509424807954,-0.41027192050578076,-3.49438359046766e-12
0.525,1,56,0.047342727480981436,-2.2930477762663737e-12,1.391175958359981,1.282949497919225,0.20501860531557445,-1.6937002140797258e-12,1.139446710396462,1.055584335392454,0.2537252260163959,-6.855185922684794e-12,-2.153557070654938,-1.9152370520755966,0.006394746160885898,-3.5372054612089547e-12
0.5291666666666667,1,56,0.05060948645181113,-2.3207791277221274e-12,1.4253381518595405,1.2984650592586011,0.20728681714478242,-1.7141832569467203e-12,1.1589963964533427,1.0683502186413498,0.25243259528802575,-6.938090244210115e-12,-2.153557070654938,-1.9383992872291393,-0.40949619419296096,-3.5799832388162375e-12
0.5333333333333333,1,56,0.0577642177481087,-2.348477143502119e-12,1.4575032686389444,1.3139619694434201,0.22210483692379565,-1.734641677282183e-12,1.1745059949953114,1.0811007561056925,0.3357212431417396,-7.020894906994097e-12,-2.153557070654938,-1.961533679211669,0.0071704724737057,-3.6227095935375345e-12
0.5375,1,56,0.06106527607033852,-2.376137077693935e-12,1.48849957205527,1.3294375731579007,0.22730964280056332,-1.75507196964111e-12,1.180152503521943,1.093833763046528,0.2948685384894101,-7.103585722884057e-12,-2.153557070654938,-1.9846362640642163,-0.40844011499627253,-3.6653772044319205e-12
0.5416666666666666,1,56,0.0662229119071573,-2.4037541909102445e-12,1.5181774368119112,1.3448892187370143,0.23958183962913088,-1.7754706333980809e-12,1.1852529835294818,1.1065470577286662,0.41308927392245937,-7.1861485232343826e-12,-2.153557070654938,-2.0077030832777982,0.008226551670394131,-3.707978760623922e-12
0.5458333333333333,1,56,0.06906859093509901,-2.4313237511008723e-12,1.5526506794666755,1.360314258620837,0.24186874433589298,-1.795834173347074e-12,1.2020737818856948,1.1192384617945121,0.40988007166353857,-7.26856916133427e-12,-2.153557070654938,-2.030730184471692,-0.40726211612011115,-3.7505069625562004e-12
0.55,1,56,0.07585049326749167,-2.4588410343636076e-12,1.5846957885793478,1.3757100498081927,0.2571033134779957,-1.8161591003003507e-12,1.2136456379126206,1.1319058006373144,0.487668797696422,-7.350833514831683e-12,-2.153557070654938,-2.053713622070651,0.00940455054655551,-3.792954523240289e-12
0.5541666666666667,1,56,0.07826361919703183,-2.4863013257536225e-12,1.6162113446084463,1.391073954309519,0.2603475350872875,-1.83644193168631e-12,1.2164634812794444,1.1445469037737737,0.4430509408811734,-7.432927488153146e-12,-2.153557070654938,-2.0766494579809622,-0.40580527303358394,-3.835314169505185e-12
0.5583333333333333,1,56,0.08337957877626899,-2.513699920091353e-12,1.646465678946671,1.406403339598873,0.2725369222998563,-1.85667919214621e-12,1.2179625040986664,1.1571596052159443,0.5168966756906548,-7.514837014918953e-12,-2.153557070654938,-2.0995337622652155,0.010861393633082726,-3.877578643243569e-12
0.5625,1,56,0.08436927685571671,-2.5410321227687083e-12,1.6773343233922478,1.4216955790650019,0.2722659525583161,-1.8768674141296536e-12,1.2148781969941627,1.1697417438423643,0.47006570993975666,-7.596548060353362e-12,-2.153557070654938,-2.1223626138156813,-0.40425677851537534,-3.919740702655444e-12
0.5666666666666667,1,56,0.08857620545677455,-2.568293250553466e-12,1.706842448605735,1.4369480524613973,0.2824395065931488,-1.8970031384887328e-12,1.2117892103702117,1.1822911637683535,0.5416453289865584,-7.67804662368939e-12,-2.153557070654938,-2.1451321010261695,0.012409888151291324,-3.9617931234889805e-12
0.5708333333333333,1,56,0.08869952082425928,-2.5954786323917213e-12,1.737349610746468,1.4521581463552633,0.2796705361175784,-1.917082915070738e-12,1.2054237990016974,1.1948057147154119,0.49329234893193974,-7.759318740567763e-12,-2.153557070654938,-2.167838322462264,-0.4026492583318422,-4.003728700278357e-12
0.575,1,56,0.09233967231658241,-2.6225836102082456e-12,1.7666952056662497,1.467323254575312,0.2883134161016159,-1.9371033033093212e-12,1.2001012279431196,1.2072832523796597,0.5633160163382687,-7.840350485429646e-12,-2.153557070654938,-2.190477387529814,0.014017408334824486,-4.045540247578373e-12
0.5791666666666666,1,56,0.09300809739416543,-2.649603539704629e-12,1.7961335635895415,1.4824407786583214,0.28720328120024713,-1.9570608728140256e-12,1.1914618362260494,1.219721638799253,0.5115410942594444,-7.921127973902709e-12,-2.153557070654938,-2.2130454171415668,-0.4010097166473037,-4.087220601195648e-12
0.5833333333333334,1,56,0.0968641097022124,-2.6765337911550497e-12,1.8247168351391794,1.497508128294364,0.2967056467158775,-1.9769522039580564e-12,1.1845419912771533,1.2321187427207119,0.5795353207025612,-8.001637365180145e-12,-2.153557070654938,-2.2355385443818285,0.015656950019362934,-4.128762619416158e-12
0.5875,1,56,0.09765777016768817,-2.703369750199559e-12,1.8535513694127792,1.512522721770647,0.29599951338050345,-1.9967738884642236e-12,1.1746790652238301,1.2444724399640992,0.5263616794289114,-8.081864864392224e-12,-2.153557070654938,-2.257952915169041,-0.3993631077636859,-4.170159184228941e-12
0.5916666666666667,1,56,0.10186259479798541,-2.730106818634727e-12,1.8816837938610889,1.5274819864138736,0.30661220893004965,-2.0165225299889297e-12,1.1669927687004658,1.25678061378699,0.5829558262556195,-8.161796724969965e-12,-2.153557070654938,-2.28028468891616,0.017303558902980774,-4.2114032025457265e-12
0.5958333333333333,1,56,0.10171936291821446,-2.75674041520152e-12,1.9106119518599654,1.5423833590310574,0.3029450878636389,-2.0361947447041146e-12,1.1567272072496735,1.2690411552471617,0.5227825367096691,-8.24141925100055e-12,-2.153557070654938,-2.3025300391887176,-0.3977238041078146,-4.2524876074163e-12
0.6,1,56,0.10339941315177127,-2.783265976370276e-12,1.939260305265046,1.5572242863487133,0.30530366494519956,-2.055787161877061e-12,1.1491365996039415,1.2812519635639532,0.5438273641751593,-8.320718799574042e-12,-2.153557070654938,-2.3246851543604645,0.018942862558852056,-4.29340535923939e-12
0.6041666666666666,1,56,0.10298406326261397,-2.8096789571226434e-12,1.968210297693232,1.5720022254503463,0.29992599675761517,-2.0752964244479472e-12,1.1394754821716353,1.2934109464782204,0.44773089260280563,-8.399681783121026e-12,-2.153557070654938,-2.3467462382664706,-0.396122192048522,-4.3341494469688675e-12
0.6083333333333333,1,56,0.1051549225745792,-2.8359748317303446e-12,1.9968972133705205,1.586714644212169,0.3031181865668434,-2.094719189605067e-12,1.1337143954205446,1.3055160206108358,0.44582628079850306,-8.478294671740779e-12,-2.153557070654938,-2.36870951085358,0.020544474618144657,-4.374712889315051e-12
0.6125,1,56,0.10282114222194556,-2.862149094530637e-12,2.029727575024748,1.6013590217369662,0.2893907598659657,-2.1140521293575987e-12,1.1376922625885941,1.317565111819664,0.41185192148283195,-8.556543995519532e-12,-2.153557070654938,-2.390571208828102,-0.39554378786326794,-4.415088735940917e-12
0.6166666666666667,1,56,0.10566497902918479,-2.8881972606983346e-12,2.0601516638281305,1.6159328487860376,0.2937634861037434,-2.1332919311058414e-12,1.1414840326258806,1.3295561555549549,0.5091896564190009,-8.634416346838482e-12,-2.153557070654938,-2.4123275863006315,0.021122878803398724,-4.455270068652999e-12
0.6208333333333333,1,56,0.10441447949562845,-2.9141148670142614e-12,2.0906138636994545,1.6304336282091454,0.28579400152505474,-2.1524352982088125e-12,1.140064718711888,1.3414870972130943,0.48206557288939783,-8.711898382671122e-12,-2.153557070654938,-2.4339749154278922,-0.39399429006127296,-4.495250002586791e-12
0.625,1,56,0.10806547664014499,-2.9398974726299993e-12,2.1190351059528805,1.6448588753723854,0.29454576977726127,-2.17147895054911e-12,1.138842674683755,1.3533558924886504,0.5673684724290953,-8.788976826869492e-12,-2.153557070654938,-2.455509487051479,0.022672376605393705,-4.535021687386433e-12
0.6291666666666667,1,56,0.11368252734408284,-2.965540659828806e-12,2.114107105240304,1.6592061185839178,0.32032485325355153,-2.1904196250949417e-12,1.0876127261468842,1.3651605077246531,0.5077503650789083,-8.865638472438977e-12,-2.153557081420873,-2.4769276113334033,-0.3714659503935888,-4.5745783083784784e-12
0.6333333333333333,1,56,0.11723264841250339,-2.9910400347825652e-12,2.110164704670243,1.6734728995174781,0.3434169398167535,-2.2092540764592315e-12,1.0418366146501792,1.3768989202610522,0.5343333631154161,-8.941870183801265e-12,-2.153557082164326,-2.498225618388332,0.04520071627307784,-4.613913087739558e-12
0.6375,1,56,0.11497395125866772,-3.0163912283046505e-12,2.1070107842141947,1.6876567736335986,0.34925784020145695,-2.2279790774556975e-12,0.9955658897095354,1.3885691187812887,0.4503000697459234,-9.017658899045053e-12,-2.153557083184457,-2.5193998589123967,-0.3686133976624882,-4.653019285657725e-12
0.6416666666666666,1,56,0.11263934332612734,-3.0415898965985595e-12,2.1044876478493557,1.7017553105984682,0.35561991598999043,-2.2465914196518157e-12,0.9568392928697004,1.400169103656925,0.46596555428537795,-9.092991632164148e-12,-2.153557085502282,-2.5404467048084896,0.04805326900417847,-4.691890201487284e-12
0.6458333333333334,1,56,0.10589320722409079,-3.0666317220022046e-12,2.1024691387574848,1.7157660947003583,0.346463932647192,-2.2650879139185683e-12,0.9172910283978474,1.4116968872902695,0.37205916613732004,-9.167855475282546e-12,-2.153557087515201,-2.561362549807917,-0.36609328753828724,-4.7305191748969185e-12
0.65,1,56,0.10387635874805565,-3.0915124137277176e-12,2.100854331483988,1.7296867252635402,0.3508357808505714,-2.283465390976882e-12,0.8889595394087667,1.4231504944549416,0.37983323198750224,-9.242237600866127e-12,-2.153557091721897,-2.5821438100883123,0.05057337912837942,-4.768899587010895e-12
0.6541666666666667,1,56,0.0985498888951063,-3.116227708596657e-12,2.0995624856651904,1.7435148170596302,0.34052161643090667,-2.3017207019406707e-12,0.8661087183762798,1.434527962634317,0.3066839134151291,-9.316125263920591e-12,-2.1535571035991325,-2.6027869248877082,-0.3607104484816691,-4.80702486154318e-12
0.6583333333333333,1,56,0.09749802895124715,-3.140773371770482e-12,2.0985290090101523,1.7572480007162865,0.3441011623091281,-2.319850718856379e-12,0.8547677599219607,1.4458273423577943,0.351564482685032,-9.389505804175249e-12,-2.1535571124321606,-2.6232883571146557,0.05595621818499755,-4.844888465924253e-12
0.6625,1,56,0.0920240333752389,-3.165145197476169e-12,2.097702227686122,1.7708839231231879,0.3312837065116487,-2.3378523352389417e-12,0.8411575496335977,1.4570466975348275,0.2846804786108533,-9.462366648252292e-12,-2.1535571196385193,-2.6436445939542836,-0.35820360419394026,-4.882483912420426e-12
0.6666666666666666,1,56,0.09213269407469736,-3.1893390097268512e-12,2.0970408026268976,1.7844202478352285,0.33661136363085853,-2.3557224666040653e-12,0.839769458728206,1.4681841057866647,0.3316566900924829,-9.534695311821178e-12,-2.1535571314245114,-2.663852147470205,0.058463062472726396,-4.919804759245484e-12
0.6708333333333333,1,56,0.08713380477382765,-3.213350663037348e-12,2.096511662579518,1.7978546554728538,0.32372814059794497,-2.3734580509967356e-12,0.8339188731601598,1.479237658775737,0.2671477181906268,-9.606479401737753e-12,-2.1535571372746523,-2.6839075552021523,-0.3564722703229735,-4.95684461166445e-12
0.675,1,56,0.08761445364566145,-3.237176043134478e-12,2.0960883505416144,1.8111848441194756,0.3290747601355456,-2.3910560495158698e-12,0.8398304812827581,1.490205462532644,0.315802414428411,-9.677706618167756e-12,-2.153557150258487,-2.703807380759257,0.06019439634369314,-4.993597123089296e-12
0.6791666666666667,1,56,0.08252251141057015,-3.2608110676620145e-12,2.0957497009112913,1.8244085297158934,0.31507650372387197,-2.4085134468350165e-12,0.8398608654979,1.501085637780674,0.2530202218922305,-9.748364756694327e-12,-2.1535571545036896,-2.723548214408854,-0.355249139625055,-5.0300559961663904e-12
0.6833333333333333,1,56,0.0820201500005365,-3.2842516868801776e-12,2.0954787812070332,1.8375234464516557,0.31675527934453646,-2.425827251719016e-12,0.8496268947807912,1.5118763202578098,0.3140792257501939,-9.818441710409181e-12,-2.1535571647972294,-2.743126673660724,0.06141752704161166,-5.066214983855522e-12
0.6875,1,56,0.07845214479592089,-3.307493884359537e-12,2.0952620454436266,1.8505273471532953,0.3081919744624813,-2.4429944975365318e-12,0.8542927512229869,1.5225756610361587,0.25442094996932463,-9.887925471987052e-12,-2.1535571658238575,-2.7625394038466626,-0.35471461749637156,-5.102067890500296e-12
0.6916666666666667,1,56,0.0774765711418916,-3.3305336776692065e-12,2.0950886568329015,1.863418003669372,0.3085419443080708,-2.460012242768373e-12,0.8665592901687271,1.53318182683876,0.3132900099178943,-9.956804135743105e-12,-2.1535571760948446,-2.781783078695292,0.06195204917029509,-5.137608572889734e-12
0.6958333333333333,1,56,0.07321555428294028,-3.3533671190592117e-12,2.094934244268287,1.876193207252253,0.29822264315706765,-2.4768775715115e-12,0.8730783396553804,1.5436930003537035,0.2516679523115245,-1.0025065899672889e-11,-2.1535571760948446,-2.8008544009019927,-0.35433557219072365,-5.17283094131087e-12
0.7,1,56,0.0719068218521319,-3.3759902961369165e-12,2.0948264158926295,1.8888507689365706,0.2980595104714389,-2.4935875939786554e-12,0.8871964859698792,1.554107380545519,0.3077475149718393,-1.0092699067474567e-11,-2.153557185394758,-2.8197501026938836,0.06233109447594301,-5.2077289605922e-12
0.7041666666666666,1,56,0.06725525391267957,-3.398399332537394e-12,2.0947323898986507,1.9013885199142921,0.2871848530574475,-2.5101394469935136e-12,0.8956313881924497,1.564423182963774,0.2436806986529206,-1.0159692050553014e-11,-2.153557185394758,-2.838466946389738,-0.35388278889116814,-5.242296651137777e-12
0.7083333333333334,1,56,0.06650684577378393,-3.4205903885876184e-12,2.0946649323969204,1.9138043119063322,0.2895625500182688,-2.5265302944812698e-12,0.9120836152751668,1.5746386400488304,0.30503159055146684,-1.0226033370005461e-11,-2.1535571932637074,-2.857001724954744,0.06278387777549851,-5.27652808995178e-12
0.7125,1,56,0.062341136778955135,-3.442559661964376e-12,2.0946098945540306,1.9260960175306492,0.28115457767355106,-2.542757327954587e-12,0.9229034944454216,1.5847520014347056,0.2455874281592501,-1.0291711658588343e-11,-2.1535571932637074,-2.8753512625500113,-0.35334388545550854,-5.310417411653392e-12
0.7166666666666667,1,56,0.06034896773300123,-3.4643033883457696e-12,2.0945669361212245,1.9382615306667617,0.27948483988275535,-2.5588177669948156e-12,0.9397022121685175,1.5947615342489896,0.26248477087906474,-1.0356715662665023e-11,-2.1535572015217763,-2.8935124150767355,0.06332278121115811,-5.343958809481802e-12
0.7208333333333333,1,56,0.0569189194943046,-3.485817842056224e-12,2.0945325693749797,1.9502987668166234,0.27281917371149866,-2.574708859728407e-12,0.9530555008371864,1.6046655234097646,0.16030879539401313,-1.042103424413405e-11,-2.1535572056604653,-2.9114820707149267,-0.3520784752626474,-5.377146536291165e-12
0.725,1,56,0.05454741394587769,-3.5070993367048503e-12,2.0945050759779837,1.9622056634617868,0.2703970397801019,-2.590427883298428e-12,0.9728194702636288,1.6144622719194732,0.21467140561960552,-1.0484656382337597e-11,-2.153557213241771,-2.9292571504565985,0.06458819140401925,-5.4099749055353414e-12
0.7291666666666666,1,56,0.04880267981986719,-3.5281442258170993e-12,2.0943723504585887,1.9739801804168098,0.2580454290510323,-2.605972144331112e-12,0.9868611835704652,1.6241501011556927,0.1483346667926801,-1.0547571175949815e-11,-2.153557213241771,-2.946834608633344,-0.3514263002846186,-5.442438292242264e-12
0.7333333333333333,1,56,0.04524032924296906,-3.5489489034595592e-12,2.0961927995862815,1.9856203001788257,0.25147758744062837,-2.6213389793973523e-12,1.0096945791091139,1.6337273511587556,0.17917958694339647,-1.0609767844844697e-11,-2.153557213241771,-2.9642114334381926,0.06524036638204808,-5.474531133977739e-12
0.7375,1,56,0.040011319261819764,-3.5695098048578222e-12,2.095833260147025,1.9971240282732394,0.2413846788341809,-2.636525755469071e-12,1.0243259284504591,1.643192380916179,0.08735407523781946,-1.0671235731943228e-11,-2.1535572168407593,-2.9813846474416725,-0.3501458244899567,-5.5062479317985566e-12
0.7416666666666667,1,56,0.03548305063001212,-3.5898234070072777e-12,2.09554562859562,2.008489393595461,0.23364743610937783,-2.6515298703703675e-12,1.0444361651704208,1.652543568643839,0.1182388801497035,-1.0731964305039383e-11,-2.1535572233454556,-2.9983513081019693,0.06652084217670998,-5.537583251194681e-12
0.7458333333333333,1,56,0.030324251336874768,-3.609886229276773e-12,2.0939743515713087,2.0197144487486516,0.22506793999184507,-2.6663487532233955e-12,1.0581752360475565,1.6617793120638582,0.024428185166749217,-1.0791943158604794e-11,-2.1535572233454556,-3.0151085082691242,-0.349493419993825,-5.568531723020451e-12
0.75,1,56,0.024692341379626743,-3.6296948340049975e-12,2.094234804880151,2.0307972703773993,0.21438386574232857,-2.680979864888867e-12,1.0798513169104729,1.6708980286791486,0.07648963976087036,-1.0851162015571679e-11,-2.1535572233454556,-3.0316533766831557,0.06717324667284166,-5.5990880444145435e-12
0.7541666666666667,1,56,0.020132090174529358,-3.649245827089505e-12,2.092882338627157,2.041735959497271,0.20803862745496415,-2.6954206984011187e-12,1.0952216332566649,1.6798981560445607,-0.0025384087314017077,-1.0909610729093754e-11,-2.1535572233454556,-3.0479830784660344,-0.3488781567586901,-5.6292469797085915e-12
0.7583333333333333,1,56,0.015364330076924906,-3.668535858568279e-12,2.093250041884847,2.052528641820199,0.20040125169592843,-2.7096687793976696e-12,1.1183600743198234,1.688778152034603,0.0617214231289031,-1.096727928428485e-11,-2.1535572233454556,-3.064094815607424,0.06778850990797655,-5.65900336132429e-12
0.7625,1,56,0.010130692093375832,-3.687561623193731e-12,2.0923299387907304,2.0631734680756275,0.1924332222694681,-2.7237216665431904e-12,1.135249179457519,1.6975364951076775,-0.0031536846110673707,-1.1024157799934915e-11,-2.1535572233454556,-3.0799858274441103,-0.3482520206185952,-5.688352090658837e-12
0.7666666666666666,1,56,0.005816246783621524,-3.706319860999039e-12,2.092788675816755,2.073668614327379,0.18610822618144543,-2.7375769519478136e-12,1.1589280600788443,1.7061716845667865,0.07101777576721556,-1.1080236530203105e-11,-2.1535572233454556,-3.095653391133021,0.06841464604807143,-5.717288138958548e-12
0.7708333333333334,1,56,0.0009918664950363109,-3.7248073578567204e-12,2.092028305098624,2.084012282286171,0.1791873543933779,-2.751232261579712e-12,1.1765421751911203,1.7146822408166704,0.014998133654588583,-1.1135505866287682e-11,-2.1535572233454556,-3.111094822117776,-0.34755035680114266,-5.74580654818051e-12
0.775,1,56,-0.0031217148890520666,-3.743020946029363e-12,2.092297282712943,2.0942026996177483,0.17346551429419035,-2.7646852556718778e-12,1.2002781956508024,1.7230667056173277,0.0972605224884508,-1.1189956338072433e-11,-2.1535572233454556,-3.126307474588668,0.069116309865524,-5.773902431842116e-12
0.7791666666666667,1,56,-0.00786417446867463,-3.760957504712398e-12,2.09143392177611,2.104238120246562,0.16669258014462385,-2.7779336291230298e-12,1.218169846305781,1.731323642333879,0.04859725405687128,-1.1243578615749334e-11,-2.1535572233454556,-3.1412887419360116,-0.3467137167711862,-5.801570975858339e-12
0.7833333333333333,1,56,-0.011846124358081333,-3.778613960568833e-12,2.0916369071493457,2.1141168246549493,0.16137865811064128,-2.7909751118925795e-12,1.242144565588772,1.7394516361827237,0.13714831952434742,-1.129636351141715e-11,-2.1535572233454556,-3.1560360571967694,0.06995294989548048,-5.828807439366598e-12
0.7875,1,56,-0.01666913652606251,-3.795987288255851e-12,2.091273158057101,2.123837120177766,0.15421431099406707,-2.8038074693895923e-12,1.261149662226005,1.7474492944739595,0.09444866572242529,-1.1348301980655744e-11,-2.1535572233454556,-3.1705468934943917,-0.3456841681261599,-5.855607155539086e-12
0.7916666666666666,1,56,-0.02024073622446184,-3.8130745109431926e-12,2.0916718466582354,2.133397341292414,0.15019916830030305,-2.816428502855672e-12,1.284716226845463,1.7553152468500102,0.16690017573124416,-1.1399385124075794e-11,-2.1535572233454556,-3.184818764471781,0.07098249854050678,-5.8819655323824025e-12
0.7958333333333333,1,56,-0.02478925333049657,-3.829872700823216e-12,2.0915804001891973,2.142795849904222,0.14371174972685846,-2.828836049741709e-12,1.3035124871011234,1.7630481455204303,0.11045044131612872,-1.1449604188843654e-11,-2.1535572233454556,-3.1988492247173177,-0.3444832413735558,-5.9078780535243696e-12
0.8,1,56,-0.027273303026309707,-3.8463789796125605e-12,2.092144293973081,2.152031035627123,0.14253376655002048,-2.8410279840784164e-12,1.3268714609977388,1.7706466654928417,0.1695667770494037,-1.1498950570181103e-11,-2.1535572233454556,-3.2126358701838664,0.07218342529311086,-5.933340278987885e-12
0.8041666666666667,1,56,-0.03148729298613315,-3.8625905190453314e-12,2.0923551321582177,2.161101316059586,0.13688659988884647,-2.853002216840611e-12,1.3455887035719212,1.778109504799964,0.10263361188531453,-1.1547415812839733e-11,-2.1535572233454556,-3.226176338600701,-0.3432039518944075,-5.958347845951697e-12
0.8083333333333333,1,56,-0.034343798081104264,-3.878504541357704e-12,2.0928197313546106,2.1700051370557523,0.13474041462033842,-2.864756696305152e-12,1.3675794304451414,1.785435384722701,0.15341924695422185,-1.1594991612549714e-11,-2.1535572233454556,-3.2394683098782644,0.07346271477225916,-5.982896469497946e-12
0.8125,1,56,-0.03888898324853489,-3.89411831976388e-12,2.0929745189163023,2.1787409729917324,0.12819192685731975,-2.876289408402496e-12,1.3850614220608426,1.7926230500092415,0.07904148017039868,-1.1641669817442689e-11,-2.1535572233454556,-3.252509506505706,-0.3419253262508182,-6.0069819433463625e-12
0.8166666666666667,1,56,-0.04240499168919371,-3.909429178923311e-12,2.0934219350775596,2.1873073270270096,0.12484758169030159,-2.887598377061795e-12,1.4059000345048673,1.799671269090141,0.12356133047844449,-1.1687442429448547e-11,-2.1535572233454556,-3.2652976939411196,0.07474134041584848,-6.0306001405749965e-12
0.8208333333333333,1,56,-0.046240539120200305,-3.924434495399099e-12,2.093427602643785,2.1957027313609205,0.12055811412041796,-2.8986816645494887e-12,1.4223124758320065,1.8065788342893445,0.04159027483227936,-1.1732301605665861e-11,-2.1535572233454556,-3.277830680994422,-0.340719624884066,-6.0537470143273385e-12
0.825,1,56,-0.04909370895762872,-3.939131698107514e-12,2.0936546224627404,2.2039257474841523,0.11920224377957929,-2.9095373718013223e-12,1.4419275850244526,1.813344562031115,0.08942918862348755,-1.1776239659705721e-11,-2.1535572233454556,-3.2901063202028014,0.07594704178260067,-6.076418598505733e-12
0.8291666666666666,1,56,-0.053514901735071105,-3.953518268758534e-12,2.0936448999910526,2.2119749664252235,0.11378124337788974,-2.920163638747744e-12,1.4571910377359067,1.8199672930428341,0.012151175843443336,-1.1819249063008761e-11,-2.1535572233454556,-3.3021225081986745,-0.3396261910338726,-6.098611008450941e-12
0.8333333333333334,1,56,-0.05701734648697974,-3.96759174228734e-12,2.093781917029035,2.2198490089919076,0.11102428855028892,-2.9305586446326173e-12,1.4754401461989464,1.8264458925536378,0.0740059663071843,-1.1861322446135142e-11,-2.1535572233454556,-3.3138771860700893,0.07704047563279406,-6.120320441607773e-12
0.8375,1,56,-0.0619048261948044,-3.9813497072766925e-12,2.093723132649608,2.227546526007545,0.10460037863729399,-2.940720608325196e-12,1.4894392319283452,1.83277925048885,0.008701679865650163,-1.1902452600027251e-11,-2.1535572233454556,-3.325368339713503,-0.33857258047782673,-6.1415431781766085e-12
0.8416666666666667,1,56,-0.06466010389552992,-3.994789806370117e-12,2.093763132154794,2.235066198542222,0.10308197697535051,-2.950647788625316e-12,1.5064721010931663,1.838966281660194,0.07982822668198249,-1.1942632477244963e-11,-2.1535572233454556,-3.3365940001788976,0.07809408618883992,-6.162275581750797e-12
0.8458333333333333,1,56,-0.06892846791877776,-4.0079097366758235e-12,2.093673271735047,2.242406738138762,0.0976342547575879,-2.960338484561738e-12,1.5193637813701382,1.8450059259517293,0.022687635678640617,-1.1981855193173164e-11,-2.1535572233454556,-3.347552244007141,-0.33746168656903536,-6.182514099939716e-12
0.85,1,56,-0.07131131289170174,-4.020707250161297e-12,2.093759007915366,2.2495668870334944,0.09643686313806497,-2.9697910356836016e-12,1.5352874425038023,1.8508971485014987,0.1013906368007967,-1.2020114027201397e-11,-2.1535572233454556,-3.358241193559568,0.0792049800976313,-6.202255264977462e-12
0.8541666666666666,1,56,-0.07526105836095297,-4.033180154038482e-12,2.0937740272350167,2.256545418371766,0.09111771072712505,-2.979003822344934e-12,1.5471957886258658,1.8566389398788463,0.05085167432108411,-1.2057402423875408e-11,-2.1535572233454556,-3.3686590173396977,-0.3362164157855268,-6.221495694317033e-12
0.8583333333333333,1,56,-0.07618684293651885,-4.045326311139509e-12,2.093713606007592,2.263341136418158,0.09285953908615553,-2.987975265982167e-12,1.560976129956629,1.8622303162573781,0.11382839367627653,-1.2093713994020386e-11,-2.1535572233454556,-3.378803930307057,0.08045025088113986,-6.24023209120991e-12
0.8624999999999999,1,56,-0.07895765772198193,-4.05714364028289e-12,2.0936492420045894,2.2699528767613675,0.08983547010092013,-2.9967038293846204e-12,1.5708451281423956,1.867670319583537,0.0497431144601971,-1.2129042515835726e-11,-2.1535572233454556,-3.3886741941830367,-0.3348839492205802,-6.2584612452709445e-12
0.8666666666666667,1,56,-0.08071899417202676,-4.068630116630112e-12,2.093861819859074,2.2763795065137242,0.08962863531465469,-3.0051880169578893e-12,1.5834350459960056,1.8729580177407577,0.11328944756816445,-1.2163381935961081e-11,-2.1535572233454556,-3.3982681177487324,0.08178271744608648,-6.276180033028431e-12
0.8708333333333333,1,56,-0.08424581942456093,-4.0797837720325824e-12,2.0941068308108077,2.282619924505304,0.08477121672101365,-3.0134263749801084e-12,1.5921866222984395,1.8780925047091817,0.04953654394746414,-1.2196726370513592e-11,-2.1535572233454556,-3.4075840571347307,-0.33353276243991486,-6.293385418459301e-12
0.875,1,56,-0.08544402654505817,-4.0906026953688705e-12,2.0946099032680947,2.2886730614726094,0.08515294598495832,-3.0214174918510436e-12,1.603706859632263,1.8830729007209002,0.10235670687629048,-1.222907010609606e-11,-2.1535572233454556,-3.416620416102777,0.08313390422675179,-6.310074453509337e-12
0.8791666666666667,1,56,-0.0883690622800211,-4.101085032872156e-12,2.0945669430924756,2.294537880241784,0.08098363405208829,-3.0291599983339565e-12,1.6108741836923814,1.8878983524106954,0.029064261418843145,-1.2260407600775895e-11,-2.1535572234813585,-3.425375646319281,-0.3320913461959569,-6.326244278598298e-12
0.8833333333333333,1,56,-0.08982221721908233,-4.111228988447872e-12,2.0945325749519803,2.300213375906323,0.08064222336973999,-3.0366525677902193e-12,1.6210547822449226,1.8925680329622614,0.08435932758754004,-1.229073348503471e-11,-2.1535572235808296,-3.433848247620617,0.08457532047070973,-6.341892123109897e-12
0.8875,1,56,-0.09293751805528526,-4.1210328239814526e-12,2.094505080439584,2.3056985759992616,0.07582300122860275,-3.0438939164066287e-12,1.6279664911820504,1.8970811422498757,0.013473714772991842,-1.2320042562688359e-11,-2.1535572236286034,-3.44203676827017,-0.33081092894457653,-6.357015305866533e-12
0.8916666666666666,1,56,-0.09470113522336279,-4.1304948596361485e-12,2.094483084829667,2.310992540659802,0.07452105333147939,-3.0508828034153775e-12,1.6375189618152677,1.9014369069754955,0.08065460736140992,-1.2348329811777267e-11,-2.1535572236897655,-3.44993980520708,0.08585573772209013,-6.3716112355886955e-12
0.8958333333333334,1,56,-0.09801411736770856,-4.139613474140861e-12,2.0944654883417337,2.3160943627943538,0.06895020721323604,-3.0576180313066553e-12,1.6438183093141623,1.905634580801258,0.020009947742378048,-1.2375590385426923e-11,-2.153557223734683,-3.4575560042866544,-0.32953751509178836,-6.385677411338964e-12
0.9,1,56,-0.09914094922723277,-4.148387105067937e-12,2.094451411151387,2.3210031682319574,0.06813860028275373,-3.0640984460338367e-12,1.6527569332982073,1.9096734444773638,0.0955657480431233,-1.2401819612678377e-11,-2.1535572237853366,-3.464884060512388,0.0871291515748783,-6.399211422950541e-12
0.9041666666666667,1,56,-0.10193494096633463,-4.156814249100886e-12,2.0944401493991096,2.3257181158740723,0.06282366319980978,-3.070322937211218e-12,1.6584668167182472,1.9135528059653133,0.042270275016482665,-1.242701299928856e-11,-2.1535572238280025,-3.471922718259572,-0.32817082853763335,-6.412210951440207e-12
0.9083333333333333,1,56,-0.10332179833695197,-4.164893462291958e-12,2.0944311399972877,2.3302383978386922,0.06116725582336647,-3.076290438304281e-12,1.6669780398280452,1.9172720005564867,0.1249966339274601,-1.2451166228500378e-11,-2.1535572238940133,-3.4786707714904357,0.0884958381290333,-6.4246737694056754e-12
0.9125,1,56,-0.10643224024126614,-4.172623360309566e-12,2.0944239324758303,2.334563239598773,0.054815978093881196,-3.081999926812434e-12,1.6723098733366544,1.9208303909860374,0.07794384144546693,-1.2474275161782344e-11,-2.153557223932362,-3.485127063960798,-0.32663679203937024,-6.43659774140725e-12
0.9166666666666666,1,56,-0.1073238455452978,-4.18000261867548e-12,2.0944181664586643,2.338691900114944,0.053910676971785206,-3.087450424444213e-12,1.6810298199554907,1.9242273675420838,0.14611900761637353,-1.2496335839537705e-11,-2.1535572240911636,-3.491290489418181,0.09002987462729642,-6.447980824333713e-12
0.9208333333333333,1,56,-0.11011103434961868,-4.187029972991765e-12,2.0944135536449315,2.34262367196248,0.047878698395840386,-3.092640997284909e-12,1.6866081680674927,1.9274623481701811,0.08641717290555903,-1.2517344481782899e-11,-2.15355722412512,-3.4971599917913623,-0.32498246007369475,-6.458821067752403e-12
0.9249999999999999,1,56,-0.11025379084337296,-4.1937042191574365e-12,2.0944098633939454,2.346357881452515,0.04851778436878722,-3.0975707559565863e-12,1.6945883680950569,1.930534778573052,0.14251858751489913,-1.2537297488795226e-11,-2.153557224169662,-3.5027345653713255,0.09168420659297191,-6.469116614243417e-12
0.9291666666666667,1,56,-0.11163938985674528,-4.200024213574774e-12,2.0944069111931563,2.349893888747477,0.04555762116146443,-3.1022388557704746e-12,1.700026610965415,1.933444132305564,0.07188623640698218,-1.2556191441729656e-11,-2.153557224211328,-3.5080132549835863,-0.3233255024992844,-6.478865699717865e-12
0.9333333333333333,1,56,-0.11109538655168828,-4.2059888733452685e-12,2.094404549432525,2.3532310879707206,0.04758970404349976,-3.1066444968717034e-12,1.7079495137554246,1.9361899108649328,0.1290092833412761,-1.2574023103204621e-11,-2.1535572242553163,-3.5129951561518546,0.09334116416738228,-6.488066653720142e-12
0.9375,1,56,-0.11182723815701155,-4.211597176455175e-12,2.09440266002402,2.356368907310337,0.04600083223851186,-3.110786924376349e-12,1.7133074454835902,1.9387716437761366,0.05924967446840494,-1.2590789417856721e-11,-2.1535572242935226,-3.5176794152530118,-0.32173039833830863,-6.496717899714143e-12
0.9416666666666667,1,56,-0.11085373760057768,-4.216848161950627e-12,2.094401148497216,2.359306809117137,0.048806038600714224,-3.114665428500785e-12,1.7211520473882431,1.9411888886725328,0.11739223579901313,-1.2606487512864257e-11,-2.1535572243348766,-3.5220652296633754,0.09493626832835803,-6.504817955353404e-12
0.9458333333333333,1,56,-0.11119328931756636,-4.2217409301022934e-12,2.094399939275773,2.36204428999677,0.04796178245058932,-3.1182793446832953e-12,1.7264090897714728,1.9434412313716523,0.04850133335737596,-1.2621114698439462e-11,-2.1535572243697825,-3.5261518478962253,-0.32018726425264604,-6.5123654327350926e-12
0.95,1,56,-0.10979477565016209,-4.226274642559537e-12,2.0943989718986185,2.3645808808959803,0.05156059684123064,-3.121628053697947e-12,1.7336009169515858,1.945528285946168,0.1070965218855195,-1.2634668468289388e-11,-2.1535572243945618,-3.529938569730564,0.09647940241402062,-6.519359038637812e-12
0.9541666666666666,1,56,-0.11084873873706681,-4.230448522494069e-12,2.094398197996895,2.366916147182975,0.04885177968780491,-3.124710981760689e-12,1.7381456374807351,1.9474496947900233,0.03956713337994327,-1.2647146500045345e-11,-2.153557224432286,-3.5334247463311,-0.31867968435908717,-6.525797574743194e-12
0.9583333333333334,1,56,-0.10983155518021116,-4.234261854733051e-12,2.094397578875516,2.3690496887218986,0.05133914964195739,-3.1275276006276697e-12,1.7446377104307649,1.9492051286797045,0.09907661813264902,-1.2658546655660834e-11,-2.153557224453143,-3.53660978035942,0.09798698230757949,-6.531679937841224e-12
0.9625,1,56,-0.11010210815054812,-4.237713985881633e-12,2.0943970835784125,2.3709811399413914,0.050255886035804866,-3.1300774276857456e-12,1.7485056118431574,1.9507942868306511,0.0312502659444781,-1.2668866981777874e-11,-2.153557224482648,-3.539493126076339,-0.3172188175812985,-6.537005120019267e-12
0.9666666666666667,1,56,-0.1092207055083363,-4.240804324434915e-12,2.09439668734073,2.3727101698972297,0.052129181096592245,-3.1323600260351768e-12,1.7544366171647483,1.9522168969487947,0.09144621066937514,-1.2678105710061712e-11,-2.1535572245086096,-3.5420742894354125,0.09944784908536816,-6.54177220883477e-12
0.9708333333333333,1,56,-0.10961264420889288,-4.243532340879295e-12,2.0943963703505837,2.3742364823290325,0.05047183482437296,-3.134375004564487e-12,1.7577238395634651,1.953472715277216,0.024157274451286057,-1.2686261257503824e-11,-2.1535572245358696,-3.5443528281675865,-0.3157937525994765,-6.545980387471606e-12
0.975,1,56,-0.10895724754803304,-4.2458975677832e-12,2.094396116758467,2.375559815711022,0.05154080460672189,-3.136122018017479e-12,1.7633917601127214,1.954561526637909,0.09490365831540216,-1.2693332226693137e-11,-2.153557224562487,-3.5463283518569795,0.10087291406719015,-6.549628934880031e-12
0.9791666666666666,1,56,-0.11029040187069461,-4.247899599877174e-12,2.0943959138847736,2.3766799432968346,0.04742095234481698,-3.1376007670523904e-12,1.7663786306960922,1.955483144468652,0.037398638335291334,-1.2699317406055481e-11,-2.1535572245900183,-3.548000522007777,-0.31433874966231906,-6.552717225900226e-12
0.9833333333333333,1,56,-0.10918639091551782,-4.249538094123327e-12,2.094395751585819,2.377596673158376,0.04930094622556695,-3.138810998293187e-12,1.7715239384511965,1.9562374108549745,0.10558899123863537,-1.2704215770061186e-11,-2.153557224608497,-3.549369052102232,0.1023279170043476,-6.5552447313694266e-12
0.9874999999999999,1,56,-0.10942696895046451,-4.250812769774104e-12,2.094395621746655,2.3783098482187044,0.04748961341176466,-3.1397525043729768e-12,1.774012394739814,1.9568241965572144,0.0452457120101298,-1.2708026479400797e-11,-2.153557224630967,-3.5504337076497587,-0.31282765920069244,-6.557211018212581e-12
0.9916666666666667,1,56,-0.10779657445092157,-4.251723408420392e-12,2.094395517875324,2.378819346278943,0.05035991427329862,-3.1404251239695383e-12,1.7786230979329427,1.9572434010326618,0.11145887310594871,-1.2710748881128884e-11,-2.1535572246500783,-3.551194306227109,0.10383900746597421,-6.55861574951656e-12
0.9958333333333333,1,56,-0.10760064570664866,-4.25226985402895e-12,2.094395434778259,2.379125080039223,0.04936196016356555,-3.1408287418329673e-12,1.7811267300772757,1.9574949524527885,0.049716949279900405,-1.2712382508775929e-11,-2.1535572246764585,-3.551650717509633,-0.3112650815995507,-6.559458684587888e-12
1.0,1,56,-0.10621381815826876,-4.2524520129691355e-12,2.0943953683006074,2.3792269971136384,0.05143916286165792,-3.140963288805421e-12,1.785712580209586,1.9575788077155531,0.11527821159657925,-1.271292708242824e-11,-2.1535572246958887,-3.5518028632936067,0.10540158506711597,-6.559739678993979e-12
1.0041666666666667,1,56,-0.1062501265032337,-4.252927646510859e-12,2.094395315118486,2.37927188700798,0.04963868638825672,-3.1417694764062817e-12,1.7881760054463927,1.957610541968836,0.05291094322451796,-1.271268198677075e-11,-2.1535572247198647,-3.5518127906603825,-0.3096775220936866,-6.55946192874713e-12
1.0083333333333333,1,56,-0.10508813456455877,-4.25435422116056e-12,2.094395272572789,2.379406525925713,0.05094304101538324,-3.1441874866881532e-12,1.792716463564462,1.957705722979613,0.11792014420185633,-1.27119468677746e-11,-2.1535572247379715,-3.5518425659569886,0.10698914457298006,-6.5586288683627275e-12
1.0125,1,56,-0.10534137428533956,-4.2567307592152305e-12,2.094395238536231,2.3796308215920496,0.04835494601444858,-3.1482156624675695e-12,1.7951585031857717,1.957864285515574,0.05503975393592036,-1.2710722229253634e-11,-2.153557224760688,-3.5518921687769236,-0.3080706952657292,-6.557241068778746e-12
1.0166666666666666,1,56,-0.10344326281341723,-4.2600556319144e-12,2.094395211306985,2.379944620285943,0.05115064047016384,-3.1538512430340635e-12,1.7999990985972827,1.9580861209058762,0.11899287257464677,-1.2709008910513918e-11,-2.153557224778142,-3.5519615651248926,0.10859597140093744,-6.555299481123701e-12
1.0208333333333333,1,56,-0.1031222175479329,-4.264326560556401e-12,2.094395189523588,2.3803477069454435,0.049801920634129804,-3.1610903660422192e-12,1.8027579440784494,1.958371077115625,0.05527269004131153,-1.2706808085778536e-11,-2.1535572247997137,-3.5520507074401055,-0.30645211734039574,-6.552805436064784e-12
1.025,1,56,-0.10159138609818656,-4.269540618060081e-12,2.0943951720968705,2.3808398053150888,0.05159473720681678,-3.169928070158729e-12,1.8076326136019614,1.9587189588500677,0.11911617384052073,-1.2704121263382826e-11,-2.15355722481636,-3.552159534628872,0.11021454932627092,-6.549760642895899e-12
1.0291666666666666,1,56,-0.10159758201864001,-4.275694230970873e-12,2.0943951581554963,2.3814205781352373,0.049284251514212646,-3.1803582984626435e-12,1.8104487506925975,1.9591295276884406,0.05524879123392274,-1.270095028474065e-11,-2.15355722483669,-3.552287972106473,-0.30482686122555036,-6.546167188366193e-12
1.0333333333333332,1,56,-0.1003768020212951,-4.282783181909869e-12,2.094395147002397,2.382089627373209,0.050154171322600985,-3.1923739025964855e-12,1.8154017343289268,1.9596025022473704,0.11896567608446867,-1.2697297323082374e-11,-2.153557224852544,-3.5524359318482768,0.1118398054411163,-6.542027535249904e-12
1.0375,1,56,-0.10069162493839041,-4.290802612464197e-12,2.0943951380799177,2.3828464944960754,0.04691461280872063,-3.2059666476653752e-12,1.8177609343906143,1.96013755837372,0.054639069398699044,-1.2693164881965451e-11,-2.153557224868179,-3.5526033124500667,-0.30321090190279815,-6.537344520658498e-12
1.0416666666666667,1,56,-0.09884374664847288,-4.2997470265167334e-12,2.094395130941934,2.3836906607849166,0.049114843172972794,-3.2211272178808136e-12,1.8218851999884782,1.9607343293667467,0.11702578593356136,-1.2688555793558603e-11,-2.15355722487886,-3.55278999919754,0.11345576476386851,-6.532121354096252e-12
1.0458333333333334,1,56,-0.09860472589486016,-4.30961029401287e-12,2.0943951252315474,2.384621547690326,0.04708230306531417,-3.2378452229452636e-12,1.8240011542520287,1.9613924062294217,0.05187894503560226,-1.2683473216700791e-11,-2.1535572248972583,-3.552995864144925,-0.30158961317208854,-6.5263616152606274e-12
1.05,1,56,-0.0964590817400985,-4.3203856551617474e-12,2.094395120663238,2.3856385172289167,0.04986578302755727,-3.256109205173136e-12,1.8279079489007088,1.9621113379487347,0.11377610887918226,-1.2677920634736317e-11,-2.153557224908367,-3.5532207662026694,0.11507705349457811,-6.5200692515889155e-12
1.0541666666666667,1,56,-0.09595312067923474,-4.332065725069074e-12,2.0943951170085904,2.386740872420566,0.04837055858366152,-3.2759066473433192e-12,1.8298274131393637,1.9628906318047972,0.04820210673017925,-1.2671901853127501e-11,-2.153557224926051,-3.5534645512341374,-0.2999808181442323,-6.513248575552866e-12
1.0583333333333333,1,56,-0.09352649939098381,-4.344642498798369e-12,2.0943951140848722,2.3879278577660896,0.05171271960854878,-3.2972239812778536e-12,1.8335722485574586,1.963729753708526,0.10974355258373485,-1.2665420996846611e-11,-2.153557224936945,-3.5537270521612454,0.11668584852243438,-6.505904261703135e-12
1.0625,1,56,-0.09387535742242642,-4.358107356857142e-12,2.094395111745898,2.389198659765023,0.04813324967122647,-3.3200465971408848e-12,1.83531928405771,1.9646281285676843,0.04465050603717398,-1.2658482507548817e-11,-2.153557224955729,-3.5540080890789705,-0.2983799358752721,-6.4980413434655765e-12
1.0666666666666667,1,56,-0.09037996830605148,-4.3724510711042635e-12,2.094395109874718,2.390552407473154,0.05378632254301198,-3.344358853451515e-12,1.8398827492169791,1.9655851406810179,0.15877934973623023,-1.26510911405281e-11,-2.1535572249639374,-3.554307469378647,0.11828673079139454,-6.489665209691591e-12
1.0708333333333333,1,56,-0.0899137475834202,-4.387663811074473e-12,2.0943951083777748,2.391988173099424,0.05218740756609712,-3.3701440878036948e-12,1.8419624409433406,1.9666001341602282,0.1394241769081639,-1.2643251961458205e-11,-2.1535572249783965,-3.5546249878799725,-0.29651627593684987,-6.4807816009648685e-12
1.075,1,56,-0.08611421287526796,-4.403735150715689e-12,2.09439510718022,2.393504972641792,0.058488126242790546,-3.397384628285799e-12,1.8477280216400869,1.9676724133794845,0.2752161108446243,-1.2634970342920895e-11,-2.153557225001748,-3.554960426971626,0.12015039072981679,-6.471396605667085e-12
1.0791666666666666,1,56,-0.0857288150115208,-4.420654075534503e-12,2.094395106222176,2.3951017665616163,0.056663537614155775,-3.4260618055920765e-12,1.851186676327449,1.968801243452172,0.27485134526414057,-1.2626251960723838e-11,-2.1535572250134427,-3.55531355676041,-0.2940602832871981,-6.461516655805226e-12
1.0833333333333333,1,56,-0.08071663167612686,-4.438408990144962e-12,2.0943951054557406,2.396777460496107,0.0648279351057554,-3.4561559658176593e-12,1.855283244290728,1.9699858507345445,0.32296772405290636,-1.2617102790010698e-11,-2.1535572250293433,-3.5556841352288067,0.12260638337946858,-6.451148522603412e-12
1.0875,1,56,-0.07952308313825894,-4.45698772621547e-12,2.0943951048425924,2.3985309060083435,0.06372611733836886,-3.4876464839283654e-12,1.8578296193009711,1.9712254233559436,0.2465772875372585,-1.260752910116607e-11,-2.153557225040885,-3.556071908400844,-0.29137484258979335,-6.440299311862242e-12
1.0916666666666666,1,56,-0.07529561345181854,-4.476377550808355e-12,2.094395104352074,2.4003609013743583,0.07027594849726156,-3.5205117778960677e-12,1.8612343436042982,1.9725191117752126,0.2918631476097317,-1.2597537455518074e-11,-2.153557225047634,-3.55647661051616,0.1252918240768733,-6.428976459088824e-12
1.0958333333333332,1,56,-0.07474643463192952,-4.496565175106382e-12,2.094395103959659,2.402266192406738,0.06786088112915811,-3.5547293234899395e-12,1.8630484244257608,1.9738660293629298,0.21287350704514982,-1.2587134700841542e-11,-2.1535572250587873,-3.5568979642121397,-0.2888114203490614,-6.4171877244008635e-12
1.1,1,56,-0.07131262898481217,-4.5175367635202525e-12,2.094395103645727,2.4042454733141807,0.07286656756846022,-3.590275669713437e-12,1.8664674887510166,1.9752652530090609,0.2760346093985526,-1.25763279666649e-11,-2.1535572250658417,-3.5573356807140075,0.12785524631760528,-6.404941187208252e-12
1.1041666666666667,1,56,-0.07141744509095246,-4.5392779431708215e-12,2.094395103394582,2.4062973875964193,0.06919835940498364,-3.6271264548764338e-12,1.8682597442465956,1.9767158237556115,0.21258891562488225,-1.2565124659383944e-11,-2.153557225076624,-3.5577894600327373,-0.2863110020606103,-6.3922452406758566e-12
1.1083333333333334,1,56,-0.06833224762566811,-4.561773813739552e-12,2.0943951031936656,2.4084205289739002,0.07360462700192992,-3.6652564232915195e-12,1.8716323254401486,1.9782167474538495,0.28918574084084353,-1.2553532457185868e-11,-2.1535572250830692,-3.558258991170651,0.13035566460605638,-6.379108585971251e-12
1.1125,1,56,-0.06876208696164861,-4.585008957680452e-12,2.0943951030329324,2.410613442351577,0.06935001056945468,-3.704639442582977e-12,1.873417385343808,1.9797669954456452,0.2374399939728179,-1.2541559304787013e-11,-2.153557225093154,-3.5587439523345594,-0.28374738546107525,-6.365540226301381e-12
1.1166666666666667,1,56,-0.06748955767794122,-4.608967450786483e-12,2.094395102904346,2.412874624816158,0.0697845575323977,-3.745248521596609e-12,1.8762192374531295,1.9813655052684611,0.2817060386215198,-1.2529213407987963e-11,-2.1535572250999038,-3.559244011156306,0.1329192812055914,-6.351549460742208e-12
1.1208333333333333,1,56,-0.06856777851050432,-4.633632873103226e-12,2.0943951028014767,2.4152025266661314,0.0641728039967628,-3.78705582889813e-12,1.8775483472086996,1.9830111813835125,0.2009586899552908,-1.2516503228049693e-11,-2.1535572251089805,-3.5597588249205527,-0.28122658772361014,-6.337145877865594e-12
1.125,1,56,-0.0661756927279567,-4.6589883201822884e-12,2.094395102719181,2.417595552473851,0.06733775320958668,-3.830032711847434e-12,1.8806410801210758,1.9847028959265933,0.26236312452917077,-1.2503437475894643e-11,-2.1535572251153194,-3.560288040799661,0.1354400789430565,-6.322339349167765e-12
1.1291666666666667,1,56,-0.06618017884885907,-4.6850164146667775e-12,2.094395102653345,2.4200520621789616,0.06449096251015783,-3.874149716235693e-12,1.8822277033080586,1.9864394894810589,0.19665957376409884,-1.2490025106136692e-11,-2.153557225124396,-3.560831296095502,-0.2787954288603043,-6.30714002230389e-12
1.1333333333333333,1,56,-0.06293221674343397,-4.711699318200863e-12,2.094395102600676,2.422570372212417,0.0697872619563646,-3.919376606471793e-12,1.8855530770815787,1.9882197718724315,0.2713746652819652,-1.2476275310944109e-11,-2.153557225130801,-3.5613882184880326,0.13787123780636237,-6.291558314133378e-12
1.1375,1,56,-0.0632728263208113,-4.739018743655306e-12,2.0943951025585408,2.4251487566503127,0.0663442914902607,-3.965682386304299e-12,1.8873636014047577,1.9900425229840872,0.21796840688222363,-1.2462197513739703e-11,-2.153557225140024,-3.5619584262904636,-0.2763108589965506,-6.275604903580685e-12
1.1416666666666666,1,56,-0.062107926308204456,-4.7669559676605345e-12,2.0943951025248326,2.4277854483967483,0.06704341629064724,-4.0130353200647385e-12,1.890325241435241,1.991906493593463,0.2609747650325265,-1.2447801362742474e-11,-2.153557225146657,-3.5625415287108493,0.14035580767011605,-6.259290724316512e-12
1.1458333333333333,1,56,-0.06320277107723174,-4.795491843438711e-12,2.094395102497866,2.430478640394906,0.06185261078700318,-4.061402954417646e-12,1.8918806026300659,1.99381040622821,0.17903781267635008,-1.2433096724355212e-11,-2.153557225154941,-3.5631371261199183,-0.2738819091738539,-6.242626957264417e-12
1.15,1,56,-0.060741368664134245,-4.824606813925977e-12,2.094395102476293,2.433226486865519,0.06553242908776162,-4.110752140602451e-12,1.8953814754803284,1.9957529560417113,0.2394852344721423,-1.2418093676402557e-11,-2.153557225160963,-3.5637448103249563,0.14278475749281275,-6.225625022937963e-12
1.1541666666666666,1,56,-0.06170217743349561,-4.854280925175883e-12,2.094395102459034,2.436027104571873,0.0607503904524164,-4.16104905715199e-12,1.8974050491578953,1.9977328117073572,0.17346902854413818,-1.2402802501224154e-11,-2.153557225169788,-3.5643641648495645,-0.271548733746726,-6.208296573613671e-12
1.1583333333333332,1,56,-0.05904741383083762,-4.884493840034836e-12,2.0943951024452274,2.438878574110488,0.06486435954054733,-4.212259233072047e-12,1.901354164078388,1.9997486163309703,0.24783135669409612,-1.238723367862766e-11,-2.153557225175581,-3.564994765219088,0.14511793291994066,-6.190653485345134e-12
1.1625,1,56,-0.05986048716042211,-4.915224852080161e-12,2.094395102434182,2.4417789412265747,0.06044612580556907,-4.264347571466056e-12,1.9038581269080874,2.0017989883807537,0.1939845227356212,-1.2371397878706404e-11,-2.153557225183777,-3.565636179251534,-0.26917555924212655,-6.172707849823758e-12
1.1666666666666667,1,56,-0.058828799655867646,-4.9464528998112476e-12,2.0943951024253455,2.444726218153389,0.06090951970173278,-4.3172783735887445e-12,1.9073847360008809,2.003882522634122,0.23632326912203902,-1.2355305954526634e-11,-2.1535572251892945,-3.5662879673537637,0.1474911074245401,-6.154471966091727e-12
1.1708333333333334,1,56,-0.06001598907856075,-4.978156581084057e-12,2.0943951024182765,2.4477183849745443,0.05558506957266863,-4.371015363312294e-12,1.9095677016301191,2.0059977911407736,0.15373343621200486,-1.2338968934689374e-11,-2.153557225196603,-3.5669496828227687,-0.26686684225436286,-6.135958332112845e-12
1.175,1,56,-0.057541179117019774,-5.010314167779081e-12,2.094395102412621,2.4507533910083645,0.05924933838658662,-4.425521711988171e-12,1.9137404983478066,2.0081433442013337,0.2136163988870076,-1.232239801577197e-11,-2.153557225201918,-3.5676208721518208,0.1497998244123038,-6.117179636207068e-12
1.1791666666666667,1,56,-0.05846859511055059,-5.0429036206927045e-12,2.0943951024080967,2.4538291562133154,0.05452591885574675,-4.480760063687645e-12,1.9165053191403183,2.0103177113609076,0.1470200656893692,-1.2305604554654508e-11,-2.153557225209449,-3.56830107534128,-0.26466449442567164,-6.09814874835455e-12
1.1833333333333333,1,56,-0.055941655940110704,-5.0759026046417815e-12,2.0943951024044773,2.456943572613563,0.058456921631265264,-4.536692560803678e-12,1.9208001493755154,2.0125194024168556,0.24040913317948984,-1.2288600060736389e-11,-2.1535572252136275,-3.5689898262138566,0.15200217224099502,-6.078878711375213e-12
1.1875,1,56,-0.056921679075244654,-5.109288503771047e-12,2.094395102401582,2.460094505743676,0.0538460241295085,-4.593280869996639e-12,1.9237366208022442,2.014746908440106,0.20311751664603797,-1.227139618804835e-11,-2.1535572252203554,-3.569686652734108,-0.2623345033738861,-6.059382731989842e-12
1.1916666666666667,1,56,-0.05530017817055158,-5.143038437052903e-12,2.0943951023992655,2.4632797961114794,0.055638183136773316,-4.6504862084660556e-12,1.9280236046969446,2.0169987028092957,0.25984277411320056,-1.225400472726538e-11,-2.153557225226924,-3.570391077331943,0.15433216329278057,-6.0396741717688615e-12
1.1958333333333333,1,56,-0.05612759264916501,-5.177129273968924e-12,2.0943951023974123,2.466497260678064,0.051209713609306894,-4.7082693705304105e-12,1.9310917242841925,2.019273242257044,0.1899011858699942,-1.2236437597625975e-11,-2.1535572252326163,-3.57110261722993,-0.2599221300042587,-6.019766537974984e-12
1.2,1,56,-0.05340984624415231,-5.211537650362364e-12,2.09439510239593,2.469744694353931,0.05561951259487809,-4.766590754496758e-12,1.935192138774984,2.02156896792763,0.26055104892156516,-1.2218706838763293e-11,-2.153557225236299,-3.5718207847741645,0.15674453666240798,-5.999673474306001e-12
1.2041666666666666,1,56,-0.05432243827385805,-5.246239984450777e-12,2.094395102394744,2.4730198715102527,0.05110689454549377,-4.825410389801747e-12,1.938065887078544,2.023884306445352,0.20332667386371062,-1.220082460245379e-11,-2.1535572252418067,-3.5725450877684852,-0.2575047235878708,-5.979408751544082e-12
1.2083333333333333,1,56,-0.05342554705343215,-5.281212492987802e-12,2.0943951023937952,2.4763205475042045,0.051463939227237396,-4.884687964405444e-12,1.9414055996076134,2.0262176709928443,0.2424818066875066,-1.2182803144288988e-11,-2.153557225245375,-3.5732750298117995,0.15916194307879586,-5.958986258117962e-12
1.2125,1,56,-0.05486461824319193,-5.316431207563002e-12,2.0943951023930363,2.479644460217333,0.0457456935102131,-4.944382852419199e-12,1.9436020709504347,2.0285674623986,0.15702441770348796,-1.2164654815276128e-11,-2.1535572252503155,-3.5740101106382927,-0.25518053468399654,-5.9384199905845085e-12
1.2166666666666666,1,56,-0.052131006947205294,-5.3518719910286215e-12,2.094395102392429,2.4829893316058977,0.050454670011744945,-5.004454141948592e-12,1.947438224271665,2.0309320702329643,0.22397665810852002,-1.2146392053373383e-11,-2.1535572252537016,-3.5747498264602835,0.16148613198267012,-5.917724044036182e-12
1.2208333333333332,1,56,-0.052937497707145946,-5.38751055404198e-12,2.0943951023919434,2.486352869262128,0.04645701415079112,-5.064860663132407e-12,1.9500637167500687,2.033309873911843,0.16342868219976267,-1.2128027374965516e-11,-2.1535572252586244,-3.5754936703134983,-0.25294407745716835,-5.896912602440961e-12
1.225,1,56,-0.05153845535843427,-5.423322471712176e-12,2.094395102391555,2.4897327679853287,0.04830034020539967,-5.125561016358402e-12,1.9535238668669679,2.0356992438073673,0.20950591171316704,-1.2109573366285771e-11,-2.153557225261843,-3.576241132404515,0.1637225892094983,-5.8759999289213575e-12
1.2291666666666667,1,56,-0.05247052631292305,-5.45928320033968e-12,2.094395102391244,2.4931267113617426,0.0441857328612265,-5.186513600636519e-12,1.9558334565961832,2.0380985423647635,0.13009076624191382,-1.2091042674789901e-11,-2.1535572252662205,-3.5769917004601535,-0.250783343026669,-5.855000355979194e-12
1.2333333333333334,1,56,-0.04922569745748546,-5.49536809423737e-12,2.0943951023909952,2.496532373352112,0.05046304111838535,-5.247676642110147e-12,1.960110702058573,2.0405061252246477,0.21236192986955899,-1.2072448000488227e-11,-2.1535572252692585,-3.57774486007856,0.16588332363999767,-5.833928275672812e-12
1.2375,1,56,-0.049572295294012206,-5.53155242262145e-12,2.0943951023907963,2.499947419885825,0.04802003510842218,-5.309008222685821e-12,1.9632050376414039,2.0429203423499893,0.16518754301346897,-1.2053802087241691e-11,-2.153557225273386,-3.578500095081753,-0.2486029524271942,-5.81279812975348e-12
1.2416666666666667,1,56,-0.04782758909135475,-5.567811386560693e-12,2.094395102390637,2.503369510460572,0.050940469771979344,-5.370466308761797e-12,1.9669328213743449,2.045339539156963,0.21314886547161435,-1.203511771402785e-11,-2.1535572252760855,-3.579256887869387,0.16806371423947244,-5.791624399767735e-12
1.2458333333333333,1,56,-0.04850656031705004,-5.604120135972391e-12,2.0943951023905094,2.5067962997464117,0.047729059414429356,-5.4320087800357775e-12,1.9695708217814603,2.047762057648919,0.13537660610024002,-1.2016407686182796e-11,-2.153557225279608,-3.580014719773487,-0.24641996374404168,-5.770421597132459e-12
1.25,1,56,-0.04527011196241882,-5.640453786653358e-12,2.0943951023904077,2.510225439193139,0.054295899710589964,-5.4935934583720664e-12,1.9742083605272795,2.050186237552691,0.21933215789037255,-1.1997684826625028e-11,-2.153557225282134,-3.5807730714139203,0.17024670292262498,-5.749204253189475e-12
1.2541666666666667,1,56,-0.04567178855839224,-5.676787437334327e-12,2.094395102390326,2.513654578639866,0.05200979916855903,-5.555178136708355e-12,1.9777272455218315,2.0526104174564623,0.17355533231823092,-1.197896196706726e-11,-2.153557225285352,-3.5815314230543542,-0.24419965187021836,-5.72798690924649e-12
1.2583333333333333,1,56,-0.04462785633003873,-5.713096186746024e-12,2.0943951023902607,2.5170813679257056,0.05351435835798696,-5.616720607982335e-12,1.981905173480668,2.0550329359484185,0.2230748195832076,-1.1960251939222207e-11,-2.153557225287578,-3.582289254958454,0.1724670147964483,-5.706784106611215e-12
1.2625,1,56,-0.04604286245356754,-5.749355150685267e-12,2.0943951023902088,2.520503458500453,0.048761946397377756,-5.678178694058311e-12,1.985064369822874,2.0574521327553925,0.1466031531704263,-1.1941567566008365e-11,-2.153557225290273,-3.583046047746088,-0.2419666754559115,-5.68561037662547e-12
1.2666666666666666,1,56,-0.043318214885088996,-5.785539479069347e-12,2.094395102390167,2.5239185050341657,0.05442734252158764,-5.739510274633986e-12,1.990090515108089,2.0598663498807337,0.23165876952331776,-1.192292165276183e-11,-2.153557225292178,-3.583801282749281,0.17469999121075516,-5.664480230706137e-12
1.2708333333333333,1,56,-0.04424200871434233,-5.821624372967038e-12,2.0943951023901337,2.527324167024535,0.051126771396524356,-5.800673316107613e-12,1.9935152271365544,2.062273932740618,0.18637511149696695,-1.1904326978460155e-11,-2.153557225294451,-3.5845544423676876,-0.23969433362638282,-5.643408150399755e-12
1.275,1,56,-0.04310199245409058,-5.857585101594541e-12,2.094395102390107,2.530718110400949,0.05289219243173321,-5.861625900385731e-12,1.9986353143358535,2.064673231298014,0.23673266572840565,-1.1885796286964285e-11,-2.153557225296793,-3.585305010423326,0.17697233304028384,-5.622408577457592e-12
1.2791666666666666,1,56,-0.04451017693667386,-5.893397019264734e-12,2.0943951023900857,2.534098009124149,0.048178932654469465,-5.922326253611722e-12,2.002254511112631,2.0670626011935385,0.16060318040787458,-1.1867342278284542e-11,-2.1535572252986523,-3.586052472514343,-0.23740546194524167,-5.60149590393799e-12
1.2833333333333332,1,56,-0.041602319072667884,-5.929035582278093e-12,2.0943951023900684,2.53746154678038,0.05410219970457943,-5.982732774795538e-12,2.00732897782055,2.069440404872417,0.2261655829494306,-1.1848977599876675e-11,-2.153557225300056,-3.586796316367557,0.17926120472142498,-5.580684462342768e-12
1.2875,1,56,-0.042442946120650166,-5.9644763657437144e-12,2.0943951023900547,2.5408064181689447,0.050828739591569506,-6.042804064324934e-12,2.010868974010381,2.0718050127067817,0.16374225458298702,-1.1830714837973928e-11,-2.1535572253017192,-3.5875360321895484,-0.23516522172220325,-5.559988515794441e-12
1.2916666666666667,1,56,-0.04155861178702636,-5.999695080318915e-12,2.0943951023900436,2.5441303308820733,0.05207895630611307,-6.1024989523386885e-12,2.015258689233199,2.0741548041125375,0.19873161276064139,-1.1812566508961068e-11,-2.1535572253029893,-3.5882711130160416,0.1815014449444634,-5.539422248260987e-12
1.2958333333333334,1,56,-0.043077460597113156,-6.03466758885594e-12,2.0943951023900347,2.547431006876025,0.0471203069163114,-6.161776526942386e-12,2.0184436603734195,2.07648816866003,0.10916815501836301,-1.1794545050796267e-11,-2.1535572253044406,-3.589001055059356,-0.23306060787443705,-5.5189997548348675e-12
1.3,1,56,-0.04031062929583319,-6.069369922944353e-12,2.0943951023900276,2.5507061840323466,0.05284987375988669,-6.220596162247374e-12,2.02308087628123,2.078803507177752,0.18263987225383913,-1.1776662814486763e-11,-2.1535572253054327,-3.5897253580536765,0.1836060587922296,-5.498735032072948e-12
1.3041666666666667,1,56,-0.041141605021299724,-6.103778299337792e-12,2.0943951023900222,2.553953617708214,0.0497204727949423,-6.278917546213723e-12,2.026718198690893,2.0810992328483375,0.12734168990555003,-1.175893205562408e-11,-2.1535572253067805,-3.590443525597911,-0.23103100736417753,-5.478641968403965e-12
1.3083333333333333,1,56,-0.04030934267578816,-6.1378691362538135e-12,2.094395102390018,2.5571710822747984,0.051103912423513954,-6.336700708278077e-12,2.0309930519158566,2.083373772296086,0.1881251283487335,-1.1741364925984676e-11,-2.1535572253076793,-3.591155065495898,0.18563565930248913,-5.458734334610088e-12
1.3125,1,56,-0.041838598862208594,-6.171619069535669e-12,2.0943951023900143,2.5603563726426017,0.04636358189470599,-6.393906046747493e-12,2.034333640149081,2.085625566665276,0.12124209757114728,-1.1723973465201706e-11,-2.153557225308773,-3.591859490093733,-0.22898463097618862,-5.439025774389108e-12
1.3166666666666667,1,56,-0.040833163603475754,-6.2050049686649355e-12,2.0943951023900116,2.5635073057727147,0.04839406101309192,-6.4504943559404545e-12,2.0383936869068955,2.087853072688526,0.1716670674691701,-1.1706769592513667e-11,-2.153557225309524,-3.5925563166139844,0.18768203569047803,-5.419529795003736e-12
1.3208333333333333,1,56,-0.04215346494721334,-6.2380039526140124e-12,2.0943951023900094,2.5666217221729624,0.044368178292796163,-6.506426853056488e-12,2.041528639568392,2.090054763744474,0.09566598246089492,-1.1689765098595548e-11,-2.153557225310483,-3.5932450674865613,-0.22702644616365872,-5.400259758024399e-12
1.325,1,56,-0.03932611545057235,-6.270593405527636e-12,2.0943951023900076,2.5696974873779133,0.05052906371760236,-6.561665204755962e-12,2.0461473304988007,2.0922291309040477,0.18121846994269064,-1.1672971637478088e-11,-2.1535572253111392,-3.5939252706760203,0.18964022050300794,-5.381228870171882e-12
1.3291666666666666,1,56,-0.040056569443242894,-6.302750992222659e-12,2.0943951023900063,2.5727324934117335,0.04781701756044152,-6.616171553431839e-12,2.049822928934574,2.0943746839646082,0.136288238106878,-1.1656400718560682e-11,-2.1535572253119564,-3.5945964600050724,-0.2250206455635389,-5.362450174266104e-12
1.3333333333333333,1,56,-0.03811403454733063,-6.334454673495469e-12,2.094395102390005,2.575724660232889,0.05178367468684004,-6.6699085431553876e-12,2.0549484541456335,2.0964899524712597,0.1965799185461548,-1.1640063698723422e-11,-2.1535572253126425,-3.5952581754740773,0.19164602110312776,-5.343936540287223e-12
1.3375,1,56,-0.03977730647781332,-6.365682721226555e-12,2.094395102390004,2.578671937159703,0.04665207564980095,-6.722839345278076e-12,2.0586339340572466,2.098573486724628,0.12910975653826737,-1.1623971774543652e-11,-2.153557225313261,-3.595909963576307,-0.22294588594747813,-5.325700656555191e-12
1.3416666666666666,1,56,-0.03882020296079095,-6.396413733271879e-12,2.094395102390003,2.58157230427579,0.04843123293499561,-6.774927683672082e-12,2.062732277540399,2.1006238587744113,0.16911668077136344,-1.1608135974622395e-11,-2.153557225313686,-3.5965513776087525,0.19372078071918852,-5.3077550210338155e-12
1.3458333333333332,1,56,-0.0402637995772803,-6.426626648130832e-12,2.0943951023900027,2.5844237738144042,0.04397034088878264,-6.8261378595921405e-12,2.065689619524336,2.1026396633980244,0.08369519532327334,-1.1592567152025902e-11,-2.153557225314212,-3.5971819779782765,-0.22101178328113247,-5.290111932765279e-12
1.35,1,56,-0.03725841309307435,-6.45630075938074e-12,2.0943951023900023,2.587224391520759,0.050485910829334145,-6.876434776141681e-12,2.0702573639010713,2.1046195190636703,0.1611607064121133,-1.1577275976847499e-11,-2.1535572253145916,-3.597801332502885,0.1956548833855342,-5.2727834834409864e-12
1.3541666666666667,1,56,-0.0377878443168374,-6.4854157298680056e-12,2.094395102390002,2.589972237991372,0.04810940427408874,-6.925783962326487e-12,2.073907731561371,2.106562068877172,0.10896131697293367,-1.1562272928894844e-11,-2.1535572253150495,-3.598409016707923,-0.21911226135090164,-5.255781549114532e-12
1.3583333333333334,1,56,-0.03616686791485657,-6.513951605646182e-12,2.0943951023900014,2.5926654299895295,0.051427165124574244,-6.9741515966793935e-12,2.0783099249120998,2.1084659815119187,0.17252451137707903,-1.1547568290507582e-11,-2.15355722531536,-3.599004614116992,0.197554405315765,-5.239117782062437e-12
1.3625,1,56,-0.03802740843874674,-6.541888829651411e-12,2.094395102390001,2.595302121735965,0.045798911955990805,-7.021504530439834e-12,2.081839512173735,2.1103299521212944,0.10801761213185783,-1.1533172139510353e-11,-2.153557225315722,-3.5995877165373775,-0.2171628438592624,-5.222803602798265e-12
1.3666666666666667,1,56,-0.03725211469699341,-6.569208255105853e-12,2.094395102390001,2.597880506173861,0.04720178912327872,-7.06781031027234e-12,2.0861772952928863,2.11215270323295,0.16075599573268481,-1.1519094342305947e-11,-2.15355722531597,-3.6001579243398085,0.19950382280740425,-5.206850192245571e-12
1.3708333333333333,1,56,-0.038865500842057234,-6.59589115863994e-12,2.094395102390001,2.600398816207316,0.042339778853739185,-7.1130372005084396e-12,2.0896595751689278,2.1139329856243227,0.08650536482127949,-1.1505344547113364e-11,-2.15355722531626,-3.600714846732339,-0.21528503124164938,-5.191268484075058e-12
1.375,1,56,-0.03599186358122369,-6.621919253124428e-12,2.094395102390001,2.6028553259124267,0.048545200698597885,-7.157154204896699e-12,2.094706457698846,2.115669579178788,0.17392153700025562,-1.1491932177355413e-11,-2.1535572253164648,-3.60125810202818,0.20138163542501727,-5.176069157211184e-12
1.3791666666666667,1,56,-0.03690468023769267,-6.647274700203491e-12,2.094395102390001,2.6052483517201463,0.04546876447889335,-7.200131087846003e-12,2.094644128873275,2.117361293721869,0.1277723313567008,-1.1478866425200363e-11,-2.153557273909033,-3.6017873179072883,-0.21403188566272183,-5.161262628513355e-12
1.3833333333333333,1,56,-0.0351188018064843,-6.671940122520234e-12,2.094395102390001,2.60757625357012,0.049236112544851274,-7.2419383951475235e-12,2.094594264365795,2.1190069698369203,0.1864707782489873,-1.1466156245262093e-11,-2.1535573243365294,-3.602302131671535,0.20263478100394483,-5.146859045636741e-12
1.3875,1,56,-0.03689372414048118,-6.695898615626265e-12,2.094395102390001,2.609837436034701,0.043774141879300336,-7.282547474161156e-12,2.0943051836148916,2.1206054796597367,0.11782133181801144,-1.1453810348463043e-11,-2.1535573243472212,-3.6028021904932817,-0.21204014354831605,-5.132868280077569e-12
1.3916666666666666,1,56,-0.03428216507971516,-6.719133759567164e-12,2.094395102390001,2.6120303494123776,0.04930165732590917,-7.321930493452613e-12,2.0960285535627774,2.122155727651532,0.21060762393154941,-1.1441837196064188e-11,-2.153557324347408,-3.6032871516571903,0.2046265231183506,-5.119299920407698e-12
1.3958333333333333,1,56,-0.03553308505584947,-6.741629630135895e-12,2.094395102390001,2.6141534907898585,0.04522467430302937,-7.360060461867698e-12,2.09570179174513,2.12365665134977,0.1707845277141134,-1.1430244993866112e-11,-2.153557383970963,-3.6037566827951037,-0.21014708782887728,-5.1061632657030925e-12
1.4,1,56,-0.034039620789071606,-6.7633708097864644e-12,2.094395102390001,2.616205405072097,0.04825387919060436,-7.396911247030697e-12,2.0954403925453193,2.1251072220963207,0.23509927101907607,-1.1419041686585157e-11,-2.1535574356245437,-3.6042104621138336,0.20651957883778937,-5.093467319170697e-12
1.4041666666666666,1,56,-0.03531392977288702,-6.7843423982003336e-12,2.094395102390001,2.6181846859795392,0.04414764949195255,-7.432457593254191e-12,2.095023751452794,2.126506445742452,0.1712371651281375,-1.1408234952408514e-11,-2.153557435635156,-3.6046481786157014,-0.20795003081532332,-5.0812207819780864e-12
1.4083333333333332,1,56,-0.03227040422350466,-6.8045300224983606e-12,2.094395102390001,2.6200899770119195,0.050851544014613115,-7.466675138848064e-12,2.09489796692844,2.127853363330169,0.24770646424675233,-1.1397832197731982e-11,-2.153557481818276,-3.6050695323116813,0.20871663585134334,-5.069432047290125e-12
1.4125,1,56,-0.03320966175206597,-6.823919847091247e-12,2.094395102390001,2.6219199723779343,0.047535957711934446,-7.499540432815767e-12,2.094607423824484,2.1291470517494377,0.1946423708246674,-1.1387840552083986e-11,-2.1535574818296985,-3.605474234426997,-0.20569593450238785,-5.0581091945167075e-12
1.4166666666666667,1,56,-0.03189194343929647,-6.842498583161755e-12,2.094395102390001,2.6236734178901706,0.05033171635998026,-7.531030950926472e-12,2.0945649007710228,2.130386624370837,0.23773054500512641,-1.1378266863239358e-11,-2.1535575311055877,-3.6058620075990344,0.2109707321642788,-5.047259983775537e-12
1.4208333333333334,1,56,-0.033426618828718856,-6.860253497772214e-12,2.094395102390001,2.6253491118246615,0.0458500586010096,-7.561125111152056e-12,2.0943898242726164,2.1315712316532096,0.15527941529921668,-1.1369117692526218e-11,-2.1535575311176665,-3.606232586067431,-0.20348114182578264,-5.0368918505737235e-12
1.425,1,56,-0.030593470973968463,-6.877172422591028e-12,2.094395102390001,2.6269459057444857,0.05228469073469473,-7.589802288458335e-12,2.095739256223406,2.132700061725897,0.21611609691187647,-1.136039931032916e-11,-2.153557531117847,-3.606585715856215,0.21318552484088402,-5.027011900711865e-12
1.4291666666666667,1,56,-0.03166310231658567,-6.8932437622322435e-12,2.094395102390001,2.6284627052868537,0.04893966395605806,-7.617042828940438e-12,2.095470351068722,2.1337723409451534,0.1485292878959875,-1.135211769179185e-11,-2.1535575928400323,-3.6069211549478686,-0.2015766975154524,-5.017626905414081e-12
1.4333333333333333,1,56,-0.028667426791198707,-6.9084565022024534e-12,2.094395102390001,2.629898470913124,0.05583433012504409,-7.642828063292618e-12,2.095255250636951,2.134787334424364,0.23140667908429002,-1.1344278512721956e-11,-2.1535576356186783,-3.607238673449194,0.21508996915121426,-5.008743296687358e-12
1.4375,1,56,-0.02964958698218307,-6.922800216449575e-12,2.094395102390001,2.631252218621255,0.05280984977099154,-7.667140319603248e-12,2.094808141617151,2.1357443465376975,0.1839304947707231,-1.1336887145701239e-11,-2.1535576356281476,-3.6075380537488706,-0.19937428698560555,-5.000367162913373e-12
1.4416666666666667,1,56,-0.02855753744414089,-6.936265074508348e-12,2.094395102390001,2.632523020620188,0.05499385220580766,-7.68996293546628e-12,2.094725467377244,2.1366427213968553,0.23189467939613295,-1.1329948656403445e-11,-2.153557691073714,-3.6078190906665957,0.2172923796810611,-4.992504244675815e-12
1.4458333333333333,1,56,-0.030247939797572874,-6.948841848237643e-12,2.094395102390001,2.6337100059657117,0.050019678997829074,-7.711280269400813e-12,2.0944597695916256,2.1374818433005847,0.15365179701251172,-1.1323467800122555e-11,-2.153557691084279,-3.6080815915937037,-0.1971697302897366,-4.985159930826083e-12
1.45,1,56,-0.028174227353983138,-6.9605219181449695e-12,2.094395102390001,2.634812361157361,0.05437969621614525,-7.731077711570997e-12,2.094446782561791,2.138261137156647,0.21748279152301087,-1.1317449018513739e-11,-2.153557736284244,-3.6083253766251717,0.21949693637693005,-4.978339254790034e-12
1.4541666666666666,1,56,-0.029913387127516775,-6.971297279293847e-12,2.094395102390001,2.6358293306959517,0.049055657187551886,-7.74934169379887e-12,2.0941783787028854,2.13898006887596,0.15326835136627742,-1.1311896436549265e-11,-2.1535577362943763,-3.608550278682916,-0.19502868676846485,-4.972046891118322e-12
1.4583333333333333,1,56,-0.029002671015869067,-6.981160546789984e-12,2.094395102390001,2.636760217601361,0.050700668151227785,-7.76605969886332e-12,2.094759919604326,2.139638145738635,0.18675074775307066,-1.1306813859691453e-11,-2.15355773629455,-3.608756143630301,0.2216379798982018,-4.966287152282697e-12
1.4625,1,56,-0.03066498213788752,-6.990104960842519e-12,2.094395102390001,2.6376043838902024,0.04565506901023599,-7.781220269078757e-12,2.0946868793818623,2.1402349167316617,0.09552252736244148,-1.1302204771284605e-11,-2.1535578005141622,-3.6089428303777744,-0.19309893153081473,-4.961063985720452e-12
1.4666666666666666,1,56,-0.029695287846165187,-6.998124391396848e-12,2.094395102390001,2.6383612510130687,0.047802922287017324,-7.794813014147647e-12,2.0946284750366555,2.140769972858011,0.12445969919762645,-1.1298072330167682e-11,-2.153557842577199,-3.6091102109795643,0.22356773513585193,-4.956380971129046e-12
1.4708333333333332,1,56,-0.031042945193019384,-7.005213342335844e-12,2.094395102390001,2.63903030025104,0.04386947712595762,-7.80682861828149e-12,2.0941979580662577,2.141242947416941,0.029425467311328522,-1.1294419368509406e-11,-2.15355784258512,-3.6092581707213682,-0.19139134235931318,-4.952241318012756e-12
1.475,1,56,-0.029816154341132932,-7.011366955246636e-12,2.094395102390001,2.639611073071189,0.04670699943261923,-7.817258846585404e-12,2.0953378709175117,2.141653516255314,0.06557026347312007,-1.129124838986723e-11,-2.1535578425853283,-3.609386608198969,0.22527532430735348,-4.94864786348305e-12
1.4791666666666667,1,56,-0.030764815009340064,-7.016581012750316e-12,2.094395102390001,2.6401031714408343,0.04395426359158409,-7.826096550701914e-12,2.0951492452687153,2.1420013979897568,-0.023596426727313224,-1.128856156747152e-11,-2.153557904936577,-3.6094954353877355,-0.19011067754975589,-4.945603070314165e-12
1.4833333333333334,1,56,-0.029036963146738856,-7.0208519413923176e-12,2.094395102390001,2.6405062581003347,0.04808514288554429,-7.83333567371007e-12,2.0949983749890095,2.142286354199505,0.026599273436137095,-1.1286360742736138e-11,-2.153557942565103,-3.6095845777029485,0.22655598911691077,-4.943109025255248e-12
1.4875,1,56,-0.030249833941717697,-7.0241768140914865e-12,2.094395102390001,2.640820056794228,0.0445300064298053,-7.838971254276564e-12,2.0942833814400443,2.1425081895898077,-0.04965616283235763,-1.1284647423996422e-11,-2.153557942569793,-3.6096539740509175,-0.18886932503255388,-4.941167437600202e-12
1.4916666666666667,1,56,-0.02879250174444398,-7.026553352146157e-12,2.094395102390001,2.6410443524605647,0.04780143775187594,-7.84299943005598e-12,2.0959980872221267,2.1426667521257685,0.032619483973003044,-1.1283422785475455e-11,-2.153557942570047,-3.6097035768708525,0.22779734163411278,-4.9397796380162225e-12
1.4958333333333333,1,56,-0.030313070252476003,-7.027979926795858e-12,2.094395102390001,2.6411789913782977,0.043411317470662125,-7.84541744033785e-12,2.095677420465041,2.1427619331365455,-0.01629345278628739,-1.1282687666479306e-11,-2.1535580037847155,-3.6097333521674586,-0.18784360352424836,-4.9389465776318194e-12
1.5,1,56,-0.028884064802648605,-7.0284555603375814e-12,2.094395102390001,2.6412238812726394,0.046455990779382735,-7.846223627938712e-12,2.095420909043581,2.1427936673898285,0.06911505156074829,-1.1282442570821816e-11,-2.1535580467316877,-3.6097432795342344,0.2288230631424183,-4.93866882738497e-12
1.5041666666666667,1,56,-0.024697845658964962,-7.0284555603375814e-12,2.0944088781072043,2.6412238812726394,0.04851712941889991,-7.846223627938712e-12,2.079895763158276,2.1427936673898285,0.05880850895328487,-1.1282442570821816e-11,-2.1535580467316877,-3.6097432795342344,0.4890374286212105,-4.93866882738497e-12
1.5083333333333333,1,56,-0.056301686246163204,-7.0284555603375814e-12,2.0947556522947615,2.6412238812726394,0.0039035757028004184,-7.846223627938712e-12,1.9768249947431369,2.1427936673898285,-0.08968163573068162,-1.1282442570821816e-11,-2.153683139809931,-3.6097432795342344,0.07237076195454387,-4.93866882738497e-12
1.5125,1,56,-0.08239996683046717,-7.0284555603375814e-12,2.0946879356281043,2.6412238812726394,-0.0374892825062428,-7.846223627938712e-12,1.8686939053860594,2.1427936673898285,-0.20439706293935067,-1.1282442570821816e-11,-2.153683139809931,-3.6097432795342344,0.08501527295120768,-4.93866882738497e-12
1.5166666666666666,1,56,-0.11352533167207048,-7.0284555603375814e-12,2.0864258051084823,2.6412238812726394,-0.0887450786957054,-7.846223627938712e-12,1.761923794864919,2.1427936673898285,-0.34021989711921785,-1.1282442570821816e-11,-2.1536825057608735,-3.6097432795342344,-0.331651393715459,-4.93866882738497e-12
1.5208333333333333,1,56,-0.14332566604601688,-7.0284555603375814e-12,2.070997196532114,2.6412238812726394,-0.13949334287991777,-7.846223627938712e-12,1.6590613222458859,2.1427936673898285,-0.4799889719784106,-1.1282442570821816e-11,-2.15368205986169,-3.6097432795342344,-0.3099819294794204,-4.93866882738497e-12
1.525,1,56,-0.17214784753952334,-7.0284555603375814e-12,2.050806563372062,2.6412238812726394,-0.19583499751244193,-7.846223627938712e-12,1.5570299191051076,2.1427936673898285,-0.5987563474972891,-1.1282442570821816e-11,-2.153633080050853,-3.6097432795342344,-0.6813111360381576,-4.93866882738497e-12
1.5291666666666666,1,56,-0.19169772398156393,-7.0284555603375814e-12,2.0281553677656685,2.6412238812726394,-0.24934153340513182,-7.846223627938712e-12,1.455959249523328,2.1427936673898285,-0.6051715583731035,-1.1282442570821816e-11,-2.15359833988023,-3.6097432795342344,-1.0979778027048244,-4.93866882738497e-12
1.5333333333333332,1,56,-0.19524991061026264,-7.0284555603375814e-12,2.00586422046176,2.6412238812726394,-0.28605402119258994,-7.846223627938712e-12,1.3563561463782894,2.1427936673898285,-0.4757697384868347,-1.1282442570821816e-11,-2.15359833988023,-3.6097432795342344,-1.2377034907228621,-4.93866882738497e-12
1.5375,1,56,-0.1859741187167319,-7.0284555603375814e-12,1.988522653061237,2.6412238812726394,-0.2707679888302465,-7.846223627938712e-12,1.3023347487891275,2.1427936673898285,-0.5097522486970469,-1.1282442570821816e-11,-2.131524166099801,-3.6097432795342344,-1.3181109336187844,-4.93866882738497e-12
1.5416666666666667,1,56,-0.17716023793757243,-7.0284555603375814e-12,1.9771620886794758,2.6412238812726394,-0.2432631664683998,-7.846223627938712e-12,1.274964233865855,2.1427936673898285,-0.5680793035193525,-1.1282442570821816e-11,-2.101416266212827,-3.6097432795342344,-1.3784124716986745,-4.93866882738497e-12
1.5458333333333334,1,56,-0.17065009316310217,-7.0284555603375814e-12,1.9690947640952046,2.6412238812726394,-0.21705747100500725,-7.846223627938712e-12,1.264189735656053,2.1427936673898285,-0.6221149211058296,-1.1282442570821816e-11,-2.082176087440977,-3.6097432795342344,-1.3491548996461524,-4.93866882738497e-12
1.55,1,56,-0.1599611355396748,-7.0284555603375814e-12,1.956357753626763,2.6412238812726394,-0.1870987434019304,-7.846223627938712e-12,1.2524245269436955,2.1427936673898285,-0.6868581497239286,-1.1282442570821816e-11,-2.192842026847042,-3.6097432795342344,-1.2420473698479086,-4.93866882738497e-12
1.5541666666666667,1,56,-0.16281518412613868,-7.0284555603375814e-12,1.9526587271128366,2.6412238812726394,-0.179778053611642,-7.846223627938712e-12,1.2674884550265437,2.1427936673898285,-0.7394426681626322,-1.1282442570821816e-11,-2.1688307820981487,-3.6097432795342344,-1.1761919313093052,-4.93866882738497e-12
1.5583333333333333,1,56,-0.16208372835738047,-7.0284555603375814e-12,1.9533050936079046,2.6412238812726394,-0.16213244406656724,-7.846223627938712e-12,1.297923069263141,2.1427936673898285,-0.8030802918311014,-1.1282442570821816e-11,-2.1564865005509466,-3.6097432795342344,-1.0873252863667018,-4.93866882738497e-12
1.5625,1,56,-0.16370517023220077,-7.0284555603375814e-12,1.9552445352726826,2.6412238812726394,-0.14811583923890465,-7.846223627938712e-12,1.3382116269091466,2.1427936673898285,-0.8966145241706225,-1.1282442570821816e-11,-2.144003264998098,-3.6097432795342344,-1.0330411931296541,-4.93866882738497e-12
1.5666666666666667,1,56,-0.17432840700580754,-7.0284555603375814e-12,1.9554992142528054,2.6412238812726394,-0.16305215663380693,-7.846223627938712e-12,1.3784571863258226,2.1427936673898285,-0.8859936995362453,-1.1282442570821816e-11,-2.1219744589711262,-3.6097432795342344,-0.9295328520450009,-4.93866882738497e-12
1.5708333333333333,1,56,-0.18450895484694732,-7.0284555603375814e-12,1.95643077450869,2.6412238812726394,-0.18049913021084485,-7.846223627938712e-12,1.4166349310614772,2.1427936673898285,-0.8407322230691211,-1.1282442570821816e-11,-2.1112165160890735,-3.6097432795342344,-0.9076290246916966,-4.93866882738497e-12
1.575,1,56,-0.19404782956667113,-7.0284555603375814e-12,1.9576951449294422,2.6412238812726394,-0.20206458010844822,-7.846223627938712e-12,1.4523266145517468,2.1427936673898285,-0.7313670328289622,-1.1282442570821816e-11,-2.1057817273898096,-3.6097432795342344,-0.8740235293039567,-4.93866882738497e-12
1.5791666666666666,1,56,-0.19220761967260083,-7.0284555603375814e-12,1.962855069761522,2.6412238812726394,-0.20183323957223676,-7.846223627938712e-12,1.5016213796309064,2.1427936673898285,-0.5925269248689151,-1.1282442570821816e-11,-2.100973089047976,-3.6097432795342344,-0.7449322959101417,-4.93866882738497e-12
1.5833333333333333,1,56,-0.18501872586171839,-7.0284555603375814e-12,1.9695972043650314,2.6412238812726394,-0.186890379664388,-7.846223627938712e-12,1.564358411782949,2.1427936673898285,-0.5208694364890879,-1.1282442570821816e-11,-2.0996116232413673,-3.6097432795342344,-0.7879403795074182,-4.93866882738497e-12
1.5875,1,56,-0.17050237625992404,-7.0284555603375814e-12,1.9755543893827332,2.6412238812726394,-0.16775336572415026,-7.846223627938712e-12,1.625358442168864,2.1427936673898285,-0.3520249749897796,-1.1282442570821816e-11,-2.096986860723438,-3.6097432795342344,-0.6670211460272052,-4.93866882738497e-12
1.5916666666666666,1,56,-0.15701456238375583,-7.0284555603375814e-12,1.9767975148120285,2.6412238812726394,-0.1511092698775592,-7.846223627938712e-12,1.6810529497744326,2.1427936673898285,-0.22440217673786492,-1.1282442570821816e-11,-2.0958678030436793,-3.6097432795342344,-0.6820616207313096,-4.93866882738497e-12
1.5958333333333332,1,56,-0.14154352741757578,-7.0284555603375814e-12,1.9741230492778006,2.6412238812726394,-0.13150632188016037,-7.846223627938712e-12,1.7296976639127992,2.1427936673898285,-0.11520657938627953,-1.1282442570821816e-11,-2.0936026016741796,-3.6097432795342344,-0.5721236462478723,-4.93866882738497e-12
1.6,1,56,-0.12732494341417552,-7.0284555603375814e-12,1.9660217936581779,2.6412238812726394,-0.11355981038432922,-7.846223627938712e-12,1.778339185284811,2.1427936673898285,-0.04368799862200878,-1.1282442570821816e-11,-2.168359324751829,-3.6097432795342344,-0.6462872622262958,-4.93866882738497e-12
1.6041666666666667,1,56,-0.10880984392217402,-7.0284555603375814e-12,1.9620245899296305,2.6412238812726394,-0.08863638934744188,-7.846223627938712e-12,1.829907269888239,2.1427936673898285,0.05387248755795671,-1.1282442570821816e-11,-2.167578980883463,-3.6097432795342344,-0.5494309047007003,-4.93866882738497e-12
1.6083333333333334,1,56,-0.09367803749163366,-7.0284555603375814e-12,1.9583760891914952,2.6412238812726394,-0.06743927356031376,-7.846223627938712e-12,1.8828099913341603,2.1427936673898285,0.11389439118643269,-1.1282442570821816e-11,-2.1653723698730247,-3.6097432795342344,-0.6274989089528552,-4.93866882738497e-12
1.6125,1,56,-0.07925892617684877,-7.0284555603375814e-12,1.9542528650137043,2.6412238812726394,-0.04721147095806468,-7.846223627938712e-12,1.9339516545414877,2.1427936673898285,0.16218797181656605,-1.1282442570821816e-11,-2.1648102676309806,-3.6097432795342344,-0.5589462025357516,-4.93866882738497e-12
1.6166666666666667,1,56,-0.06866903673089803,-7.0284555603375814e-12,1.9512806085208367,2.6412238812726394,-0.031539627883610165,-7.846223627938712e-12,1.9856784990889502,2.1427936673898285,0.17811322350023712,-1.1282442570821816e-11,-2.163100641247015,-3.6097432795342344,-0.6324543850847676,-4.93866882738497e-12
1.6208333333333333,1,56,-0.05896398253517484,-7.0284555603375814e-12,1.9494725277641411,2.6412238812726394,-0.017719251662183425,-7.846223627938712e-12,2.0364009535548395,2.1427936673898285,0.18800206538597286,-1.1282442570821816e-11,-2.161194315118726,-3.6097432795342344,-0.5512586980264501,-4.93866882738497e-12
1.625,1,56,-0.053460878730843014,-7.0284555603375814e-12,1.9486121900479982,2.6412238812726394,-0.009539045436313422,-7.846223627938712e-12,2.0834461298461115,2.1427936673898285,0.1705767339584784,-1.1282442570821816e-11,-2.160467988188468,-3.6097432795342344,-0.6409851582845038,-4.93866882738497e-12
1.6291666666666667,1,56,-0.04838517113611023,-7.0284555603375814e-12,1.9493550667083217,2.6412238812726394,-0.00643854656341366,-7.846223627938712e-12,2.1299886854416994,2.1427936673898285,0.195336974130462,-1.1282442570821816e-11,-2.158343996408323,-3.6097432795342344,-0.5643657061513793,-4.93866882738497e-12
1.6333333333333333,1,56,-0.04523381059376552,-7.0284555603375814e-12,1.9462180166375755,2.6412238812726394,0.0022985729671629452,-7.846223627938712e-12,2.122513144962402,2.1427936673898285,0.15279019209550068,-1.1282442570821816e-11,-2.1579825717230228,-3.6097432795342344,-0.6614986188162272,-4.93866882738497e-12
1.6375,1,56,-0.04175104674265232,-7.0284555603375814e-12,1.9453867036946118,2.6412238812726394,0.0073164156744231325,-7.846223627938712e-12,2.1165644385434037,2.1427936673898285,0.14506668785746135,-1.1282442570821816e-11,-2.155822196219667,-3.6097432795342344,-0.5930366240928819,-4.93866882738497e-12
1.6416666666666666,1,56,-0.04162872585759825,-7.0284555603375814e-12,1.9472381980118294,2.6412238812726394,0.005550187211496865,-7.846223627938712e-12,2.1097760247197153,2.1427936673898285,0.14115775736110456,-1.1282442570821816e-11,-2.1542238262664553,-3.6097432795342344,-0.6865690941734982,-4.93866882738497e-12
1.6458333333333333,1,56,-0.03588934894383781,-7.0284555603375814e-12,1.9510587790515537,2.6412238812726394,0.009509678586866325,-7.846223627938712e-12,2.104495115966317,2.1427936673898285,0.17872595550020468,-1.1282442570821816e-11,-2.152401783308331,-3.6097432795342344,-0.605590060374057,-4.93866882738497e-12
1.65,1,56,-0.03321813074880561,-7.0284555603375814e-12,1.9575331160112852,2.6412238812726394,0.011423786650268565,-7.846223627938712e-12,2.1010400735765993,2.1427936673898285,0.18173287012548286,-1.1282442570821816e-11,-2.1510964777498836,-3.6097432795342344,-0.6916668992042038,-4.93866882738497e-12
1.6541666666666666,1,56,-0.025627237461187783,-7.0284555603375814e-12,1.966447042328312,2.6412238812726394,0.019216144460362686,-7.846223627938712e-12,2.0981332531614862,2.1427936673898285,0.21007347721234643,-1.1282442570821816e-11,-2.14928106293458,-3.6097432795342344,-0.6058335485159988,-4.93866882738497e-12
1.6583333333333332,1,56,-0.021748542430547132,-7.0284555603375814e-12,1.9757910197912456,2.6412238812726394,0.023550266269550958,-7.846223627938712e-12,2.095904030043344,2.1427936673898285,0.2052124259793623,-1.1282442570821816e-11,-2.147971103914311,-3.6097432795342344,-0.6880539390541247,-4.93866882738497e-12
1.6624999999999999,1,56,-0.017924942209542372,-7.0284555603375814e-12,1.986422140233844,2.6412238812726394,0.026931226996901616,-7.846223627938712e-12,2.0934496029406207,2.1427936673898285,0.20950044750170022,-1.1282442570821816e-11,-2.146085117502716,-3.6097432795342344,-0.6020704139329572,-4.93866882738497e-12
1.6666666666666667,1,56,-0.017758030831889912,-7.0284555603375814e-12,1.9983842633919353,2.6412238812726394,0.024901819296659244,-7.846223627938712e-12,2.09248821968591,2.1427936673898285,0.1985252032137106,-1.1282442570821816e-11,-2.1449664814182654,-3.6097432795342344,-0.682537763988305,-4.93866882738497e-12
1.6708333333333334,1,56,-0.016212966679942906,-7.0284555603375814e-12,2.0114134180692096,2.6412238812726394,0.02356267932813848,-7.846223627938712e-12,2.091850362735618,2.1427936673898285,0.2077448676416169,-1.1282442570821816e-11,-2.143494955088059,-3.6097432795342344,-0.5934919938956703,-4.93866882738497e-12
1.675,1,56,-0.017085681610061763,-7.0284555603375814e-12,2.0255195101680905,2.6412238812726394,0.02054127185695409,-7.846223627938712e-12,2.09167743899332,2.1427936673898285,0.18961734812065234,-1.1282442570821816e-11,-2.1426409350567006,-3.6097432795342344,-0.6708065047928616,-4.93866882738497e-12
1.6791666666666667,1,56,-0.016406853444194028,-7.0284555603375814e-12,2.0406595837369754,2.6412238812726394,0.018085785742612395,-7.846223627938712e-12,2.0918261936550824,2.1427936673898285,0.19717351049938417,-1.1282442570821816e-11,-2.141367819277145,-3.6097432795342344,-0.5789197045999152,-4.93866882738497e-12
1.6833333333333333,1,56,-0.01813575833779072,-7.0284555603375814e-12,2.056869167082832,2.6412238812726394,0.01361792246756534,-7.846223627938712e-12,2.0925120063672575,2.1427936673898285,0.1805771846905532,-1.1282442570821816e-11,-2.1406103865062502,-3.6097432795342344,-0.6537953993807754,-4.93866882738497e-12
1.6875,1,56,-0.018249863349945685,-7.0284555603375814e-12,2.0740630721156,2.6412238812726394,0.00986746567813764,-7.846223627938712e-12,2.093043502818037,2.1427936673898285,0.18910318531678943,-1.1282442570821816e-11,-2.139385945261233,-3.6097432795342344,-0.5597453960594012,-4.93866882738497e-12
1.6916666666666667,1,56,-0.019706699678892096,-7.0284555603375814e-12,2.092242164819842,2.6412238812726394,0.006614587338200628,-7.846223627938712e-12,2.0939514569723263,2.1427936673898285,0.17206462472692996,-1.1282442570821816e-11,-2.138693835232465,-3.6097432795342344,-0.6322745514390454,-4.93866882738497e-12
1.6958333333333333,1,56,-0.019478420771140363,-7.0284555603375814e-12,2.1114081409541954,2.6412238812726394,0.004185085659402686,-7.846223627938712e-12,2.094607180525805,2.1427936673898285,0.18006795397552738,-1.1282442570821816e-11,-2.1375116242499685,-3.6097432795342344,-0.5358446487503586,-4.93866882738497e-12
1.7,1,56,-0.019990983898131885,-7.0284555603375814e-12,2.1078984577135933,2.6412238812726394,0.003392962843908252,-7.846223627938712e-12,2.0892647922280734,2.1427936673898285,0.1621130043155287,-1.1282442570821816e-11,-2.1366286261300043,-3.6097432795342344,-0.6073410717961419,-4.93866882738497e-12
1.7041666666666666,1,56,-0.015349455306200245,-7.0284555603375814e-12,2.1050824883230415,2.6412238812726394,0.006361832995270851,-7.846223627938712e-12,2.0850861009207886,2.1427936673898285,0.19942051843974615,-1.1282442570821816e-11,-2.13532380388859,-3.6097432795342344,-0.5097782413402386,-4.93866882738497e-12
1.7083333333333333,1,56,-0.013975883330088531,-7.0284555603375814e-12,2.1028369019383675,2.6412238812726394,0.006684997940800102,-7.846223627938712e-12,2.0820775314686752,2.1427936673898285,0.20395168588642543,-1.1282442570821816e-11,-2.1346155968236977,-3.6097432795342344,-0.5807161939439903,-4.93866882738497e-12
1.7125,1,56,-0.009010160429943698,-7.0284555603375814e-12,2.101022390302774,2.6412238812726394,0.012947017631677514,-7.846223627938712e-12,2.078166911170844,2.1427936673898285,0.21313863210704526,-1.1282442570821816e-11,-2.1357814913448023,-3.6097432795342344,-0.47904326616280085,-4.93866882738497e-12
1.7166666666666666,1,56,-0.008086557134996761,-7.0284555603375814e-12,2.099571971720196,2.6412238812726394,0.014085183019031394,-7.846223627938712e-12,2.075218804238857,2.1427936673898285,0.19862196953244088,-1.1282442570821816e-11,-2.1375227406155943,-3.6097432795342344,-0.5458857078491824,-4.93866882738497e-12
1.7208333333333332,1,56,-0.002389689771190665,-7.0284555603375814e-12,2.098405441159425,2.6412238812726394,0.01853610749623817,-7.846223627938712e-12,2.07336690802744,2.1427936673898285,0.2374690961079717,-1.1282442570821816e-11,-2.138794236307228,-3.6097432795342344,-0.445339690505039,-4.93866882738497e-12
1.7249999999999999,1,56,-0.00031368365073790517,-7.0284555603375814e-12,2.0974708090016945,2.6412238812726394,0.020015672105001457,-7.846223627938712e-12,2.0715830956966728,2.1427936673898285,0.2417336231747206,-1.1282442570821816e-11,-2.1395975530471216,-3.6097432795342344,-0.5201990193229926,-4.93866882738497e-12
1.7291666666666667,1,56,0.004926423300375335,-7.0284555603375814e-12,2.096725407130299,2.6412238812726394,0.02659712506356893,-7.846223627938712e-12,2.0685424007461966,2.1427936673898285,0.252411407769554,-1.1282442570821816e-11,-2.1396132384653797,-3.6097432795342344,-0.43608976602503885,-4.93866882738497e-12
1.7333333333333334,1,56,0.006049939062272301,-7.0284555603375814e-12,2.096139221106565,2.6412238812726394,0.028150237206193997,-7.846223627938712e-12,2.0661438365601854,2.1427936673898285,0.23544768837951882,-1.1282442570821816e-11,-2.140198448081546,-3.6097432795342344,-0.5242054665150299,-4.93866882738497e-12
1.7375,1,56,0.012039217495120982,-7.0284555603375814e-12,2.0956580961138958,2.6412238812726394,0.03356386606600793,-7.846223627938712e-12,2.0647748302140347,2.1427936673898285,0.26967985327555083,-1.1282442570821816e-11,-2.140048361244497,-3.6097432795342344,-0.444959032622462,-4.93866882738497e-12
1.7416666666666667,1,56,0.013815500600846188,-7.0284555603375814e-12,2.095284320074532,2.6412238812726394,0.034536181854152685,-7.846223627938712e-12,2.0634396120499185,2.1427936673898285,0.27019694188468246,-1.1282442570821816e-11,-2.1404777729099,-3.6097432795342344,-0.5347537442168628,-4.93866882738497e-12
1.7458333333333333,1,56,0.01862507259305532,-7.0284555603375814e-12,2.094976975828847,2.6412238812726394,0.04018295725910284,-7.846223627938712e-12,2.061200750842792,2.1427936673898285,0.27943160691214497,-1.1282442570821816e-11,-2.140354755417124,-3.6097432795342344,-0.4609951822327298,-4.93866882738497e-12
1.75,1,56,0.019210628854507184,-7.0284555603375814e-12,2.094738900933243,2.6412238812726394,0.040374477672699395,-7.846223627938712e-12,2.059603949268608,2.1427936673898285,0.2635977959649468,-1.1282442570821816e-11,-2.140892595529877,-3.6097432795342344,-0.554685175670949,-4.93866882738497e-12
1.7541666666666667,1,56,0.024558418422074083,-7.0284555603375814e-12,2.0945361792260773,2.6412238812726394,0.0447280373409443,-7.846223627938712e-12,2.0586153405213117,2.1427936673898285,0.29700593921941015,-1.1282442570821816e-11,-2.140778619041666,-3.6097432795342344,-0.47904683357103145,-4.93866882738497e-12
1.7583333333333333,1,56,0.026033028448175195,-7.0284555603375814e-12,2.094385795616483,2.6412238812726394,0.04555901498850396,-7.846223627938712e-12,2.0575187402612163,2.1427936673898285,0.2961884841729556,-1.1282442570821816e-11,-2.1412636469800597,-3.6097432795342344,-0.5706983314763794,-4.93866882738497e-12
1.7625,1,56,0.03032243589128068,-7.0284555603375814e-12,2.0950885820513947,2.6412238812726394,0.05065500447471802,-7.846223627938712e-12,2.0557085685869523,2.1427936673898285,0.3043328113622055,-1.1282442570821816e-11,-2.1411333322591672,-3.6097432795342344,-0.4987501905396848,-4.93866882738497e-12
1.7666666666666666,1,56,0.030221171547838183,-7.0284555603375814e-12,2.094827113602284,2.6412238812726394,0.04991188444772835,-7.846223627938712e-12,2.054293071478558,2.1427936673898285,0.2897532666990772,-1.1282442570821816e-11,-2.141707499391575,-3.6097432795342344,-0.59302026446528,-4.93866882738497e-12
1.7708333333333333,1,56,0.034757224103963584,-7.0284555603375814e-12,2.0946051164823816,2.6412238812726394,0.053364107973347445,-7.846223627938712e-12,2.053425225412582,2.1427936673898285,0.3226560783779357,-1.1282442570821816e-11,-2.1416338591727966,-3.6097432795342344,-0.5179879892490183,-4.93866882738497e-12
1.775,1,56,0.03541128869070758,-7.0284555603375814e-12,2.0944397481808856,2.6412238812726394,0.05318907749642873,-7.846223627938712e-12,2.052374283880669,2.1427936673898285,0.3213724008456428,-1.1282442570821816e-11,-2.142160727053029,-3.6097432795342344,-0.609776762012677,-4.93866882738497e-12
1.7791666666666666,1,56,0.04099608181004812,-7.0284555603375814e-12,2.094296631692067,2.6412238812726394,0.060381171171918664,-7.846223627938712e-12,2.0503047202378295,2.1427936673898285,0.33858072587656557,-1.1282442570821816e-11,-2.1419393242790616,-3.6097432795342344,-0.5354908740004707,-4.93866882738497e-12
1.7833333333333332,1,56,0.04170646642772471,-7.0284555603375814e-12,2.0953074903257707,2.6412238812726394,0.06172711158200386,-7.846223627938712e-12,2.0487789245322205,2.1427936673898285,0.3242640562565833,-1.1282442570821816e-11,-2.1425077362720373,-3.6097432795342344,-0.6289754104023665,-4.93866882738497e-12
1.7874999999999999,1,56,0.04679572411020095,-7.0284555603375814e-12,2.094988630072135,2.6412238812726394,0.06699080803574954,-7.846223627938712e-12,2.0473329331939283,2.1427936673898285,0.3558452752617834,-1.1282442570821816e-11,-2.1424137564016914,-3.6097432795342344,-0.5539143091424066,-4.93866882738497e-12
1.7916666666666667,1,56,0.047171716813397935,-7.0284555603375814e-12,2.094745696997985,2.6412238812726394,0.06690287167671947,-7.846223627938712e-12,2.045622661089616,2.1427936673898285,0.3536371869316294,-1.1282442570821816e-11,-2.142741249284953,-3.6097432795342344,-0.6447997509914054,-4.93866882738497e-12
1.7958333333333334,1,56,0.05216900391438164,-7.0284555603375814e-12,2.094540518621234,2.6412238812726394,0.07317418621560112,-7.846223627938712e-12,2.04322465283214,2.1427936673898285,0.37654570527537323,-1.1282442570821816e-11,-2.142518368204926,-3.6097432795342344,-0.5689198758413099,-4.93866882738497e-12
1.8,1,56,0.052378522943196476,-7.0284555603375814e-12,2.094387413777993,2.6412238812726394,0.07376900140870306,-7.846223627938712e-12,2.040931758754084,2.1427936673898285,0.3674736768842102,-1.1282442570821816e-11,-2.1430531318793933,-3.6097432795342344,-0.6597935575142627,-4.93866882738497e-12
1.8041666666666667,1,56,0.05669359107661386,-7.0284555603375814e-12,2.0959134827023815,2.6412238812726394,0.07878174037448982,-7.846223627938712e-12,2.03908298499411,2.1427936673898285,0.39373956911280095,-1.1282442570821816e-11,-2.142794928451534,-3.6097432795342344,-0.5832648206532427,-4.93866882738497e-12
1.8083333333333333,1,56,0.05654537244730056,-7.0284555603375814e-12,2.0954852435611135,2.6412238812726394,0.0788281094002792,-7.846223627938712e-12,2.036603139330906,2.1427936673898285,0.3872136014458562,-1.1282442570821816e-11,-2.1431363482307217,-3.6097432795342344,-0.6718443589075573,-4.93866882738497e-12
1.8125,1,56,0.0607543230335684,-7.0284555603375814e-12,2.0951312486779146,2.6412238812726394,0.08458049628332698,-7.846223627938712e-12,2.033772163462019,2.1427936673898285,0.40849303789419533,-1.1282442570821816e-11,-2.1429441462129133,-3.6097432795342344,-0.5941020027891649,-4.93866882738497e-12
1.8166666666666667,1,56,0.06014412406141318,-7.0284555603375814e-12,2.094858113017682,2.6412238812726394,0.08449041344324074,-7.846223627938712e-12,2.030941306794995,2.1427936673898285,0.3975326971690976,-1.1282442570821816e-11,-2.1433351854889575,-3.6097432795342344,-0.682236255255216,-4.93866882738497e-12
1.8208333333333333,1,56,0.0637139406404404,-7.0284555603375814e-12,2.0946289273475434,2.6412238812726394,0.08924885701650759,-7.846223627938712e-12,2.0284127142156105,2.1427936673898285,0.42092714760516864,-1.1282442570821816e-11,-2.143140042773261,-3.6097432795342344,-0.6036016130720678,-4.93866882738497e-12
1.825,1,56,0.06283281609525243,-7.0284555603375814e-12,2.094456144296726,2.6412238812726394,0.08916385318084047,-7.846223627938712e-12,2.025792987858981,2.1427936673898285,0.41128351681578107,-1.1282442570821816e-11,-2.1435068139706255,-3.6097432795342344,-0.6905481568373277,-4.93866882738497e-12
1.8291666666666666,1,56,0.06607088924999426,-7.0284555603375814e-12,2.094306762228281,2.6412238812726394,0.09406945731525798,-7.846223627938712e-12,2.02307934373868,2.1427936673898285,0.4337580441311367,-1.1282442570821816e-11,-2.1433300027409223,-3.6097432795342344,-0.6109402900206277,-4.93866882738497e-12
1.8333333333333333,1,56,0.06466676144712213,-7.0284555603375814e-12,2.095321116325666,2.6412238812726394,0.09364479379952594,-7.846223627938712e-12,2.0206188028114496,2.1427936673898285,0.4234252714664072,-1.1282442570821816e-11,-2.143674731700409,-3.6097432795342344,-0.6971405931998129,-4.93866882738497e-12
1.8375,1,56,0.06753660937765761,-7.0284555603375814e-12,2.0949986188586665,2.6412238812726394,0.09859360781080403,-7.846223627938712e-12,2.0178507922459232,2.1427936673898285,0.44531657074511755,-1.1282442570821816e-11,-2.143493595178871,-3.6097432795342344,-0.6165870175306726,-4.93866882738497e-12
1.8416666666666666,1,56,0.06428436814759607,-7.0284555603375814e-12,2.0947500324649653,2.6412238812726394,0.09460405212021505,-7.846223627938712e-12,2.0150892515474776,2.1427936673898285,0.4366878261856755,-1.1282442570821816e-11,-2.1438784860628135,-3.6097432795342344,-0.701404378060758,-4.93866882738497e-12
1.8458333333333332,1,56,0.0655074160797201,-7.0284555603375814e-12,2.0945401676627897,2.6412238812726394,0.0967801550086648,-7.846223627938712e-12,2.0120447924972793,2.1427936673898285,0.457450969308507,-1.1282442570821816e-11,-2.143747841672145,-3.6097432795342344,-0.6199463357460328,-4.93866882738497e-12
1.8499999999999999,1,56,0.06292136465206907,-7.0284555603375814e-12,2.094383256502787,2.6412238812726394,0.09529641531074669,-7.846223627938712e-12,2.0087766854453286,2.1427936673898285,0.44465180772519775,-1.1282442570821816e-11,-2.144142051848677,-3.6097432795342344,-0.7034358561326585,-4.93866882738497e-12
1.8541666666666667,1,56,0.06410677822514053,-7.0284555603375814e-12,2.0958446975532423,2.6412238812726394,0.09791543807936237,-7.846223627938712e-12,2.0065042717218717,2.1427936673898285,0.46843191955735564,-1.1282442570821816e-11,-2.1439586930064682,-3.6097432795342344,-0.6210172673916072,-4.93866882738497e-12
1.8583333333333334,1,56,0.061783679619575343,-7.0284555603375814e-12,2.0954267159816093,2.6412238812726394,0.09758217996547469,-7.846223627938712e-12,2.0032654829211003,2.1427936673898285,0.45815064837013825,-1.1282442570821816e-11,-2.1443108213532334,-3.6097432795342344,-0.7028364914932811,-4.93866882738497e-12
1.8625,1,56,0.06329284081699822,-7.0284555603375814e-12,2.09508014296113,2.6412238812726394,0.10199585571448738,-7.846223627938712e-12,2.0000370337122684,2.1427936673898285,0.47825539593945626,-1.1282442570821816e-11,-2.1441832569332373,-3.6097432795342344,-0.6191748206029783,-4.93866882738497e-12
1.8666666666666667,1,56,0.05869187108972291,-7.0284555603375814e-12,2.094812725644027,2.6412238812726394,0.097374869058457,-7.846223627938712e-12,1.9967389762413263,2.1427936673898285,0.4679581672251203,-1.1282442570821816e-11,-2.1445899243242708,-3.6097432795342344,-0.7003208843303224,-4.93866882738497e-12
1.8708333333333333,1,56,0.05864311242403847,-7.0284555603375814e-12,2.094588089357604,2.6412238812726394,0.09936392096487622,-7.846223627938712e-12,1.9935007507398377,2.1427936673898285,0.48529724361875864,-1.1282442570821816e-11,-2.144530356132832,-3.6097432795342344,-0.6159937008203327,-4.93866882738497e-12
1.875,1,56,0.05434536229246589,-7.0284555603375814e-12,2.0944185010925214,2.6412238812726394,0.09632950981873675,-7.846223627938712e-12,1.9900242853883499,2.1427936673898285,0.4700879329875587,-1.1282442570821816e-11,-2.1449535118271568,-3.6097432795342344,-0.6961299547546501,-4.93866882738497e-12
1.8791666666666667,1,56,0.05419928929230966,-7.0284555603375814e-12,2.0942721530753374,2.6412238812726394,0.09860536617274654,-7.846223627938712e-12,1.9868383525934274,2.1427936673898285,0.4890344877930618,-1.1282442570821816e-11,-2.14490804298456,-3.6097432795342344,-0.6106987383264009,-4.93866882738497e-12
1.8833333333333333,1,56,0.04959164338247347,-7.0284555603375814e-12,2.095232959162232,2.6412238812726394,0.09539623654086694,-7.846223627938712e-12,1.983787270489015,2.1427936673898285,0.4754209696437241,-1.1282442570821816e-11,-2.1452847845410203,-3.6097432795342344,-0.6898897237386754,-4.93866882738497e-12
1.8875,1,56,0.049341598883554556,-7.0284555603375814e-12,2.0949224460085247,2.6412238812726394,0.09797152400211129,-7.846223627938712e-12,1.9807602814945449,2.1427936673898285,0.4958763907218536,-1.1282442570821816e-11,-2.145235780430984,-3.6097432795342344,-0.6031097786712231,-4.93866882738497e-12
1.8916666666666666,1,56,0.04479186119129365,-7.0284555603375814e-12,2.094719010436601,2.6412238812726394,0.09540225422862342,-7.846223627938712e-12,1.977668088785335,2.1427936673898285,0.48414184062010873,-1.1282442570821816e-11,-2.143884165681675,-3.6097432795342344,-0.6899512966151938,-4.93866882738497e-12
1.8958333333333333,1,56,0.04430001040169094,-7.0284555603375814e-12,2.094517571654034,2.6412238812726394,0.09803383131142285,-7.846223627938712e-12,1.9747129193087178,2.1427936673898285,0.5052923840371141,-1.1282442570821816e-11,-2.1431374333160673,-3.6097432795342344,-0.6102970969573984,-4.93866882738497e-12
1.9,1,56,0.03956036099749238,-7.0284555603375814e-12,2.0943740747244046,2.6412238812726394,0.09563320960506701,-7.846223627938712e-12,1.9715492809771522,2.1427936673898285,0.4925657005826634,-1.1282442570821816e-11,-2.14419638347544,-3.6097432795342344,-0.6938211742210558,-4.93866882738497e-12
1.9041666666666666,1,56,0.038372558845903335,-7.0284555603375814e-12,2.0957765652847145,2.6412238812726394,0.0972926572074109,-7.846223627938712e-12,1.9693690006099638,2.1427936673898285,0.5146674374611268,-1.1282442570821816e-11,-2.143563707023215,-3.6097432795342344,-0.6156547802249348,-4.93866882738497e-12
1.9083333333333332,1,56,0.03334623183479361,-7.0284555603375814e-12,2.0953796539021567,2.6412238812726394,0.09456000513675257,-7.846223627938712e-12,1.9662173507907692,2.1427936673898285,0.5048204223842254,-1.1282442570821816e-11,-2.143534859680474,-3.6097432795342344,-0.7083179038068754,-4.93866882738497e-12
1.9124999999999999,1,56,0.03244422734839701,-7.0284555603375814e-12,2.095049942334851,2.6412238812726394,0.0977113911366866,-7.846223627938712e-12,1.9629908349366023,2.1427936673898285,0.521418738458605,-1.1282442570821816e-11,-2.1431372800300292,-3.6097432795342344,-0.6343373055069003,-4.93866882738497e-12
1.9166666666666667,1,56,0.02795238025205059,-7.0284555603375814e-12,2.094795569092484,2.6412238812726394,0.0969910262663008,-7.846223627938712e-12,1.9594360233252985,2.1427936673898285,0.5059013759231972,-1.1282442570821816e-11,-2.1433678376385465,-3.6097432795342344,-0.7283292602968349,-4.93866882738497e-12
1.9208333333333334,1,56,0.026975413504494544,-7.0284555603375814e-12,2.094582715297195,2.6412238812726394,0.10049147345416726,-7.846223627938712e-12,1.9562291128427853,2.1427936673898285,0.5222902529691915,-1.1282442570821816e-11,-2.1430416701976496,-3.6097432795342344,-0.6552885106934816,-4.93866882738497e-12
1.925,1,56,0.020241517456498805,-7.0284555603375814e-12,2.0944207765343563,2.6412238812726394,0.09507848752348688,-7.846223627938712e-12,1.9528757449979004,2.1427936673898285,0.5097656325695586,-1.1282442570821816e-11,-2.143343583772437,-3.6097432795342344,-0.7498211926394608,-4.93866882738497e-12
1.9291666666666667,1,56,0.018687054846439812,-7.0284555603375814e-12,2.0942818728094768,2.6412238812726394,0.09615923023976691,-7.846223627938712e-12,1.9498756567347066,2.1427936673898285,0.528191009710912,-1.1282442570821816e-11,-2.143055343448646,-3.6097432795342344,-0.67602950670445,-4.93866882738497e-12
1.9333333333333333,1,56,0.012855724039256085,-7.0284555603375814e-12,2.0951551582340704,2.6412238812726394,0.0916816138543534,-7.846223627938712e-12,1.9469900612661317,2.1427936673898285,0.5154284775965813,-1.1282442570821816e-11,-2.1433401940766745,-3.6097432795342344,-0.7698385819318674,-4.93866882738497e-12
1.9375,1,56,0.010845865031325968,-7.0284555603375814e-12,2.0948687950718603,2.6412238812726394,0.09222187470133542,-7.846223627938712e-12,1.9439021894069701,2.1427936673898285,0.5339941486892422,-1.1282442570821816e-11,-2.1431093291049472,-3.6097432795342344,-0.6959630285084896,-4.93866882738497e-12
1.9416666666666667,1,56,0.004903924929861402,-7.0284555603375814e-12,2.094648562217902,2.6412238812726394,0.0877959332072851,-7.846223627938712e-12,1.9405285036872224,2.1427936673898285,0.5211561248528103,-1.1282442570821816e-11,-2.1435126764238497,-3.6097432795342344,-0.789367403505402,-4.93866882738497e-12
1.9458333333333333,1,56,0.002529618759367813,-7.0284555603375814e-12,2.0944624201815167,2.6412238812726394,0.08784957567899211,-7.846223627938712e-12,1.937453720244133,2.1427936673898285,0.5398587500962658,-1.1282442570821816e-11,-2.143305840604731,-3.6097432795342344,-0.7156245069166384,-4.93866882738497e-12
1.95,1,56,-0.0037327635507624006,-7.0284555603375814e-12,2.0943225669388643,2.6412238812726394,0.08297490950550786,-7.846223627938712e-12,1.9340877511081251,2.1427936673898285,0.527148331582164,-1.1282442570821816e-11,-2.143754113933186,-3.6097432795342344,-0.8090442656371476,-4.93866882738497e-12
1.9541666666666666,1,56,-0.006726218939935135,-7.0284555603375814e-12,2.0956632607026537,2.6412238812726394,0.08194613352862404,-7.846223627938712e-12,1.931656248946695,2.1427936673898285,0.546227214810081,-1.1282442570821816e-11,-2.143515751918957,-3.6097432795342344,-0.7357315970085361,-4.93866882738497e-12
1.9583333333333333,1,56,-0.013185683316882513,-7.0284555603375814e-12,2.095282548338094,2.6412238812726394,0.07682690829313331,-7.846223627938712e-12,1.9281399301410571,2.1427936673898285,0.5335399668704522,-1.1282442570821816e-11,-2.144025233602873,-3.6097432795342344,-0.8289289522937833,-4.93866882738497e-12
1.9625,1,56,-0.01609208406467744,-7.0284555603375814e-12,2.0949675827624143,2.6412238812726394,0.07635384159761702,-7.846223627938712e-12,1.9247709199330483,2.1427936673898285,0.550475344113554,-1.1282442570821816e-11,-2.143894919658447,-3.6097432795342344,-0.7552205753101798,-4.93866882738497e-12
1.9666666666666666,1,56,-0.02269218029558909,-7.0284555603375814e-12,2.0947249314389587,2.6412238812726394,0.07113292065484562,-7.846223627938712e-12,1.9211351672316148,2.1427936673898285,0.5360171955718158,-1.1282442570821816e-11,-2.1444267740474063,-3.6097432795342344,-0.8487114091868236,-4.93866882738497e-12
1.9708333333333332,1,56,-0.02419171867953136,-7.0284555603375814e-12,2.0945203211099708,2.6412238812726394,0.0725507227582678,-7.846223627938712e-12,1.9176874402437958,2.1427936673898285,0.5507322746298412,-1.1282442570821816e-11,-2.144332084785647,-3.6097432795342344,-0.7744725306283915,-4.93866882738497e-12
1.9749999999999999,1,56,-0.029580882088610233,-7.0284555603375814e-12,2.0943659754865496,2.6412238812726394,0.06895414531463556,-7.846223627938712e-12,1.913965799490851,2.1427936673898285,0.5342209824931722,-1.1282442570821816e-11,-2.1448901651590684,-3.6097432795342344,-0.8679719777250294,-4.93866882738497e-12
1.9791666666666667,1,56,-0.031920255834381156,-7.0284555603375814e-12,2.0957517511663104,2.6412238812726394,0.06883602115613377,-7.846223627938712e-12,1.9114009677391017,2.1427936673898285,0.5485453192131835,-1.1282442570821816e-11,-2.144773948394165,-3.6097432795342344,-0.7947867026033499,-4.93866882738497e-12
1.9833333333333334,1,56,-0.03770222419158316,-7.0284555603375814e-12,2.0953498879388675,2.6412238812726394,0.06461069975004427,-7.846223627938712e-12,1.9076974882689648,2.1427936673898285,0.5312911178207115,-1.1282442570821816e-11,-2.145384949130102,-3.6097432795342344,-0.8885956609218415,-4.93866882738497e-12
1.9875,1,56,-0.039889391313307224,-7.0284555603375814e-12,2.0950173573867987,2.6412238812726394,0.0650889132135842,-7.846223627938712e-12,1.9044436584310493,2.1427936673898285,0.5443448149693606,-1.1282442570821816e-11,-2.1453846916268615,-3.6097432795342344,-0.8150858097618395,-4.93866882738497e-12
1.9916666666666667,1,56,-0.039327859633685444,-7.0284555603375814e-12,2.0947476054342706,2.6412238812726394,0.06850063998827913,-7.846223627938712e-12,1.9022399968929036,2.1427936673898285,0.5841148752967995,-1.1282442570821816e-11,-2.1448046340447973,-3.6097432795342344,-0.633281455737966,-4.93866882738497e-12
1.9958333333333333,1,56,-0.04422747542195883,-7.0284555603375814e-12,2.094541540057922,2.6412238812726394,0.06397630094789145,-7.846223627938712e-12,1.8997835300788875,2.1427936673898285,0.5908527649564107,-1.1282442570821816e-11,-2.144870088385489,-3.6097432795342344,-0.6572961228926038,-4.93866882738497e-12
2.0,1,56,-0.0464837247076655,-7.0284555603375814e-12,2.0943835226625866,2.6412238812726394,0.06700748282722092,-7.846223627938712e-12,1.8937176147785764,2.1427936673898285,0.553686388974072,-1.1282442570821816e-11,-2.1440840328330375,-3.6097432795342344,-0.5448795086154966,-4.93866882738497e-12
2.0041666666666664,1,56,-0.05049737460293029,-7.027979926795858e-12,2.096657444660104,2.6411789913782977,0.06898794967796665,-7.845417440337852e-12,1.8896048867513513,2.1427619331365455,0.47455584534171213,-1.1282687666479306e-11,-2.1440043151831096,-3.6097333521674586,-0.614898651270021,-4.9389465776318194e-12
2.0083333333333333,1,56,-0.05463332823074794,-7.026553352146157e-12,2.096096081636469,2.6410443524605647,0.0706642017061226,-7.84299943005598e-12,1.8855354667631385,2.1426667521257685,0.4049276125450901,-1.1283422785475455e-11,-2.143836264333066,-3.6097035768708525,-0.5254591375134544,-4.939779638016222e-12
2.0125,1,56,-0.06142643548864096,-7.0241768140914865e-12,2.095643022730693,2.640820056794228,0.06537322042911643,-7.838971254276564e-12,1.884734451024829,2.1425081895898077,0.3568211530607944,-1.1284647423996422e-11,-2.1444893958353557,-3.6096539740509175,-0.6098740137174042,-4.941167437600203e-12
2.0166666666666666,1,56,-0.06497511618001536,-7.020851941392317e-12,2.0952626232208367,2.6405062581003347,0.06447296066838923,-7.83333567371007e-12,1.8850842606497265,2.142286354199505,0.32296040678116217,-1.1286360742736138e-11,-2.144447809638759,-3.6095845777029485,-0.5318997671671578,-4.943109025255248e-12
2.0208333333333335,1,56,-0.07109419146487482,-7.0165810127503156e-12,2.0949537039657398,2.6401031714408343,0.056591899252092986,-7.826096550701914e-12,1.8872570967453455,2.1420013979897568,0.30717491613543674,-1.1288561567471522e-11,-2.144669596751521,-3.6094954353877355,-0.6211998232982168,-4.945603070314165e-12
2.025,1,56,-0.0723041280921931,-7.011366955246636e-12,2.0946975648625505,2.639611073071189,0.05430800673238188,-7.817258846585404e-12,1.8902744200352077,2.141653516255314,0.3359023187946803,-1.129124838986723e-11,-2.144225967733704,-3.609386608198969,-0.5407913661105668,-4.94864786348305e-12
2.029166666666667,1,56,-0.076221331237477,-7.005213342335844e-12,2.094501822494744,2.63903030025104,0.049880745227490114,-7.80682861828149e-12,1.8924423440045783,2.141242947416941,0.3296580978963078,-1.1294419368509406e-11,-2.144294724714863,-3.6092581707213682,-0.6272761279728696,-4.952241318012756e-12
2.033333333333333,1,56,-0.07460263530347494,-6.998124391396848e-12,2.0943358243090353,2.6383612510130687,0.0537649116075571,-7.794813014147647e-12,1.8946859823194122,2.140769972858011,0.35216808993750215,-1.1298072330167682e-11,-2.144039628782468,-3.6091102109795643,-0.5445884849708876,-4.956380971129045e-12
2.0375,1,56,-0.0772655426201534,-6.99010496084252e-12,2.0948237805553926,2.6376043838902024,0.0521857754193635,-7.781220269078757e-12,1.8963891838951195,2.1402349167316617,0.34232536298276234,-1.1302204771284605e-11,-2.143947648249499,-3.6089428303777744,-0.6309541255965712,-4.9610639857204515e-12
2.0416666666666665,1,56,-0.07480310806423139,-6.981160546789984e-12,2.094598470105566,2.636760217601361,0.05694340831778639,-7.76605969886332e-12,1.8987990925328178,2.139638145738635,0.3726890405022414,-1.1306813859691453e-11,-2.1434776629185484,-3.608756143630301,-0.5482806136843135,-4.966287152282697e-12
2.0458333333333334,1,56,-0.07609697059160658,-6.9712972792938465e-12,2.0944248960755383,2.6358293306959517,0.057619414907823456,-7.74934169379887e-12,1.9002737238726362,2.1389800688759597,0.36922121050617923,-1.1311896436549265e-11,-2.1435216086307487,-3.608550278682916,-0.6331777007842209,-4.972046891118322e-12
2.05,1,56,-0.07264572644135815,-6.96052191814497e-12,2.0942794298646685,2.634812361157361,0.06572070333541205,-7.731077711570997e-12,1.9012595638611818,2.138261137156647,0.385657830366137,-1.1317449018513739e-11,-2.1431907221514566,-3.6083253766251717,-0.55064381431402,-4.978339254790034e-12
2.0541666666666667,1,56,-0.07323109766712729,-6.948841848237643e-12,2.0948233200205375,2.6337100059657117,0.06902895670234356,-7.711280269400813e-12,1.901965338290167,2.1374818433005847,0.3699517342257678,-1.1323467800122555e-11,-2.1431055295331904,-3.6080815915937037,-0.6370248605145611,-4.985159930826083e-12
2.058333333333333,1,56,-0.07314634291121176,-6.9362650745083484e-12,2.0946045046330406,2.632523020620188,0.07260383404932365,-7.689962935466281e-12,1.9026862338414394,2.1366427213968553,0.3668664281417428,-1.1329948656403445e-11,-2.1427242839776213,-3.6078190906665957,-0.557440079540948,-4.992504244675814e-12
2.0625,1,56,-0.07787954553859257,-6.922800216449575e-12,2.0944314221185176,2.631252218621255,0.06658328151627617,-7.667140319603248e-12,1.9047287889682396,2.1357443465376975,0.3648337169543821,-1.1336887145701239e-11,-2.1426616846728774,-3.6075380537488706,-0.6439841795704225,-5.000367162913373e-12
2.0666666666666664,1,56,-0.07611731816912824,-6.908456502202454e-12,2.0942903286686585,2.629898470913124,0.07091400984929466,-7.64282806329262e-12,1.9064931587616132,2.134787334424364,0.38472528034038134,-1.1344278512721956e-11,-2.1421134321318,-3.607238673449194,-0.5620183380088797,-5.008743296687358e-12
2.0708333333333333,1,56,-0.07816247239428774,-6.893243762232244e-12,2.0947589464383936,2.6284627052868537,0.07085308003306856,-7.617042828940438e-12,1.9074724427693361,2.1337723409451534,0.37178950288857443,-1.135211769179185e-11,-2.141971898840031,-3.6069211549478686,-0.6481500069889874,-5.017626905414081e-12
2.075,1,56,-0.07902374893643886,-6.877172422591027e-12,2.094555841641299,2.6269459057444857,0.07224844317049389,-7.589802288458333e-12,1.9084349271775845,2.132700061725897,0.3703953145925224,-1.136039931032916e-11,-2.1415221847671484,-3.606585715856215,-0.567582482554274,-5.027011900711865e-12
2.0791666666666666,1,56,-0.08342849661905653,-6.860253497772214e-12,2.0943947515979304,2.6253491118246615,0.06708458009758986,-7.561125111152056e-12,1.9102295776653753,2.1315712316532096,0.3650312048573973,-1.1369117692526218e-11,-2.141419024824357,-3.606232586067431,-0.6534072359159394,-5.0368918505737235e-12
2.0833333333333335,1,56,-0.0826916174843353,-6.842498583161754e-12,2.0953154876919475,2.6236734178901706,0.0694436712055918,-7.531030950926472e-12,1.9125682518727527,2.130386624370837,0.3887484500476288,-1.1378266863239358e-11,-2.140733087028032,-3.6058620075990344,-0.5717651230225482,-5.047259983775537e-12
2.0875,1,56,-0.08492258828144746,-6.823919847091247e-12,2.0950157033519328,2.6219199723779343,0.069238286247414,-7.499540432815768e-12,1.913356784138783,2.1291470517494377,0.37873527387046135,-1.1387840552083986e-11,-2.140987084597212,-3.605474234426997,-0.6551281718371199,-5.0581091945167075e-12
2.091666666666667,1,56,-0.08241077889843397,-6.804530022498361e-12,2.0947669000169866,2.6200899770119195,0.07515556978319729,-7.466675138848064e-12,1.9148473515314695,2.127853363330169,0.40183643940500385,-1.1397832197731982e-11,-2.1404972775725315,-3.6050695323116813,-0.5695410135846141,-5.069432047290125e-12
2.095833333333333,1,56,-0.08379555536314516,-6.784342398200335e-12,2.0945725612511334,2.6181846859795397,0.07653793339182931,-7.432457593254193e-12,1.915593650532802,2.126506445742452,0.3920721858176762,-1.1408234952408514e-11,-2.1402700132975787,-3.6046481786157014,-0.6534657483550095,-5.081220781978086e-12
2.1,1,56,-0.08428831122320685,-6.7633708097864644e-12,2.0944172899002815,2.616205405072097,0.0792707326048724,-7.396911247030697e-12,1.9160336237080897,2.1251072220963207,0.3875255829383935,-1.1419041686585157e-11,-2.1397658726054973,-3.6042104621138336,-0.5693900787951066,-5.093467319170697e-12
2.1041666666666665,1,56,-0.08875326601625458,-6.741629630135897e-12,2.0942940599794695,2.6141534907898585,0.07422543054794926,-7.360060461867701e-12,1.9177314829408127,2.12365665134977,0.3856090136749717,-1.1430244993866112e-11,-2.139528220360704,-3.6037566827951037,-0.6544622884633994,-5.106163265703092e-12
2.1083333333333334,1,56,-0.08795794863263176,-6.719133759567165e-12,2.095108191357181,2.6120303494123776,0.07793481909284687,-7.321930493452613e-12,1.9186505138236802,2.122155727651532,0.40192491550016524,-1.1441837196064188e-11,-2.1391760846045482,-3.6032871516571903,-0.5704228654629877,-5.119299920407698e-12
2.1125,1,56,-0.09052649979428401,-6.695898615626267e-12,2.0948464528453115,2.6098374360347014,0.07797457167808884,-7.282547474161157e-12,1.9180731771083244,2.1206054796597367,0.3852773390707319,-1.1453810348463043e-11,-2.139199425565638,-3.6028021904932817,-0.6543547255540598,-5.132868280077567e-12
2.1166666666666667,1,56,-0.09206092803774932,-6.671940122520234e-12,2.094635986438085,2.60757625357012,0.07913200322536908,-7.2419383951475235e-12,1.9179213386907192,2.1190069698369203,0.38021919310421337,-1.1466156245262093e-11,-2.1389510779585494,-3.602302131671535,-0.5698895188173002,-5.146859045636741e-12
2.120833333333333,1,56,-0.09718019485194965,-6.6472747002034926e-12,2.0944684863904985,2.6052483517201463,0.07303953164050848,-7.200131087846006e-12,1.9190874830684586,2.1173612937218693,0.3776847345872663,-1.1478866425200363e-11,-2.1389928671060696,-3.6017873179072883,-0.6543843386071126,-5.161262628513355e-12
2.125,1,56,-0.09658143129970934,-6.6219192531244285e-12,2.094332078364351,2.6028553259124267,0.07673820119015141,-7.157154204896699e-12,1.919039749698864,2.115669579178788,0.39263344689856433,-1.1491932177355413e-11,-2.1388050163666494,-3.60125810202818,-0.5688193553885702,-5.176069157211184e-12
2.1291666666666664,1,56,-0.10020371479092784,-6.595891158639941e-12,2.0948761003622898,2.6003988162073166,0.07476966190514069,-7.113037200508442e-12,1.9185117235526832,2.1139329856243227,0.37596055902380066,-1.1505344547113364e-11,-2.1388434045917437,-3.600714846732339,-0.6529957611140418,-5.191268484075058e-12
2.1333333333333333,1,56,-0.10239933527420646,-6.569208255105854e-12,2.0946606673106403,2.597880506173861,0.07465653874826506,-7.06781031027234e-12,1.9180814798573664,2.11215270323295,0.3720935003030619,-1.1519094342305947e-11,-2.1386993610577254,-3.6001579243398085,-0.5681751452790416,-5.206850192245571e-12
2.1375,1,56,-0.10807638402454509,-6.541888829651409e-12,2.094488633504075,2.595302121735965,0.06763232082810545,-7.021504530439832e-12,1.9188936972550015,2.1103299521212944,0.3688781655705431,-1.1533172139510355e-11,-2.138842618816323,-3.5995877165373775,-0.6519933205186604,-5.222803602798265e-12
2.1416666666666666,1,56,-0.10857890652823185,-6.5139516056461824e-12,2.0943483386191044,2.5926654299895295,0.06908128458242249,-6.974151596679394e-12,1.9187012330287818,2.1084659815119187,0.3840831389571996,-1.1547568290507582e-11,-2.138718914088078,-3.599004614116992,-0.566205843880632,-5.239117782062437e-12
2.1458333333333335,1,56,-0.11200238619493809,-6.485415729868004e-12,2.0947020126762017,2.5899722379913714,0.06767474767103861,-6.9257839623264846e-12,1.91782754528426,2.1065620688771713,0.3657007273615234,-1.1562272928894844e-11,-2.138857754683637,-3.598409016707923,-0.6494343956970391,-5.255781549114533e-12
2.15,1,56,-0.11399440747156239,-6.45630075938074e-12,2.0945214753904726,2.587224391520759,0.06812002939885999,-6.876434776141682e-12,1.9171074616579566,2.1046195190636703,0.36001320535094117,-1.1577275976847499e-11,-2.1388140029354776,-3.597801332502885,-0.5639763160999424,-5.2727834834409864e-12
2.154166666666667,1,56,-0.11931645590472588,-6.426626648130832e-12,2.094377214993155,2.5844237738144042,0.06173383758494497,-6.8261378595921405e-12,1.9176486947825875,2.1026396633980244,0.35626937621245325,-1.1592567152025902e-11,-2.139030095551823,-3.5971819779782765,-0.6471567415878281,-5.290111932765279e-12
2.158333333333333,1,56,-0.11895780434180919,-6.396413733271881e-12,2.095104150034764,2.58157230427579,0.06466421570975205,-6.7749276836720856e-12,1.91769698584427,2.1006238587744113,0.37386093719278957,-1.1608135974622395e-11,-2.1389107617114176,-3.596551377608753,-0.5609358353887877,-5.307755021033815e-12
2.1625,1,56,-0.12126257548593275,-6.365682721226556e-12,2.094844647869031,2.578671937159703,0.06537392682119555,-6.722839345278077e-12,1.9163507858966713,2.098573486724628,0.3571474438863096,-1.1623971774543652e-11,-2.13918626065974,-3.595909963576307,-0.6427764616035361,-5.325700656555191e-12
2.1666666666666665,1,56,-0.12244104788092817,-6.334454673495471e-12,2.094635974002894,2.5757246602328894,0.06722512218985316,-6.669908543155391e-12,1.9154702667510557,2.0964899524712597,0.35345135615167556,-1.1640063698723422e-11,-2.1391729957819257,-3.5952581754740773,-0.5569556531228469,-5.343936540287221e-12
2.1708333333333334,1,56,-0.12691206582060816,-6.30275099222266e-12,2.0944600218876905,2.5727324934117335,0.062365779530296546,-6.616171553431839e-12,1.9156684696845276,2.0943746839646082,0.3507676509518454,-1.1656400718560682e-11,-2.138482827648202,-3.5945964600050724,-0.6444566681893635,-5.362450174266104e-12
2.175,1,56,-0.12575855112405973,-6.2705934055276375e-12,2.094314480345207,2.5696974873779137,0.0667133969555644,-6.561665204755965e-12,1.915001025154022,2.092229130904048,0.367761972886971,-1.1672971637478086e-11,-2.138720851723189,-3.5939252706760203,-0.5578440759344252,-5.38122887017188e-12
2.1791666666666667,1,56,-0.12792559073634854,-6.2380039526140124e-12,2.0946190597758845,2.5666217221729624,0.0674352312670144,-6.506426853056488e-12,1.913570642423549,2.090054763744474,0.35167997380505367,-1.1689765098595548e-11,-2.1392110416652197,-3.5932450674865613,-0.6383584116984575,-5.400259758024399e-12
2.183333333333333,1,56,-0.12891041065096884,-6.205004968664937e-12,2.0944377171210475,2.5635073057727147,0.0692650298745572,-6.450494355940457e-12,1.9124256049096529,2.087853072688526,0.3508441787001254,-1.1706769592513665e-11,-2.139582307390149,-3.5925563166139844,-0.5521612621182833,-5.419529795003735e-12
2.1875,1,56,-0.13297251458147105,-6.17161906953567e-12,2.094295834481794,2.5603563726426017,0.06542475524664414,-6.393906046747494e-12,1.912105796411584,2.085625566665276,0.3434661886614651,-1.1723973465201706e-11,-2.1401767376361027,-3.591859490093733,-0.634111026791597,-5.439025774389107e-12
2.1916666666666664,1,56,-0.1319170738428442,-6.137869136253815e-12,2.0951126134204805,2.5571710822747984,0.06890153533045858,-6.3367007082780805e-12,1.912202799629906,2.083373772296086,0.36573211901829616,-1.1741364925984674e-11,-2.140391322050887,-3.591155065495898,-0.5477646398543221,-5.458734334610086e-12
2.1958333333333333,1,56,-0.13449526707258083,-6.103778299337792e-12,2.0948329343732004,2.553953617708214,0.06795940925776067,-6.278917546213722e-12,1.9108833218725432,2.0810992328483375,0.35491798776202255,-1.175893205562408e-11,-2.1406537671844124,-3.590443525597911,-0.6318401762289636,-5.478641968403965e-12
2.2,1,56,-0.13232688034262546,-6.0693699229443515e-12,2.094604493512676,2.5507061840323466,0.07304058491021047,-6.220596162247372e-12,1.9098759912553875,2.078803507177752,0.380535225520565,-1.1776662814486763e-11,-2.1407023974161565,-3.5897253580536765,-0.5463371043842365,-5.49873503207295e-12
2.2041666666666666,1,56,-0.1335793984761794,-6.03466758885594e-12,2.0944247816517256,2.547431006876025,0.07440527134609377,-6.161776526942386e-12,1.9078703501934329,2.07648816866003,0.37226855635388145,-1.1794545050796267e-11,-2.1409491850675004,-3.589001055059356,-0.6317707795592375,-5.5189997548348675e-12
2.2083333333333335,1,56,-0.13059996060041898,-5.999695080318913e-12,2.0942772326200383,2.544130330882073,0.08095945587261072,-6.102498952338685e-12,1.9062109772648783,2.0741548041125375,0.39754014166785984,-1.1812566508961068e-11,-2.1410125481401034,-3.5882711130160416,-0.5475805076098379,-5.539422248260989e-12
2.2125,1,56,-0.13127912684802195,-5.9644763657437144e-12,2.0946144646622105,2.5408064181689447,0.0832862041818905,-6.042804064324934e-12,1.904090699689536,2.0718050127067817,0.38960826248223257,-1.1830714837973928e-11,-2.141203457361842,-3.5875360321895484,-0.6346246481252746,-5.559988515794441e-12
2.216666666666667,1,56,-0.1275992336943618,-5.929035582278093e-12,2.094428904334272,2.53746154678038,0.09165163531119797,-5.982732774795538e-12,1.901676413402114,2.069440404872417,0.40911366667826865,-1.1848977599876675e-11,-2.1412401366828426,-3.586796316367557,-0.5520755301763051,-5.580684462342768e-12
2.220833333333333,1,56,-0.12765893365455017,-5.8933970192647366e-12,2.0942858534666344,2.5340980091241496,0.09565521046102872,-5.922326253611726e-12,1.8985543901790787,2.067062601193539,0.39595071552373934,-1.186734227828454e-11,-2.1413958417361556,-3.586052472514343,-0.6409222217724805,-5.601495903937988e-12
2.225,1,56,-0.12791631352298322,-5.857585101594541e-12,2.0953648130339166,2.530718110400949,0.09817381124193006,-5.861625900385731e-12,1.8960959999673839,2.064673231298014,0.396440172437513,-1.1885796286964285e-11,-2.1414243005081213,-3.585305010423326,-0.5631936327109781,-5.622408577457592e-12
2.2291666666666665,1,56,-0.13129263981582476,-5.821624372967039e-12,2.095032417919464,2.527324167024535,0.09535427164629108,-5.8006733161076174e-12,1.8937026846892957,2.062273932740618,0.3879313976421403,-1.1904326978460155e-11,-2.141675738892979,-3.5845544423676876,-0.6536868915139482,-5.6434081503997534e-12
2.2333333333333334,1,56,-0.129774395520178,-5.785539479069347e-12,2.0947620585188855,2.5239185050341657,0.09934436051122657,-5.739510274633986e-12,1.891611866199669,2.0598663498807337,0.4120504674852684,-1.192292165276183e-11,-2.1417882645854314,-3.583801282749281,-0.5726811626524708,-5.664480230706137e-12
2.2375,1,56,-0.13246010627252666,-5.7493551506852695e-12,2.094551817386632,2.5205034585004533,0.09767759203129268,-5.678178694058315e-12,1.888823115427051,2.0574521327553925,0.4043457210900566,-1.1941567566008363e-11,-2.141935156691268,-3.583046047746088,-0.6622159658933022,-5.685610376625468e-12
2.2416666666666667,1,56,-0.13044089342620757,-5.713096186746025e-12,2.0943765566030885,2.5170813679257056,0.10289504486682965,-5.616720607982336e-12,1.8861111044441745,2.0550329359484185,0.42360140835944815,-1.1960251939222207e-11,-2.1420429456685275,-3.582289254958454,-0.581259598909171,-5.706784106611214e-12
2.245833333333333,1,56,-0.13333985949144944,-5.676787437334329e-12,2.0948508088295146,2.513654578639866,0.10082104450763162,-5.555178136708358e-12,1.882971303553146,2.0526104174564628,0.4123232381938754,-1.197896196706726e-11,-2.1421663345231874,-3.5815314230543542,-0.6714186453765897,-5.727986909246489e-12
2.25,1,56,-0.1328011238707268,-5.640453786653359e-12,2.0946158970513165,2.510225439193139,0.10242849707423898,-5.4935934583720664e-12,1.8799315222805564,2.050186237552691,0.4345078738893181,-1.1997684826625028e-11,-2.142275897870469,-3.5807730714139208,-0.5909088054003924,-5.749204253189474e-12
2.2541666666666664,1,56,-0.1352563575703411,-5.604120135972392e-12,2.094432324930686,2.506796299746412,0.10098508475123873,-5.432008780035781e-12,1.876025724462343,2.047762057648919,0.4232747149448239,-1.2016407686182794e-11,-2.142437411432178,-3.580014719773487,-0.6806109257892483,-5.770421597132458e-12
2.2583333333333333,1,56,-0.13448372286239327,-5.567811386560693e-12,2.0942795556902825,2.503369510460572,0.1028119154299899,-5.370466308761798e-12,1.8725552765166842,2.045339539156963,0.44562598669381664,-1.203511771402785e-11,-2.1425500865358704,-3.579256887869387,-0.5999838012521073,-5.791624399767734e-12
2.2625,1,56,-0.13685167675168072,-5.531552422621448e-12,2.0944887440552713,2.4999474198858245,0.10129412189904212,-5.3090082226858184e-12,1.868331099542119,2.042920342349989,0.4346808992258906,-1.2053802087241693e-11,-2.1426356768225427,-3.578500095081753,-0.689742209730478,-5.812798129753481e-12
2.2666666666666666,1,56,-0.13592216719270897,-5.49536809423737e-12,2.0943230439861407,2.496532373352112,0.10338892625611042,-5.247676642110147e-12,1.864398079476542,2.0405061252246477,0.45557005440246984,-1.2072448000488227e-11,-2.1427635146238844,-3.57774486007856,-0.6092992789921271,-5.833928275672812e-12
2.2708333333333335,1,56,-0.13803956170955775,-5.4592832003396776e-12,2.0944858344529966,2.4931267113617426,0.10220920710030695,-5.186513600636516e-12,1.8596702740604765,2.0380985423647635,0.4433503527552695,-1.2091042674789901e-11,-2.142905214971147,-3.5769917004601535,-0.6992743188373346,-5.855000355979195e-12
2.275,1,56,-0.13721381423366727,-5.423322471712177e-12,2.094319420915222,2.4897327679853287,0.10343625313924729,-5.125561016358402e-12,1.8556840585910936,2.0356992438073673,0.469622822092977,-1.2109573366285771e-11,-2.143064588090753,-3.576241132404515,-0.6187383864895395,-5.8759999289213575e-12
2.279166666666667,1,56,-0.13946563775964627,-5.38751055404198e-12,2.0944581125427413,2.486352869262128,0.10135483173990541,-5.064860663132408e-12,1.8508573299410687,2.033309873911843,0.4625325066319733,-1.2128027374965516e-11,-2.1431872500660716,-3.5754936703134983,-0.7085103597189738,-5.896912602440961e-12
2.283333333333333,1,56,-0.13837036203832823,-5.351871991028624e-12,2.0942934075384505,2.4829893316058977,0.10377048676165883,-5.004454141948595e-12,1.845703288661637,2.0309320702329647,0.47880966544316655,-1.2146392053373381e-11,-2.143410182820237,-3.574749826460284,-0.6287962594323622,-5.917724044036181e-12
2.2875,1,56,-0.1410814955026063,-5.316431207563002e-12,2.0945997222668664,2.479644460217333,0.10108355605474535,-4.944382852419199e-12,1.8402244715200422,2.0285674623986,0.46388497618682883,-1.2164654815276128e-11,-2.143657380544448,-3.5740101106382927,-0.7196088499838936,-5.9384199905845085e-12
2.2916666666666665,1,56,-0.13999958237166027,-5.281212492987804e-12,2.0944058595879254,2.476320547504205,0.1030225669100854,-4.8846879644054476e-12,1.835203596427035,2.0262176709928443,0.48438406840470294,-1.2182803144288988e-11,-2.1438891545258354,-3.5732750298117995,-0.6400659194006768,-5.958986258117961e-12
2.2958333333333334,1,56,-0.14314494342284528,-5.246239984450777e-12,2.094253839371561,2.4730198715102527,0.09893432780646938,-4.825410389801747e-12,1.8296235134845211,2.023884306445352,0.4741284069452184,-1.220082460245379e-11,-2.144223782330738,-3.5725450877684852,-0.7307290998951369,-5.979408751544082e-12
2.3,1,56,-0.1431379715083319,-5.211537650362365e-12,2.094891081319006,2.469744694353931,0.09853836829061165,-4.766590754496761e-12,1.8247250594435116,2.02156896792763,0.4936344312491187,-1.2218706838763293e-11,-2.144445809466338,-3.5718207847741645,-0.6516285147040644,-5.9996734743059995e-12
2.3041666666666667,1,56,-0.1459059360091848,-5.177129273968924e-12,2.0946395272109894,2.466497260678064,0.09533678793025539,-4.70826937053041e-12,1.8182387067968093,2.019273242257044,0.47997309706524643,-1.2236437597625975e-11,-2.144823855359889,-3.57110261722993,-0.7421648274130306,-6.019766537974983e-12
2.308333333333333,1,56,-0.14487835056297496,-5.143038437052905e-12,2.0944319248673158,2.46327979611148,0.09698752630307922,-4.650486208466059e-12,1.812511270673951,2.0169987028092957,0.49983216352219206,-1.225400472726538e-11,-2.1451412282956452,-3.570391077331943,-0.6626552760569296,-6.039674171768861e-12
2.3125,1,56,-0.14683231318550513,-5.109288503771047e-12,2.0942700786280097,2.460094505743676,0.09541136182849805,-4.59328086999664e-12,1.8060860019720335,2.014746908440106,0.4869148699202151,-1.227139618804835e-11,-2.145539322987465,-3.569686652734108,-0.7529557400855295,-6.059382731989842e-12
2.3166666666666664,1,56,-0.1447755621926134,-5.075902604641783e-12,2.0948735671703917,2.4569435726135636,0.09914317130687236,-4.5366925608036816e-12,1.8013023663409269,2.012519402416856,0.5075530761239768,-1.2288600060736388e-11,-2.145789290308984,-3.5689898262138566,-0.6734002886493318,-6.078878711375212e-12
2.3208333333333333,1,56,-0.1469404112338003,-5.042903620692705e-12,2.0946225667346887,2.4538291562133154,0.097030100120026,-4.480760063687645e-12,1.7949210383956102,2.0103177113609076,0.49685657376176423,-1.2305604554654508e-11,-2.1461777041545043,-3.56830107534128,-0.7637406018533544,-6.09814874835455e-12
2.325,1,56,-0.1446804690498103,-5.0103141677790795e-12,2.0944165322176533,2.450753391008364,0.1016919703409722,-4.425521711988168e-12,1.7892742907654005,2.0081433442013337,0.5129215242400318,-1.232239801577197e-11,-2.14653605262832,-3.5676208721518208,-0.6845886373082448,-6.117179636207069e-12
2.3291666666666666,1,56,-0.14687426143916074,-4.978156581084057e-12,2.0942551536521408,2.4477183849745443,0.09988475179691882,-4.371015363312294e-12,1.7829404712169497,2.0059977911407736,0.498549201429067,-1.2338968934689374e-11,-2.1469480285972335,-3.5669496828227687,-0.7754248623617993,-6.135958332112845e-12
2.3333333333333335,1,56,-0.14645320942116688,-4.946452899811247e-12,2.0949781297854124,2.4447262181533884,0.10033840032156917,-4.317278373588742e-12,1.7784445157233286,2.003882522634122,0.5202559157212705,-1.2355305954526634e-11,-2.147208186865034,-3.5662879673537637,-0.6968027284451043,-6.154471966091727e-12
2.3375,1,56,-0.1488630849769487,-4.915224852080161e-12,2.094703619948198,2.4417789412265747,0.09787704120474623,-4.2643475714660565e-12,1.7720962648556673,2.0017989883807537,0.5084552873125349,-1.2371397878706404e-11,-2.147572795879693,-3.565636179251534,-0.7872914454982451,-6.172707849823758e-12
2.341666666666667,1,56,-0.14709705064420361,-4.884493840034837e-12,2.094480946007027,2.438878574110488,0.10128766907467945,-4.212259233072049e-12,1.76695772636451,1.9997486163309703,0.5302138686132487,-1.238723367862766e-11,-2.1479016511257143,-3.5649947652190885,-0.7079616472091513,-6.190653485345134e-12
2.345833333333333,1,56,-0.14972081554422148,-4.854280925175885e-12,2.0943050146334397,2.4360271045718735,0.09829126022249647,-4.161049057151992e-12,1.7610584284304538,1.9977328117073572,0.5211281764141513,-1.2402802501224154e-11,-2.1482568565163485,-3.5643641648495645,-0.7986644042902696,-6.2082965736136705e-12
2.35,1,56,-0.1492414555840337,-4.8246068139259775e-12,2.0948798749734583,2.433226486865519,0.09954155948336298,-4.110752140602452e-12,1.7560779164038034,1.9957529560417113,0.5370032747641452,-1.2418093676402557e-11,-2.148504262929551,-3.5637448103249563,-0.7202079149236545,-6.225625022937963e-12
2.3541666666666665,1,56,-0.15164702561588478,-4.795491843438713e-12,2.0946237634586637,2.430478640394906,0.09758513768532281,-4.061402954417648e-12,1.7496978399045804,1.99381040622821,0.5202922023762097,-1.2433096724355212e-11,-2.14888798155093,-3.5631371261199183,-0.8112893280823386,-6.242626957264416e-12
2.3583333333333334,1,56,-0.15067126505625583,-4.7669559676605345e-12,2.0944160177527436,2.4277854483967483,0.09994003290418331,-4.013035320064739e-12,1.7444675138463097,1.991906493593463,0.536874545633047,-1.2447801362742474e-11,-2.14926228307828,-3.5625415287108493,-0.7325375281562401,-6.259290724316512e-12
2.3625,1,56,-0.15280365091973863,-4.7390187436553084e-12,2.09425205307155,2.4251487566503127,0.09860615203008286,-3.965682386304302e-12,1.7383725996051096,1.9900425229840875,0.5209391682973501,-1.2462197513739701e-11,-2.1496819435626873,-3.5619584262904636,-0.82357805778454,-6.275604903580683e-12
2.3666666666666667,1,56,-0.15169685909023276,-4.711699318200863e-12,2.0947619003878657,2.422570372212417,0.10129013071953469,-3.919376606471793e-12,1.7338270907573925,1.9882197718724315,0.5384209233531847,-1.2476275310944109e-11,-2.1499754691810598,-3.5613882184880326,-0.7445910713686462,-6.291558314133378e-12
2.370833333333333,1,56,-0.15358807878337322,-4.685016414666779e-12,2.0945283606856866,2.4200520621789616,0.10067718380290498,-3.8741497162356965e-12,1.727445611122451,1.9864394894810589,0.522649976133512,-1.249002510613669e-11,-2.150441611387788,-3.560831296095502,-0.8352464613661814,-6.307140022303889e-12
2.375,1,56,-0.15224713853526323,-4.6589883201822884e-12,2.094337883025393,2.417595552473851,0.10412852844623344,-3.830032711847434e-12,1.7222144728294189,1.9847028959265933,0.540434821613403,-1.2503437475894643e-11,-2.150865520855157,-3.560288040799661,-0.7555023022557188,-6.322339349167765e-12
2.3791666666666664,1,56,-0.15592079799907418,-4.633632873103227e-12,2.0946177878752743,2.415202526666132,0.09978992868543428,-3.787055828898132e-12,1.7167060469925441,1.9830111813835125,0.5301501756382924,-1.2516503228049691e-11,-2.1492367912931676,-3.5597588249205527,-0.8516786232771262,-6.337145877865593e-12
2.3833333333333333,1,56,-0.15536431810273388,-4.608967450786483e-12,2.094434670312373,2.412874624816158,0.10226472625410593,-3.745248521596609e-12,1.7113238749281057,1.9813655052684611,0.5435698386000422,-1.2529213407987963e-11,-2.1489653410164005,-3.559244011156306,-0.7785670910063136,-6.351549460742208e-12
2.3875,1,56,-0.15855356967861853,-4.58500895768045e-12,2.09428444403176,2.4106134423515764,0.09952475000872264,-3.704639442582975e-12,1.704980826319712,1.979766995445645,0.5255907728687648,-1.2541559304787013e-11,-2.1490418273818297,-3.5587439523345594,-0.8730651736755995,-6.365540226301382e-12
2.3916666666666666,1,56,-0.15835121198584304,-4.561773813739552e-12,2.094798033465024,2.4084205289739002,0.10121457653896525,-3.6652564232915195e-12,1.7006235717536635,1.9782167474538495,0.5404661356130046,-1.2553532457185868e-11,-2.1491225409154344,-3.558258991170651,-0.7976266668704088,-6.379108585971251e-12
2.3958333333333335,1,56,-0.16091953334232542,-4.539277943170821e-12,2.094565233969027,2.4062973875964193,0.09999697937641533,-3.6271264548764326e-12,1.6942978741582986,1.9767158237556115,0.5215080772014492,-1.2565124659383944e-11,-2.1495231477050587,-3.5577894600327373,-0.8890341983297522,-6.392245240675857e-12
2.4,1,56,-0.16015300653158174,-4.517536763520253e-12,2.0943606580064804,2.4042454733141807,0.10341441572955394,-3.590275669713437e-12,1.6890149386166708,1.9752652530090609,0.5316572741280723,-1.25763279666649e-11,-2.1498256283150163,-3.5573356807140075,-0.811160059991101,-6.404941187208252e-12
2.404166666666667,1,56,-0.1571967830409417,-4.496565175106382e-12,2.093765142850022,2.402266192406738,0.10880442309159648,-3.5547293234899395e-12,1.6844236035335065,1.9738660293629298,0.5731852299938636,-1.2587134700841542e-11,-2.1494604177424685,-3.5568979642121397,-0.6246923799884159,-6.4171877244008635e-12
2.408333333333333,1,56,-0.15896535853766272,-4.4763775508083555e-12,2.093458522003915,2.4003609013743583,0.10763878202961778,-3.5205117778960693e-12,1.6783948594857023,1.9725191117752126,0.5787092038834812,-1.2597537455518074e-11,-2.149513824727793,-3.55647661051616,-0.6443740313572884,-6.428976459088824e-12
2.4125,1,56,-0.1542918798075567,-4.456987726215471e-12,2.0933611891449435,2.3985309060083435,0.11982345201952845,-3.4876464839283654e-12,1.6717219187952415,1.9712254233559436,0.5699663728321978,-1.260752910116607e-11,-2.149272277408296,-3.556071908400844,-0.521415518282183,-6.440299311862242e-12
2.4166666666666665,1,56,-0.15746293013515134,-4.438408990144963e-12,2.0949454677603048,2.396777460496107,0.11498883451304297,-3.4561559658176605e-12,1.668704074080881,1.9699858507345447,0.5784507513294009,-1.2617102790010698e-11,-2.149565119205174,-3.5556841352288067,-0.5828378458908785,-6.451148522603412e-12
2.4208333333333334,1,56,-0.1559711760668534,-4.420654075534502e-12,2.0946683521723677,2.3951017665616163,0.12245918763782364,-3.4260618055920765e-12,1.6611054995634902,1.968801243452172,0.5505976677514376,-1.2626251960723838e-11,-2.149636594707158,-3.55531355676041,-0.48603573960769586,-6.461516655805226e-12
2.425,1,56,-0.15810772640888504,-4.4037351507156906e-12,2.094463974045461,2.393504972641792,0.12582523925901648,-3.3973846282858006e-12,1.6518915559273304,1.9676724133794847,0.4795771493909729,-1.2634970342920895e-11,-2.150557202807277,-3.554960426971626,-0.5636421284209588,-6.471396605667084e-12
2.4291666666666667,1,56,-0.16084522654751746,-4.387663811074473e-12,2.0943136968021996,2.391988173099424,0.12770897576940876,-3.3701440878036948e-12,1.6449309576084776,1.9666001341602282,0.41907209033952403,-1.2643251961458205e-11,-2.1511162334183043,-3.5546249878799725,-0.48669982459376954,-6.4807816009648685e-12
2.433333333333333,1,56,-0.16816894508989633,-4.372451071104264e-12,2.0948496347987464,2.390552407473154,0.11783487491736422,-3.3443588534515168e-12,1.6417905379258833,1.9655851406810179,0.3836461354714943,-1.2651091140528098e-11,-2.1549424826643118,-3.554307469378647,-0.5739425187626717,-6.48966520969159e-12
2.4375,1,56,-0.16853860893546674,-4.358107356857142e-12,2.0945532330579937,2.389198659765023,0.11832505736062753,-3.3200465971408848e-12,1.6399394256528481,1.9646281285676843,0.3862822207358911,-1.2658482507548817e-11,-2.156071987024178,-3.5540080890789705,-0.4909049200208007,-6.4980413434655765e-12
2.4416666666666664,1,56,-0.17182465306825845,-4.344642498798369e-12,2.0943167451835825,2.38792785776609,0.11390626926098313,-3.2972239812778544e-12,1.637950099845051,1.963729753708526,0.37665571345479193,-1.2665420996846611e-11,-2.15747482552671,-3.5537270521612454,-0.580106727044675,-6.505904261703134e-12
2.4458333333333333,1,56,-0.1704864031867304,-4.332065725069074e-12,2.094298238892059,2.386740872420566,0.11621603215504608,-3.2759066473433192e-12,1.6374752534082795,1.9628906318047972,0.40305417212472006,-1.2671901853127501e-11,-2.1579907579991637,-3.5534645512341374,-0.5019075630662868,-6.513248575552866e-12
2.45,1,56,-0.17150046864068835,-4.320385655161747e-12,2.094169023885536,2.3856385172289167,0.11691205361420161,-3.256109205173135e-12,1.6352045138115678,1.9621113379487347,0.39214448433326143,-1.2677920634736317e-11,-2.1586541690948917,-3.5532207662026694,-0.5951491603039769,-6.5200692515889155e-12
2.4541666666666666,1,56,-0.16970954557504928,-4.30961029401287e-12,2.094478432899365,2.384621547690326,0.12039289298515797,-3.2378452229452632e-12,1.6344102765382453,1.9613924062294217,0.41915309959167346,-1.2683473216700791e-11,-2.1592117966171127,-3.552995864144925,-0.5206151533585598,-6.5263616152606274e-12
2.4583333333333335,1,56,-0.17154432413832818,-4.2997470265167334e-12,2.0942727320114636,2.3836906607849166,0.11941564797835792,-3.2211272178808136e-12,1.631526741592634,1.9607343293667467,0.41132999889403976,-1.2688555793558603e-11,-2.159936486168074,-3.55278999919754,-0.6160224494214328,-6.532121354096252e-12
2.4625,1,56,-0.16938835952866743,-4.290802612464197e-12,2.0950447440129967,2.3828464944960754,0.12396742610863298,-3.2059666476653756e-12,1.6310454889602857,1.96013755837372,0.4342151677441663,-1.2693164881965451e-11,-2.16050745669293,-3.5526033124500667,-0.5429989441392118,-6.537344520658498e-12
2.466666666666667,1,56,-0.1708046844692722,-4.282783181909869e-12,2.0947235870186565,2.382089627373209,0.12417272006335787,-3.1923739025964855e-12,1.6280046551673542,1.9596025022473704,0.4226285617795309,-1.2697297323082374e-11,-2.161228465412769,-3.5524359318482768,-0.6396194174830919,-6.542027535249904e-12
2.470833333333333,1,56,-0.16860071374391555,-4.275694230970873e-12,2.094453839876654,2.3814205781352378,0.12822229016607753,-3.1803582984626435e-12,1.6274179587548387,1.9591295276884406,0.4537730575277768,-1.270095028474065e-11,-2.1618617427301676,-3.552287972106473,-0.5656811599856147,-6.546167188366193e-12
2.475,1,56,-0.17033171976793277,-4.26954061806008e-12,2.0942490674693293,2.3808398053150888,0.12714154277604323,-3.1699280701587285e-12,1.6251277532825654,1.9587189588500677,0.450294352268169,-1.2704121263382826e-11,-2.162495903569285,-3.552159534628872,-0.6614066057355914,-6.549760642895898e-12
2.4791666666666665,1,56,-0.1677469583842889,-4.264326560556401e-12,2.094906781813796,2.3803477069454435,0.13333374885497004,-3.16109036604222e-12,1.6245213245757064,1.958371077115625,0.4679572263977603,-1.2706808085778536e-11,-2.162504051767661,-3.5520507074401055,-0.5935428446384816,-6.552805436064784e-12
2.4833333333333334,1,56,-0.16951250746421764,-4.2600556319144e-12,2.094626991787879,2.379944620285943,0.1332375387688147,-3.1538512430340635e-12,1.621245444535075,1.9580861209058762,0.45280392038867084,-1.2709008910513918e-11,-2.162873180526542,-3.5519615651248926,-0.6970939718825828,-6.555299481123701e-12
2.4875,1,56,-0.16703831182882048,-4.2567307592152305e-12,2.0943807439565827,2.3796308215920496,0.13862888032406015,-3.14821566246757e-12,1.620317119011859,1.957864285515574,0.4768906877589764,-1.2710722229253634e-11,-2.1626630145753287,-3.5518921687769236,-0.6286258181614229,-6.557241068778746e-12
2.4916666666666667,1,56,-0.1692380191578773,-4.254354221160559e-12,2.0944711270474334,2.379406525925713,0.1371121494181914,-3.1441874866881537e-12,1.6176713851004676,1.9577057229796133,0.4675657089331556,-1.27119468677746e-11,-2.1628026803136127,-3.5518425659569886,-0.7271622823026782,-6.5586288683627275e-12
2.495833333333333,1,56,-0.1672096130171222,-4.252927646510859e-12,2.0942423388350275,2.37927188700798,0.14180746155055166,-3.1417694764062825e-12,1.6171457003201157,1.957610541968836,0.4894209693225203,-1.271268198677075e-11,-2.1628115473664526,-3.5518127906603825,-0.6537154984980299,-6.55946192874713e-12
2.5,1,56,-0.16928464960268882,-4.2524520129691355e-12,2.0943117952165315,2.3792269971136384,0.1408764180300433,-3.140963288805421e-12,1.6150214222456716,1.9575788077155531,0.4777563572253235,-1.271292708242824e-11,-2.16340050636843,-3.5518028632936067,-0.7478598840971699,-6.559739678993979e-12
2.5041666666666664,1,56,-0.16784207556778022,-5.0793419615438973e-05,2.095470070593536,2.379102261728959,0.1440058995653171,-1.6024805032347426e-05,1.6164002292634128,1.9575771191861442,0.505181368331801,1.0619081078856747e-05,-2.1638300307045095,-3.5516824790461454,-0.6718671144143142,-7.227744494114259e-05
2.5083333333333333,1,56,-0.1687839332599278,-0.0002031649625140987,2.0950580008241104,2.378728076947688,0.14550650667065204,-6.40964649391715e-05,1.6146864398251541,1.9575720538872383,0.49562122429591077,4.2474542927140895e-05,-2.164487550716202,-3.551321346930983,-0.7641469846393402,-0.000289097375718279
2.5125,1,56,-0.16631384791517825,-0.00045708852486900744,2.094722033149882,2.37810450688446,0.1515731095711003,-0.000144206746029997,1.6150924715233228,1.9575636126867484,0.5169720431250716,9.556091456253862e-05,-2.164911203283163,-3.550719528826248,-0.68820524777489,-0.0006504226479122608
2.5166666666666666,1,56,-0.16863665221566784,-0.0008125205981849386,2.0944628027524765,2.3772316583847966,0.15043254499721892,-0.0002563419218205619,1.6136646741743899,1.9575517970310305,0.5055692692450333,0.00016986909990855556,-2.1654833443064883,-3.5498771278503747,-0.7828161795533307,-0.001156191350297778
2.5208333333333335,1,56,-0.16698637425532242,-0.001269400281005891,2.094247804689385,2.3761096810067937,0.1553540908031615,-0.00040048277852576536,1.6142187735892575,1.9575366089446367,0.5218489202768319,0.0002653863666401707,-2.165906712440256,-3.5487942883444332,-0.7076804821668988,-0.0018063168220113699
2.525,1,56,-0.17018421153441696,-0.001827649289350247,2.0945233619983967,2.3747387669954994,0.15282795196643534,-0.0005766046183518535,1.613225775839664,1.9575180510299672,0.5053749567116478,0.0003820963483654559,-2.1664282677955597,-3.547471195847399,-0.8034831745452539,-0.0026006876674003285
2.529166666666667,1,56,-0.16929140084951486,-0.002487171970124346,2.0942965730233727,2.373119151249972,0.1562381212504996,-0.0007846772637282642,1.6140908338708269,1.9574961264668251,0.5226754817765225,0.0005199790474298767,-2.166835522549885,-3.5459080770643596,-0.7284522612356402,-0.0035391677751097934
2.533333333333333,1,56,-0.1731809069474802,-0.0032478553175119096,2.0945632191569277,2.3712511112830326,0.15230723930297044,-0.0010246650624783226,1.6134348345230798,1.9574708390118716,0.5068606935051942,0.0006790108383427372,-2.167352358300224,-3.544105199827672,-0.8242598229042652,-0.00462159634140439
2.5375,1,56,-0.1730115146431125,-0.004109568992337606,2.0943251685356064,2.369134967173711,0.15430370706120594,-0.001296526893928248,1.6144936743543106,1.9574421929979817,0.5246551498528356,0.0008591644718254116,-2.1687658636049187,-3.542062873051069,-0.74875990895909,-0.005847787897721978
2.5416666666666665,1,56,-0.17638240739593464,-0.00507216534439916,2.0943626941119917,2.3667710815124083,0.15180670193149848,-0.0016002161759527036,1.6139680282506625,1.9574101933335029,0.5058056615666493,0.001060409079480192,-2.169209443129022,-3.5397814466767303,-0.8428385960650334,-0.007217532342451532
2.5458333333333334,1,56,-0.17616419319591334,-0.006135479437767277,2.095277173705748,2.364159859338762,0.154093378139383,-0.0019356808729566657,1.6161658630096774,1.9573748455014122,0.5212478643346846,0.001282710179079603,-2.1696244275328986,-3.5372613116153198,-0.7665924573594807,-0.008730594976934158
2.55,1,56,-0.17921908191695238,-0.00729932907904589,2.094887090858829,2.361301748072249,0.1525893204014892,-0.00230286350479124,1.6152194906297803,1.9573361555583795,0.5015146300299873,0.0015260296804746115,-2.17121663675239,-3.534502899679007,-0.8638179805875711,-0.010386716545676529
2.5541666666666667,1,56,-0.17924779046258907,-0.008563514848590546,2.0946093454028003,2.358197237435522,0.15470393142843636,-0.0027017011566027446,1.6167380428604123,1.9572941301337266,0.5177440672007941,0.0017903258921212794,-2.171405875009043,-3.5315066835074767,-0.7891026963629902,-0.012185613280773671
2.558333333333333,1,56,-0.18289078613770413,-0.009927820134677568,2.094354205974692,2.354846859370496,0.15212872542627812,-0.0031321254896127275,1.616319286785338,1.9572487764282942,0.49888211393695153,0.0020755535282243184,-2.1729814475274787,-3.5282731764869455,-0.8876116177830499,-0.014126976950530612
2.5625,1,56,-0.18299121164966858,-0.011392011170619902,2.0950484755019954,2.3512511879472044,0.15407606115860079,-0.003594062752827639,1.6191713971820092,1.957200102213206,0.5153278678836501,0.0023816637164966914,-2.173082628311622,-3.524802932662195,-0.8137985879312034,-0.016210474912277072
2.5666666666666664,1,56,-0.1865011877833824,-0.012955837074820849,2.0947166702899294,2.347410839265436,0.152034924723497,-0.00408743379567537,1.6188983985145167,1.9571481158285382,0.49494493566659065,0.0027086040065334204,-2.1741975056326055,-3.52109654664164,-0.9112772721823926,-0.018435750169362653
2.5708333333333333,1,56,-0.18705333842739702,-0.014619029893762677,2.0944684231269006,2.3433264713491657,0.15347683111977997,-0.0046121540815677224,1.6208771483606477,1.9570928261818903,0.510980203780418,0.0030563183787989754,-2.17458780344768,-3.5171546534954437,-0.8369590066337692,-0.020802421432328317
2.575,1,56,-0.19114821114478214,-0.016381304647917934,2.094241181964663,2.338998784033811,0.15039232608622458,-0.005168133702384954,1.6208291387569786,1.9570342427468586,0.4907658555382262,0.003424747254225693,-2.1762441859382733,-3.5129779286467047,-0.9361312165706301,-0.023310083184236708
2.5791666666666666,1,56,-0.19222322289754504,-0.01824235938057938,2.0947210410470665,2.334428518846314,0.15092479346209187,-0.005755277393881127,1.6236123582004187,1.956972375561413,0.5061794971776596,0.003813827504422378,-2.1763939404675825,-3.5085670877557242,-0.8629498306601909,-0.025958305750155654
2.5833333333333335,1,56,-0.1966528310491779,-0.020201875209599714,2.094446374402835,2.3296164588780863,0.14746667243709383,-0.0063734845520074515,1.6235763233799783,1.9569072352261772,0.4842823515702979,0.0042234924624912325,-2.177929495406153,-3.503922886597381,-0.9622572340862168,-0.028746635370782134
2.5875,1,56,-0.19801933461766252,-0.022259516382028912,2.0942572509652786,2.3245634286508317,0.14779813399358352,-0.007022649250149819,1.6258725863412469,1.9568388329026125,0.4981453089068875,0.004653671934450584,-2.178189647792659,-3.499046120931636,-0.8890223197534943,-0.03167459428018955
2.591666666666667,1,56,-0.1964418575211694,-0.024414930331645258,2.093139182462857,2.3192702939752654,0.15221078242811065,-0.00770266025727924,1.6276954207661727,1.9567671803111046,0.538336337114608,0.0051042922112625655,-2.1793335720008105,-3.4939376263671793,-0.7081338655121278,-0.034741680787692526
2.595833333333333,1,56,-0.20025409406305572,-0.026667747739364082,2.092475011854052,2.3137379618027665,0.14878211358226204,-0.008413401057010193,1.6279027241450557,1.9566922897289567,0.5367914904457995,0.005575276081462443,-2.1793572309296456,-3.488598278218257,-0.7354441797988981,-0.037947369363806695
2.6,1,56,-0.2012673786841711,-0.0290175825965206,2.09208569095636,2.3079673800699707,0.15234380412862425,-0.009154749867565698,1.626929036685717,1.956614173988284,0.5055285426920774,0.006066542844388791,-2.180680260156368,-3.4830289913546864,-0.631185313154081,-0.04129111073029817
2.6041666666666665,1,56,-0.20492649575220653,-0.03146403227100859,2.0938889938823873,2.301959537536352,0.15320355819488146,-0.00992657966264341,1.6271903021970382,1.9565328464738168,0.4263773056526926,0.006578008324010741,-2.1815840456080213,-3.477230720045102,-0.7208464826509774,-0.04477233195429682
2.6083333333333334,1,56,-0.20903307662374895,-0.03400667757627113,2.0966626118312095,2.295715463614799,0.15243167405117836,-0.010728758193181467,1.631002699332682,1.9564483211206058,0.36075862007282467,0.00710958488335148,-2.181361999706334,-3.4712044577934416,-0.6597868545059526,-0.048390436546467894
2.6125,1,56,-0.21481414630214352,-0.03664508284312417,2.0960497646852936,2.2892362281952354,0.14590913938472438,-0.011561148010018113,1.635321184843258,1.9563606124116353,0.3132817209290994,0.007661181439504015,-2.181612791173788,-3.46495123716872,-0.7584104970937904,-0.05214480456321481
2.6166666666666667,1,56,-0.22025035402982662,-0.03937879599440845,2.095547424673173,2.2825229414612926,0.13895058108299865,-0.0124236064874436,1.6413822042212867,1.956269735375341,0.2847546290430145,0.008232703479238214,-2.1819130886186247,-3.458472129628099,-0.6923318445517896,-0.056034792712906366
2.620833333333333,1,56,-0.22712714716311533,-0.04220734862244806,2.0951316612849076,2.275576753700095,0.12665555253987207,-0.013315985847637567,1.6499993897235143,1.9561757055830356,0.2716111139118713,0.00882405307519464,-2.184267516412651,-3.451768245333301,-0.795203524122173,-0.060059734466097935
2.625,1,56,-0.2251345744981386,-0.04513025606931218,2.094333285595436,2.268398855105154,0.1266962163676145,-0.014238133185990808,1.6603962519652415,1.9560785391462392,0.3040530005661902,0.009435128902664422,-2.1861513198962284,-3.444840732960389,-0.7283119158189466,-0.06421894016974138
2.6291666666666664,1,56,-0.22598895142429004,-0.04814701750985633,2.0931676444739655,2.260990475572444,0.12502809956832245,-0.01518989049730392,1.6683281111541113,1.9559782527139211,0.29054784040222464,0.010065826256950213,-2.1876842177039375,-3.4376907795029448,-0.8304946830887874,-0.06851169716535009
2.6333333333333333,1,56,-0.22214766721317938,-0.05125711603753872,2.0921818717487737,2.2533528844896575,0.12768523552335606,-0.0161710947028615,1.6781500201615993,1.955874863469645,0.3247959023801747,0.01071603707130735,-2.1887181269227947,-3.4303196100686844,-0.7612618723244815,-0.07293726991111311
2.6375,1,56,-0.22228017140327724,-0.05446001875298715,2.0910125652711136,2.2454873905187096,0.1264414877471842,-0.01718157767837408,1.6857190178453214,1.9557683891286257,0.31406438240372253,0.011385649935460023,-2.1896397970317585,-3.422728487669544,-0.8555104845260656,-0.07749490010792291
2.6416666666666666,1,56,-0.21826276270963424,-0.05775517685530942,2.0901567366103677,2.2373953413715006,0.12886667001837174,-0.018221166282785625,1.6951695192774785,1.9556588479346937,0.346375956778454,0.012074550114691027,-2.190320459546919,-3.4149187130052687,-0.7805682156705888,-0.08218380682930729
2.6458333333333335,1,56,-0.2184473066447325,-0.06114202573612906,2.0891448201543406,2.2290781235789927,0.12690054339658718,-0.019289682387940862,1.7023310804234522,1.955546258657168,0.3342634788079811,0.0127826195695013,-2.1911173100812498,-3.4068916242405405,-0.8737332372791281,-0.08700318665523933
2.65,1,56,-0.21415583209505298,-0.06461998507632515,2.0883425643703246,2.220537162253639,0.12917763321525697,-0.02038694290910566,1.711233088064115,1.9554306405876423,0.366004100700919,0.013509736975834751,-2.1919789961993237,-3.398648596775698,-0.7970365819131061,-0.09195221380979499
2.654166666666667,1,56,-0.21357008750525064,-0.06818845894547004,2.0873188570123973,2.2117739208451916,0.12828575582416338,-0.021512759836338675,1.7179123791642137,1.955312013536677,0.35303004392390624,0.014255777745867174,-2.192911278900252,-3.390191043011059,-0.8914769483392746,-0.09703004030265006
2.658333333333333,1,56,-0.2089314659706223,-0.07184683590393598,2.0865206967128365,2.202789900889955,0.1306674120578264,-0.022666940266704867,1.7261920875689993,1.9551903978304073,0.3833796588678089,0.015020614049353068,-2.194058805731131,-3.3815204121049245,-0.8157135543706701,-0.10223579607437448
2.6625,1,56,-0.20817415984850723,-0.07559448910766545,2.085521356862146,2.1935866417534964,0.12959279124773032,-0.023849286437329538,1.7321669158433006,1.955065814307058,0.3674643688102364,0.015804114835529424,-2.1950693810691164,-3.3726381897252606,-0.9072335940682734,-0.10756858914551747
2.6666666666666665,1,56,-0.20186606869180151,-0.07943077641557399,2.0846002769089584,2.1841657203668925,0.13320823312054023,-0.02505959575928277,1.7409443170763723,1.9549382843133745,0.4279401318920866,0.016606145855569795,-2.195859279125938,-3.36354589779515,-0.8226282980096364,-0.11302750576943815
2.6708333333333334,1,56,-0.19450639618850177,-0.08335504049958162,2.0809399509796687,2.1745287509565214,0.1394627682707532,-0.02629766085229325,1.7404893025265564,1.9548078297009646,0.5017396536240172,0.017426569685587968,-2.194945186411644,-3.354245094232004,-0.6349979456418435,-0.11861161058887698
2.675,1,56,-0.19405828531775676,-0.08736660895723879,2.0760746152725607,2.164677384767483,0.13801600808643857,-0.027563269580280568,1.7297803173492974,1.9546744728225547,0.5173362952531461,0.01826524575018403,-2.194892874929548,-3.3447373726806355,-0.6536220846040356,-0.1243199467962189
2.6791666666666667,1,56,-0.19100812092802358,-0.09146479442694275,2.0709851218590813,2.154613309780656,0.14389256891173677,-0.028856205087704836,1.7181620545164165,1.9545382365281594,0.5111936769294486,0.01912203034653201,-2.1950951575763913,-3.335024362240184,-0.5412025750343664,-0.1301515362974426
2.683333333333333,1,56,-0.19284920298717206,-0.09564889470570993,2.067688708522068,2.1443382504234823,0.14490016461000244,-0.030176245836722633,1.7065252623061826,1.9543991441611663,0.43819313983939223,0.019996776669001882,-2.1960715035040144,-3.325107727184988,-0.6233031513844879,-0.13610537987970694
2.6875,1,56,-0.19596522718057172,-0.09991819286949827,2.065861317216786,2.1338539672744834,0.14274515267860446,-0.03152316564514748,1.6999291042589597,1.9542572195543366,0.37696589521674423,0.020889334834314686,-2.196784771515957,-3.314989166679411,-0.5646686967147387,-0.1421804573825658
2.6916666666666664,1,56,-0.20424334306682365,-0.1042719573960449,2.064615457323307,2.123162256761607,0.12897084846329304,-0.032896733725203894,1.6968847338460875,1.9541124870257207,0.3304662760388904,0.02179955190722351,-2.1984411153606014,-3.304670414486707,-0.672042934649337,-0.1483757278727624
2.6958333333333333,1,56,-0.20690816368301393,-0.10870944229021234,2.0632467787882334,2.1122649508544056,0.12207809792300377,-0.03429671472307277,1.6977181866963347,1.9539649713744929,0.32999179671090156,0.022727271926718903,-2.1992002049043164,-3.2941532386719414,-0.6123049699714557,-0.15469012982259286
2.7,1,56,-0.2128282795054309,-0.1132298872118077,2.062591377118395,2.101163916750148,0.11029907384511539,-0.0357228687592171,1.6995192312883602,1.9538146978767,0.3075147968557072,0.023672335932751344,-2.2003802816043154,-3.2834394412990484,-0.7142292697079718,-0.161122581291789
2.7041666666666666,1,56,-0.21449834046746166,-0.1178325176058646,2.061747350739657,2.0898610565538807,0.10404968657475365,-0.037174951469484525,1.703804779013296,1.9536616922809324,0.3285642454170985,0.024634581993468515,-2.200976244252085,-3.2725308581220545,-0.6476990077375784,-0.16767198011290535
2.7083333333333335,1,56,-0.2185962135235257,-0.12251654483536033,2.060607734163039,2.0783583069525093,0.09732991168126277,-0.038652714046978266,1.706814277334472,1.9535059808039115,0.29881032401750324,0.025613845232961757,-2.2018990950071666,-3.2614293582705267,-0.7521432853902283,-0.1743372040801716
2.7125,1,56,-0.21979570394916714,-0.12728116631634162,2.059863327622037,2.0666576388829636,0.09279287280264299,-0.04015590328468792,1.7127079228492172,1.9533475901259971,0.3171217614165441,0.02660995785951605,-2.2024244526438927,-3.2501368439293166,-0.6923068714224695,-0.18111711114177229
2.716666666666667,1,56,-0.22358941291407547,-0.132125565655447,2.058669267909309,2.0547610571944794,0.0875953246243135,-0.04168426161887636,1.7167942488139387,1.9531865473866166,0.28273347544200683,0.027622749194361043,-2.2036388790320762,-3.23865525001262,-0.7999389608265102,-0.1880105395955369
2.720833333333333,1,56,-0.2209670925492222,-0.13704891278978773,2.0575519166129617,2.0426706003050885,0.08861201023566584,-0.04323752717321069,1.7244764208594483,1.9530228801796141,0.32924893998779453,0.02865204570091515,-2.2041337530138247,-3.22698654383245,-0.7271230696899733,-0.19501630828798583
2.725,1,56,-0.22203661570270217,-0.1420503641291789,2.0540201031997567,2.030388339852334,0.08858544043618727,-0.04481543380363477,1.7212848125036257,1.9528566165485233,0.3149694232852766,0.029697671014521046,-2.2052382796589813,-3.2151327247615367,-0.8223947049343043,-0.20213321681672103
2.7291666666666665,1,56,-0.22094629385090095,-0.14712906270067985,2.0513499386273537,2.017916380338318,0.08910949310354112,-0.046417711143970176,1.7218477904818448,1.952687784981761,0.34797443634762043,0.03075944597266388,-2.2069330939775322,-3.203095823890757,-0.7463365285752123,-0.20936004573610228
2.7333333333333334,1,56,-0.22411904587165854,-0.15228413829543677,2.0487741809731834,2.005256858769095,0.08561353477396555,-0.048044084652243566,1.7221936160451912,1.9525164144077474,0.3299779725384193,0.031837188645670866,-2.2071555078253953,-3.1908779036811072,-0.8417891019603972,-0.2166955567661998
2.7375,1,56,-0.22539843777912072,-0.1575147076177838,2.046920275084513,1.9924119442885166,0.0823642391241246,-0.04969427565772656,1.7256270215953855,1.952342534189948,0.35711203595678,0.032930714367882974,-2.2091640121459952,-3.178481057610319,-0.7668551555679195,-0.2241384930049604
2.7416666666666667,1,56,-0.23077346177539682,-0.16281987443659557,2.044850773308602,1.9793838378065511,0.0753353675728407,-0.051368001408685866,1.7283019185121546,1.952166174121843,0.3329027677664229,0.034039835769297415,-2.2095608795055552,-3.1659074098141446,-0.8661301512465416,-0.2316875791435772
2.745833333333333,1,56,-0.23387562689554256,-0.16819872973884784,2.0433035130799975,1.9661747716221774,0.0697383631113245,-0.05306497512083013,1.733711238159155,1.9519873644218222,0.35178880013149627,0.03516436280767162,-2.210485925012362,-3.1531591147224076,-0.8024845985582504,-0.23934152168500192
2.75,1,56,-0.23949036259267664,-0.17365035188537595,2.0412097422770388,1.9527870090408834,0.06370643979035547,-0.05478490602645014,1.737753540471759,1.951806135728007,0.31590591288673675,0.036304102801086854,-2.2115861854611665,-3.1402383566898413,-0.9100333865737364,-0.247099009165584
2.7541666666666664,1,56,-0.23950798867652628,-0.1791738067687891,2.0392768203386833,1.93922284398687,0.06253727524576005,-0.05652749942423912,1.7452276627529681,1.9516225190930014,0.3594302044799573,0.037458860460962425,-2.212349409339728,-3.1271473496218207,-0.8406457682713335,-0.2549587123797779
2.7583333333333333,1,56,-0.23703985707533373,-0.18476814797352895,2.0345911589492736,1.9254846006099873,0.0660737506307685,-0.058292456729789575,1.7437704124463926,1.9514365459785703,0.41291453679139006,0.03862843792551825,-2.213023444230722,-3.113888336595011,-0.6763094639440744,-0.2629192846079012
2.7625,1,56,-0.24069034610174245,-0.19043241693802918,2.0301214207343508,1.9115746328875152,0.06197912327391425,-0.060079475526753065,1.742147707609737,1.9512482482502498,0.4112195719484405,0.03981263479367665,-2.213897826463495,-3.100463589473039,-0.7211869635940016,-0.270979361846883
2.7666666666666666,1,56,-0.2403693755797519,-0.1961656431189619,2.0254022338422453,1.8974953242208155,0.06410287306573574,-0.061888249618658145,1.7413102585030846,1.951057658171886,0.4208885732097993,0.04101124815940043,-2.2154396533023504,-3.086875408517214,-0.6290805196387284,-0.2791375630439809
2.7708333333333335,1,56,-0.24488846412433532,-0.201966844157537,2.0207255111085884,1.8832490870269447,0.06027559092262056,-0.06371846908137613,1.7408839306503807,1.9508648084001075,0.38478825858511867,0.04222407264646008,-2.2161444003091955,-3.0731261219923884,-0.723610481036434,-0.28739249033342007
2.775,1,56,-0.24831178628290962,-0.20783502604781984,2.0165671553952054,1.8688383623253093,0.05593869767102163,-0.06556982031622369,1.7434464200928703,1.9506697319787303,0.38857786459252924,0.043450900443623125,-2.2171967933237378,-3.0592180857680287,-0.6660036695975159,-0.29574272927590417
2.779166666666667,1,56,-0.2555245291037022,-0.21376918330705436,2.012092083364998,1.8542656193193972,0.047003691994196996,-0.06744198610369792,1.7462135893559654,1.9504724623330947,0.3560171629231424,0.044691521340262524,-2.2183826881511477,-3.0451536829145414,-0.7775441122470513,-0.3041868491009794
2.783333333333333,1,56,-0.25869226324031974,-0.21976829914794194,2.0076486429458815,1.839533354973705,0.043056618686142,-0.06933464565782864,1.7511948073115398,1.9502730332643392,0.36089395840925914,0.04594572276237408,-2.2194241653082134,-3.030935323294954,-0.7281808696953315,-0.3127234029521822
2.7875,1,56,-0.2649995049745728,-0.22583134565286825,2.0026760647137456,1.824644093585883,0.03627496754336265,-0.07124747468114517,1.7558640545608046,1.9500714789436078,0.3252068544319552,0.04721328980900108,-2.221275501194196,-3.0165654431519875,-0.8425577508496427,-0.3213509281349586
2.7916666666666665,1,56,-0.2695088715266297,-0.23195728395002582,1.997924565742942,1.8096003863542234,0.03046476737987973,-0.07318014542024115,1.7629128597897987,1.9498678339061957,0.3331400766157385,0.04849400528905521,-2.221748323521257,-3.002046504690632,-0.7958763165599644,-0.33006794636728104
2.7958333333333334,1,56,-0.2703846549711043,-0.23814506439142522,1.9922277250809692,1.7944048109405117,0.029271313538865355,-0.07513232672193529,1.7707638405448751,1.9496621330456319,0.3673927327358474,0.0497876497585324,-2.2227228496767006,-2.9873809956562454,-0.6516203836103901,-0.3388729640329526
2.8,1,56,-0.27568335578148023,-0.24439362673274134,1.9860661756895037,1.779059971028371,0.024533855330602327,-0.07710368409001099,1.7774401163273978,1.9494544116077,0.34040678500051974,0.05109400155811224,-2.2237474727280486,-2.9725714289083065,-0.7151370074029351,-0.34776447243752295
2.8041666666666667,1,56,-0.28338185789828896,-0.25070190031498585,1.9801639671763571,1.7635684958771223,0.0160238812598889,-0.07909387974253222,1.7848695463399422,1.9492447051843986,0.3123356455887454,0.05241283685113924,-2.225674935651334,-2.9576203419898337,-0.8762623605659206,-0.35674094806680223
2.808333333333333,1,56,-0.28610256848243504,-0.2570688042479544,1.9740997581695467,1.7479330398712847,0.012790428278539052,-0.08110257266971907,1.793995647006926,1.949033049707844,0.32720170976977525,0.053743929661975075,-2.226267753659526,-2.9425302966926052,-0.8471342197400159,-0.3658008528479007
2.8125,1,56,-0.286008441279633,-0.2634932475954362,1.9672201033295775,1.732156282065751,0.013316672568728928,-0.08312941869237962,1.803336907372363,1.9488194814441129,0.3582399633169134,0.05508705191471935,-2.227314289929307,-2.9273038786181966,-0.7130054546432213,-0.3749426344127764
2.8166666666666664,1,56,-0.290629668273405,-0.2699741295621355,1.9596044047366543,1.7162409257267546,0.010079674223105623,-0.08517407052088179,1.8111032550551798,1.9486040369870272,0.32628637934615856,0.056441973472288215,-2.2283516414361126,-2.9119436967349612,-0.782054092175195,-0.38416472636421845
2.8208333333333333,1,56,-0.2980595348058521,-0.2765103396822922,1.9520028118198987,1.700189697868669,0.0024540399208539615,-0.08723617781466098,1.8198672892814927,1.9483867532518857,0.2957988268969306,0.057808462175848174,-2.228592483036752,-2.8964523829309883,-0.9685556577972133,-0.39346554854424814
2.825,1,56,-0.30082746983528025,-0.2831007580099502,1.9440713043083384,1.6840053487867572,-0.0006173712950130088,-0.08931538724224801,1.8289728943434684,1.9481676674691382,0.30565102658165477,0.05918628388459447,-2.229312227910832,-2.8808325915631494,-0.9458248685839704,-0.4028435073048649
2.8291666666666666,1,56,-0.3012147762015773,-0.2897442553108558,1.9369920956847946,1.667690651585919,-0.0014625795104488875,-0.091411342541811,1.8399368837556591,1.9479468171780052,0.3387304021437459,0.0605752025158702,-2.230005052186354,-2.8650869990022865,-0.813914773171903,-0.4122969957811118
2.8333333333333335,1,56,-0.29984659100347366,-0.29643969325594866,1.9305941489501977,1.6512484017055278,-0.00024610648968112026,-0.09352368458219984,1.8521419286454246,1.9477242402200474,0.38386913097242986,0.06197498008561834,-2.2305341913828607,-2.8492183031746228,-0.625925723522936,-0.4218243941664071
2.8375,1,56,-0.30376598619722256,-0.30318592461640403,1.923935299636813,1.6346814164404586,-0.00339832910477615,-0.0956520514244799,1.8627033405640492,1.9474999747326809,0.36062355409868807,0.06338537674915815,-2.2315065864383503,-2.8332292230994995,-0.6669293556302386,-0.4314240699900831
2.841666666666667,1,56,-0.30950312971590804,-0.309981793460209,1.9168499115156634,1.6179925344583472,-0.00938277451094668,-0.09779607838394995,1.872527316026287,1.947274059142642,0.3265089740485277,0.0648061508422823,-2.2327915091014834,-2.817122498423472,-0.8216081354354895,-0.4410943783971082
2.845833333333333,1,56,-0.3128171264932796,-0.3168261353502212,1.9092890433127079,1.6011846153132092,-0.013618694856520577,-0.0999553980926276,1.8829146967831316,1.9470465321594044,0.32988213481906714,0.06623705892266386,-2.2336017428547996,-2.8009008889509,-0.7959888591929674,-0.45083366242991796
2.85,1,56,-0.32021104777495,-0.3237177775436938,1.9022578238688825,1.5842605389554603,-0.021639945125908965,-0.10212964056219732,1.893605513215536,1.9468174327685452,0.28919127629768554,0.06767785581156983,-2.234697783770552,-2.7845671741710536,-0.9162215791480475,-0.4606402533123331
2.8541666666666665,1,56,-0.32240745533770016,-0.33065553919321405,1.8947722319612004,1.567223205238461,-0.026340568465588406,-0.10431843324740468,1.9057153214712823,1.9465868002250657,0.3255359180148599,0.06912829463587032,-2.235551133557015,-2.768124152781877,-0.8556431088642735,-0.47051247073548874
2.8583333333333334,1,56,-0.3218739735520372,-0.3376382315490402,1.8863173906528106,1.550075533421633,-0.02587628376307323,-0.10652140110989133,1.9099331424311412,1.9463546740466648,0.36524297597272387,0.07058812687033987,-2.236418243734451,-2.751574642210434,-0.709846313510333,-0.4804486231457534
2.8625,1,56,-0.32680160480123194,-0.34466465816278263,1.878376137268543,1.5328204616702688,-0.02990323115534199,-0.10873816668245453,1.91435783527899,1.9461210940069684,0.3365968268495114,0.07205710238024009,-2.2377344727421113,-2.7349214781301665,-0.7745492829594289,-0.49044700803456104
2.8666666666666667,1,56,-0.3353548638144377,-0.351733615092415,1.8699004530484626,1.5154609465520794,-0.03887314586441083,-0.1109683501337259,1.9188261141655742,1.9458861001287135,0.30000001830199036,0.07353496946418,-2.2392353888258083,-2.718167513975006,-0.9348656686881801,-0.5005059122301353
2.870833333333333,1,56,-0.3420003800796334,-0.3588438911085567,1.8609660173166982,1.4979999625306182,-0.04692764333342188,-0.11321156933325147,1.9243915880119102,1.9456497326768918,0.3036879677220637,0.07502147489724248,-2.2399388834961567,-2.701315620450464,-0.9160385560833096,-0.5106236121910229
2.875,1,56,-0.3459255141958866,-0.3659942679020178,1.8528124348517245,1.480440501455603,-0.05303792616969959,-0.11546743991697012,1.9327538176250758,1.9454120321518489,0.3404056557362796,0.07651636397437449,-2.2401923265813486,-2.6843686850417385,-0.7976707792246698,-0.5207983743014244
2.8791666666666664,1,56,-0.35398196637628054,-0.37318352029254337,1.844614245326727,1.4627855720502971,-0.06032810036854099,-0.11773557535307003,1.9403120800259235,1.9451730392823465,0.3043256299889129,0.078019380554028,-2.2406889282483453,-2.667329611518973,-0.8780718481063952,-0.5310284551682293
2.8833333333333333,1,56,-0.3572593981857005,-0.38041041643874834,1.8365494040295416,1.4450381993959622,-0.06471427401226588,-0.12001558700822115,1.9495670826273181,1.9449327950185822,0.34167856688988246,0.07953026710205002,-2.241187493502954,-2.6502013194396934,-0.8009235146220428,-0.5413121019197481
2.8875,1,56,-0.3645377190667317,-0.3876737180491814,1.8282633471298964,1.427201424413541,-0.06967966652646052,-0.12230708421416363,1.9578229534779208,1.9446913405251738,0.3059633768184219,0.08104876473580841,-2.2417661823011428,-2.6329867436485737,-0.895883869092924,-0.5516475525060491
2.8916666666666666,1,56,-0.367228665214702,-0.39497218059450223,1.820072810736508,1.4092783033426046,-0.07202543739431275,-0.12460967433464763,1.9675477528738106,1.9444487171741058,0.34330646955446154,0.08257461326855071,-2.2421020621082777,-2.6156888337745565,-0.8243340126773174,-0.5620330360008804
2.8958333333333335,1,56,-0.3746662010646981,-0.40230455352072797,1.810192517606436,1.3912719072176762,-0.07578049457425884,-0.12692296283271026,1.9676954758102019,1.9442049665376404,0.3012302186439962,0.08410755125398624,-2.2427305055686766,-2.598310553725445,-0.9245267854832601,-0.5724667729051117
2.9,1,56,-0.38143248434257737,-0.4096695804635035,1.8002429945414213,1.3731853213420384,-0.08084689702184251,-0.12924655333827584,1.9696319223754097,1.9439601303811944,0.2969677545837264,0.08564731603108251,-2.2430313486725213,-2.580854881180066,-0.8771284854218245,-0.5829469754516357
2.904166666666667,1,56,-0.3860267019198053,-0.41706599946337863,1.7903142140643091,1.3550216447590673,-0.0857489080538569,-0.13158004771607343,1.9713243917008674,1.9437142506561824,0.33644049078300986,0.08719364376907196,-2.2431757583313474,-2.563324807078043,-0.7399952615319626,-0.5934718479117002
2.908333333333333,1,56,-0.3950484596856178,-0.4244925431820334,1.780330313326381,1.3367839897212417,-0.09169167624314788,-0.13392304613385395,1.9729411446191312,1.9434673694928302,0.29974170101225767,0.08874626951265693,-2.243514281048217,-2.5457233351073336,-0.8105700081869355,-0.6040395869025893
2.9125,1,56,-0.3968897178720597,-0.43194793911943474,1.7705364518488826,1.3184754811568622,-0.092672012282031,-0.13627514713090058,1.976736225720252,1.9432195291929535,0.3336263450821644,0.09030492722740946,-2.243618347555495,-2.528053481189544,-0.7292101346351159,-0.6146483816966316
2.9166666666666665,1,56,-0.4041123588290554,-0.4394309098318681,1.7602173245656634,1.3000992561346212,-0.09673481962380956,-0.13863594768681584,1.9803319915635178,1.942970772222712,0.29343675395956587,0.09186934984535386,-2.2439195486931323,-2.51031827296318,-0.8234506264325557,-0.6252964145314518
2.9208333333333334,1,56,-0.404658879763334,-0.4469401731508256,1.7499507489346486,1.2816584633260721,-0.09702036083914443,-0.14100504329057828,1.9858060212896187,1.9427211412053322,0.3243787014377751,0.09343926931072848,-2.24366603381213,-2.492520749264868,-0.7497015575554842,-0.6359818609214416
2.925,1,56,-0.41086337561564074,-0.45447444240269386,1.7391059396174007,1.2631562624661332,-0.10054416552871763,-0.14338202800985186,1.9906644236265776,1.9424706789138038,0.28063846134308285,0.0950144166259146,-2.243794664094986,-2.4746639596086757,-0.8465236310426557,-0.6467028899703687
2.9291666666666667,1,56,-0.41186502866117514,-0.46203242662922483,1.7281776758039888,1.2445958238116677,-0.10219762190483515,-0.14576649456054225,1.997284934465534,1.9422194282635505,0.31000923062067176,0.09659452189752898,-2.2432930882447626,-2.4567509636635783,-0.7759929206252452,-0.6574576646851003
2.933333333333333,1,56,-0.4186790331463634,-0.4696128308087281,1.7164807010925525,1.2259803275982941,-0.10718031495421204,-0.14815803437658065,2.003218898980353,1.9419674323050786,0.2646087395043146,0.09817931438266739,-2.242965642130147,-2.4387848307292197,-0.8764671946895319,-0.6682443422903519
2.9375,1,56,-0.41888726788905944,-0.4772143560779733,1.7047694447399535,1.2073129634954516,-0.10852972290623349,-0.15055623767993184,2.010550126038687,1.9417147342165977,0.2908576423537693,0.09976852253529638,-2.2423015211329975,-2.4207686392099843,-0.8123439580002785,-0.6790610745444485
2.9416666666666664,1,56,-0.41852435130194315,-0.48483569995473647,1.6933034973700727,1.1885969300598835,-0.10971737394428299,-0.15296069355080522,2.0192967311417602,1.9414613772966245,0.3228485278276513,0.1013618740527799,-2.241553694991926,-2.4027054760875455,-0.6802631093522465,-0.6899060080560004
2.9458333333333333,1,56,-0.42437101241183833,-0.492475556560981,1.6808901971626131,1.1698354341875643,-0.11458493557044432,-0.15537098999806603,2.0269516730532904,1.941207404956563,0.2764370736988044,0.1029590959225384,-2.24115612627701,-2.3845984363919097,-0.7620832217341682,-0.700777284601483
2.95,1,56,-0.4320072749020748,-0.5001326168466066,1.6671910442129374,1.1510316905642295,-0.12186235469715473,-0.15778671402982603,2.0337431437105935,1.9409528607132664,0.21959119985078956,0.10455991446882681,-2.240815161815796,-2.366450622671117,-0.9407943959147108,-0.7116730414436242
2.9541666666666666,1,56,-0.4365784182918115,-0.507805568813751,1.6531680391166435,1.1321889211145493,-0.12860112895827605,-0.16020745172420825,2.041096072818433,1.9406977881815801,0.20382740027796398,0.10616405539962812,-2.2404807485196927,-2.3482651444596243,-0.9336618826816047,-0.7225914116505796
2.9583333333333335,1,56,-0.43888618246917394,-0.5154930977415969,1.6389882652942371,1.1133103544500615,-0.13422047684424446,-0.16263278830027128,2.048000183542499,1.9404422310668696,0.21996645069892845,0.10777124385365228,-2.2385681852848673,-2.3300451177455006,-0.8298936627254075,-0.7335305244158243
2.9625,1,56,-0.44021794643046575,-0.5231938864116363,1.6247196321529205,1.094399225315981,-0.1379627611542561,-0.16506230818907802,2.056367537756812,1.9401862331575306,0.23873268202568318,0.10938120444743123,-2.2376067366569274,-2.3117936644365304,-0.6905909975560673,-0.7444885053786988
2.966666666666667,1,56,-0.4475173832182025,-0.5309066153333761,1.6090697749385514,1.0754587740369266,-0.14364712321295248,-0.16749559510490317,2.0638666590656993,1.939929838317487,0.17707084192184794,0.11099366132250564,-2.2368888842719343,-2.2935139118252748,-0.7861722035550194,-0.7554634769455788
2.970833333333333,1,56,-0.4488283487984232,-0.5386299629704191,1.593443460157048,1.0564922459617225,-0.1477681707442176,-0.16993223211655983,2.0723466254897276,1.939673090478675,0.19152489451352842,0.11260833819269059,-2.2357704788481323,-2.2752089920532432,-0.7450181294827363,-0.7664535586115836
2.975,1,56,-0.45582073297371295,-0.5463626059669091,1.5763329302310425,1.0375028909073114,-0.15245251524070333,-0.17237180171884034,2.079799586507798,1.9394160336335147,0.1274864063172199,0.11422495839141705,-2.235714046873757,-2.256882041574202,-0.8828181296408929,-0.777456867282799
2.9791666666666665,1,56,-0.45695519921692135,-0.5541032193742752,1.5591044167254267,1.0184939626019276,-0.15664301637892725,-0.17481388590405192,2.0877802136411385,1.9391587118273734,0.1434624570423359,0.1158432449191361,-2.2355310693875805,-2.23853620061677,-0.8514034441558636,-0.7884715175989272
2.9833333333333334,1,56,-0.460414230268248,-0.5618504768782598,1.5410130197967666,0.9994687181275745,-0.15953910579443104,-0.17725806623364165,2.096083154718584,1.9389011691510178,0.11519449334410962,0.1174629204907824,-2.235307994570795,-2.2201746126463497,-0.9431307962127978,-0.7994956222563421
2.9875,1,56,-0.4627757311181153,-0.5696030510261715,1.521375338385362,0.9804304173619547,-0.1638818363981819,-0.17970392390989232,2.094953741658193,1.9386434497330596,0.12500348661607405,0.1190837075832846,-2.22847748615967,-2.2018004238265156,-0.9007598952925582,-0.8105272923314608
2.9916666666666667,1,56,-0.46767222447244405,-0.577359613454342,1.50044532647449,0.9613823224198899,-0.16786453156975578,-0.18215103984768294,2.0940682174715626,1.9383855977323945,0.09833749250244753,0.12070532848311859,-2.2287736059529486,-2.183416782479928,-1.0079851342950343,-0.8215646376044097
2.995833333333333,1,56,-0.47009799188005164,-0.585118835115728,1.4792567617262287,0.9423276970943939,-0.17382509843914715,-0.18459899474629476,2.0940381255839657,1.9381276573306354,0.1324709167921558,0.12232750533389089,-2.2280886434463927,-2.165026838548898,-0.947369188917045,-0.8326057668828939
3.0,1,56,-0.4751427349231601,-0.5928793865076446,1.4561241031577317,0.9232698062974178,-0.1781778454086226,-0.1870473691612586,2.0869396931848048,1.937869672724542,0.1190821763089333,0.12394996018394953,-2.2282471052410426,-2.1466337430556397,-1.0448982340102169,-0.843648788326254
3.0041666666666664,1,56,-0.47882777471407223,-0.6006399378995604,1.433344349718247,0.904211915500444,-0.18503792510770567,-0.18949574357622218,2.0809840795529584,1.9376116881184486,0.15581644099440486,0.12557241503400798,-2.21457328253191,-2.128240647562384,-0.9925895118585807,-0.8546918097696129
3.0083333333333333,1,56,-0.4855469937885078,-0.6083991595609475,1.4107065697636687,0.8851572901749454,-0.1904386300291882,-0.19194369847483433,2.068582544456416,1.9373537477166893,0.14453130371332787,0.12719459188478052,-2.1600278500380887,-2.109850703631351,-1.0869603780759156,-0.8657329390480986
3.0125,1,56,-0.48860783858824824,-0.6161557219891178,1.3882181701047156,0.866109195232881,-0.19556545909794357,-0.19439081441262493,2.0589909939085875,1.9370958957160243,0.19515826712817705,0.12881621278461447,-2.115179570124707,-2.0914670622847638,-1.0092113257450062,-0.8767702843210472
3.0166666666666666,1,56,-0.4911247366063245,-0.6239082961370295,1.3667487405369516,0.8470708944672609,-0.19759240763727556,-0.1968366720888756,2.0454335544153355,1.936838176298066,0.2336131250761781,0.13043699987711668,-2.026396123816463,-2.07309287346493,-0.834801620598068,-0.8878019543961659
3.0208333333333335,1,56,-0.49363135220168497,-0.6316555536410142,1.346709718670865,0.8280456499929079,-0.19759644248516514,-0.19928085241846533,2.0297691468990973,1.9365806336217104,0.2566363165733379,0.132056675448763,-1.8943966071719112,-2.0547312854945092,-0.5838891347820833,-0.8988260590535809
3.025,1,56,-0.5036391419600246,-0.6393961670483801,1.321665407919477,0.809036721687524,-0.20510048695776795,-0.20172293660367688,2.0180021926866587,1.9363233118155692,0.2489736078916558,0.13367496197648204,-1.829705630048285,-2.036385444537078,-0.5650070594790562,-0.9098407093697091
3.029166666666667,1,56,-0.5203039034143954,-0.6471288100448702,1.2921541899602855,0.7900473666331129,-0.22038210983533985,-0.2041625062059574,2.0076849026835584,1.9360662549704089,0.2289159396203677,0.1352915821752085,-1.824090070260115,-2.018058494058036,-0.6918177206582283,-0.9208440180409244
3.033333333333333,1,56,-0.5372974332836151,-0.6548521576819133,1.2595606821087262,0.7710808385579089,-0.23600307891763017,-0.20659914321761408,1.9962215229172238,1.9358095071315968,0.2290751616600654,0.13690625904539347,-1.861047034060447,-1.9997535742860049,-0.6453466784266484,-0.9318340997069293
3.0375,1,56,-0.5570196874951768,-0.662564886603653,1.2323562621712043,0.7521403872788546,-0.2509443940855725,-0.20903243013343922,1.99335981580173,1.9355531122915532,0.21651535510174308,0.13851871592046786,-1.8037035166185775,-1.9814738216747496,-0.7590155598858197,-0.9428090712738093
3.0416666666666665,1,56,-0.5772254666442568,-0.6702656752736925,1.2030700925387812,0.7332292581447739,-0.26560830242305405,-0.21146195002224596,1.9906100156618014,1.9352971143822142,0.22572341931606016,0.14012867651424682,-1.7734197190272465,-1.9632223683657786,-0.7059901108399798,-0.9537670522366838
3.0458333333333334,1,56,-0.6024351100209768,-0.6779532042015384,1.1673049925109669,0.7143506914802862,-0.28447568164215065,-0.213887286598309,1.979647721142688,1.9350415572675037,0.2172877794860245,0.14173586496827098,-1.7987636323291434,-1.9450023416516549,-0.8078275605027107,-0.9647061650019285
3.05,1,56,-0.6268192734283302,-0.6856261561686827,1.1311985979122858,0.695507922030606,-0.3009682904912192,-0.2163080242926912,1.9704332406321348,1.9347864847358174,0.22279590955256556,0.14334000589907225,-1.8268512824953762,-1.9268168634401626,-0.7469133524706435,-0.9756245352088838
3.0541666666666667,1,56,-0.6540641777833952,-0.6932832164543083,1.1004442741090301,0.6767041784072709,-0.3139211861823233,-0.21872374832445124,1.9694209101177023,1.9345319404925208,0.20451878889513483,0.14494082444536072,-1.7611012303165816,-1.9086690497193695,-0.8467857699496345,-0.9865202920510252
3.058333333333333,1,56,-0.6768418303126373,-0.7009230730605519,1.067348054137426,0.6579426825349541,-0.3205512753514551,-0.22113404477171175,1.9659101996001875,1.9342779681524593,0.20727023587704607,0.146538046315119,-1.7453635365207145,-1.8905620100237364,-0.7712808767745486,-0.9973915685965064
3.0625,1,56,-0.7063886477550966,-0.7085444169373161,1.0291257642138012,0.6392266490993836,-0.3346667405154381,-0.22353850064258543,1.9627916041050268,1.9340246112324861,0.21323663152178243,0.1481313978326027,-1.776033478306967,-1.872498846901295,-0.8514151465198074,-1.0082365021080595
3.0666666666666664,1,56,-0.735419099311253,-0.7161459422065604,0.9905786112460688,0.6205592849965433,-0.34250311138114564,-0.22593670394593635,1.9592922248255382,1.9337719131440054,0.20536093875463718,0.14972060598523151,-1.8094322408397163,-1.8544826553820617,-0.8645710854211442,-1.019053234362155
3.0708333333333333,1,56,-0.7653116382162238,-0.7237263463860645,0.9516518712755833,0.6019437887831676,-0.34876388480409415,-0.22832824376197502,1.9562380541965723,1.9335199171855333,0.20398916837757747,0.1513053984703701,-1.83649701608963,-1.8365165224477014,-0.8902026466266837,-1.0298399119674078
3.075,1,56,-0.7954775337048289,-0.7312843306125955,0.9135223656579531,0.5833833501287022,-0.3512918798235864,-0.23071271031266538,1.9540572774253833,1.93326866653528,0.19829343971809565,0.1528855037419845,-1.8565277627063923,-1.8186035265026042,-0.9290376907491065,-1.0405946866821392
3.0791666666666666,1,56,-0.8264220564842365,-0.7388185998644637,0.8760518835204784,0.5648811492687631,-0.35201006003874796,-0.233089695031939,1.9531070459139743,1.9330182042437516,0.19963533233500844,0.15446065105717063,-1.8708855377630191,-1.8007467368464112,-0.9743014100440851,-1.0513157157310666
3.0833333333333335,1,56,-0.8574981979570723,-0.7463278631834213,0.8392444845342071,0.546440356460214,-0.3495600384936015,-0.23545879063570144,1.9526608249083828,1.9327685732263717,0.1972549111270801,0.15603057052254526,-1.8774224211155925,-1.7829492131480993,-1.018386267248823,-1.0620011621210563
3.0875,1,56,-0.8845392902341093,-0.7538108338958546,0.8035508971862024,0.5280641314379733,-0.3435255369776068,-0.23781959119161666,1.9517027275924317,1.9325198162561303,0.20708928828918519,0.15759499314048964,-1.8925661317555078,-1.7652140049217357,-0.9000844432036202,-1.0726491949558765
3.091666666666667,1,56,-0.9110903275935631,-0.761266229833256,0.7688057644656622,0.5097556228735936,-0.3362532529359065,-0.24017169218866333,1.9525259977094551,1.9322719759562537,0.21472418826821885,0.15915365085524216,-1.907416959800915,-1.7475441510039456,-0.7735852207532532,-1.0832579897499188
3.095833333333333,1,56,-0.9456726494025922,-0.7686927735519107,0.7324752049548096,0.49151796783576795,-0.3312221281129912,-0.24251469060644384,1.9556871068301172,1.9320250947929014,0.2033629603715986,0.16070627659882714,-1.9152031279900052,-1.729942679033236,-0.8359834316660073,-1.093825728740808
3.1,1,56,-0.9761062029647859,-0.7760891925517858,0.6986826583408456,0.47335429125279727,-0.3249010104337298,-0.2448481849842414,1.9603925881720363,1.9317792150678894,0.22124049358370762,0.16225260433681657,-1.9014039031879502,-1.712412604931214,-0.7906022902478006,-1.1043506012008721
3.1041666666666665,1,56,-1.0135280705149807,-0.7834542194945613,0.66090156844192,0.455267705377159,-0.31976393316525653,-0.24717177548980698,1.9644713589703888,1.9315343789114434,0.21285875399949833,0.16379236911391284,-1.9176178612918469,-1.6949569323858342,-0.8897118245183728,-1.1148308037473964
3.1083333333333334,1,56,-1.051381542507811,-0.7907865924207871,0.6251858990362902,0.4372613092522306,-0.31383694356794384,-0.24948506398786963,1.970482631629515,1.931290628274978,0.21889560502638578,0.1653253070993484,-1.8923172807503714,-1.6775786523367227,-1.034837656305729,-1.1252645406516277
3.1125,1,56,-1.0822035209901435,-0.7980850549661079,0.5885471436863078,0.4193381881812943,-0.30480227754234435,-0.25178765410835363,1.9734291666015922,1.93104800492391,0.22335040237165427,0.1668511556320907,-1.9001853966394113,-1.6602807424627057,-0.963088088339685,-1.1356500241464589
3.1166666666666667,1,56,-1.1201793835760987,-0.8053483565765409,0.5509434655733947,0.401501413198873,-0.2964887347421961,-0.25407915131429615,1.9786904205846816,1.9308065504305016,0.21112757779943392,0.16836965326584907,-1.9067726060602812,-1.643066166671586,-1.0505758407060795,-1.14598547473276
3.120833333333333,1,56,-1.1497810408799607,-0.8125752527227451,0.5165074323138792,0.3837540405445403,-0.29062725932642347,-0.256359162969447,1.985108641918446,1.9305663061667373,0.22875687585185833,0.1698805398138709,-1.8861307274476002,-1.6259378745923088,-0.9879069070440144,-1.1562691214842775
3.125,1,56,-1.184196407011842,-0.8197645051132715,0.4789497343042816,0.36609911113923266,-0.2857911985394532,-0.25862729840554716,1.9909009740570776,1.930327313297235,0.2178899009529337,0.1713835563935246,-1.8957671675907228,-1.608898801069541,-1.0821996805464653,-1.1664992023510836
3.1291666666666664,1,56,-1.21465511703556,-0.8269148819067318,0.4436510721638784,0.3485396500642195,-0.28278846797768203,-0.26088316898926556,1.9977863558771705,1.930089612772192,0.22153163923386734,0.17287844547065645,-1.865946002424893,-1.5919518656608176,-1.2564354298423073,-1.1766739644614839
3.1333333333333333,1,56,-1.2319468512120926,-0.8340251579228743,0.4079216002116628,0.3310786660427558,-0.2828804299015807,-0.2631263881887914,2.0016847838844702,1.9298532453203703,0.2269756022359905,0.1743649509037191,-1.8668934268713036,-1.5750999721362735,-1.2373353048180946,-1.1867916644223728
3.1375,1,56,-1.2388438827087611,-0.8410941148525066,0.3726780518560925,0.3137191509245669,-0.2857962702080643,-0.2653565716400627,2.0054431436222933,1.9296182514421154,0.21031714314596495,0.175842817987659,-1.8707920706569838,-1.5583460079811131,-1.271249860821192,-1.196850568617947
3.1416666666666666,1,56,-1.2356376223453074,-0.848120541466249,0.3396306061004705,0.2964640791732025,-0.29615321262174554,-0.26757333721262594,2.0110064653554263,1.929384671402419,0.21715650442908208,0.1773117934975592,-1.8445908097601857,-1.541692843900846,-1.1930742529418086,-1.2068489535067546
3.1458333333333335,1,56,-1.2352554653259642,-0.8551032338220752,0.30455710429738136,0.27931640735637453,-0.3020790404702384,-0.2697763050751126,2.015137323430301,1.9291525452240181,0.19607572544205262,0.1787716257320288,-1.8397087104056933,-1.5251433333294027,-1.27333721742798,-1.2167851059170194
3.15,1,56,-1.2207526936354942,-0.8620409954715954,0.2702433330750236,0.2622790736393754,-0.3192399229003521,-0.2719650977603199,2.019196126066292,1.9289219126805386,0.19672114188590575,0.18022206455632922,-1.8286977939081255,-1.5087003119402262,-1.2256249074985932,-1.2266573233401747
3.154166666666667,1,56,-1.2187049515412276,-0.8689326376650682,0.2346221692004978,0.24535499728162558,-0.327234895946732,-0.2741393402298897,2.023495347713322,1.9286928132896792,0.19249607192503684,0.18166286144523527,-1.8341350813532604,-1.4923665971603794,-1.3219862982908892,-1.2364639142225904
3.158333333333333,1,56,-1.1995307953742045,-0.8757769795550804,0.20101908383495287,0.22854707813648822,-0.34621413586205757,-0.27629865993856734,2.028247131782674,1.9284652863064418,0.19327801975210024,0.1830937695256168,-1.8180488295265373,-1.4761449876878072,-1.2794587745455204,-1.2462031982554
3.1625,1,56,-1.19553202266349,-0.8825728483988853,0.16456800543404915,0.21185819615437662,-0.3524186354892845,-0.27844268689803736,2.0256380963185725,1.928239370716403,0.1852274208742371,0.18451454361874095,-1.8226572718291412,-1.4600382630117803,-1.3881626386195272,-1.255873506662425
3.1666666666666665,1,56,-1.1776397441702595,-0.8893190797593405,0.1313753497290432,0.1952912108893079,-0.36793861469982364,-0.28057105374031743,2.025332943547725,1.9280151052290364,0.18914020656517236,0.18592494028228074,-1.8024967223707415,-1.4440491829366566,-1.347661290827474,-1.2654731824861007
3.1708333333333334,1,56,-1.1618029805043102,-0.8960145177044336,0.09613808029907607,0.17884896100891634,-0.3802442495361486,-0.28268339578070634,2.0179002099240697,1.9277925282710786,0.17701295952890272,0.18732471785202892,-1.8035542193981493,-1.428180487108993,-1.461236728783068,-1.2750005808713964
3.175,1,56,-1.1870999304220147,-0.9026580150053392,0.06166014288193608,0.162534263808078,-0.3541819071952479,-0.2847793510802693,2.0125862570658795,1.9275716779799457,0.1917439630895686,0.18871363648330464,-1.8006866685552012,-1.41243489454813,-1.4132653686877215,-1.2844540693476432
3.1791666666666667,1,56,-1.176877067309512,-0.9092484333329971,0.027015078957744836,0.1463499147261662,-0.36783543316850253,-0.28685856050785635,2.009493489991944,1.927352592197198,0.18601271476662318,0.19009145819205092,-1.798299784366638,-1.3968151031802911,-1.5121628116111365,-1.29383202810826
3.183333333333333,1,56,-1.2165586238981676,-0.9157846434531532,-0.006648567226538532,0.13029868686808221,-0.32992276755829925,-0.28892066780163533,2.0073112851584107,1.9271353084620566,0.19287593538270315,0.19145794689561077,-1.7913436082522012,-1.3813237893763195,-1.451265624252788,-1.3031328502882886
3.1875,1,56,-1.2056439987323218,-0.922265525419853,-0.040379639337838544,0.11438333052908467,-0.34933123070933036,-0.2909653196301376,2.0051492767460934,1.926919864004971,0.19097729057342835,0.19281286845317971,-1.7651915990333706,-1.3659636074930832,-1.5430835150077384,-1.3123549422397314
3.1916666666666664,1,56,-1.2042433142038858,-0.9286899687673343,-0.07392330456224384,0.09860657272355189,-0.3549384179731634,-0.29299216565279806,2.002510748741585,1.9267062957412397,0.19381925685322182,0.1941559907059239,-1.7531028695574533,-1.3507371894186755,-1.454947691793701,-1.3214967238046065
3.1958333333333333,1,56,-1.2069835493484107,-0.9350568727003035,-0.1074784793363362,0.0829711167177134,-0.355369663972836,-0.29500085857998504,2.000850401474334,1.9264946402646852,0.1901234572068573,0.19548708351675986,-1.7494323343665346,-1.3356471441214461,-1.5241429614975766,-1.3305566285857058
3.2,1,56,-1.2063030718752923,-0.941365146282548,-0.14025975284670514,0.06747964156646447,-0.35734902647108957,-0.29699105423250627,1.9993471479962155,1.9262849338413839,0.1926543399402163,0.19680591880978685,-1.7499926012169302,-1.3206960572029733,-1.4384542483105425,-1.339533104214985
3.2041666666666666,1,56,-1.2008349423490785,-0.9476137086238641,-0.17209123567674336,0.05213480165432394,-0.3657219959060947,-0.298962411600582,2.000831341046207,1.926077212403452,0.2036061022954102,0.1981122706093667,-1.7369217179862166,-1.305886490455034,-1.5145936520252885,-1.3484246126195554
3.2083333333333335,1,56,-1.1985355475730546,-0.9538014890652636,-0.20409755777779692,0.036939226240611855,-0.3640185068603532,-0.3009145929022762,1.9983787324946565,1.9258715115428882,0.19432895469723835,0.19940591507884392,-1.7385720882930529,-1.2912209814206475,-1.4269485232541201,-1.3572296302852271
3.2125,1,56,-1.1873184339788019,-0.9599274273624211,-0.2352019409890781,0.02189551900895248,-0.37573381338926953,-0.30284726364137216,1.9999061258217157,1.925667866505476,0.2021452530585257,0.20068663055889804,-1.722228918958609,-1.276702042959292,-1.503320125657963,-1.3659466485175495
3.216666666666667,1,56,-1.1887186075378544,-0.9659904738673474,-0.26584783342335844,0.007006257621130274,-0.3666457290487022,-0.3047600926646886,1.999351706828175,1.9254663121847446,0.1922611140627699,0.20195419760552502,-1.7179815759411377,-1.262332162816326,-1.4148054482638757,-1.3745741737003259
3.220833333333333,1,56,-1.1768300583243165,-0.971989589708235,-0.2964716002272188,-0.00772600672456214,-0.3788227859038047,-0.3066527522188194,1.9994219304587961,1.9252668831159891,0.21377359473225163,0.20320839902763657,-1.7056934798383254,-1.248113803196738,-1.4925249967396343,-1.3831107275515286
3.225,1,56,-1.1983834313644444,-0.9779237469674695,-0.32515881821667825,-0.0222987497304743,-0.3429808513398223,-0.3085249180062936,1.9945851041213747,1.9250696134703535,0.2006587784178443,0.20444901992427597,-1.705801310176111,-1.2340494003432507,-1.3990647107208996,-1.391554847376604
3.2291666666666665,1,56,-1.1806984572872425,-0.9837919288577524,-0.35601986985212875,-0.03670947443210926,-0.369665423909922,-0.31037626924114115,1.9936143288333548,1.9248745370489764,0.23146381279496397,0.20567584772143901,-1.691343176656843,-1.2201413641188914,-1.4832940571641007,-1.399905086319088
3.2333333333333334,1,56,-1.175346192954335,-0.9895931298963274,-0.3848550758146605,-0.050955711625980005,-0.3735083760159581,-0.31220648870385914,1.9924428165536703,1.924681687277198,0.23234755221242553,0.20688867220849866,-1.6834624518109818,-1.2063920775940655,-1.4018442733929466,-1.408160013608527
3.2375,1,56,-1.173090472290635,-0.9953263560772602,-0.41327438832195273,-0.06503502029267993,-0.37344357906986925,-0.3140152627957642,1.9931875452386731,1.924491097198834,0.23185057156067554,0.20808728557422243,-1.6703917235206596,-1.1928038966382406,-1.4784059478519984,-1.416318214805625
3.2416666666666667,1,56,-1.1795129097286319,-1.0009906250417604,-0.4395229525577314,-0.07894498801515226,-0.3596438559921916,-0.3158022815927278,1.993951681865883,1.9243027994705135,0.2257801569691616,0.20927148244238086,-1.650544476311987,-1.1793791495162682,-1.3922042411886077,-1.424378292044607
3.245833333333333,1,56,-1.1714370950270183,-1.0065849662464996,-0.46622717088769067,-0.09268323139203316,-0.3709158209849712,-0.31756723889827804,1.9987630695840377,1.9241168263560824,0.2524570683383178,0.21044105990693657,-1.6305349682545622,-1.16612013648946,-1.4796495336018993,-1.4323388642727295
3.25,1,56,-1.1812827481134498,-1.0121084211299132,-0.4904337027502976,-0.10624739644604819,-0.35128541118310685,-0.31930983229606713,1.9988830075709487,1.9239332097210768,0.24215978425000453,0.21159581756681226,-1.618867771726723,-1.153029129421438,-1.3994186310883792,-1.440198567486924
3.2541666666666664,1,56,-1.176819736387264,-1.017560043276441,-0.5159838252514358,-0.11963515902734034,-0.3575957596863862,-0.32102976320168697,2.00004738602472,1.9237519810272616,0.2706177806845713,0.21273555756022736,-1.6074779198814841,-1.140108371388873,-1.493569603672238,-1.4479560549675052
3.2583333333333333,1,56,-1.1821050001510203,-1.0229388985786936,-0.539175170773157,-0.13284422521171546,-0.34312567279853157,-0.3227267369138314,1.997100531927169,1.9235731713272408,0.260232747214433,0.21386008459860167,-1.600947519721185,-1.1273600762971347,-1.4134313049111202,-1.4556099975089307
3.2624999999999997,1,56,-1.1744927551579913,-1.028244065397505,-0.5630192294777592,-0.14587233169367986,-0.35362111603327523,-0.32440046266479056,1.9967011278525675,1.923396811259136,0.29042649240301827,0.214969206000016,-1.584966169178934,-1.1147864285009623,-1.5093322295743892,-1.463159083647547
3.2666666666666666,1,56,-1.1774640860765075,-1.0334746347198525,-0.5843199000848504,-0.15871724617425942,-0.34143141090280604,-0.3260506536702737,1.992026772091296,1.9232229310413365,0.2794590348072517,0.21606273172222823,-1.572830495974105,-1.1023895824301726,-1.4259653228077043,-1.4706020198863081
3.2708333333333335,1,56,-1.169187996352113,-1.0386297103146094,-0.6068132457356857,-0.17137676774348298,-0.352463824903931,-0.32767702717854713,1.9897511141425959,1.9230515604673228,0.3113615165896527,0.2171404743952352,-1.5608781851199853,-1.0901716622205222,-1.5197333681226017,-1.4779375309164058
3.275,1,56,-1.1708709978152374,-1.0437084088861104,-0.6266214097025067,-0.1838487272574989,-0.3414013444879774,-0.32927930451888254,1.9834348297854145,1.9228827289005608,0.29918291690246773,0.21820224935337806,-1.5502633941251318,-1.0781347613497427,-1.433203226966909,-1.485164359835787
3.279166666666667,1,56,-1.1639988863481543,-1.0487098602255016,-0.6460431551642061,-0.19613098771025328,-0.34671647895025887,-0.3308572111493066,1.9790979419939352,1.9227164652694697,0.30467807221943477,0.21924787466698395,-1.5339253721112538,-1.0662809422788295,-1.5161375930826846,-1.4922812683645224
3.283333333333333,1,56,-1.1639600013492946,-1.0536332073598422,-0.6626153892465858,-0.2082214445996442,-0.3370133943087237,-0.33241047670364093,1.9740605172031678,1.9225527980624673,0.284829913305462,0.22027717117353807,-1.514998805261585,-1.0546122360986594,-1.4252623277741296,-1.4992870370569713
3.2875,1,56,-1.1578146814111012,-1.0584776066989476,-0.6779173933140938,-0.22011802628812838,-0.34048346818501113,-0.3339388350378294,1.974391456883067,1.9223917553230867,0.28552555781452305,0.22128996250838304,-1.4896480601525905,-1.0431306421819628,-1.5169559640422294,-1.5061804655107358
3.2916666666666665,1,56,-1.1570739745987424,-1.0632422281799288,-0.6907226109480874,-0.23181869435767366,-0.3320493162441965,-0.335442024275539,1.9742146890830001,1.9222333646451724,0.26924289217487296,0.22228607513493734,-1.4641612877705976,-1.0318381278407531,-1.4476160052986682,-1.5129603725723364
3.2958333333333334,1,56,-1.14975424419354,-1.0679262554094247,-0.7026855036164327,-0.24332144395904542,-0.3408048982724357,-0.33691978685303275,1.9807166977010064,1.9220776531681514,0.30238875560713313,0.22326533837443058,-1.4299094628006521,-1.0207366279892254,-1.5572027671175404,-1.5196255965396026
3.3,1,56,-1.1506324347418506,-1.0725288858034816,-0.7125334654500464,-0.2546243041553127,-0.32945126860226703,-0.3383718695633002,1.9823949367764448,1.921924647572384,0.2885648740220243,0.22422758443514776,-1.3989781848142175,-1.009828044812231,-1.494962936294517,-1.526174995360719
3.3041666666666667,1,56,-1.143561308654429,-1.077049330725077,-0.7231630083868064,-0.26572533825957034,-0.33812278038411064,-0.33979802359944455,1.9867206730214515,1.921774374074591,0.32642131918365563,0.2251726484411802,-1.3668028102534548,-0.999114247439338,-1.6165274727708743,-1.5326074468299153
3.308333333333333,1,56,-1.1452272940980026,-1.0814868156192439,-0.7332990245758021,-0.27662264416677074,-0.32578199562373833,-0.34119800459731325,1.9824566212940509,1.9216268584233631,0.3077647797845,0.2261003684606755,-1.367206228225579,-0.9885970716245738,-1.5585318557379424,-1.5389218487797451
3.3125,1,56,-1.1375490896122729,-1.085840580145791,-0.741975811600834,-0.2873143546796486,-0.3353555825285131,-0.3425715726773699,1.987436079961638,1.9214821258947472,0.3475603508243553,0.22701058553358444,-1.3338641571676544,-0.9782783194318685,-1.6834648787731041,-1.5451171192699424
3.3166666666666664,1,56,-1.1391543986162223,-1.0901098783095788,-0.748340193164759,-0.2977986378286457,-0.3206497722893982,-0.34391849248579454,1.986077958868765,1.9213402012879175,0.3221949178121679,0.22790314369889714,-1.303510550816346,-0.9681597589262925,-1.6264114391888156,-1.5511921967728006
3.3208333333333333,1,56,-1.1325461546873483,-1.0942939785883465,-0.7568500933841785,-0.3080736971858209,-0.32832460938212676,-0.34523853323481246,1.986951070123871,1.9212011089209244,0.3550364861068155,0.2287778900213671,-1.2969592588583894,-0.9582431238710956,-1.7541015615845585,-1.5571460403550654
3.3249999999999997,1,56,-1.1350506368921585,-1.09839216405805,-0.7622054536351852,-0.3181377721726464,-0.31111822193637684,-0.3465314687422366,1.9843460523312244,1.9210648726265291,0.3194993596795896,0.22963467461771497,-1.2816470187682492,-0.9485301134306452,-1.669479969047791,-1.5629776298562885
3.3291666666666666,1,56,-1.1281848002311412,-1.1024037325157074,-0.7696219449728929,-0.3279891383616862,-0.3190473668410288,-0.34779707747022404,1.9845910249056362,1.9209315157481193,0.3483188695544135,0.23047335068231112,-1.2903184496255944,-0.9390223918792757,-1.7712874267805996,-1.568685966063631
3.3333333333333335,1,56,-1.1303652284829604,-1.1063279965997153,-0.7710490265622989,-0.33762610777205726,-0.30076922370632514,-0.34903514256323454,1.9878280030021216,1.9208010611357094,0.31504292388592653,0.2312937745123293,-1.2429546234909996,-0.9297215883161298,-1.688935346750588,-1.57427007088307
3.3375,1,56,-1.1234251507248514,-1.1101642839076238,-0.7756442198075831,-0.34704702915866115,-0.30739527809133776,-0.35024545188518774,1.9913561236334156,1.9206735311420258,0.34468943761686943,0.2320958055323697,-1.2236701024381265,-0.9206292963860188,-1.7941572794402894,-1.5797289875069906
3.341666666666667,1,56,-1.1256326204238383,-1.1139119371113533,-0.7775103694882687,-0.35625028829511995,-0.28879540568682566,-0.3514277980558124,1.9906633860748013,1.9205489476186766,0.3012176980153497,0.23287930631854603,-1.1999146096298774,-0.9117470740063554,-1.7107283724853266,-1.5850617805781335
3.345833333333333,1,56,-1.118404167648928,-1.1175703140698192,-0.7817829121297125,-0.3652343082503564,-0.29596829238615235,-0.3525819784861786,1.9924725784665447,1.9204273319124068,0.3271815724888803,0.23364414262203193,-1.1996702760730154,-0.9030764431002205,-1.8196119095247898,-1.590267536349858
3.35,1,56,-1.12000739666857,-1.121138787938964,-0.7820209887700976,-0.37399754965880394,-0.2778465020707301,-0.35370779541341163,1.994176077351161,1.9203087048614416,0.2849170339279311,0.23439018339206436,-1.1678907939228735,-0.8946188893355815,-1.739911681514905,-1.5953453628427132
3.3541666666666665,1,56,-1.1128137891387433,-1.1246167472791602,-0.784780284876846,-0.3825385109841575,-0.2848172515705872,-0.35480505593457645,1.9976469713091272,1.920193086791916,0.3126035359534159,0.23511730079839782,-1.1606734844977886,-0.8863758618707385,-1.8559121003268801,-1.6002943899972688
3.3583333333333334,1,56,-1.1159296212269145,-1.12800359615998,-0.7874860857740882,-0.3908557287766654,-0.26572158046563304,-0.3558735720397317,1.9899291099476302,1.9200804975143901,0.25527232816689277,0.23582537025320807,-1.1985285527339236,-0.8783487731060107,-1.7699612475049287,-1.6051137698232008
3.3625,1,56,-1.1189007120052068,-1.131298754262302,-0.7858454290337571,-0.3989477779238739,-0.24086719435022666,-0.3569131606441432,1.9916878417705306,1.919970956320458,0.20212985171663087,0.23651427043243908,-1.1758850783936183,-0.8705389984417358,-1.5869097931278584,-1.6098026765445852
3.3666666666666667,1,56,-1.1119096596786573,-1.1345016569777506,-0.7873082338711198,-0.4068132718948223,-0.24363809905790174,-0.3579236436196558,1.9925609687196202,1.9198644819794388,0.22261452305273122,0.23718388329659176,-1.1809053595582126,-0.862947876042595,-1.641303227837113,-1.614360306741395
3.370833333333333,1,56,-1.1109171804610898,-1.1376117555054326,-0.7849752473533111,-0.414450862977608,-0.22868194787899032,-0.35890484782521326,1.9979439277468118,1.9197610927351627,0.19577755774500974,0.2378340941109488,-1.1403476354898092,-0.8555767066083355,-1.543278900867879,-1.6187858794871575
3.375,1,56,-1.1001885089999865,-1.1406285169459771,-0.7862044686197791,-0.4218592425103189,-0.2417533106350591,-0.3598566051365265,2.00136822185305,1.9196608063028446,0.24390035692419923,0.2384647914652347,-1.1522906717839283,-0.8484267531508904,-1.6519525274608329,-1.6230786364827667
3.3791666666666664,1,56,-1.0964333654290577,-1.1435514243928409,-0.7830633238912869,-0.42903714110525915,-0.23437167556764238,-0.36077875247487967,2.0104290727972027,1.9195636398660483,0.23449139335867375,0.2390758672927044,-1.1046222068228055,-0.8414992407779787,-1.5793185904820715,-1.6272378421864098
3.3833333333333333,1,56,-1.085595145274702,-1.1463799770208807,-0.7832881207062912,-0.4359833288664574,-0.24978329369376429,-0.36167113183507366,2.0164857735023416,1.9194696100737427,0.28917229809805384,0.23966721688866088,-1.1115681205834904,-0.8347953564831809,-1.6908616813870452,-1.6312627839396017
3.3874999999999997,1,56,-1.0827029445740182,-1.1491136901721648,-0.7797393356414579,-0.4426966156003993,-0.2418500585178514,-0.3625335903124991,2.0247982397349,1.9193787330374485,0.2746448348326609,0.24023873892839503,-1.062903816052738,-0.82831624894256,-1.6101055564019675,-1.6351527720892929
3.3916666666666666,1,56,-1.071829328720439,-1.1517520954390181,-0.7796847678528386,-0.4491758510199637,-0.2593749131612729,-0.36336598012933585,2.0309193360391515,1.919291024328478,0.3351652099604085,0.24079033548454762,-1.0692372253873712,-0.8220630283178378,-1.7208550450683293,-1.6389071401060402
3.3958333333333335,1,56,-1.070134297708494,-1.1542947407442807,-0.7769806860690261,-0.45541992494151673,-0.25174319967523967,-0.3641681586598739,2.0346897624302915,1.919206498975267,0.3140039097777729,0.24132191204388836,-1.0479379485443654,-0.8160367660661776,-1.6326513735502874,-1.6425252446982113
3.4,1,56,-1.0611214678397969,-1.1567411904187686,-0.7773679730096233,-0.46142776747513503,-0.26844126449863714,-0.36493998845495157,2.037612508285622,1.9191251714608,0.3705435522421947,0.2418333775235103,-1.0779644362708587,-0.810238494756593,-1.7356695565646219,-1.6460064659222098
3.404166666666667,1,56,-1.064305173604174,-1.1590910252759252,-0.7725139402549921,-0.46719834920793124,-0.2520652464607726,-0.3656813372655071,2.043938625118491,1.9190470557201271,0.33784833371421036,0.24232464428643666,-1.0439499422232763,-0.8046692078930224,-1.6366859547211554,-1.6493502072887014
3.408333333333333,1,56,-1.0580852064011126,-1.161343842683644,-0.7709205783726479,-0.4727306813804302,-0.2622905062430021,-0.3663920780652381,2.0497752733908254,1.9189721651379792,0.38372129695617857,0.24279562815663655,-1.0399732690136518,-0.7993298597441001,-1.7380406034390135,-1.6525558958648157
3.4125,1,56,-1.0592746875272012,-1.1634992566332603,-0.7698852836343572,-0.478023816055996,-0.25339634393260746,-0.36707208907236744,2.0429827000176815,1.9189005125464713,0.34132990307600475,0.2432462484334485,-1.0847594111696077,-0.7942213651796437,-1.6377803519861225,-1.6556229823723183
3.4166666666666665,1,56,-1.06213815515002,-1.1655568978056896,-0.7642042894425973,-0.4830768462832511,-0.23373686340964342,-0.36772125377050985,2.0455809804021645,1.9188321102229067,0.29270872042129836,0.2436764279054079,-1.0615055101529614,-0.7893445995138983,-1.438468447141047,-1.6585509412817259
3.4208333333333334,1,56,-1.0552871462041762,-1.1675164136347098,-0.7620938033040999,-0.4878889062514786,-0.24371383055126883,-0.3683394609286362,2.0480180524038962,1.9187669698876708,0.32894618124480596,0.24408609286347674,-1.0911537441705876,-0.7847003983555552,-1.478599734099118,-1.6613392709023524
3.425,1,56,-1.0571797991724485,-1.1693774683673712,-0.7559843968186809,-0.4924591714389752,-0.23043463596760502,-0.3689266046201323,2.0540733521867773,1.9187051027022253,0.30575967867693415,0.2444751731136734,-1.0611192856224214,-0.7802895574645747,-1.3549516599458007,-1.6639874934682712
3.4291666666666667,1,56,-1.0480375706439788,-1.1711397431215265,-0.7534998142027899,-0.4967868587543305,-0.24802364820014977,-0.36948258424094954,2.0592865421062765,1.9186465192671935,0.3642832594042144,0.2448436019891001,-1.0847088430507816,-0.7761128326158357,-1.4409673222318975,-1.6664951552201797
3.433333333333333,1,56,-1.050399251991035,-1.1728029359404681,-0.7469812493420898,-0.5008712266706001,-0.2372831416204165,-0.3700073045268419,2.0667508895610616,1.9185912296205456,0.35128116409425825,0.24519131636136565,-1.0499080133780319,-0.7721709394696399,-1.336189710502232,-1.6688618264831452
3.4375,1,56,-1.0426863226720637,-1.1743667618446694,-0.7410534436950781,-0.5047115753523692,-0.2528588285105548,-0.3705006755696897,2.0827580063724263,1.9185392432358779,0.42261334994030386,0.24551825665140242,-1.0015093542370705,-0.7684645534490846,-1.438515426986491,-1.6710871017402311
3.4416666666666664,1,56,-1.0466590525116737,-1.1758309528806117,-0.7356589964737912,-0.5083072467756602,-0.24405443489405795,-0.37096261283290455,2.088083028086816,1.9184905690207896,0.41120689678093,0.24582436683967476,-0.999391746920494,-0.7649943096243343,-1.3476138512193794,-1.6731705997019772
3.4458333333333333,1,56,-1.0420896709057308,-1.177195258166699,-0.733578269590669,-0.5116576248406868,-0.2597264110792646,-0.3713930371659146,2.0915002105981446,1.9184452153153573,0.4714612340856142,0.24610959447577785,-1.038954612186415,-0.7617608026038027,-1.460309306317515,-1.6751119633717346
3.4499999999999997,1,56,-1.048060169069069,-1.1784594439362432,-0.7268457202195624,-0.5147621354774135,-0.24681553469731723,-0.371791874817726,2.0968966856571893,1.9184031898907046,0.452143201093006,0.24637389068742446,-1.014646357711208,-0.7587645864322727,-1.364003227430834,-1.6769108601068314
3.4541666666666666,1,56,-1.0433361201359195,-1.179623293577522,-0.7254725734935544,-0.5176202467439261,-0.2638670521315851,-0.3721590574495606,2.0960632437649487,1.9183644999476717,0.507982528408887,0.2466172101888195,-1.0623679504010373,-0.7560061744959596,-1.470809031019559,-1.678566981675574
3.4583333333333335,1,56,-1.050581478607603,-1.1806866076708902,-0.7194538532616744,-0.5202314689175731,-0.24948753628544057,-0.3724945221465646,2.09536120228474,1.918329152115581,0.47749234872669943,0.2468395112884189,-1.048705007168708,-0.7534860394345491,-1.3753553005749475,-1.6800800443100565
3.4625,1,56,-1.047043410200973,-1.1816492040229518,-0.7182289821456047,-0.522595354578876,-0.26495988868644477,-0.3727982114285891,2.0922712044262193,1.918297152451102,0.5242005414803036,0.24704075589607372,-1.0998700892266293,-0.7512046130602101,-1.481598881286611,-1.6814497887547861
3.466666666666667,1,56,-1.053367826338973,-1.1825109176977775,-0.7121448281903642,-0.5247114986881973,-0.253277027578255,-0.373070073260039,2.0906868473753755,1.9182685064372123,0.4918127327277722,0.2472209095295564,-1.0881390837072697,-0.7491622862836071,-1.385877507411903,-1.6826759803111038
3.470833333333333,1,56,-1.0484065971208192,-1.183271601045165,-0.7107249623899153,-0.5265795386551368,-0.2719284694902743,-0.37331006105878906,2.087439950989329,1.9182432189822587,0.5329153135484275,0.24737994132046923,-1.1377875559078325,-0.7473594090469198,-1.4930251268237646,-1.6837584088773982
3.475,1,56,-1.0532732667401468,-1.1839311237259391,-0.7043592912944919,-0.5281991544006646,-0.2637169991657662,-0.3735181337041655,2.085296487333942,1.9182212944191166,0.49875637594256006,0.24751782401953368,-1.1252646108227575,-0.7457962902638804,-1.400133464817197,-1.684696888985108
3.4791666666666665,1,56,-1.0496660139459497,-1.1844893727342833,-0.7025438353796182,-0.5295700684119584,-0.28067553299209924,-0.37369425554399155,2.0812015345828923,1.9182027365044472,0.5310119502723347,0.24763453400125893,-1.173807259703063,-0.7444731977668462,-1.502737663885892,-1.6854912598304967
3.4833333333333334,1,56,-1.0556720058149678,-1.1849462524171044,-0.6955063090557129,-0.5306920457899609,-0.2714813163553194,-0.3738383964006967,2.0787739295147767,1.9181875484180533,0.4929507093821647,0.24773005126799055,-1.1597630179206564,-0.7433903582609052,-1.409586769723381,-1.6861413853022102
3.4875,1,56,-1.0521748806926772,-1.1853016844904203,-0.6932099498095353,-0.531564894289625,-0.2884875352984718,-0.37395053157648733,2.0743848297471805,1.9181757327623354,0.5194737941265524,0.2478043594533366,-1.2080216408019402,-0.7425479572850313,-1.5092463201401867,-1.686647154004596
3.4916666666666667,1,56,-1.058190834637509,-1.1855556080527752,-0.6856439281302158,-0.5321884643528523,-0.2797971142361883,-0.3740306418575781,2.0715826085500453,1.9181672915618455,0.478617112749735,0.24785744582497196,-1.1949453737348887,-0.7419461391802966,-1.4154293591512102,-1.6870084792767897
3.495833333333333,1,56,-1.0554494691953316,-1.1857079795956738,-0.6794480004199487,-0.5325626491341238,-0.2926726789062796,-0.37407871351748495,2.0765237367386598,1.9181622262629396,0.5051890496302337,0.24788930128682024,-1.1775759919830464,-0.741585007065134,-1.5157434396266956,-1.687225299207567
3.5,1,56,-1.0633901999662492,-1.1857587730110368,-0.6712253549077744,-0.5326873845188032,-0.27974926680444256,-0.37409473831937634,2.0747311335333167,1.9181605377335307,0.45618391971412137,0.24789992038061204,-1.1559967586458169,-0.7414646228176727,-1.419666170275361,-1.6872975766459484
3.5041666666666664,1,56,-1.0600307532872326,-1.18579861396103,-0.6663634282210295,-0.5327569974982624,-0.2948771451723021,-0.37404730165550826,2.07693747258636,1.9181462347392735,0.47892896850622013,0.24788529273783108,-1.1639463920074358,-0.741402529534228,-1.5216980332132797,-1.6872860285460396
3.5083333333333333,1,56,-1.0691895890100338,-1.1859181095060125,-0.656286841514659,-0.5329657887273823,-0.2785613147540294,-0.37390502417462385,2.07937365992683,1.91810333555906,0.42561832678722367,0.24784141983454386,-1.1144036473768997,-0.7412162922395283,-1.4253850955380998,-1.6872513921608039
3.5124999999999997,1,56,-1.0664531669014838,-1.186117177749707,-0.6502950684659242,-0.5333136151110833,-0.2909950276597741,-0.37366800338660167,2.083359216689021,1.9180318695938452,0.44060734026750176,0.2477683317390468,-1.0983501123538968,-0.740906038571313,-1.5307973913172386,-1.6871936912282897
3.5166666666666666,1,56,-1.0715577726352064,-1.1863956822606825,-0.6459817270549469,-0.5338002382665366,-0.2866000745603462,-0.3733364017336503,2.0721333293217588,1.917931885822832,0.3821823719067841,0.24766607854226974,-1.1477422062908882,-0.7404719811619486,-1.436321989149991,-1.687112965293834
3.5208333333333335,1,56,-1.0571947099428955,-1.1867534321658593,-0.6489479472658393,-0.5344253246865385,-0.3386064155488605,-0.3729104464789788,2.066824761465606,1.9178034527699026,0.47477389926372804,0.24753473032344606,-1.264705254923309,-0.7399144174927017,-1.5722201488212093,-1.6870092696829595
3.525,1,56,-1.0571487684221894,-1.1871901822813218,-0.6470276043703521,-0.5351884459680806,-0.3554541808616406,-0.3723904295510419,2.0638256779327273,1.9176466584566565,0.4794893046112028,0.247374377102084,-1.321457734475991,-0.7392337296898606,-1.4846996127070728,-1.6868826754634587
3.529166666666667,1,56,-1.062252992748456,-1.1877056332803575,-0.6479756993923419,-0.5360890791059554,-0.36393814118892226,-0.37177670734346646,2.0488120277459347,1.9174616103420834,0.4304221923361021,0.2471851287762716,-1.4419996963428123,-0.7384303842628439,-1.5566747321933068,-1.6867332693966859
3.533333333333333,1,56,-1.0725402134381419,-1.1882994318985987,-0.6440037757533876,-0.5371266068511976,-0.3583142555703496,-0.3710697004707975,2.042194747574052,1.917248435248918,0.3818824122269098,0.24696711504735824,-1.492959869233102,-0.7375049317844796,-1.4644472173904748,-1.6865611538780965
3.5375,1,56,-1.0656139834467369,-1.1889711711761337,-0.641130107005731,-0.5383003181341166,-0.3928538771593725,-0.3702698934802297,2.0499641186737647,1.9170072792767208,0.4115567375805829,0.2467204853310637,-1.4941731809478647,-0.7364580065136688,-1.5701699248109167,-1.6863664468670692
3.5416666666666665,1,56,-1.0716337383267336,-1.1897203907364156,-0.6346411793790834,-0.539609408551627,-0.3985471143656938,-0.36937783451952333,2.0528823595398342,1.9167383077017492,0.38390004607147316,0.24644540865507608,-1.4680268515285304,-0.7352903259606971,-1.4820564453924356,-1.6861492818060635
3.5458333333333334,1,56,-1.0746111158665501,-1.190546577101782,-0.6286844560389977,-0.5410529809185474,-0.4142935010935619,-0.36839413496133044,2.0620027356999695,1.916441704863685,0.3995960828573007,0.24614207354320872,-1.4334521220833911,-0.7340026903954884,-1.5711512352139823,-1.685909807529165
3.55,1,56,-1.0886610601695819,-1.191449164045367,-0.6208091029444903,-0.5426300458824852,-0.404787068929323,-0.36731946898419154,2.0659951437824553,1.916117674039298,0.3617419270240115,0.24581068788619537,-1.3935029001072718,-0.7325959822991406,-1.4738577019700108,-1.6856481881600809
3.5541666666666667,1,56,-1.0946718104782611,-1.1924275329791654,-0.61530107110274,-0.5443395226018908,-0.4142013500326572,-0.3661545731104865,2.072992985608782,1.9157664373031293,0.3723275665890704,0.24545147879921222,-1.3527378181022578,-0.7310711657591159,-1.5594142490580067,-1.6853646029996583
3.558333333333333,1,56,-1.1067589941488023,-1.1934810133779796,-0.6102785291074634,-0.5461802394868104,-0.407089085109243,-0.3649002457016594,2.0720264957117998,1.9153882353752936,0.3325520905762898,0.2450646924662247,-1.3368177994749442,-0.7294292858085049,-1.4604828204436076,-1.6850592464030012
3.5625,1,56,-1.110001962511168,-1.1946088832389672,-0.6072203338901211,-0.5481509350018374,-0.420196175908934,-0.363557346411061,2.0747433326831604,1.9149833274565,0.3451960290818956,0.2446505939712649,-1.316998410946302,-0.7276714677098116,-1.5458357808552028,-1.6847323276462678
3.5666666666666664,1,56,-1.123098596054305,-1.195810369576464,-0.6013887513999823,-0.5502502585307039,-0.4088020165120979,-0.36212679559478606,2.074227748427713,1.9145519910504112,0.30223372795616604,0.2442094671167567,-1.2881520852341726,-0.7257989161837565,-1.4410453573737385,-1.684384070783244
3.5708333333333333,1,56,-1.1252248756280332,-1.1970846489517497,-0.5980628432937037,-0.5524767713019272,-0.42197565131831344,-0.3606095736809061,2.077640966052158,1.9140945217734535,0.3172149931100901,0.2437416142290113,-1.2549385483526663,-0.7238129145836187,-1.532672434193324,-1.684014714491788
3.5749999999999997,1,56,-1.137442444893738,-1.198430848037392,-0.5924877432575502,-0.5548289473748701,-0.4100885241991791,-0.3590067204975344,2.077911313827015,1.9136112331522188,0.27452856442143236,0.2432473559510283,-1.2131541734003985,-0.7217148240156929,-1.430936507237456,-1.6836245119102522
3.5791666666666666,1,56,-1.1389228474370998,-1.1998480442157822,-0.5893627710355265,-0.5573051746855465,-0.4228028905965999,-0.35731933456017806,2.082199804911804,1.913102456408587,0.2913825256339454,0.24272703102274257,-1.1662481384995924,-0.7195060824064514,-1.5112166872318393,-1.683213730463995
3.5833333333333335,1,56,-1.151084479092443,-1.2013352662114498,-0.5855414317094156,-0.559903756151448,-0.4104713366893748,-0.35554857231887194,2.079434835352553,1.9125685402327242,0.24377755490858827,0.24218099604886917,-1.1427541764023013,-0.7171882035170647,-1.401982267129576,-1.6827826516821003
3.5875,1,56,-1.152017762590076,-1.2028914947567273,-0.5853820163646821,-0.5626229108346394,-0.4248984078902702,-0.3536956473656049,2.076622911372345,1.9120098505441077,0.2620714377871031,0.24160962525450422,-1.142819459540519,-0.714762775905943,-1.492475186367724,-1.6823315710044329
3.591666666666667,1,56,-1.1625639039420812,-1.2045156632903053,-0.5818520370227812,-0.5654607751623263,-0.4140247127229504,-0.35176182960258384,2.0761609670797845,1.9114267702407428,0.22273891611092858,0.24101331022864947,-1.104030832451764,-0.7122314618400176,-1.3896167069349667,-1.6818607975791566
3.595833333333333,1,56,-1.1620586649478148,-1.2062066586881999,-0.5826333649823269,-0.5684154042040523,-0.4311124335633188,-0.34974844437190766,2.07497067037099,1.910819698936744,0.25158090354395096,0.2403924596558371,-1.114320108430257,-0.7095959961555082,-1.4861023728226792,-1.6813706540508622
3.6,1,56,-1.17092325997478,-1.2079633220266324,-0.5788914165167316,-0.57148477300466,-0.4223592234342287,-0.3476568715472421,2.0795283200607284,1.9101890526884595,0.22208039605597832,0.2397474990360375,-1.0597850840134488,-0.7068581850689495,-1.385665594414818,-1.6808614763394403
3.6041666666666665,1,56,-1.1712673204549626,-1.209784449376298,-0.579331487728663,-0.5746667779720911,-0.43739854765118413,-0.34548854458812533,2.082500574823433,1.9095352637093257,0.2591039459210122,0.23907887039304304,-1.0554397162994746,-0.7040199049393043,-1.4839452201702614,-1.6803336134098603
3.6083333333333334,1,56,-1.1822766269179954,-1.2116687926274785,-0.5776749571838785,-0.5779592383190862,-0.42597115750879644,-0.34324494955754425,2.0831804878408064,1.908858780073652,0.22957061686741873,0.2383870319715268,-1.0303673426487592,-0.7010831009819978,-1.3816233921012913,-1.679787427033007
3.6125,1,56,-1.183128883318817,-1.2136150603454345,-0.5811151962937877,-0.581359897557785,-0.4414176185476728,-0.3409276241034632,2.078439998549088,1.908160065409531,0.2700074798758951,0.23767245792298486,-1.0621207691442538,-0.6980497859357659,-1.4823601187916062,-1.6792232915377403
3.6166666666666667,1,56,-1.1948134235905565,-1.2156219186554909,-0.5785115639719314,-0.5848664250462127,-0.42727211628663325,-0.33853815640499507,2.0799251807473897,1.9074395985810917,0.23872432136062804,0.23693563798077624,-1.0238869793390901,-0.6949220386832236,-1.377973127269277,-1.6786415935543497
3.620833333333333,1,56,-1.1953267771722935,-1.2176879921572061,-0.5802181693385251,-0.5884764175855829,-0.44134499630586566,-0.33607818408394413,2.080608465791287,1.9066978733603104,0.28171046845018255,0.23617707712448446,-1.0338279891736617,-0.6917020028261036,-1.4780749885114568,-1.6780427317495763
3.625,1,56,-1.2064622316028821,-1.2198118648670053,-0.5771497138707422,-0.592187401067333,-0.4261628594540139,-0.3335493930824605,2.0872990709688115,1.9059353980886033,0.252924104422731,0.23539729523382932,-0.9742013163080131,-0.6883918852161377,-1.3719267109639666,-1.6774271165533874
3.6291666666666664,1,56,-1.2066411274521551,-1.2219920811886225,-0.5787097238796627,-0.5959968321687517,-0.43924196648191266,-0.33095351650758115,2.0923195491316324,1.9051526953284355,0.300345338123116,0.2345968267323679,-0.9661337266594543,-0.6849939544425921,-1.4725594899163603,-1.676795169877688
3.6333333333333333,1,56,-1.219103236090374,-1.2242271469106953,-0.5810339634194959,-0.5999021000960482,-0.4256418548875071,-0.328292333443443,2.084062386681266,1.9043503015051813,0.26263858816393293,0.23377622022122657,-1.0041436288725865,-0.6815105392774881,-1.3640867129249892,-1.6761473248271626
3.6374999999999997,1,56,-1.2081712999581682,-1.2265155302308217,-0.585120099808676,-0.6039005283736566,-0.4708165048301431,-0.3255676677319897,2.099245000786295,1.9035287665394873,0.4124965545831966,0.23293603810311808,-0.9623609089823815,-0.6779440270795799,-1.5143814293405837,-1.6754840254024488
3.6416666666666666,1,56,-1.2117438112013201,-1.2288556628053817,-0.5915679044698698,-0.6079893766785625,-0.48330686203093626,-0.3227813867229993,2.0929059964024885,1.902688653470382,0.44743162475046666,0.23207685619689794,-1.0029069686937604,-0.674296862158176,-1.439304112667007,-1.6748057261958396
3.6458333333333335,1,56,-1.2238596022461525,-1.231245940824401,-0.5981162265206826,-0.6121658427183796,-0.4804252006111777,-0.3199353999942977,2.0771395546180225,1.9018305380693987,0.4087326509757023,0.23119926334292767,-1.0978163846890687,-0.670571544097934,-1.499003897454288,-1.6741128920797292
3.65,1,56,-1.236538544265527,-1.2336847261107216,-0.6025357100928538,-0.616427064151903,-0.4701811652529905,-0.31703165804302896,2.064391568020528,1.9009550084459692,0.35808639640181233,0.23030386099951278,-1.1693219955044374,-0.666770626045769,-1.402297202763063,-1.6734059978880131
3.654166666666667,1,56,-1.2308735628638803,-1.2361703472427292,-0.6147997453444684,-0.6207701205508158,-0.5124656513113158,-0.31407215094888064,2.0586967104631966,1.9000626646443637,0.4486518123300752,0.22939126283069286,-1.2916171749564542,-0.662896712961053,-1.524317930538067,-1.6726855280906603
3.658333333333333,1,56,-1.238879937515308,-1.238701100699859,-0.6184991047598078,-0.6251920354012018,-0.5179432443806017,-0.311058907010185,2.0619519058634888,1.8991541182324503,0.4600540762974735,0.22846209428566774,-1.3325632440331565,-0.6589524598303088,-1.4379476642750555,-1.6719519764616817
3.6625,1,56,-1.2492473492864984,-1.2412752520301056,-0.6177534398566538,-0.6296897781435031,-0.5148946636835469,-0.3079939913538222,2.070258331361907,1.898229991882557,0.46392010617368973,0.22751699217014498,-1.3046856045527189,-0.6549405698476116,-1.5090839632411917,-1.6712058457407215
3.6666666666666665,1,56,-1.2568761397624235,-1.2438910370387288,-0.61937570915302,-0.6342602662495103,-0.5207484810864595,-0.30487950451988777,2.079163593356574,1.8972909189447227,0.4790294535315126,0.22655660420990587,-1.2799348775258288,-0.6508637925619581,-1.7030357525722681,-1.6704476472885064
3.6708333333333334,1,56,-1.2737709283609462,-1.2465466629973454,-0.6174678200756326,-0.6389003673349776,-0.49956307181206944,-0.3017175810220848,2.082102462710506,1.896337543012631,0.41893880980471304,0.22558158860688565,-1.2365120343132543,-0.6467249219928592,-1.6580930564288854,-1.6696779007363824
3.675,1,56,-1.2972172524864867,-1.2492403098725744,-0.6133618920282957,-0.6436069013063982,-0.45400608768628875,-0.29851038788483797,2.077076411465157,1.8953705174825242,0.2826458844372913,0.2245926135880758,-1.2023638945808992,-0.6425267947154629,-1.460991697661646,-1.6688971336301868
3.6791666666666667,1,56,-1.3005520605493734,-1.2519701315733989,-0.616340620601222,-0.6483766425404858,-0.46308821681764223,-0.29526012315811984,2.0835328522141072,1.8943905051053962,0.28033224456798583,0.22359035694755353,-1.1877909864549399,-0.638272287916503,-1.5091893654265858,-1.6681058810686937
3.683333333333333,1,56,-1.3104078285699239,-1.2547342572163818,-0.6188459998206529,-0.6532063220948512,-0.45690848934614847,-0.29196901441102047,2.0845764576784584,1.8933981775327775,0.24807489910405792,0.22257550558195666,-1.1855332784160482,-0.633964317422423,-1.3859597010971207,-1.6673046853368851
3.6875,1,56,-1.3120482727358356,-1.2575307924078793,-0.6215351689184371,-0.658092629948377,-0.4682516491010944,-0.28863931720507996,2.092439474953901,1.8923942148564186,0.26971234141973804,0.221548755019718,-1.1433070824120577,-0.6296058357010108,-1.456112023592649,-1.6664940955342948
3.6916666666666664,1,56,-1.321549350582534,-1.260357820542361,-0.6233035757930665,-0.6630322172697358,-0.45850532255828436,-0.28527331354844176,2.093582878933482,1.891379305142189,0.23427839950527063,0.22051080894438574,-1.1121170463337215,-0.625199829837928,-1.3369146115684325,-1.6656746671986837
3.6958333333333333,1,56,-1.3246605758121577,-1.2632134041159566,-0.6284788062124037,-0.6680216987125165,-0.4673919376111866,-0.28187331033187585,2.0946559761799715,1.8903541439585108,0.25681812451986463,0.21946237871235322,-1.1194034899845082,-0.6207493194895075,-1.4133575315494191,-1.6648469619253017
3.6999999999999997,1,56,-1.3364974448254845,-1.2660955860543242,-0.6314127122994043,-0.6730576547353672,-0.4535189929738304,-0.2784416377477537,2.09180409690041,1.8893194338996515,0.21753251618354372,0.2184041828653314,-1.1276604013782072,-0.6162573548132351,-1.3000082226332998,-1.6640115469819983
3.7041666666666666,1,56,-1.3282517743908124,-1.2690023910539323,-0.6395775522019889,-0.6781366339455825,-0.49442622257276697,-0.2749806476930477,2.098220448941829,1.8882758841042002,0.3217275016213596,0.2173369466378955,-1.131599800259295,-0.61172701437732,-1.4231479954507367,-1.6631689949204458
3.7083333333333335,1,56,-1.3363956268874058,-1.2719318269358313,-0.6449695468417465,-0.6832551554645122,-0.4975337095714194,-0.2714927121574615,2.0972235174115097,1.8872242097690604,0.33831312664662677,0.2162614014604463,-1.1092730436676073,-0.6071614030508024,-1.3326335647414806,-1.6623198831837405
3.7125,1,56,-1.3367343406026582,-1.2748818860109967,-0.6545807433511569,-0.6884097113131822,-0.527390950373708,-0.2679802215977854,2.0962745991095906,1.8861651316592893,0.42532627254592503,0.21517828445792392,-1.081145872897749,-0.6025636498756282,-1.4417912649740432,-1.6614647937106533
3.716666666666667,1,56,-1.3476334105564602,-1.2778505464562975,-0.6616233922403643,-0.6935967688164908,-0.5259304210678041,-0.2644455832995952,2.086325514556983,1.8850993756141208,0.4204722957980747,0.2140883379446187,-1.0432983531281588,-0.59793690592216,-1.343434654149309,-1.6606043125367955
3.720833333333333,1,56,-1.3546390987265806,-1.2808357737001514,-0.6676902647296479,-0.6988127730243233,-0.5319806348732687,-0.26089121972742235,2.086915419627535,1.884027672049513,0.4627641524851031,0.21299230891542703,-0.9691776559594716,-0.5932843421295934,-1.431658193641382,-1.6597390293929826
3.725,1,56,-1.3690530543156423,-1.2838355218169222,-0.6714617501334479,-0.7040541491479424,-0.513927755474397,-0.25731956686451385,2.079846773782956,1.882950755457556,0.4115236051010961,0.21189094853389748,-0.9180035781343229,-0.58860914713275,-1.3122063947563003,-1.6588695373010587
3.7291666666666665,1,56,-1.3794066183262044,-1.2868477349290903,-0.6776213984562094,-0.7093173050099639,-0.5047623205678592,-0.25373307254333477,2.0701980399047564,1.881869363903089,0.3549890204633594,0.21078501161742152,-0.9066776423018793,-0.5839145250767507,-1.3710333723349724,-1.657996432167472
3.7333333333333334,1,56,-1.3775308070798917,-1.2898703486162528,-0.6882388458830981,-0.7145986335062621,-0.5292275992988364,-0.25013419476794263,2.0662318331858702,1.8807842385178664,0.4103982605137858,0.20967525611991877,-0.9127230498542468,-0.5792036934210498,-1.5973570375295678,-1.6571203123748683
3.7375,1,56,-1.3883085048204007,-1.292901291329971,-0.691547440750085,-0.7198945150780924,-0.5147416039008452,-0.24652540002939757,2.063670903804855,1.8796961229926241,0.3438956063718365,0.2085624426123739,-0.8596707848492546,-0.5744798807343541,-1.5432485041071327,-1.6562417783719905
3.7416666666666667,1,56,-1.392267060055531,-1.295938485813508,-0.699070322155326,-0.725201320192762,-0.5214976149188065,-0.2429091616153492,2.0601307411661356,1.8786057630673905,0.3538206384506106,0.20744733376157842,-0.850702768047211,-0.5697463244819181,-1.6734778136497366,-1.65536143226216
3.745833333333333,1,56,-1.405646706133461,-1.298979850525476,-0.7039507693170732,-0.7305154118311248,-0.5008991530467076,-0.2392879579149722,2.0464793498432026,1.8775139060203938,0.24982334796286992,0.20633069380743801,-0.8662164483622264,-0.5650062688067519,-1.5617435663704642,-1.6544798773906266
3.75,1,56,-1.3996584900793683,-1.302023301066421,-0.7106166049200852,-0.7358331479802179,-0.5339238934391265,-0.23566427072039892,2.0619266704826695,1.8764213001559147,0.38313186932274834,0.20521328803919964,-0.7812661012866053,-0.5602629623062432,-1.7322367885445333,-1.6535977179310646
3.7541666666666664,1,56,-1.409488425619094,-1.305066751607366,-0.7173497067662081,-0.7411508841293106,-0.5272060015892635,-0.23204058352582593,2.052681866972476,1.8753286942914353,0.3516858318804755,0.20409588227096134,-0.7758170112997457,-0.5555196558057349,-1.6385089414495022,-1.6527155584715023
3.7583333333333333,1,56,-1.4141781386333687,-1.3081081163193342,-0.7264903739143846,-0.746464975767674,-0.5368632925825251,-0.2284193798254486,2.0442366870253954,1.8742368372444387,0.40546861536929374,0.20297924231682085,-0.7922803860776794,-0.5507796001305683,-1.7555873261679464,-1.651834003599969
3.7624999999999997,1,56,-1.4298741381791047,-1.311145310802871,-0.7266792809695273,-0.7517717808823429,-0.5058663671497331,-0.22480314141140065,2.043061831071904,1.8731464773192052,0.3089709770618939,0.2018641334660255,-0.7069293013597016,-0.5460460438781327,-1.6212480247916203,-1.6509536574901387
3.7666666666666666,1,56,-1.4378137971123492,-1.3141762535165893,-0.7320260435318334,-0.7570676624541739,-0.4993323877025068,-0.22119434667285515,2.041182531186356,1.8720583617939628,0.31013693854041524,0.2007513199584805,-0.6685490345590037,-0.5413222311914364,-1.7178504977511688,-1.6500751234872606
3.7708333333333335,1,56,-1.4600191959135953,-1.3171988672037518,-0.7333622121505712,-0.7623489909504719,-0.44244096497617447,-0.217595468897463,2.0184956038998583,1.8709732364087401,0.02290465819505994,0.19964156446097772,-0.6859457303100476,-0.5366113995357356,-1.462452550721624,-1.6491990036946569
3.775,1,56,-1.4613470750340465,-1.32021108031592,-0.7408033052952566,-0.7676121468124936,-0.4501384003759123,-0.21400897457628396,2.0137196966689594,1.8698918448542732,0.08131498342823588,0.1985356275445018,-0.6905959351060772,-0.5319167774797362,-1.6060532124584057,-1.6483258985610703
3.779166666666667,1,56,-1.472090477977474,-1.3232108284326907,-0.7477867321332008,-0.7728535229361126,-0.431787466554516,-0.21043732171337545,1.9939054093010105,1.868814928262316,0.014863303145667778,0.1974342671629722,-0.7713296033528635,-0.5272415824828929,-1.49766690903725,-1.6474564064691464
3.783333333333333,1,56,-1.464920242243425,-1.3261960556765446,-0.7602444564321925,-0.7780695271439452,-0.4711274992137649,-0.20688295814120256,1.975045751795191,1.8677432246977084,0.21949700808131192,0.19633823813378054,-0.8845125918028258,-0.5225890186903264,-1.7029839904745638,-1.6465911233253334
3.7875,1,56,-1.469060567177353,-1.3291647161218454,-0.7650968202521975,-0.7832565846472539,-0.47435016338353714,-0.20334831984301238,1.9758694623513,1.8666774686525398,0.27033475398178913,0.19524829162047533,-0.8936196856031017,-0.5179622747368581,-1.6149008172609782,-1.6457306421514757
3.7916666666666665,1,56,-1.474891914680408,-1.3321147751970108,-0.7674055660203764,-0.7884111404959238,-0.4702142513086847,-0.19983582928333624,1.9823654652480875,1.8656183905427688,0.30728114497129433,0.1941651746179529,-0.831574282799129,-0.513364521561684,-1.679329083610857,-1.6448755526783885
3.7958333333333334,1,56,-1.4833224283511675,-1.3350442110789098,-0.7699119756210394,-0.7935296620148533,-0.45415570981591913,-0.19634789374775008,1.9811188853970694,1.864566716207629,0.2773622174776026,0.19308962944050376,-0.8017139477597689,-0.5087989102351662,-1.5626434803479143,-1.6440264409416832
3.8,1,56,-1.4846058959845616,-1.3379510160785175,-0.7753292065672444,-0.7986086412250682,-0.45867550994167033,-0.19288690369304448,1.9808352575319368,1.8635231664121779,0.3341172973895559,0.19202239321306797,-0.8053259021294604,-0.5042685697992517,-1.6576506149635448,-1.6431838888801307
3.8041666666666667,1,56,-1.4949473603854244,-1.3408331980168855,-0.7751578930264083,-0.8036445972479196,-0.4295658686363937,-0.18945523110892193,1.9846013413401684,1.8624884563533184,0.2535917435547801,0.19096419736604603,-0.7311199208562182,-0.4997766051229788,-1.5013760841819166,-1.6423484739368273
3.808333333333333,1,56,-1.4970453929161482,-1.343688781590481,-0.7791912415515316,-0.8086340786906996,-0.42482374128692624,-0.18605522789235637,1.988672328081341,1.8614632951696402,0.2702211848818824,0.1899157671340136,-0.699293012141339,-0.4953260947745587,-1.5678682804864452,-1.6415207686634452
3.8125,1,56,-1.504502668525693,-1.3465158097249628,-0.7836063521548382,-0.8135736660120589,-0.4029086666676267,-0.18268922423571787,1.9788314341287647,1.8604483854554106,0.17140612424204774,0.18887782105868128,-0.721180455113407,-0.49092008891147554,-1.408126106100225,-1.640701340327834
3.8166666666666664,1,56,-1.4935023924839101,-1.3493123449164601,-0.7913031004914445,-0.8184599738655842,-0.43847555055115073,-0.17935952702977767,1.9867577270435473,1.8594444227790519,0.36957549806547857,0.1878510704964427,-0.7056518236977877,-0.4865616071900637,-1.603411411857567,-1.6398907505252438
3.8208333333333333,1,56,-1.4973955086406605,-1.3520764705594432,-0.8027937223638837,-0.8232896534199502,-0.4417910698615646,-0.176068418282678,1.9595252005442318,1.8584520952064332,0.37096038462763914,0.18683621913084575,-0.8567823196282832,-0.4822536366959833,-1.498955714727396,-1.6390895547934352
3.8249999999999997,1,56,-1.5028759558907565,-1.3548062922602673,-0.8147618689974376,-0.8280593946540372,-0.44373492601018116,-0.1728181535559602,1.9334498732790633,1.857472082829305,0.37320746254903564,0.18583396249032358,-1.0250068845729565,-0.4779991298970238,-1.5718596355511658,-1.6382983022319422
3.8291666666666666,1,56,-1.5148651904767028,-1.3574999391354967,-0.8190211638055788,-0.8327659286254584,-0.4187481072262902,-0.16961096041871296,1.9237324533115299,1.8565050572991981,0.3152121935446442,0.18484498747151357,-1.068004957505525,-0.473801002619627,-1.4537490307474923,-1.6375175351257465
3.8333333333333335,1,56,-1.5096756541827194,-1.3601555650941133,-0.8227531357971739,-0.8374060297109256,-0.4388840955689325,-0.1664490369209101,1.9410998939065556,1.8555516813671065,0.43074592025363023,0.1838699718684934,-1.010145567872626,-0.46966213205052826,-1.5849621280566337,-1.6367477885736226
3.8375,1,56,-1.5180223808809612,-1.3627713501027365,-0.8258116859970344,-0.841976517816933,-0.4224188512637166,-0.1633345500869756,1.9416033636383707,1.8546126084292722,0.4215915827729515,0.18290958390825424,-0.9721585030142791,-0.4655853547648746,-1.4792105610248754,-1.6359895901214074
3.841666666666667,1,56,-1.519757948942227,-1.3653455014329832,-0.8315586081789581,-0.8464742605592341,-0.4242869989132787,-0.1602696344306128,1.9439557890081578,1.8536884820793789,0.4740338745851092,0.1819644817927315,-0.9599021883421488,-0.46157346478217753,-1.569959660935185,-1.6352434594004472
3.845833333333333,1,56,-1.528690588660832,-1.3678762548901129,-0.8358504045261808,-0.8508961754096203,-0.403037939932729,-0.15725639049191714,1.9352199209862233,1.8527799356674655,0.40928633014011884,0.1810353132477064,-0.9748864345973013,-0.4576292116514333,-1.4459410051241786,-1.6345099077714687
3.85,1,56,-1.5216200310304968,-1.3703618760221203,-0.8433262389664331,-0.8552392318085329,-0.42898467469586504,-0.15429688339776887,1.9472761263931464,1.85188759186586,0.5390911227229314,0.18012271507888647,-0.9601575854731071,-0.45375529856671737,-1.590437515311596,-1.6337894379741158
3.8541666666666665,1,56,-1.5289550727226904,-1.3728006613084411,-0.847852015685962,-0.8595004532420565,-0.4133593908155027,-0.15139314144650007,1.9453734131567373,1.8510120622424306,0.5165126238103728,0.17922731273547154,-0.9260893862485787,-0.4499543805145523,-1.4859620155115287,-1.6330825437823997
3.8583333333333334,1,56,-1.534123302540796,-1.3751909393274602,-0.8535674859282578,-0.8636769192818735,-0.40275155630730497,-0.1485471547177985,1.9407114354334922,1.8501539468414472,0.48338293465339144,0.1783497198815013,-0.9206579237417254,-0.4462290624543103,-1.552844106500827,-1.6323897096662894
3.8625,1,56,-1.541204511308,-1.3775310719020202,-0.8581217811423125,-0.8677657675867789,-0.38311051149071723,-0.1457608737088084,1.9340895123416315,1.849313833772342,0.410806736836548,0.17749053797528128,-0.9111414313765372,-0.4425818975329069,-1.430014623107155,-1.6317114104596802
3.8666666666666667,1,56,-1.5325331076999098,-1.3798194552221468,-0.8683392201997324,-0.8717641958643878,-0.41451448342147457,-0.14303620799735484,1.9414152471031498,1.848492298806648,0.5514166558830155,0.1766503558571727,-0.9215435630005729,-0.43901538533499823,-1.5863010200208632,-1.6310481110349664
3.870833333333333,1,56,-1.537799204919378,-1.3820545209442194,-0.8695977525280604,-0.8756694637916838,-0.39955860982637903,-0.14037502493321696,1.9547330725647418,1.847689904983394,0.541957838898797,0.17582974934603146,-0.8290675755645501,-0.43553197016989453,-1.4910552855767891,-1.6304002659844412
3.875,1,56,-1.5288864781851013,-1.3842347372658368,-0.8776936537862472,-0.8794788948931029,-0.4325424515113687,-0.1377791483583373,1.9817308527208257,1.8469072022232258,0.75471497742645,0.17502928084456992,-0.7729849876775535,-0.4321340393963486,-1.7048621512458566,-1.6297683193087416
3.8791666666666664,1,56,-1.5361929929030236,-1.3863586099756358,-0.8860975518133187,-0.8831898783748526,-0.4247686900738751,-0.1352503573568539,1.973826849853419,1.846144726951519,0.725146397727462,0.17424949895391487,-0.7895009183832509,-0.42882392178638296,-1.599485705221462,-1.6291527041125526
3.8833333333333333,1,56,-1.5461007621953269,-1.3884246834773513,-0.8886166278537515,-0.8867998709142233,-0.4009472623384068,-0.13279038503580273,1.9782884910174336,1.8454030017307375,0.6870751887179141,0.173490938097623,-0.6998837200945383,-0.4256038859292628,-1.6220876548207017,-1.6285538423077792
3.8874999999999997,1,56,-1.5634605407241395,-1.3904315417874074,-0.8901316561908833,-0.8903063984026505,-0.3503552284939207,-0.1304009173373348,1.952417736254941,1.8446825349022984,0.38259233613681914,0.17275411815541447,-0.6665420293868546,-0.42247613867672074,-1.317958565891547,-1.6279721443243886
3.8916666666666666,1,56,-1.5619898292664303,-1.3923778095053636,-0.8998056023980397,-0.8937070576413497,-0.35950374694161985,-0.12808359188325352,1.947044281938771,1.843983820238177,0.42515574567558867,0.17203954410687244,-0.6999119941173533,-0.41944282363048857,-1.4270508425800363,-1.6274080088291218
3.8958333333333335,1,56,-1.5688656111365942,-1.3942621527565442,-0.9086972113853681,-0.8969995179883449,-0.3462327114699852,-0.12583999685267247,1.9270665403570835,1.8433073366025035,0.3174305232646256,0.17134770568535618,-0.7767987487136898,-0.41650601967318196,-1.2843463290064374,-1.6268618224522686
3.9,1,56,-1.5595486278538935,-1.3960832801062097,-0.9225311165394215,-0.9001815229557759,-0.3861970660223521,-0.12367166989355566,1.9186544572350528,1.8426535476233696,0.4931615005334382,0.17067907704236174,-0.8851118912432221,-0.4136677395435368,-1.467284226340934,-1.6263339595226887
3.904166666666667,1,56,-1.5628747770941829,-1.3978399434446422,-0.927847889388408,-0.9032508917563835,-0.38449156895413394,-0.12158009706889011,1.9243698594453595,1.842022901375085,0.5076776869143326,0.17003411642256214,-0.8741200385854105,-0.4109299284569782,-1.3669134261939908,-1.6258247818112668
3.908333333333333,1,56,-1.566988982944455,-1.3995309388425368,-0.9301380721372225,-0.9062055207981097,-0.37737041765565155,-0.11956671183821393,1.9386216921568513,1.8414158300710863,0.5209441437899268,0.1694132658497498,-0.8088744606697362,-0.4082944627724686,-1.4241991102913636,-1.6253346382829723
3.9125,1,56,-1.5703393226871376,-1.4011551073761148,-0.9346397496824115,-0.9090433851257964,-0.3756600785821971,-0.1176328940751929,1.9479682090956736,1.8408327497677215,0.5248353720136723,0.16881695082389503,-0.7804674342179329,-0.40576314870654334,-1.565784383472006,-1.624863864857696
3.9166666666666665,1,56,-1.5790442549483166,-1.4027113359213923,-0.9390652277204752,-0.9117625398089879,-0.35671536962857686,-0.11577996912192584,1.9421502814498295,1.840274060079105,0.40169227847226235,0.16824558002953005,-0.7870763777966314,-0.4033377210954216,-1.4395716285747384,-1.6244127841800287
3.9208333333333334,1,56,-1.571685109878828,-1.40419855791706,-0.9474585237562322,-0.9143611212748894,-0.3878010758676214,-0.11400920688061977,1.9580581756113338,1.8397401439032421,0.5487722937269334,0.1676995450556567,-0.7757319914634246,-0.40101984220603487,-1.6165239914137073,-1.623981705398134
3.925,1,56,-1.5755602529145196,-1.40561575409545,-0.9573172387011044,-0.9168373485855656,-0.393163553682076,-0.1123218209432636,1.946380647031444,1.8392313671596103,0.5056629678364586,0.16717922012737102,-0.8851914866702785,-0.3988111005967937,-1.513867392588669,-1.6235709239518767
3.9291666666666667,1,56,-1.5803148480509646,-1.4069619531810924,-0.9678294953302414,-0.9191895246585089,-0.3979506332996117,-0.11071896775989165,1.9336317239171597,1.8387480785383756,0.4713747607855501,0.16668496184938794,-1.0193423268425619,-0.3967130100288675,-1.5875628454669908,-1.6231807213703409
3.933333333333333,1,56,-1.590231166326218,-1.408236232556378,-0.9701780811726721,-0.9214160374297318,-0.3786617152615251,-0.10920174584601189,1.9378401705423616,1.838290609261418,0.40269489745695114,0.1662171089616426,-1.0260390753677202,-0.39472700842873004,-1.484021886527434,-1.622811365078885
3.9375,1,56,-1.585515448485421,-1.4094377188938747,-0.974932904619264,-0.9235153609585985,-0.40258422507644875,-0.10777119502973675,1.9624032602072852,1.8378592728553291,0.5136782742367098,0.16577598210713435,-0.984946354038868,-0.3928544569026746,-1.6317016155202562,-1.6224631082158611
3.9416666666666664,1,56,-1.5920343379314297,-1.4105655887548625,-0.9760771064166708,-0.9254860564736254,-0.3924834091530981,-0.10642829573913853,1.978151384016863,1.8374543649365358,0.4978484115541882,0.1653618836121746,-0.937058387012917,-0.3910966388039816,-1.535668914319193,-1.6221361894591277
3.9458333333333333,1,56,-1.5927339648166863,-1.411619069153677,-0.9803251715001752,-0.9273267733585453,-0.4002550612694158,-0.10517396833031128,1.9958523009041758,1.8370761630086998,0.5525684426923594,0.16497509727918702,-0.9184023245462268,-0.38945475885337044,-1.6403234132643063,-1.6218308328624707
3.9499999999999997,1,56,-1.602872441032432,-1.4125974380874748,-0.9843521677625626,-0.9290362500779505,-0.38034438372241475,-0.10400907245660634,1.9927079135091759,1.8367249262725314,0.45390807961591245,0.1646158881922039,-0.9379697662593132,-0.3879299423133459,-1.5057588321833926,-1.621547247702048
3.9541666666666666,1,56,-1.5988102434020521,-1.41350002503106,-0.9909738237487509,-0.9306133150418886,-0.40382927614192793,-0.10293440647946733,2.01291900787214,1.836400895448144,0.5653032451004205,0.16428450253519056,-0.9245934022429181,-0.38652323421699786,-1.6506404910478456,-1.621285628332964
3.9583333333333335,1,56,-1.605230222369625,-1.4143262113964266,-0.9954476803789933,-0.932056887408809,-0.3967218673619313,-0.1019507069212745,2.017764004558853,1.83610429261008,0.5269010023703657,0.16398116742332317,-0.9418698915336621,-0.3852355986517892,-1.54960780028079,-1.6210461540560654
3.9625,1,56,-1.6038980501095945,-1.4150754309567084,-1.001604900888493,-0.9333659778263192,-0.4144524793821406,-0.10105864796056807,2.037129423999929,1.8358353210351084,0.5996578752918486,0.16370609074733555,-0.9291706011377352,-0.3840679180988175,-1.6731525315139815,-1.6208289889950598
3.966666666666667,1,56,-1.6128073071358264,-1.4157471702342435,-1.0060082776006727,-0.9345396891092383,-0.4027111055942211,-0.10025884097000026,2.0359914223970637,1.835594165062911,0.515668149658681,0.16345946103104098,-0.9499594507410298,-0.38302099282800667,-1.5503916006191043,-1.6206342819840325
3.970833333333333,1,56,-1.6085872423185448,-1.4163409688524846,-1.013324172443805,-0.9355772168544806,-0.43160540104850414,-0.09955183409733132,2.0575755634219526,1.8353809899697457,0.6324952364882033,0.16324144730212764,-0.9408137553772355,-0.3820955403496423,-1.6989879682318278,-1.620462166465443
3.975,1,56,-1.615947916311423,-1.4168564198515203,-1.0137804352969064,-0.9364778499923554,-0.4203419695214374,-0.09893811188975588,2.0732907608500364,1.8351959418551727,0.5936295487219431,0.16305219897631526,-0.8767177115346373,-0.3812921949226257,-1.6001650405102215,-1.6203127603986702
3.9791666666666665,1,56,-1.6174896024308174,-1.417293169966983,-1.0177305070550358,-0.9372409712738975,-0.42716646678996356,-0.09841809496181897,2.0923571717564498,1.8350391475419265,0.6326088425250215,0.1628918457549532,-0.8430706611973986,-0.3806115071197846,-1.7073852623991077,-1.6201861661791694
3.9833333333333334,1,56,-1.6270365856193614,-1.4176509198721596,-1.0196213405528414,-0.9378660576938995,-0.41056801036331103,-0.09799213970714749,2.0919317289763857,1.8349107144889971,0.5171319040889784,0.1627604975361295,-0.8445828698414265,-0.3800539434505377,-1.5607826910898013,-1.620082470568295
3.9875,1,56,-1.6229525800085491,-1.417929424383135,-1.0265699321022068,-0.9383526808493525,-0.4390500272006402,-0.09766053805419617,2.1128575840482644,1.834810730717984,0.6401470717078303,0.16265824433935244,-0.8415888151480316,-0.3796198860411733,-1.713590872255576,-1.6200017446338393
3.9916666666666667,1,56,-1.6324561453050266,-1.4181284926268294,-1.030123228299011,-0.9387005072330536,-0.42416203119420687,-0.09742351726617393,2.1088820631099012,1.8347392647527692,0.5540313677868253,0.1625851562438554,-0.8087979664256963,-0.37930963237295795,-1.5677869058924472,-1.619944043701325
3.995833333333333,1,56,-1.6394617140485117,-1.418247988171812,-1.0359365330257064,-0.9389092984621734,-0.41585848614245124,-0.09728123978528957,2.099034044242748,1.8346963655725557,0.4604556669220197,0.16254128334056817,-0.8199984403043827,-0.3791233950782584,-1.5749919263640035,-1.6199094073160893
4.0,1,56,-1.6451743074725114,-1.4182878291218053,-1.039754595521112,-0.938978911441633,-0.40370775580930407,-0.09723380312142144,2.0943068912262692,1.8346820625782985,0.3610049566127592,0.1625266556977872,-0.8003308495328358,-0.3790613017948135,-1.414624621378039,-1.6198978592161806
4.004166666666666,1,56,-1.6443832467907888,-1.4182878291218053,-1.0470916960848065,-0.938978911441633,-0.4117855310729476,-0.09723380312142145,2.0895916296415438,1.8346820625782985,0.35315376404459653,0.1625266556977872,-0.8177459069540324,-0.3790613017948135,-1.477469725397925,-1.6198978592161806
4.008333333333333,1,56,-1.6476476567193836,-1.4182878291218053,-1.050945692294164,-0.938978911441633,-0.4046531896189529,-0.09723380312142145,2.0870984696167576,1.8346820625782985,0.29681096402553864,0.1625266556977872,-0.8025498141280032,-0.3790613017948135,-1.3596708305250613,-1.6198978592161806
4.0125,1,56,-1.645985125407327,-1.4182878291218053,-1.0576884585343904,-0.938978911441633,-0.41418159407250327,-0.09723380312142145,2.0829192163742754,1.8346820625782985,0.32483137004680357,0.1625266556977872,-0.8214777455231144,-0.3790613017948135,-1.4512050442271398,-1.6198978592161806
4.016666666666667,1,56,-1.651449717688504,-1.4182878291218053,-1.0573760783168278,-0.938978911441633,-0.39464680491492016,-0.09723380312142145,2.088552485253374,1.8346820625782985,0.2460328656378833,0.1625266556977872,-0.738639330915694,-0.3790613017948135,-1.327215695617871,-1.6198978592161806
4.020833333333333,1,56,-1.6513700384051606,-1.4182878291218053,-1.061199630378111,-0.938978911441633,-0.3948247628298592,-0.09723380312142145,2.0910190576868084,1.8346820625782985,0.2551220498359336,0.1625266556977872,-0.6989268804083667,-0.3790613017948135,-1.4303710166310557,-1.6198978592161806
4.025,1,56,-1.6563977340989582,-1.4182878291218053,-1.0642750336698248,-0.938978911441633,-0.3774568015072353,-0.09723380312142145,2.082180504447168,1.8346820625782985,0.15524391832756815,0.1625266556977872,-0.7025521890534299,-0.3790613017948135,-1.2942853561306509,-1.6198978592161806
4.029166666666667,1,56,-1.6462521206334795,-1.4182878291218053,-1.0707828375054833,-0.938978911441633,-0.4135388273700815,-0.09723380312142145,2.0861037842639414,1.8346820625782985,0.35261613398479347,0.1625266556977872,-0.6898815355704844,-0.3790613017948135,-1.5174525144107285,-1.6198978592161806
4.033333333333333,1,56,-1.6464386936382687,-1.4182878291218053,-1.0801342288564104,-0.938978911441633,-0.4244843218027097,-0.09723380312142145,2.057991665269709,1.8346820625782985,0.36973211187730737,0.1625266556977872,-0.8390965465704961,-0.3790613017948135,-1.4297639232550308,-1.6198978592161806
4.0375,1,56,-1.6500112878331303,-1.4182878291218053,-1.0895624705405884,-0.938978911441633,-0.4283521732277151,-0.09723380312142145,2.024706082710177,1.8346820625782985,0.34208138635930285,0.1625266556977872,-1.0141701226660644,-0.3790613017948135,-1.494279392806215,-1.6198978592161806
4.041666666666667,1,56,-1.6565649063228471,-1.4182878291218053,-1.0917331228907434,-0.938978911441633,-0.4139534923760147,-0.09723380312142145,2.0104272441539135,1.8346820625782985,0.29993650698973345,0.1625266556977872,-1.0600672940870308,-0.3790613017948135,-1.387691941900106,-1.6198978592161806
4.045833333333333,1,56,-1.6491157929566138,-1.4182878291218053,-1.0929154682731899,-0.938978911441633,-0.4397488392878748,-0.09723380312142145,2.0228906920687164,1.8346820625782985,0.4273054065657694,0.1625266556977872,-1.0010569938430305,-0.3790613017948135,-1.5391667381050915,-1.6198978592161806
4.05,1,56,-1.6518470116963322,-1.4182878291218053,-1.092750774363543,-0.938978911441633,-0.4342666802589408,-0.09723380312142145,2.020446548026944,1.8346820625782985,0.4377800379512368,0.1625266556977872,-0.9604176598090511,-0.3790613017948135,-1.461311367724185,-1.6198978592161806
4.054166666666666,1,56,-1.646467000181009,-1.4182878291218053,-1.0929243463459783,-0.938978911441633,-0.4552703393375831,-0.09723380312142145,2.0372185072702265,1.8346820625782985,0.5736253243800509,0.1625266556977872,-0.8724987302023665,-0.3790613017948135,-1.6201685172462676,-1.6198978592161806
4.058333333333334,1,56,-1.6525799254510156,-1.4182878291218053,-1.092931667672173,-0.938978911441633,-0.44296875876815106,-0.09723380312142145,2.0281226732202726,1.8346820625782985,0.5443659736705397,0.1625266556977872,-0.8411556218119125,-0.3790613017948135,-1.5268628327242593,-1.6198978592161806
4.0625,1,56,-1.6568793435111604,-1.4182878291218053,-1.0931140533437445,-0.938978911441633,-0.434896522266713,-0.09723380312142145,2.0180622086673563,1.8346820625782985,0.5085697324766284,0.1625266556977872,-0.8358837023106269,-0.3790613017948135,-1.5903816693828325,-1.6198978592161806
4.066666666666666,1,56,-1.662973875579788,-1.4182878291218053,-1.0920758951427454,-0.938978911441633,-0.41927839293641583,-0.09723380312142145,2.0033376177091626,1.8346820625782985,0.42285084313109117,0.1625266556977872,-0.8428987844254475,-0.3790613017948135,-1.4692151673018423,-1.6198978592161806
4.070833333333333,1,56,-1.6553886632928008,-1.4182878291218053,-1.0946639152328215,-0.938978911441633,-0.4488848481575529,-0.09723380312142145,2.0113647820635605,1.8346820625782985,0.5794885159104024,0.1625266556977872,-0.8244865451973533,-0.3790613017948135,-1.6525691564848761,-1.6198978592161806
4.075,1,56,-1.658963513064816,-1.4182878291218053,-1.090939694297258,-0.938978911441633,-0.43896250542348236,-0.09723380312142145,2.0146260454000453,1.8346820625782985,0.5619527077676106,0.1625266556977872,-0.7656899805401495,-0.3790613017948135,-1.5747597607026877,-1.6198978592161806
4.079166666666667,1,56,-1.6566773860162716,-1.4182878291218053,-1.08980792719452,-0.938978911441633,-0.4472350797996527,-0.09723380312142145,2.0225362230872035,1.8346820625782985,0.6363761088303631,0.1625266556977872,-0.7363026140151375,-0.3790613017948135,-1.7270724829288313,-1.6198978592161806
4.083333333333333,1,56,-1.6636256607823896,-1.4182878291218053,-1.0865544122272517,-0.938978911441633,-0.4289019976871698,-0.09723380312142145,2.0063921924964756,1.8346820625782985,0.5089465153504072,0.1625266556977872,-0.7553924009381081,-0.3790613017948135,-1.5741730597418193,-1.6198978592161806
4.0875,1,56,-1.6715474257996803,-1.4182878291218053,-1.0836773016203665,-0.938978911441633,-0.4010237182480212,-0.09723380312142145,1.980662656228927,1.8346820625782985,0.3187833283928907,0.1625266556977872,-0.8214307168553997,-0.3790613017948135,-1.282624455800197,-1.6198978592161806
4.091666666666667,1,56,-1.6645791091418165,-1.4182878291218053,-1.081268040881696,-0.938978911441633,-0.41646904253771583,-0.09723380312142145,1.9925503508830045,1.8346820625782985,0.42346228508991196,0.1625266556977872,-0.7757716132205742,-0.3790613017948135,-1.3803641129799318,-1.6198978592161806
4.095833333333333,1,56,-1.6668486911186808,-1.4182878291218053,-1.0795627683339661,-0.938978911441633,-0.40808328070326705,-0.09723380312142145,1.9822181657694988,1.8346820625782985,0.39074083590189457,0.1625266556977872,-0.7920436766651238,-0.3790613017948135,-1.2622690444071123,-1.6198978592161806
4.1,1,56,-1.6666336807532713,-1.4182878291218053,-1.074029639103428,-0.938978911441633,-0.40071082283432924,-0.09723380312142145,1.9903002367553908,1.8346820625782985,0.4066540242994631,0.1625266556977872,-0.7008099390168946,-0.3790613017948135,-1.3529914405699357,-1.6198978592161806
4.104166666666667,1,56,-1.6665291679006524,-1.4182878291218053,-1.0714896513357388,-0.938978911441633,-0.3992362548867091,-0.09723380312142145,1.990912343295207,1.8346820625782985,0.41889949627300593,0.1625266556977872,-0.6583634321192225,-0.3790613017948135,-1.5180111067249054,-1.6198978592161806
4.108333333333333,1,56,-1.6724970946417923,-1.4182878291218053,-1.0679723508281498,-0.938978911441633,-0.3781293488678191,-0.09723380312142145,1.9765102702825088,1.8346820625782985,0.27349793642389214,0.1625266556977872,-0.6629432233135902,-0.3790613017948135,-1.3834702991683292,-1.6198978592161806
4.1125,1,56,-1.6632678861268881,-1.4182878291218053,-1.0709727081782672,-0.938978911441633,-0.4116493336062776,-0.09723380312142145,1.9692275621752584,1.8346820625782985,0.45547724738500295,0.1625266556977872,-0.7332489190168209,-0.3790613017948135,-1.6068158335991611,-1.6198978592161806
4.116666666666666,1,56,-1.6636240440678411,-1.4182878291218053,-1.072053468559985,-0.938978911441633,-0.41780150546915423,-0.09723380312142145,1.9504028289995072,1.8346820625782985,0.43933920528265985,0.1625266556977872,-0.8521415144447692,-0.3790613017948135,-1.51190175951873,-1.6198978592161806
4.120833333333334,1,56,-1.66348126485596,-1.4182878291218053,-1.07478434582292,-0.938978911441633,-0.4278166964921852,-0.09723380312142145,1.9314842846438762,1.8346820625782985,0.4543462051340923,0.1625266556977872,-0.9950899076679199,-0.3790613017948135,-1.6007662068052833,-1.6198978592161806
4.125,1,56,-1.6713958307929278,-1.4182878291218053,-1.0683473398115824,-0.938978911441633,-0.40289545968423796,-0.09723380312142145,1.9240606129542606,1.8346820625782985,0.35725553542457295,0.1625266556977872,-1.009404246423386,-0.3790613017948135,-1.4760954621516815,-1.6198978592161806
4.129166666666666,1,56,-1.6650761972618804,-1.4182878291218053,-1.0649058561539761,-0.938978911441633,-0.4223480218041141,-0.09723380312142145,1.9363372483654753,1.8346820625782985,0.4508563636155885,0.1625266556977872,-0.9939124854485912,-0.3790613017948135,-1.6175347645586198,-1.6198978592161806
4.133333333333333,1,56,-1.6683324279251204,-1.4182878291218053,-1.0561931491249978,-0.938978911441633,-0.4088457035595661,-0.09723380312142145,1.9463161635815445,1.8346820625782985,0.4234058855732871,0.1625266556977872,-0.9385363557821392,-0.3790613017948135,-1.5268430517141793,-1.6198978592161806
4.1375,1,56,-1.6656178178588568,-1.4182878291218053,-1.051081636316799,-0.938978911441633,-0.4138426200217453,-0.09723380312142145,1.9579181103254606,1.8346820625782985,0.472839943531683,0.1625266556977872,-0.9104760822755092,-0.3790613017948135,-1.6362721713905732,-1.6198978592161806
4.141666666666667,1,56,-1.6708460209257137,-1.4182878291218053,-1.045024264243923,-0.938978911441633,-0.3945494451481028,-0.09723380312142145,1.95400352163176,1.8346820625782985,0.3916000308160314,0.1625266556977872,-0.9175499771856279,-0.3790613017948135,-1.5105139521755286,-1.6198978592161806
4.145833333333333,1,56,-1.6617288897493736,-1.4182878291218053,-1.0429266717163312,-0.938978911441633,-0.4215161435283953,-0.09723380312142145,1.9691892096081742,1.8346820625782985,0.527553292815085,0.1625266556977872,-0.9068608113076878,-0.3790613017948135,-1.6701540955770895,-1.6198978592161806
4.15,1,56,-1.6640308034237794,-1.4182878291218053,-1.035220414450383,-0.938978911441633,-0.4103015319141974,-0.09723380312142145,1.9803658472217895,1.8346820625782985,0.5106776748337543,0.1625266556977872,-0.8561752428014316,-0.3790613017948135,-1.5854898212290371,-1.6198978592161806
4.154166666666667,1,56,-1.6602700331214721,-1.4182878291218053,-1.0309924784513929,-0.938978911441633,-0.4178679091889579,-0.09723380312142145,1.9935754479082328,1.8346820625782985,0.5759809742934776,0.1625266556977872,-0.8379376938920429,-0.3790613017948135,-1.7098060195670193,-1.6198978592161806
4.158333333333333,1,56,-1.6656881495356601,-1.4182878291218053,-1.0250485822219182,-0.938978911441633,-0.3984559171006044,-0.09723380312142145,1.987648352623735,1.8346820625782985,0.47498287395580047,0.1625266556977872,-0.8546871424735641,-0.3790613017948135,-1.5683020868818098,-1.6198978592161806
4.1625,1,56,-1.657064110694638,-1.4182878291218053,-1.0226000885837316,-0.938978911441633,-0.4230733226939892,-0.09723380312142145,2.006773367768727,1.8346820625782985,0.6187954093620691,0.1625266556977872,-0.8382163824718708,-0.3790613017948135,-1.7357982245215078,-1.6198978592161806
4.166666666666667,1,56,-1.6599233338254589,-1.4182878291218053,-1.0179644530493412,-0.938978911441633,-0.414449921885896,-0.09723380312142145,2.007406213923818,1.8346820625782985,0.5754728327299925,0.1625266556977872,-0.8595401995302239,-0.3790613017948135,-1.6315069488094542,-1.6198978592161806
4.170833333333333,1,56,-1.6652331718603945,-1.4182878291218053,-1.0102464973129524,-0.938978911441633,-0.389095167501702,-0.09723380312142145,2.005716964191024,1.8346820625782985,0.4710080832344182,0.1625266556977872,-0.8482050402059447,-0.3790613017948135,-1.410552685561866,-1.6198978592161806
4.175,1,56,-1.6680795100599297,-1.4182878291218053,-1.00560282687572,-0.938978911441633,-0.3698145401561866,-0.09723380312142145,1.9992546694038769,1.8346820625782985,0.36862888287840284,0.1625266556977872,-0.8745860053711996,-0.3790613017948135,-1.3874688273168787,-1.6198978592161806
4.179166666666666,1,56,-1.6572988373822555,-1.4182878291218053,-1.0008803601498166,-0.938978911441633,-0.39104577945849456,-0.09723380312142145,2.0254996770079363,1.8346820625782985,0.5001531386178959,0.1625266556977872,-0.7918124840968653,-0.3790613017948135,-1.6233225022741853,-1.6198978592161806
4.183333333333334,1,56,-1.658405820871398,-1.4182878291218053,-0.9961590417686538,-0.938978911441633,-0.37984493770664646,-0.09723380312142145,2.0306899669716723,1.8346820625782985,0.47192391857816807,0.1625266556977872,-0.7631688392128008,-0.3790613017948135,-1.5587346775691768,-1.6198978592161806
4.1875,1,56,-1.6536909997311038,-1.4182878291218053,-0.9954062229747256,-0.938978911441633,-0.38753730010022536,-0.09723380312142145,2.033588996902816,1.8346820625782985,0.5305207901818131,0.1625266556977872,-0.7742536600277105,-0.3790613017948135,-1.6637734024359074,-1.6198978592161806
4.191666666666666,1,56,-1.6572907497917178,-1.4182878291218053,-0.9932494576666913,-0.938978911441633,-0.37078958201207146,-0.09723380312142145,2.0179799059369112,1.8346820625782985,0.4168848431570392,0.1625266556977872,-0.8337363383020043,-0.3790613017948135,-1.499773325074698,-1.6198978592161806
4.195833333333333,1,56,-1.6469197745442532,-1.4182878291218053,-0.9910846115421668,-0.938978911441633,-0.39400109862452193,-0.09723380312142145,2.03894352901187,1.8346820625782985,0.5691920993789812,0.1625266556977872,-0.7778270298213658,-0.3790613017948135,-1.664409607214029,-1.6198978592161806
4.2,1,56,-1.6488658951974389,-1.4182878291218053,-0.989692379775615,-0.938978911441633,-0.38525774087662573,-0.09723380312142145,2.032957224348388,1.8346820625782985,0.5380522214062345,0.1625266556977872,-0.789747698223916,-0.3790613017948135,-1.582907457577691,-1.6198978592161806
4.204166666666667,1,56,-1.658374005861703,-1.4182878291218053,-0.9837479318978178,-0.938978911441633,-0.34466631477627485,-0.09723380312142145,2.017290087267536,1.8346820625782985,0.33216977925122,0.1625266556977872,-0.776430617299786,-0.3790613017948135,-1.3325949113759077,-1.6198978592161806
4.208333333333333,1,56,-1.65129472474391,-1.4182878291218053,-0.9844513113016985,-0.938978911441633,-0.3595165067125877,-0.09723380312142145,2.0175997678043314,1.8346820625782985,0.4157991254732312,0.1625266556977872,-0.8054753710818414,-0.3790613017948135,-1.4389069929641602,-1.6198978592161806
4.2125,1,56,-1.6537050596222747,-1.4182878291218053,-0.978634151550444,-0.938978911441633,-0.3413929368566577,-0.09723380312142145,2.024599621093314,1.8346820625782985,0.3729168661923089,0.1625266556977872,-0.7327752757775604,-0.3790613017948135,-1.366746989231634,-1.6198978592161806
4.216666666666667,1,56,-1.6502066352707052,-1.4182878291218053,-0.9764643892597028,-0.938978911441633,-0.34279223263971514,-0.09723380312142145,2.0304944232851514,1.8346820625782985,0.42177314894145757,0.1625266556977872,-0.6945905242458562,-0.3790613017948135,-1.5092387529776194,-1.6198978592161806
4.220833333333333,1,56,-1.6539527147469515,-1.4182878291218053,-0.9744686695964162,-0.938978911441633,-0.3224564727252619,-0.09723380312142145,2.020462554913842,1.8346820625782985,0.32008743786588173,0.1625266556977872,-0.7014314971727068,-0.3790613017948135,-1.3873252812682486,-1.6198978592161806
4.225,1,56,-1.641713273979189,-1.4182878291218053,-0.9763609508027328,-0.938978911441633,-0.3544254483504188,-0.09723380312142145,2.030440176233484,1.8346820625782985,0.5261165561363094,0.1625266556977872,-0.6844863846288456,-0.3790613017948135,-1.6159312409131494,-1.6198978592161806
4.229166666666667,1,56,-1.6405580678393272,-1.4182878291218053,-0.9797488208482439,-0.938978911441633,-0.3601601763582219,-0.09723380312142145,2.0130539211189493,1.8346820625782985,0.5224573880496284,0.1625266556977872,-0.807006622392707,-0.3790613017948135,-1.5281604760606233,-1.6198978592161806
4.233333333333333,1,56,-1.6402680456719256,-1.4182878291218053,-0.9843627515478032,-0.938978911441633,-0.36592618980674907,-0.09723380312142145,1.9939873733944333,1.8346820625782985,0.5186674964164459,0.1625266556977872,-0.9527746968778843,-0.3790613017948135,-1.611360014136479,-1.6198978592161806
4.2375,1,56,-1.6460907537578058,-1.4182878291218053,-0.9813245182215946,-0.938978911441633,-0.343817278651909,-0.09723380312142145,1.9894234662095132,1.8346820625782985,0.45434893929279924,0.1625266556977872,-0.9666217739720073,-0.3790613017948135,-1.499028854993034,-1.6198978592161806
4.241666666666666,1,56,-1.6372796624002282,-1.4182878291218053,-0.9804301624865824,-0.938978911441633,-0.3662514950123578,-0.09723380312142145,2.006314248524426,1.8346820625782985,0.588878488341433,0.1625266556977872,-0.9468939320344798,-0.3790613017948135,-1.6673125814561178,-1.6198978592161806
4.245833333333334,1,56,-1.6398142463089347,-1.4182878291218053,-0.9778238145019331,-0.938978911441633,-0.3564064400099564,-0.09723380312142145,2.007633107565362,1.8346820625782985,0.571712376641721,0.1625266556977872,-0.9580206872308284,-0.3790613017948135,-1.5847103857812266,-1.6198978592161806
4.25,1,56,-1.6441381937586477,-1.4182878291218053,-0.9725988768783671,-0.938978911441633,-0.33274423697407807,-0.09723380312142145,2.006161846508252,1.8346820625782985,0.5048255841222568,0.1625266556977872,-0.9420852086246798,-0.3790613017948135,-1.3825947770397022,-1.6198978592161806
4.254166666666666,1,56,-1.6459671288225115,-1.4182878291218053,-0.9702914119153102,-0.938978911441633,-0.31534095735784146,-0.09723380312142145,1.9988636401128705,1.8346820625782985,0.4345311990943503,0.1625266556977872,-0.9629019365345165,-0.3790613017948135,-1.3762777547918947,-1.6198978592161806
4.258333333333333,1,56,-1.638935458612847,-1.4182878291218053,-0.9689224292890735,-0.938978911441633,-0.3241483248963532,-0.09723380312142145,2.0061034508234616,1.8346820625782985,0.4688292233733992,0.1625266556977872,-0.9513383000346245,-0.3790613017948135,-1.5367215092595443,-1.6198978592161806
4.2625,1,56,-1.6401835097118393,-1.4182878291218053,-0.967281622484388,-0.938978911441633,-0.3088984186263222,-0.09723380312142145,1.9998573855089876,1.8346820625782985,0.3864458694111999,0.1625266556977872,-0.9688805868245082,-0.3790613017948135,-1.4505410593737367,-1.6198978592161806
4.266666666666667,1,56,-1.627114676065531,-1.4182878291218053,-0.9652196990845398,-0.938978911441633,-0.33523808703254687,-0.09723380312142145,2.0236428252364993,1.8346820625782985,0.5078308982391331,0.1625266556977872,-0.8873763756593334,-0.3790613017948135,-1.6295480837005047,-1.6198978592161806
4.270833333333333,1,56,-1.6259694303111258,-1.4182878291218053,-0.9629901943161743,-0.938978911441633,-0.32797250609859296,-0.09723380312142145,2.0329358665839,1.8346820625782985,0.4894037190722538,0.1625266556977872,-0.8432877170387962,-0.3790613017948135,-1.568769002302592,-1.6198978592161806
4.275,1,56,-1.620162314261364,-1.4182878291218053,-0.9642246430706511,-0.938978911441633,-0.336471821287109,-0.09723380312142145,2.0398140238471654,1.8346820625782985,0.5431912790892551,0.1625266556977872,-0.8351492920774152,-0.3790613017948135,-1.6907570234119353,-1.6198978592161806
4.279166666666667,1,56,-1.6237267425232682,-1.4182878291218053,-0.9639508493524159,-0.938978911441633,-0.31661024576436275,-0.09723380312142145,2.030833057986234,1.8346820625782985,0.4343241845256521,0.1625266556977872,-0.8452879779461232,-0.3790613017948135,-1.558025992585315,-1.6198978592161806
4.283333333333333,1,56,-1.6120854745693087,-1.4182878291218053,-0.96724375557697,-0.938978911441633,-0.34468255058499425,-0.09723380312142145,2.0446004056021185,1.8346820625782985,0.5718315410420334,0.1625266556977872,-0.8293051498554448,-0.3790613017948135,-1.737291015392039,-1.6198978592161806
4.2875,1,56,-1.614238177999741,-1.4182878291218053,-0.9653540124556266,-0.938978911441633,-0.3300401199926004,-0.09723380312142145,2.0519452884770106,1.8346820625782985,0.5302510690036845,0.1625266556977872,-0.7735613049085772,-0.3790613017948135,-1.6680094968816888,-1.6198978592161806
4.291666666666667,1,56,-1.6149687519928084,-1.4182878291218053,-0.9655063294103134,-0.938978911441633,-0.32054030955496315,-0.09723380312142145,2.052622876471286,1.8346820625782985,0.4775749845173843,0.1625266556977872,-0.7604661022387761,-0.3790613017948135,-1.7075574121865589,-1.6198978592161806
4.295833333333333,1,56,-1.6253950540139146,-1.4182878291218053,-0.9638277849787086,-0.938978911441633,-0.2745625255275723,-0.09723380312142145,2.0322758139537145,1.8346820625782985,0.20533250335208578,0.1625266556977872,-0.7851047214628551,-0.3790613017948135,-1.4198177347948682,-1.6198978592161806
4.3,1,56,-1.617357081069086,-1.4182878291218053,-0.9665655969090676,-0.938978911441633,-0.2849547089727452,-0.09723380312142145,2.036118131768126,1.8346820625782985,0.24255557737229794,0.1625266556977872,-0.7972794233409427,-0.3790613017948135,-1.5169920238889076,-1.6198978592161806
4.304166666666666,1,56,-1.6173832918586017,-1.4182878291218053,-0.9643268775652527,-0.938978911441633,-0.2681404351877389,-0.09723380312142145,2.050978922183921,1.8346820625782985,0.18246302945395884,0.1625266556977872,-0.7031203423078792,-0.3790613017948135,-1.4245205538581491,-1.6198978592161806
4.308333333333334,1,56,-1.6103347390077578,-1.4182878291218053,-0.9655778799428857,-0.938978911441633,-0.2738075276535634,-0.09723380312142145,2.0624052691426997,1.8346820625782985,0.21863179726105592,0.1625266556977872,-0.6448351187163022,-0.3790613017948135,-1.550935965531888,-1.6198978592161806
4.3125,1,56,-1.610386813207984,-1.4182878291218053,-0.9674792283102821,-0.938978911441633,-0.2584598904090157,-0.09723380312142145,2.0589490165327855,1.8346820625782985,0.12402750004994556,0.1625266556977872,-0.6468483880184982,-0.3790613017948135,-1.4546936027591464,-1.6198978592161806
4.316666666666666,1,56,-1.5941733032720447,-1.4182878291218053,-0.9721073344479382,-0.938978911441633,-0.2990829293168982,-0.09723380312142145,2.066714470838984,1.8346820625782985,0.35484019439432896,0.1625266556977872,-0.6347358288642105,-0.3790613017948135,-1.735046783538252,-1.6198978592161806
4.320833333333333,1,56,-1.590482258198471,-1.4182878291218053,-0.9806271225021462,-0.938978911441633,-0.3080982257177602,-0.09723380312142145,2.039033850714646,1.8346820625782985,0.3535380844777717,0.1625266556977872,-0.7948090024903169,-0.3790613017948135,-1.653554812013816,-1.6198978592161806
4.325,1,56,-1.5887601187183833,-1.4182878291218053,-0.9902567561493089,-0.938978911441633,-0.31461564351632726,-0.09723380312142145,2.0106616445575103,1.8346820625782985,0.3488004151339351,0.1625266556977872,-0.9710414760341621,-0.3790613017948135,-1.7392090593910203,-1.6198978592161806
4.329166666666667,1,56,-1.5931014765637492,-1.4182878291218053,-0.9924173507938099,-0.938978911441633,-0.2955050446862329,-0.09723380312142145,2.000702391213091,1.8346820625782985,0.291548674463564,0.1625266556977872,-1.011696452986605,-0.3790613017948135,-1.6307651492855908,-1.6198978592161806
4.333333333333333,1,56,-1.5992765505976705,-1.4182878291218053,-0.9884381595710225,-0.938978911441633,-0.25995088551340295,-0.09723380312142145,2.0049042196960416,1.8346820625782985,0.20547301476462085,0.1625266556977872,-0.9426901440292427,-0.3790613017948135,-1.4041244888348532,-1.6198978592161806
4.3375,1,56,-1.5974739914122196,-1.4182878291218053,-0.9872211536161982,-0.938978911441633,-0.24789992359792218,-0.09723380312142145,2.010270196945344,1.8346820625782985,0.19750087519781095,0.1625266556977872,-0.904726044204578,-0.3790613017948135,-1.4311810256352517,-1.6198978592161806
4.341666666666667,1,56,-1.5882148002444905,-1.4182878291218053,-0.9884359913866494,-0.938978911441633,-0.2610147839647968,-0.09723380312142145,2.0160081875323446,1.8346820625782985,0.2798241349806867,0.1625266556977872,-0.8851192722233064,-0.3790613017948135,-1.6384987074626933,-1.6198978592161806
4.345833333333333,1,56,-1.5893186729284914,-1.4182878291218053,-0.9858617117148919,-0.938978911441633,-0.24205666655766603,-0.09723380312142145,2.022443255706904,1.8346820625782985,0.2514787612922145,0.1625266556977872,-0.8232969541915226,-0.3790613017948135,-1.5826281282429626,-1.6198978592161806
4.35,1,56,-1.5925996944217726,-1.4182878291218053,-0.9845188370117101,-0.938978911441633,-0.21031672174629126,-0.09723380312142145,2.019610444456298,1.8346820625782985,0.15184887595784458,0.1625266556977872,-0.7972540196392685,-0.3790613017948135,-1.3684281937956204,-1.6198978592161806
4.354166666666667,1,56,-1.587815916032145,-1.4182878291218053,-0.9862741058323929,-0.938978911441633,-0.20261424939017594,-0.09723380312142145,2.014300375971363,1.8346820625782985,0.15275936193792575,0.1625266556977872,-0.8088284591692484,-0.3790613017948135,-1.4134923086743558,-1.6198978592161806
4.358333333333333,1,56,-1.5849476595034013,-1.4182878291218053,-0.985721109176833,-0.938978911441633,-0.18604423332976133,-0.09723380312142145,2.0133918031031497,1.8346820625782985,0.11228899354925816,0.1625266556977872,-0.7855136016696461,-0.3790613017948135,-1.2894924205857505,-1.6198978592161806
4.3625,1,56,-1.575238781769932,-1.4182878291218053,-0.9858814055155717,-0.938978911441633,-0.19050603859837925,-0.09723380312142145,2.0138074390779788,1.8346820625782985,0.16754865743706665,0.1625266556977872,-0.7819315013384633,-0.3790613017948135,-1.3958573373234318,-1.6198978592161806
4.366666666666666,1,56,-1.5696007132491476,-1.4182878291218053,-0.9890394583163272,-0.938978911441633,-0.18342909995180187,-0.09723380312142145,1.9946556654799281,1.8346820625782985,0.14027463161634843,0.1625266556977872,-0.8778804038724877,-0.3790613017948135,-1.2970655081354268,-1.6198978592161806
4.370833333333334,1,56,-1.5597628863466033,-1.4182878291218053,-0.9939152815064005,-0.938978911441633,-0.19000425200729554,-0.09723380312142145,1.9754313298976627,1.8346820625782985,0.1777636344500001,0.1625266556977872,-0.9994056349412186,-0.3790613017948135,-1.3925529172366593,-1.6198978592161806
4.375,1,56,-1.5561161731792925,-1.4182878291218053,-0.9933108488080261,-0.938978911441633,-0.17688958698633378,-0.09723380312142145,1.9715837051618008,1.8346820625782985,0.1478957350530156,0.1625266556977872,-1.0064611738289508,-0.3790613017948135,-1.2919041372442706,-1.6198978592161806
4.379166666666666,1,56,-1.5463289546304961,-1.4182878291218053,-0.9921930139735011,-0.938978911441633,-0.18215363108077345,-0.09723380312142145,1.973232675805514,1.8346820625782985,0.19160440266636744,0.1625266556977872,-0.9939259668263037,-0.3790613017948135,-1.3962209357644428,-1.6198978592161806
4.383333333333333,1,56,-1.5412154134777136,-1.4182878291218053,-0.9921224039461002,-0.938978911441633,-0.17319168975045282,-0.09723380312142145,1.9659644748551726,1.8346820625782985,0.16945404227567482,0.1625266556977872,-1.0138481897611735,-0.3790613017948135,-1.303561713728115,-1.6198978592161806
4.3875,1,56,-1.5306926585858986,-1.4182878291218053,-0.9882115552209826,-0.938978911441633,-0.17929085091376393,-0.09723380312142145,1.9754407796878195,1.8346820625782985,0.21939314131603868,0.1625266556977872,-0.9327171198258193,-0.3790613017948135,-1.4161865269702405,-1.6198978592161806
4.391666666666667,1,56,-1.5276749748418368,-1.4182878291218053,-0.9840314252022891,-0.938978911441633,-0.16297487737946784,-0.09723380312142145,1.980888069801716,1.8346820625782985,0.18564805501362605,0.1625266556977872,-0.8675932370547199,-0.3790613017948135,-1.320498968514111,-1.6198978592161806
4.395833333333333,1,56,-1.5177438991649386,-1.4182878291218053,-0.9817831662749251,-0.938978911441633,-0.16761846778588188,-0.09723380312142145,1.9867128613708473,1.8346820625782985,0.2338152203667638,0.1625266556977872,-0.827021619430363,-0.3790613017948135,-1.4368123144868923,-1.6198978592161806
4.4,1,56,-1.5136663491907523,-1.4182878291218053,-0.9807774150997701,-0.938978911441633,-0.15490864620995087,-0.09723380312142145,1.9804839758699806,1.8346820625782985,0.19087845367486378,0.1625266556977872,-0.8271995273579739,-0.3790613017948135,-1.3357041613301506,-1.6198978592161806
4.404166666666667,1,56,-1.5026618600975983,-1.4182878291218053,-0.9804610581323838,-0.938978911441633,-0.16269538008062373,-0.09723380312142145,1.9792006180312676,1.8346820625782985,0.24105978430322758,0.1625266556977872,-0.820684369335924,-0.3790613017948135,-1.4554581713966885,-1.6198978592161806
4.408333333333333,1,56,-1.498009632107646,-1.4182878291218053,-0.9783263701690562,-0.938978911441633,-0.14989420903681766,-0.09723380312142145,1.9812446674186819,1.8346820625782985,0.20220852914059567,0.1625266556977872,-0.7608165370547547,-0.3790613017948135,-1.3611081460866468,-1.6198978592161806
4.4125,1,56,-1.4864482379162105,-1.4182878291218053,-0.9776330269869908,-0.938978911441633,-0.15834699177013153,-0.09723380312142145,1.98485181857866,1.8346820625782985,0.2596877265903435,0.1625266556977872,-0.7257092294718197,-0.3790613017948135,-1.487025778241222,-1.6198978592161806
4.416666666666667,1,56,-1.4812224441312145,-1.4182878291218053,-0.9789403639609299,-0.938978911441633,-0.14799548354786884,-0.09723380312142145,1.9744014184940524,1.8346820625782985,0.20146856359597415,0.1625266556977872,-0.7353423681284778,-0.3790613017948135,-1.3762118398870378,-1.6198978592161806
4.420833333333333,1,56,-1.4701916513916493,-1.4182878291218053,-0.9797422194909144,-0.938978911441633,-0.15585016647543046,-0.09723380312142145,1.9740713728205694,1.8346820625782985,0.2514588213375759,0.1625266556977872,-0.7117486204063697,-0.3790613017948135,-1.495115375968408,-1.6198978592161806
4.425,1,56,-1.4648569136199416,-1.4182878291218053,-0.9822994537264016,-0.938978911441633,-0.14623727633447153,-0.09723380312142145,1.961040201268947,1.8346820625782985,0.18848405725409906,0.1625266556977872,-0.7304155709752158,-0.3790613017948135,-1.378095150801687,-1.6198978592161806
4.429166666666666,1,56,-1.4442080885095057,-1.4182878291218053,-0.9864119353065426,-0.938978911441633,-0.19150737878927668,-0.09723380312142145,1.954861442277436,1.8346820625782985,0.41117069252294414,0.1625266556977872,-0.7777477781912574,-0.3790613017948135,-1.607382518683498,-1.6198978592161806
4.433333333333334,1,56,-1.4337440977083435,-1.4182878291218053,-0.9912959555830889,-0.938978911441633,-0.20902001405109863,-0.09723380312142145,1.9395199334556033,1.8346820625782985,0.45702881174890875,0.1625266556977872,-0.8812597384372773,-0.3790613017948135,-1.5404999299380786,-1.6198978592161806
4.4375,1,56,-1.4284068902898515,-1.4182878291218053,-0.995909209193559,-0.938978911441633,-0.21711121554882656,-0.09723380312142145,1.9222745026219714,1.8346820625782985,0.450929004657229,0.1625266556977872,-1.0043973004109652,-0.3790613017948135,-1.612516194757899,-1.6198978592161806
4.441666666666666,1,56,-1.4293577842509284,-1.4182878291218053,-0.9933295228659291,-0.938978911441633,-0.2015350614407036,-0.09723380312142145,1.9211037368301123,1.8346820625782985,0.39905530555864693,0.1625266556977872,-0.9989701113993008,-0.3790613017948135,-1.5042492073489486,-1.6198978592161806
4.445833333333333,1,56,-1.42447080048871,-1.4182878291218053,-0.989886713100861,-0.938978911441633,-0.20219711290508494,-0.09723380312142145,1.9294547403618092,1.8346820625782985,0.423061001722185,0.1625266556977872,-0.9689792491994347,-0.3790613017948135,-1.5923576695892931,-1.6198978592161806
4.45,1,56,-1.4282198307522722,-1.4182878291218053,-0.9861875329931943,-0.938978911441633,-0.1784775729671724,-0.09723380312142145,1.9272465567730304,1.8346820625782985,0.34128127219691434,0.1625266556977872,-0.9488008370770717,-0.3790613017948135,-1.4678496950563629,-1.6198978592161806
4.454166666666667,1,56,-1.4159372060919841,-1.4182878291218053,-0.9857012801890379,-0.938978911441633,-0.20687473005412096,-0.09723380312142145,1.9357742113961884,1.8346820625782985,0.46488003651310084,0.1625266556977872,-0.9550944882896822,-0.3790613017948135,-1.615974022413289,-1.6198978592161806
4.458333333333333,1,56,-1.416969549172131,-1.4182878291218053,-0.9793849400075685,-0.938978911441633,-0.19430617958756133,-0.09723380312142145,1.9499515184827816,1.8346820625782985,0.45466630578140793,0.1625266556977872,-0.8720272794935643,-0.3790613017948135,-1.5158278982167408,-1.6198978592161806
4.4625,1,56,-1.4120412162364777,-1.4182878291218053,-0.9758022115548866,-0.938978911441633,-0.1999753872249324,-0.09723380312142145,1.9653821413890797,1.8346820625782985,0.5174255602771726,0.1625266556977872,-0.8201854615196084,-0.3790613017948135,-1.6163546693536894,-1.6198978592161806
4.466666666666667,1,56,-1.416122061939027,-1.4182878291218053,-0.9727136291134078,-0.938978911441633,-0.18002160394629105,-0.09723380312142145,1.966129442554185,1.8346820625782985,0.4396340514228081,0.1625266556977872,-0.7975549488089013,-0.3790613017948135,-1.4743409766505184,-1.6198978592161806
4.470833333333333,1,56,-1.412923231342652,-1.4182878291218053,-0.9720063652534014,-0.938978911441633,-0.1819925790192031,-0.09723380312142145,1.9692335326869101,1.8346820625782985,0.4604217180698956,0.1625266556977872,-0.8076830273290156,-0.3790613017948135,-1.549844016208019,-1.6198978592161806
4.475,1,56,-1.416630843451525,-1.4182878291218053,-0.9695335432737423,-0.938978911441633,-0.1601148174846607,-0.09723380312142145,1.9678486479279877,1.8346820625782985,0.35023453781873093,0.1625266556977872,-0.7864938210169161,-0.3790613017948135,-1.3944946793672468,-1.6198978592161806
4.479166666666667,1,56,-1.403266896898054,-1.4182878291218053,-0.9709562004282273,-0.938978911441633,-0.19443895067374709,-0.09723380312142145,1.9782499578653105,1.8346820625782985,0.508375729149903,0.1625266556977872,-0.7975190958419299,-0.3790613017948135,-1.5673841002377122,-1.6198978592161806
4.483333333333333,1,56,-1.4018118808662972,-1.4182878291218053,-0.9670462221121041,-0.938978911441633,-0.18921638499062782,-0.09723380312142145,1.9967006331791082,1.8346820625782985,0.511236346994375,0.1625266556977872,-0.7042534832640284,-0.3790613017948135,-1.476745281098466,-1.6198978592161806
4.4875,1,56,-1.3974021294072536,-1.4182878291218053,-0.9652656345212353,-0.938978911441633,-0.194634074887743,-0.09723380312142145,2.012991481427383,1.8346820625782985,0.5554079204237345,0.1625266556977872,-0.6447883438580683,-0.3790613017948135,-1.573637697575912,-1.6198978592161806
4.491666666666666,1,56,-1.3987673771643623,-1.4182878291218053,-0.9659716424823948,-0.938978911441633,-0.183524042859689,-0.09723380312142145,2.004525777345392,1.8346820625782985,0.4136723133165771,0.1625266556977872,-0.653648580200595,-0.3790613017948135,-1.3914103392880766,-1.6198978592161806
4.495833333333334,1,56,-1.3852268850728386,-1.4182878291218053,-0.9683962696706447,-0.938978911441633,-0.22148229538970235,-0.09723380312142145,2.021108108341604,1.8346820625782985,0.6117599823611399,0.1625266556977872,-0.6351222676425745,-0.3790613017948135,-1.6078118562228585,-1.6198978592161806
4.5,1,56,-1.3824421268912899,-1.4182878291218053,-0.9733837890186484,-0.938978911441633,-0.2359185651225889,-0.09723380312142145,2.007312530264457,1.8346820625782985,0.5723624317007999,0.1625266556977872,-0.7546456211589355,-0.3790613017948135,-1.4972486446906834,-1.6198978592161806
4.504166666666666,1,56,-1.3816068519283755,-1.4182479881718122,-0.9778639363030373,-0.9389092984621735,-0.248193983394199,-0.09728123978528953,1.9936605129408342,1.8346963655725557,0.5531419488315371,0.16254128334056817,-0.9809806803476687,-0.3791233950782583,-1.9139153113573502,-1.6199094073160893
4.508333333333333,1,56,-1.390491270030288,-1.4181284926268296,-0.979586233182894,-0.9387005072330536,-0.23404412096100052,-0.09742351726617392,1.9809786956742874,1.8347392647527692,0.3814172499829856,0.1625851562438554,-1.0242460538788154,-0.3793096323729579,-1.4972486446906834,-1.619944043701325
4.5125,1,56,-1.3945449157464525,-1.417929424383135,-0.9815225358898393,-0.9383526808493525,-0.22865335765923633,-0.09766053805419615,1.9757921946212205,1.834810730717984,0.2998131980575991,0.16265824433935244,-0.9452502670282454,-0.3796198860411733,-1.9139153113573502,-1.6200017446338393
4.516666666666667,1,56,-1.4010357455430364,-1.4176509198721596,-0.9817157947231344,-0.9378660576938994,-0.21444991143324202,-0.09799213970714749,1.9752815992973525,1.8349107144889971,0.18004583864741003,0.1627604975361295,-0.7098654297648085,-0.3800539434505377,-1.5222083148388599,-1.620082470568295
4.520833333333333,1,56,-1.3988825240296083,-1.417293169966983,-0.9828957668543605,-0.9372409712738975,-0.21914115117792818,-0.09841809496181893,1.9782315604894674,1.8350391475419263,0.24805785421963936,0.16289184575495316,-0.6095174921879257,-0.3806115071197845,-1.9388749815055266,-1.6201861661791694
4.525,1,56,-1.4040415210334478,-1.4168564198515203,-0.9832278778976106,-0.9364778499923553,-0.20696603518360138,-0.09893811188975594,1.9685510589845006,1.8351959418551727,0.021033897411908177,0.1630521989763153,-0.6341064931006791,-0.3812921949226258,-1.5222083148388599,-1.6203127603986702
4.529166666666667,1,56,-1.4022732324895306,-1.4163409688524846,-0.9836725209966624,-0.9355772168544806,-0.20859662042676427,-0.09955183409733133,1.971202331970639,1.8353809899697457,0.027910435485906934,0.16324144730212764,-0.5312258252860586,-0.3820955403496423,-1.9388749815055266,-1.620462166465443
4.533333333333333,1,56,-1.4030516429879099,-1.4157471702342435,-0.9839788733488235,-0.9345396891092383,-0.20242375725783407,-0.10025884097000026,1.9542154637143658,1.835594165062911,-0.1214746983130137,0.163459461031041,-0.8262645197042686,-0.38302099282800667,-1.5222083148388599,-1.6206342819840325
4.5375,1,56,-1.3994789779291827,-1.4150754309567086,-0.9847359057475459,-0.9333659778263195,-0.20563909465270552,-0.10105864796056797,1.9414424991728656,1.8358353210351082,-0.06570090847323665,0.16370609074733553,-1.1998038131258262,-0.3840679180988174,-1.9388749815055266,-1.6208289889950598
4.541666666666667,1,56,-1.4021387789197024,-1.4143262113964266,-0.9823297559690193,-0.9320568874088089,-0.19255604224541198,-0.10195070692127459,1.9473431045029046,1.8361042926100801,-0.11549950214612531,0.1639811674233232,-1.1106702952075869,-0.38523559865178936,-1.5222083148388599,-1.6210461540560654
4.545833333333333,1,56,-1.3978463149117695,-1.41350002503106,-0.9796653233507882,-0.9306133150418886,-0.1968191205615293,-0.10293440647946736,1.9624716264949023,1.836400895448144,-0.024438051124813072,0.16428450253519053,-0.8640745503228651,-0.38652323421699786,-1.9388749815055266,-1.621285628332964
4.55,1,56,-1.3991885362949117,-1.412597438087475,-0.9776347981591483,-0.9290362500779508,-0.18633933428480645,-0.10400907245660623,1.9679080813033947,1.8367249262725311,-0.07008006741223426,0.16461588819220388,-0.7782237910050137,-0.3879299423133457,-1.5222083148388599,-1.621547247702048
4.554166666666666,1,56,-1.3947404099937302,-1.411619069153677,-0.976438259775272,-0.9273267733585454,-0.1894960755349578,-0.10517396833031117,1.9635697372643526,1.8370761630086998,0.05882467926338261,0.16497509727918697,-1.0720888255521765,-0.3894547588533702,-1.9388749815055266,-1.6218308328624704
4.558333333333334,1,56,-1.397910143643833,-1.4105655887548625,-0.9734053091298771,-0.9254860564736254,-0.1728408911392197,-0.10642829573913855,1.9728959156933485,1.8374543649365358,0.006215397522973149,0.1653618836121746,-0.9310455984485951,-0.3910966388039816,-1.5222083148388599,-1.6221361894591277
4.5625,1,56,-1.3940003067569695,-1.409437718893875,-0.9704328446327884,-0.9235153609585985,-0.17304237275273468,-0.10777119502973678,1.9921284233145105,1.8378592728553291,0.11790918523859673,0.16577598210713435,-0.6472466993298794,-0.3928544569026746,-1.9388749815055266,-1.6224631082158611
4.566666666666666,1,56,-1.395794796619543,-1.4082362325563782,-0.9685983105311347,-0.9214160374297321,-0.159649892630524,-0.10920174584601172,1.9931168344591537,1.838290609261418,0.016965353488329928,0.16621710896164255,-0.5992115183590534,-0.3947270084287298,-1.5222083148388599,-1.622811365078885
4.570833333333333,1,56,-1.389876083469815,-1.4069619531810926,-0.9671076901958698,-0.9191895246585091,-0.16286343706048312,-0.1107189677598915,1.996599725454693,1.8387480785383754,0.13090565184577463,0.16668496184938789,-0.6588367464538616,-0.3967130100288673,-1.9388749815055266,-1.6231807213703409
4.575,1,56,-1.3899014051332779,-1.40561575409545,-0.9657587355813213,-0.9168373485855656,-0.1511533139974848,-0.1123218209432636,1.987227873252779,1.8392313671596103,-0.002244368849782517,0.167179220127371,-0.8819612146833363,-0.3988111005967937,-1.5222083148388599,-1.6235709239518767
4.579166666666667,1,56,-1.375994076791255,-1.40419855791706,-0.9651370657081012,-0.9143611212748894,-0.17659833419373966,-0.11400920688061976,1.9845964834953984,1.8397401439032421,0.2766576804383081,0.16769954505565668,-1.2082275829281364,-0.4010198422060348,-1.9388749815055266,-1.623981705398134
4.583333333333333,1,56,-1.3738057409000972,-1.4027113359213925,-0.9628832134459913,-0.9117625398089882,-0.1728717778998012,-0.11577996912192567,1.9898540561558569,1.840274060079105,0.34978712455525784,0.16824558002953002,-1.1207770111576412,-0.4033377210954214,-1.5222083148388599,-1.6244127841800287
4.5875,1,56,-1.3696764031265771,-1.4011551073761146,-0.9597861668206952,-0.9090433851257962,-0.174511537051413,-0.11763289407519309,2.0030939448745166,1.8408327497677215,0.42790126622285274,0.16881695082389508,-0.8923575047097169,-0.40576314870654356,-1.9388749815055266,-1.6248638648576963
4.591666666666667,1,56,-1.3709094153792154,-1.3995309388425368,-0.9567192067329613,-0.9062055207981097,-0.16625948685936878,-0.11956671183821392,2.002247581857208,1.8414158300710863,0.29275355923316343,0.16941326584974978,-0.8347192114700955,-0.4082944627724686,-1.5222083148388599,-1.6253346382829723
4.595833333333333,1,56,-1.3654518607067974,-1.3978399434446422,-0.9538842905488871,-0.9032508917563836,-0.17277553210222135,-0.12158009706889013,2.004512223657064,1.842022901375085,0.28412629883092216,0.17003411642256214,-0.9022244488538588,-0.4109299284569782,-1.9388749815055266,-1.6258247818112668
4.6,1,56,-1.3659091765018103,-1.39608328010621,-0.9497812915971429,-0.9001815229557762,-0.16165994311169943,-0.12367166989355544,2.00639901687775,1.8426535476233696,0.14247171070987263,0.17067907704236168,-0.8577060325501962,-0.41366773954353653,-1.5222083148388599,-1.6263339595226887
4.604166666666667,1,56,-1.3579160800042716,-1.394262152756544,-0.9460164431857278,-0.8969995179883445,-0.16886653371113053,-0.1258399968526727,2.0109191125569477,1.8433073366025035,0.16873100049156536,0.17134770568535626,-0.938545100349273,-0.41650601967318224,-1.9388749815055266,-1.6268618224522686
4.608333333333333,1,56,-1.3595147394948996,-1.3923778095053636,-0.9409396644150515,-0.8937070576413497,-0.1532960674035111,-0.12808359188325355,2.014065018895717,1.843983820238177,-0.014683333734687673,0.17203954410687244,-0.9118819201824424,-0.41944282363048857,-1.5222083148388599,-1.6274080088291218
4.6125,1,56,-1.3545851164509535,-1.3904315417874076,-0.9361076250930068,-0.8903063984026509,-0.15362941267585256,-0.13040091733733455,2.0191822837601867,1.8446825349022982,-0.011825685471106481,0.17275411815541436,-1.0127823502368707,-0.42247613867672035,-1.9388749815055266,-1.6279721443243886
4.616666666666666,1,56,-1.3535350865394358,-1.3884246834773515,-0.9304711912356133,-0.8867998709142236,-0.14060389879285085,-0.13279038503580248,2.02814989640402,1.8454030017307375,-0.09091237474312024,0.17349093809762292,-0.9379495476946775,-0.4256038859292624,-1.5222083148388599,-1.6285538423077792
4.620833333333334,1,56,-1.3436422963477292,-1.3863586099756358,-0.9245459767530673,-0.8831898783748526,-0.1484651295701499,-0.13525035735685392,2.0461758276173865,1.846144726951519,0.0035304648562750336,0.17424949895391487,-0.728657414877739,-0.42882392178638296,-1.9388749815055266,-1.6291527041125526
4.625,1,56,-1.3412719987472599,-1.3842347372658368,-0.9190029659504187,-0.8794788948931029,-0.13785491018145435,-0.1377791483583373,2.052813057520543,1.8469072022232258,-0.05201185249638704,0.17502928084456992,-0.7017074343205189,-0.4321340393963486,-1.5222083148388599,-1.6297683193087416
4.629166666666666,1,56,-1.3316238643964398,-1.3820545209442197,-0.9137405659226558,-0.8756694637916843,-0.1444232272974484,-0.14037502493321666,2.059610168413455,1.8476899049833937,0.09292997631202564,0.17582974934603135,-0.7997025051257936,-0.43553197016989414,-1.9388749815055266,-1.630400265984441
4.633333333333333,1,56,-1.3293153683578944,-1.379819455222147,-0.9087256069757335,-0.8717641958643882,-0.13225895666203474,-0.14303620799735453,2.0638523465136642,1.8484922988066477,0.02509916950415094,0.1766503558571726,-0.8061158033099783,-0.43901538533499784,-1.5222083148388599,-1.6310481110349664
4.6375,1,56,-1.3192148076131531,-1.3775310719020202,-0.9043125297568937,-0.8677657675867789,-0.13789979661910715,-0.14576087370880839,2.069597988522103,1.849313833772342,0.1477057784041107,0.17749053797528128,-0.7847189751935212,-0.4425818975329068,-1.9388749815055266,-1.6317114104596802
4.641666666666667,1,56,-1.3160046909623349,-1.3751909393274604,-0.9004609144815372,-0.8636769192818736,-0.12755037559383026,-0.1485471547177985,2.053459169454086,1.8501539468414472,0.053080998882055336,0.1783497198815013,-1.1839647133646782,-0.44622906245431027,-1.5222083148388599,-1.6323897096662894
4.645833333333333,1,56,-1.306083143655172,-1.3728006613084414,-0.8971059739914171,-0.8595004532420568,-0.13266167661968697,-0.1513931414464998,2.0434793334289614,1.8510120622424304,0.11889916208065261,0.17922731273547146,-1.600631380031345,-0.44995438051455194,-1.9388749815055266,-1.6330825437823997
4.65,1,56,-1.3040548827978424,-1.3703618760221201,-0.8916129647992966,-0.8552392318085326,-0.11935831633747909,-0.15429688339776915,2.0465627428697455,1.8518875918658602,0.1273920040547401,0.18012271507888655,-1.5930972033006756,-0.4537552985667177,-1.5222083148388599,-1.6337894379741158
4.654166666666667,1,56,-1.2964746845973045,-1.3678762548901129,-0.8857622429168974,-0.8508961754096201,-0.11950431374587656,-0.15725639049191717,2.05604703375884,1.8527799356674655,0.12711135935572007,0.1810353132477064,-1.4159076598238578,-0.45762921165143333,-1.9388749815055266,-1.6345099077714687
4.658333333333333,1,56,-1.3008979384286457,-1.3653455014329832,-0.8788522371144759,-0.8464742605592341,-0.08814373711206042,-0.16026963443061276,2.0636163385340542,1.8536884820793789,0.06107291621397085,0.1819644817927315,-1.1507090484976272,-0.4615734647821775,-1.5222083148388599,-1.6352434594004472
4.6625,1,56,-1.2947606025107428,-1.3627713501027368,-0.8729304272788093,-0.8419765178169334,-0.08025604225037046,-0.16333455008697526,2.0714215756601724,1.854612608429272,0.12900725413243316,0.18290958390825415,-1.0753051164465544,-0.46558535476487417,-1.9388749815055266,-1.6359895901214072
4.666666666666667,1,56,-1.2927791027712916,-1.360155565094113,-0.8676587673327276,-0.8374060297109251,-0.06130977685751781,-0.1664490369209104,2.069166998832138,1.8555516813671067,0.05809808872464906,0.1838699718684935,-1.1628263519306232,-0.4696621320505286,-1.5222083148388599,-1.6367477885736226
4.670833333333333,1,56,-1.2820984334112484,-1.3574999391354967,-0.8622713754192962,-0.8327659286254584,-0.0626951622398631,-0.16961096041871299,2.073528299511572,1.8565050572991981,0.1385302749541092,0.1848449874715136,-1.162406211507791,-0.473801002619627,-1.9388749815055266,-1.6375175351257465
4.675,1,56,-1.277756548429834,-1.3548062922602677,-0.8564912295524973,-0.8280593946540378,-0.04832803486813447,-0.17281815355595984,2.0804202572298016,1.857472082829305,0.10066822337242187,0.18583396249032347,-0.9426610902195308,-0.4779991298970233,-1.5222083148388599,-1.6382983022319422
4.679166666666666,1,56,-1.2643022784252749,-1.3520764705594437,-0.8504391016761202,-0.8232896534199508,-0.0555647475600346,-0.17606841828267764,2.0966864543340322,1.858452095206433,0.23185441328652,0.1868362191308456,-0.6415687978115892,-0.4822536366959828,-1.9388749815055266,-1.6390895547934352
4.683333333333334,1,56,-1.2562763871728697,-1.3493123449164601,-0.8458722185320096,-0.8184599738655842,-0.05241907854475646,-0.17935952702977764,2.0929071003177073,1.8594444227790516,0.16164455521860918,0.1878510704964427,-0.6272183825758622,-0.4865616071900637,-1.5222083148388599,-1.6398907505252438
4.6875,1,56,-1.2425528627565605,-1.3465158097249628,-0.8414275499062854,-0.8135736660120589,-0.06434903943406962,-0.18268922423571787,2.074230293241677,1.8604483854554106,0.25463329988960337,0.18887782105868128,-1.043136668790238,-0.4909200889114755,-1.9388749815055266,-1.640701340327834
4.691666666666666,1,56,-1.2401888949101612,-1.3436887815904812,-0.8361919592716253,-0.8086340786907001,-0.05022478047919431,-0.18605522789235604,2.068748730240341,1.8614632951696402,0.1385393807953332,0.1899157671340135,-1.0400938506459905,-0.49532609477455825,-1.5222083148388599,-1.6415207686634452
4.695833333333333,1,56,-1.2284351652528118,-1.340833198016886,-0.8314615229405159,-0.80364459724792,-0.0577631079629089,-0.18945523110892154,2.0629570452947656,1.8624884563533182,0.17103315516972956,0.19096419736604592,-1.1157136531663534,-0.4997766051229783,-1.9388749815055266,-1.6423484739368273
4.7,1,56,-1.225251648879215,-1.3379510160785175,-0.8264814158806078,-0.7986086412250682,-0.04656173622524508,-0.1928869036930445,2.054472694134579,1.8635231664121779,0.040092148290392114,0.19202239321306797,-1.1231629550558409,-0.5042685697992517,-1.5222083148388599,-1.6431838888801307
4.704166666666667,1,56,-1.2124308816931952,-1.3350442110789098,-0.8211555696020102,-0.7935296620148533,-0.05742072284582834,-0.19634789374775008,2.0533793388047417,1.864566716207629,0.06376471296175955,0.19308962944050376,-0.9914802504166409,-0.5087989102351662,-1.9388749815055266,-1.6440264409416832
4.708333333333333,1,56,-1.2069345991790723,-1.332114775197011,-0.8163537683654271,-0.7884111404959244,-0.05287639381593207,-0.19983582928333585,2.043934411655474,1.8656183905427686,-0.025429106227887195,0.1941651746179528,-1.0481746957730835,-0.5133645215616834,-1.5222083148388599,-1.6448755526783883
4.7125,1,56,-1.1943128876439937,-1.3291647161218452,-0.8109139019188327,-0.7832565846472532,-0.06594339816490098,-0.20334831984301277,2.0421187879433296,1.86667746865254,0.05564468148413229,0.19524829162047544,-1.0354256852359323,-0.5179622747368586,-1.9388749815055266,-1.645730642151476
4.716666666666667,1,56,-1.190414372159928,-1.3261960556765446,-0.8057585527143862,-0.7780695271439453,-0.05870409207961851,-0.20688295814120256,2.0379075083265685,1.8677432246977084,-0.007230440616059361,0.19633823813378054,-0.9317400209487486,-0.5225890186903264,-1.5222083148388599,-1.6465911233253334
4.720833333333333,1,56,-1.178967684980277,-1.3232108284326907,-0.7997916976287515,-0.7728535229361126,-0.07036628191846715,-0.21043732171337542,2.0444660309874108,1.868814928262316,0.11056377176482585,0.1974342671629722,-0.7355771495851345,-0.5272415824828929,-1.9388749815055266,-1.6474564064691464
4.725,1,56,-1.1753650854693438,-1.3202110803159202,-0.7944928431711948,-0.7676121468124942,-0.06553934506725012,-0.21400897457628354,2.03843372484413,1.869891844854273,0.04485374355486356,0.19853562754450166,-0.7598430306442082,-0.5319167774797358,-1.5222083148388599,-1.6483258985610703
4.729166666666667,1,56,-1.1645423075444408,-1.3171988672037516,-0.7892721833875322,-0.7623489909504714,-0.07811483401945661,-0.2175954688974634,2.037241568989911,1.8709732364087404,0.1871813746161477,0.19964156446097783,-0.7298278533557595,-0.5366113995357361,-1.9388749815055266,-1.649199003694657
4.733333333333333,1,56,-1.159881643839348,-1.3141762535165893,-0.784440865901547,-0.7570676624541739,-0.07798526405384244,-0.22119434667285515,2.0140665125758312,1.8720583617939628,0.10864265892148565,0.20075131995848047,-1.1464945200224261,-0.5413222311914364,-1.5222083148388599,-1.6500751234872606
4.7375,1,56,-1.1497534572875878,-1.3111453108028712,-0.7807582290800148,-0.7517717808823435,-0.09119216732334177,-0.22480314141140023,1.9927563092661822,1.873146477319205,0.1578571985191281,0.20186413346602539,-1.5631611866890929,-0.5460460438781323,-1.9388749815055266,-1.6509536574901384
4.741666666666666,1,56,-1.1507045432397442,-1.3081081163193344,-0.7747981711292602,-0.7464649757676746,-0.08047985692418586,-0.2284193798254482,1.9842713879878455,1.8742368372444385,0.12933812623802896,0.2029792423168207,-1.588704446957607,-0.5507796001305677,-1.5222083148388599,-1.6518340035999688
4.745833333333334,1,56,-1.142020056129871,-1.305066751607366,-0.7678252713830983,-0.7411508841293106,-0.09053468542453703,-0.23204058352582596,1.984468479646798,1.8753286942914353,0.19980474299516673,0.20409588227096134,-1.3137706846084514,-0.5555196558057349,-1.9388749815055266,-1.6527155584715023
4.75,1,56,-1.1394711995712712,-1.302023301066421,-0.7608829802098679,-0.735833147980218,-0.08704888829670865,-0.23566427072039886,1.9830452326742112,1.8764213001559145,0.17290488319495576,0.2052132880391996,-1.0720688110099788,-0.5602629623062432,-1.5222083148388599,-1.6535977179310644
4.754166666666666,1,56,-1.1279602655142829,-1.2989798505254762,-0.753594307499465,-0.7305154118311253,-0.1036118958162532,-0.23928795791497187,1.9923621644527694,1.8775139060203938,0.3050626883712471,0.2063306938074379,-0.7809899542747213,-0.5650062688067514,-1.9388749815055266,-1.6544798773906266
4.758333333333333,1,56,-1.1258573138161887,-1.2959384858135083,-0.7477959144757204,-0.7252013201927626,-0.10232229220941823,-0.2429091616153488,1.9824328481305764,1.8786057630673905,0.2192227657097113,0.20744733376157828,-0.7497183467941715,-0.5697463244819175,-1.5222083148388599,-1.65536143226216
4.7625,1,56,-1.114596563878157,-1.292901291329971,-0.7421198294134881,-0.7198945150780924,-0.12288835026165626,-0.24652540002939755,1.9650311523186539,1.8796961229926241,0.29765234923038747,0.20856244261237386,-1.1663850134608382,-0.5744798807343541,-1.9388749815055266,-1.6562417783719905
4.766666666666667,1,56,-1.116726089372462,-1.2898703486162528,-0.7340371991104117,-0.7145986335062622,-0.11394544549103297,-0.25013419476794263,1.9600653333181404,1.8807842385178664,0.19716572148656722,0.20967525611991877,-1.1925749380374528,-0.5792036934210498,-1.5222083148388599,-1.6571203123748683
4.770833333333333,1,56,-1.1104271034639455,-1.2868477349290905,-0.7243160354977298,-0.7093173050099646,-0.12217406794798642,-0.2537330725433344,1.9728517734724318,1.8818693639030888,0.2216596244949076,0.21078501161742141,-0.9149825125029345,-0.5839145250767501,-1.9388749815055266,-1.6579964321674718
4.775,1,56,-1.117933875916111,-1.283835521816922,-0.7152451811716285,-0.7040541491479418,-0.0963735506959682,-0.25731956686451424,1.9674875259975741,1.8829507554575562,-0.11541482945933428,0.2118909485338976,-0.824626331442559,-0.5886091471327506,-1.5222083148388599,-1.6588695373010587
4.779166666666667,1,56,-1.102745167772306,-1.2808357737001514,-0.7066036644918634,-0.6988127730243234,-0.12369330303815204,-0.26089121972742235,1.9648572756547094,1.884027672049513,0.012757171380032607,0.21299230891542703,-0.9512171462975599,-0.5932843421295934,-1.9388749815055266,-1.6597390293929826
4.783333333333333,1,56,-1.0977525772140262,-1.2778505464562975,-0.6967487802554816,-0.6935967688164908,-0.1282289755880218,-0.2644455832995952,1.9721685640110176,1.8850993756141208,-0.023508891126165474,0.21408833794461868,-0.7655581805872171,-0.59793690592216,-1.5222083148388599,-1.6606043125367955
4.7875,1,56,-1.088034357193465,-1.274881886010997,-0.6879665207576007,-0.6884097113131826,-0.14516532589129516,-0.267980221597785,1.966284933096575,1.8861651316592891,0.1334196452330728,0.2151782844579238,-1.0689543949851104,-0.6025636498756277,-1.9388749815055266,-1.661464793710653
4.791666666666667,1,56,-1.0883540078386358,-1.271931826935831,-0.6778912076746315,-0.6832551554645117,-0.13889608124849412,-0.2714927121574619,1.9715862296567273,1.8872242097690606,0.1190042646318766,0.21626140146044642,-1.0239091369720594,-0.6071614030508028,-1.5222083148388599,-1.6623198831837407
4.795833333333333,1,56,-1.0793499481845783,-1.2690023910539323,-0.6675472780198206,-0.6781366339455825,-0.15286771207756125,-0.2749806476930477,1.986076368731052,1.8882758841042002,0.2753290256505782,0.2173369466378955,-0.9025203135832297,-0.61172701437732,-1.9388749815055266,-1.6631689949204458
4.8,1,56,-1.0834376791379674,-1.2660955860543246,-0.6578959709665954,-0.6730576547353677,-0.14151709903864215,-0.2784416377477533,1.983220227119137,1.8893194338996513,0.17271046071316973,0.21840418286533125,-1.0149499740886974,-0.6162573548132345,-1.5222083148388599,-1.6640115469819983
4.804166666666666,1,56,-1.066119258972993,-1.2632134041159568,-0.6488327643203242,-0.6680216987125169,-0.17813426269160995,-0.2818733103318755,2.002811759712996,1.8903541439585108,0.4407552795031743,0.2194623787123531,-0.8101771138071915,-0.6207493194895071,-1.9388749815055266,-1.6648469619253017
4.808333333333334,1,56,-1.0621079494806456,-1.260357820542361,-0.6401258183841886,-0.6630322172697358,-0.1911699386229965,-0.2852733135484417,2.0050058280979646,1.891379305142189,0.417072530695549,0.22051080894438574,-0.8724911860219597,-0.625199829837928,-1.5222083148388599,-1.6656746671986837
4.8125,1,56,-1.0594918306216299,-1.2575307924078793,-0.6318293910939802,-0.6580926299483771,-0.20481060555558986,-0.2886393172050799,2.010200710331132,1.8923942148564186,0.4175212523583007,0.22154875501971796,-0.8999851921065406,-0.6296058357010108,-1.9388749815055266,-1.6664940955342948
4.816666666666666,1,56,-1.065701075848476,-1.254734257216382,-0.6228846847795423,-0.6532063220948517,-0.19907749743567904,-0.29196901441102013,2.0090072483715695,1.8933981775327773,0.246571467601229,0.22257550558195655,-0.9061494973462194,-0.6339643174224225,-1.5222083148388599,-1.6673046853368851
4.820833333333333,1,56,-1.0602544007755166,-1.251970131573399,-0.6156503126202171,-0.6483766425404862,-0.21564229149728098,-0.2952601231581195,2.0086281709901592,1.894390505105396,0.2213533673840453,0.22359035694755341,-0.957176750295199,-0.6382722879165026,-1.9388749815055266,-1.6681058810686937
4.825,1,56,-1.0661709087156868,-1.2492403098725744,-0.6075708904296359,-0.6436069013063982,-0.20888061815380327,-0.29851038788483797,2.0072822565477155,1.8953705174825242,0.14439984379303963,0.2245926135880758,-0.9779140755080103,-0.6425267947154629,-1.5222083148388599,-1.6688971336301868
4.829166666666667,1,56,-1.0610629517610475,-1.2465466629973454,-0.6007533937772304,-0.6389003673349776,-0.22425348412894214,-0.30171758102208485,2.008399366941898,1.896337543012631,0.21257018647219939,0.22558158860688565,-0.9810170153599441,-0.6467249219928592,-1.9388749815055266,-1.6696779007363824
4.833333333333333,1,56,-1.0688859740544159,-1.243891037038729,-0.59230313228075,-0.6342602662495108,-0.21222447049410945,-0.3048795045198874,2.0098116232761662,1.8972909189447225,0.0568982422995662,0.22655660420990575,-0.8149832420886205,-0.6508637925619576,-1.5222083148388599,-1.6704476472885064
4.8375,1,56,-1.0618647151941942,-1.2412752520301054,-0.584688577505134,-0.6296897781435027,-0.22990298985038152,-0.30799399135382255,2.021638837762777,1.8982299918825571,0.11731656150912083,0.2275169921701451,-0.6098094589466877,-0.6549405698476121,-1.9388749815055266,-1.6712058457407217
4.841666666666667,1,56,-1.0629043986756816,-1.238701100699859,-0.5773724507192327,-0.6251920354012019,-0.23243836616577324,-0.311058907010185,2.018297115199855,1.8991541182324503,0.014381987049967111,0.22846209428566774,-0.6620713406029952,-0.6589524598303087,-1.5222083148388599,-1.6719519764616817
4.845833333333333,1,56,-1.0572829817435043,-1.2361703472427292,-0.5704738242786763,-0.6207701205508158,-0.2489539517590369,-0.31407215094888064,2.021919788835358,1.9000626646443637,0.14930223824415773,0.2293912628306929,-0.6820810783741159,-0.662896712961053,-1.9388749815055266,-1.6726855280906603
4.85,1,56,-1.0604856572971135,-1.233684726110722,-0.5636422358797348,-0.6164270641519034,-0.24742911089098324,-0.31703165804302863,2.010138219803408,1.900955008445969,0.06545252661537966,0.23030386099951267,-0.9705596446235483,-0.6667706260457685,-1.5222083148388599,-1.6734059978880131
4.854166666666667,1,56,-1.0544442376062528,-1.2312459408244008,-0.5587054520606581,-0.6121658427183791,-0.2645811626319548,-0.31993539999429804,1.9968813065974933,1.9018305380693987,0.1751759859134598,0.23119926334292779,-1.387226311290215,-0.6705715440979344,-1.9388749815055266,-1.6741128920797292
4.858333333333333,1,56,-1.0624655360719022,-1.228855662805382,-0.5509370390268699,-0.6079893766785625,-0.2522494447087887,-0.3227813867229993,1.9965162962229879,1.902688653470382,0.16813812066028058,0.23207685619689794,-1.4417177916458754,-0.674296862158176,-1.5222083148388599,-1.6748057261958396
4.8625,1,56,-1.056707183914904,-1.226515530230822,-0.5441202020038125,-0.603900528373657,-0.26528494494435967,-0.32556766773198936,2.003928570142268,1.903528766539487,0.25105351127373554,0.23293603810311797,-1.2178426398651798,-0.6779440270795793,-1.9388749815055266,-1.6754840254024488
4.866666666666666,1,56,-1.0627094144457974,-1.2242271469106956,-0.5369541173907898,-0.5999021000960485,-0.25658238114469045,-0.32829233344344266,2.004270045818483,1.9043503015051813,0.206877368423941,0.23377622022122646,-1.113512217408166,-0.6815105392774876,-1.5222083148388599,-1.6761473248271626
4.870833333333334,1,56,-1.0546585911914639,-1.2219920811886222,-0.5305073127740859,-0.5959968321687517,-0.2741027020593643,-0.33095351650758115,2.0146235763948277,1.9051526953284355,0.3269639537409692,0.2345968267323679,-0.9609294793007002,-0.6849939544425923,-1.9388749815055266,-1.676795169877688
4.875,1,56,-1.0607273563913056,-1.2198118648670053,-0.5236630358327373,-0.592187401067333,-0.26590340785061767,-0.3335493930824605,2.0077736261553794,1.9059353980886033,0.21054210252414673,0.23539729523382935,-1.057364211068306,-0.6883918852161377,-1.5222083148388599,-1.6774271165533874
4.879166666666666,1,56,-1.0552062522166314,-1.2176879921572064,-0.5167868127030306,-0.5884764175855832,-0.27761010224044164,-0.3360781840839439,2.0173197491070964,1.9066978733603102,0.2461990293637083,0.23617707712448438,-0.8580929204323137,-0.6917020028261034,-1.9388749815055266,-1.6780427317495763
4.883333333333333,1,56,-1.0604072013426564,-1.215621918655491,-0.5101769089579428,-0.5848664250462131,-0.2712749426050456,-0.3385381564049948,2.012566262789814,1.9074395985810915,0.12001909340030648,0.23693563798077616,-0.9124626429869683,-0.6949220386832232,-1.5222083148388599,-1.6786415935543497
4.8875,1,56,-1.052951318211198,-1.2136150603454345,-0.5044680483059439,-0.581359897557785,-0.2881148158298889,-0.3409276241034633,2.01490715204713,1.9081600654095308,0.18081552723868724,0.23767245792298486,-0.9444249241919163,-0.6980497859357659,-1.9388749815055266,-1.6792232915377403
4.891666666666667,1,56,-1.0595494226306381,-1.2116687926274785,-0.49677876630351947,-0.5779592383190862,-0.27622600847646966,-0.34324494955754425,2.022617800379037,1.908858780073652,0.05518757461737299,0.23838703197152677,-0.6993976516549655,-0.7010831009819978,-1.5222083148388599,-1.679787427033007
4.895833333333333,1,56,-1.0488789423866225,-1.2097844493762981,-0.4911398031010544,-0.5746667779720914,-0.29772141260095514,-0.3454885445881251,2.0284295304346016,1.9095352637093257,0.15189181340059707,0.23907887039304299,-0.70817113370701,-0.7040199049393041,-1.9388749815055266,-1.6803336134098603
4.9,1,56,-1.053408770357533,-1.2079633220266321,-0.48471085170644346,-0.5714847730046597,-0.2917398784799095,-0.34765687154724234,2.0183080972968,1.9101890526884595,0.03987107277254709,0.2397474990360376,-0.9888048928746364,-0.7068581850689498,-1.5222083148388599,-1.6808614763394403
4.904166666666667,1,56,-1.0462643706277808,-1.2062066586881999,-0.4808620468196467,-0.5684154042040523,-0.30765034648878686,-0.34974844437190766,2.0062164545919186,1.910819698936744,0.126083451273768,0.2403924596558371,-1.405471559541303,-0.7095959961555081,-1.9388749815055266,-1.6813706540508622
4.908333333333333,1,56,-1.0537554873914765,-1.2045156632903053,-0.474011930709845,-0.5654607751623264,-0.2942549049542698,-0.35176182960258384,2.0076706887604514,1.9114267702407428,0.12267738056940444,0.24101331022864947,-1.4623488777677145,-0.7122314618400176,-1.5222083148388599,-1.6818607975791566
4.9125,1,56,-1.0466720497776238,-1.2028914947567275,-0.4682583011863312,-0.5626229108346398,-0.30700081654420164,-0.35369564736560466,2.015912111958278,1.9120098505441077,0.19156960809490026,0.24160962525450413,-1.2431003969669139,-0.7147627759059427,-1.9388749815055266,-1.6823315710044326
4.916666666666667,1,56,-1.0522651913654364,-1.2013352662114496,-0.46222436649290627,-0.5599037561514477,-0.29719095756144404,-0.35554857231887216,2.017919440669008,1.9125685402327242,0.15742803435661318,0.24218099604886922,-1.1432736399185381,-0.7171882035170649,-1.5222083148388599,-1.6827826516821003
4.920833333333333,1,56,-1.0454660291919067,-1.1998480442157822,-0.4573669682248485,-0.5573051746855466,-0.31010252909288016,-0.357319334560178,2.0288619589208663,1.913102456408587,0.280974376468792,0.24272703102274257,-0.9952497032849554,-0.7195060824064514,-1.9388749815055266,-1.683213730463995
4.925,1,56,-1.0543429548418217,-1.1984308480373922,-0.45177303788525963,-0.5548289473748703,-0.293764034204225,-0.3590067204975342,2.0287477712892215,1.9136112331522188,0.21901201830092418,0.24324735595102825,-0.960653367247051,-0.7217148240156925,-1.5222083148388599,-1.6836245119102522
4.929166666666666,1,56,-1.04425769619822,-1.19708464895175,-0.44842967733822897,-0.5524767713019274,-0.3117763179032149,-0.36060957368090596,2.0301998736496434,1.9140945217734535,0.3437622461040275,0.24374161422901125,-1.1313500007124302,-0.7238129145836185,-1.9388749815055266,-1.684014714491788
4.933333333333334,1,56,-1.055980017730939,-1.195810369576464,-0.44138825865961046,-0.5502502585307039,-0.28968292152831115,-0.3621267955947861,2.0350689692017987,1.9145519910504112,0.26438114396233103,0.2442094671167567,-0.9993721684813159,-0.7257989161837565,-1.5222083148388599,-1.684384070783244
4.9375,1,56,-1.0468367238821359,-1.1946088832389674,-0.43625276132679636,-0.5481509350018374,-0.3024058392086287,-0.363557346411061,2.049910582508988,1.9149833274565,0.36977633357870077,0.2446505939712649,-0.8281926034433692,-0.7276714677098117,-1.9388749815055266,-1.6847323276462678
4.941666666666666,1,56,-1.0505214280628499,-1.1934810133779796,-0.43134597683195147,-0.5461802394868105,-0.29591039335909725,-0.36490024570165924,2.0482793536599955,1.9153882353752933,0.27043875236125603,0.24506469246622464,-0.9094196338426409,-0.7294292858085047,-1.5222083148388599,-1.6850592464030012
4.945833333333333,1,56,-1.0442402391113108,-1.1924275329791654,-0.4270903562622622,-0.544339522601891,-0.30539537369835823,-0.3661545731104863,2.0629469699985084,1.9157664373031293,0.3404976990062488,0.2454514787992122,-0.6932632224866632,-0.7310711657591157,-1.9388749815055266,-1.6853646029996583
4.95,1,56,-1.0502645519178535,-1.191449164045367,-0.4233044842682284,-0.5426300458824852,-0.29701666007441463,-0.3673194689841916,2.059540215491664,1.916117674039298,0.21198399851353578,0.24581068788619537,-0.740342235832363,-0.7325959822991406,-1.5222083148388599,-1.6856481881600809
4.954166666666667,1,56,-1.0409500904361475,-1.190546577101782,-0.4209274615883735,-0.5410529809185474,-0.314180761430824,-0.36839413496133044,2.0633176925480403,1.916441704863685,0.2750049182179163,0.24614207354320872,-0.7642562779734889,-0.7340026903954884,-1.9388749815055266,-1.685909807529165
4.958333333333333,1,56,-1.0503753153982993,-1.1897203907364156,-0.4177411785896865,-0.5396094085516272,-0.3014848858017011,-0.3693778345195232,2.0502804152722955,1.916738307701749,0.10087488783438342,0.24644540865507605,-1.049238372971857,-0.7352903259606969,-1.5222083148388599,-1.6861492818060635
4.9625,1,56,-1.0282531794677752,-1.1889711711761335,-0.41820656662852207,-0.5383003181341164,-0.3493143821886851,-0.3702698934802298,2.044876389590594,1.917007279276721,0.2947075722248333,0.24672048533106372,-1.4659050396385238,-0.736458006513669,-1.9388749815055266,-1.6863664468670692
4.966666666666667,1,56,-1.0324679248273212,-1.1882994318985987,-0.41561886025167016,-0.5371266068511976,-0.3511734939016365,-0.3710697004707975,2.0457375161844746,1.917248435248918,0.3300568324148074,0.24696711504735824,-1.5306940277885746,-0.7375049317844796,-1.5222083148388599,-1.6865611538780965
4.970833333333333,1,56,-1.0369922653194903,-1.1877056332803575,-0.4129389509895975,-0.5360890791059554,-0.35410611541274983,-0.37177670734346646,2.051580731996091,1.9174616103420834,0.3462599989235138,0.24718512877627158,-1.312371402996865,-0.7384303842628439,-1.9388749815055266,-1.6867332693966859
4.975,1,56,-1.0572943989344035,-1.1871901822813218,-0.40767849165676506,-0.5351884459680807,-0.32153063187061137,-0.37239042955104185,2.0453882795210463,1.9176466584566565,0.16338304480417912,0.247374377102084,-1.2051522709031666,-0.7392337296898606,-1.5222083148388599,-1.6868826754634587
4.979166666666667,1,56,-1.0539874040527668,-1.186753432165859,-0.4043058200332492,-0.5344253246865385,-0.3267516880516329,-0.37291044647897886,2.0510726498754046,1.9178034527699026,0.14726416590008345,0.24753473032344608,-1.0534822756018059,-0.7399144174927017,-1.9388749815055266,-1.6870092696829595
4.983333333333333,1,56,-1.0708909062369683,-1.1863956822606825,-0.3996393313817763,-0.5338002382665366,-0.28934096300423245,-0.3733364017336503,2.0438403066506305,1.917931885822832,-0.015969518820794518,0.24766607854226974,-1.1314182712856762,-0.7404719811619486,-1.5222083148388599,-1.687112965293834
4.9875,1,56,-1.0523956449060023,-1.186117177749707,-0.39800771391875955,-0.5333136151110834,-0.3188935483797084,-0.3736680033866016,2.046428235095964,1.9180318695938452,0.13985494967193,0.24776833173904678,-1.174072998134514,-0.740906038571313,-1.9388749815055266,-1.6871936912282897
4.991666666666666,1,56,-1.0581932713685314,-1.1859181095060127,-0.3938945188068402,-0.5329657887273824,-0.30581480063827754,-0.37390502417462385,2.0548530726862615,1.91810333555906,0.1766015863386706,0.24784141983454383,-0.9359947670059386,-0.7412162922395283,-1.5222083148388599,-1.6872513921608039
4.995833333333334,1,56,-1.0495220100622846,-1.18579861396103,-0.39127865167887976,-0.5327569974982624,-0.31819246249098193,-0.37404730165550826,2.068945646660966,1.9181462347392735,0.2619710147245608,0.24788529273783105,-0.66938569775146,-0.7414025295342279,-1.9388749815055266,-1.6872860285460396
