time,triggered,bits_used,q0_real,q0_target,q1_real,q1_target,q2_real,q2_target,q3_real,q3_target,q4_real,q4_target,q5_real,q5_target,q6_real,q6_target
0.0,0,0,0.0,0.0,0.0,0.0,0.0,0.0,0.0,0.0,0.0,0.0,0.0,0.0,0.0,0.0
0.004166666666666667,0,0,-3.479932281456557e-08,-1.821589401849405e-16,-2.1066521989981656e-07,0.0001019170744153826,5.188977436770354e-08,-1.3454697245345574e-16,-4.103488711094138e-07,8.385526276473769e-05,7.665383756683999e-08,-5.445736523118677e-16,-1.7475610407846952e-07,-0.00015214578397362304,-9.374428911779278e-08,-2.809944060909777e-16
0.008333333333333333,1,896,2.3012966509979613e-06,-7.286045487428889e-16,1.3913042705334629e-05,0.0004076508346953716,-1.9279899419065036e-05,-5.381648358825735e-16,-5.616367509249468e-05,0.00033540668289125863,-4.3613527926055875e-05,-2.178201299354935e-15,-0.002557226731390644,-0.0006085570664974655,6.0915838997791355e-05,-1.1239294774186369e-15
0.0125,1,896,4.707991034581324e-05,-1.6392431950320759e-15,0.00047927103416315996,0.0009171488949341472,6.7580627914065936e-06,-1.2107844324443939e-15,0.001772662178399025,0.0007546111583387822,0.0009538674589696233,-4.900603027442259e-15,0.0135328974142544,-0.0013691556438480018,-0.009995560302163767,-2.5286607813981745e-15
0.016666666666666666,1,896,-0.0003876848154388317,-2.9139188458083714e-15,-0.0017846001559525624,0.0016303239552619522,0.0016580201780762383,-2.1522905122336506e-15,-0.010878536883408748,0.0013413968605784793,-0.07502738490858538,-8.71131236705249e-15,-0.131067203947641,-0.0024338111913745175,0.4066711063645029,-4.494947624552124e-15
0.020833333333333332,1,896,0.0033906736875765897,-4.552413091961036e-15,0.008013582108951187,0.002547053816803619,-0.18709675141823054,-3.362521753030438e-15,0.11749342265052705,0.0020956632469010398,0.3416392817580813,-1.3609676372757788e-14,0.2855994627190257,-0.003802341285829783,-0.009995560302163784,-7.022453093752341e-15
0.025,1,896,-0.24615716278460148,-6.5544451859360205e-15,0.008565183359241594,0.0036671814026167323,0.22956991524843612,-4.84127078794196e-15,0.0072142377126467065,0.0030172810776441577,-0.07502738490858538,-1.9594855735102734e-14,-0.13106720394764096,-0.005474511436627355,0.4066711063645029,-1.011074411394837e-14
0.029166666666666667,1,896,0.17050950388206518,-8.919672089840438e-15,0.08904740297106725,0.004990514784605854,-0.18709675141823054,-6.5882842409336515e-15,0.3245109298892137,0.004106092438337004,0.3416392817580813,-2.666582492441516e-14,0.2855994627190257,-0.007450035126020192,-0.009995560302163784,-1.375929152237235e-14
0.03333333333333333,1,896,-0.11994136906747567,-1.1647688534220897e-14,0.13318079689620965,0.006516827216408727,0.22956991524843612,-8.603262770244268e-15,0.2584012456637233,0.0053619107667583115,-0.07502738490858538,-3.482137236652704e-14,-0.13106720394764096,-0.009728573858194449,0.4066711063645029,-1.7967470159209198e-14
0.0375,1,896,-0.035409051839541524,-1.4738027087502948e-14,0.3183620636125435,0.008245857172247321,-0.18709675141823054,-1.0885861119675526e-14,0.67506791233039,0.006784520884902211,0.3416392817580813,-4.406010065036732e-14,0.2855994627190257,-0.012309737217267839,-0.009995560302163784,-2.2734558974712374e-14
0.041666666666666664,1,896,0.05880108747939959,-1.819015823608502e-14,0.38215486244892993,0.010177308391740011,-0.24608614365017611,-1.3435688177751416e-14,0.5603869052653104,0.008373679035848774,-0.07502738490858538,-5.438042676740696e-14,-0.13106720394764096,-0.015193082934187009,0.4066711063645029,-2.8059741152755037e-14
0.04583333333333333,1,896,-0.1008524767110242,-2.20034904750661e-14,0.4582054379795839,0.012310849930663293,-0.48321621580335694,-1.625230704473184e-14,0.7743211132517752,0.010129112925529692,0.3416392817580813,-6.578058238289401e-14,0.2855994627190257,-0.018378116962506595,-0.009995560302163784,-3.394210425078459e-14
0.05,1,896,-0.02435653720091963,-2.6177370409598388e-14,0.5176765446351759,0.014646116217658123,-0.6548945973190975,-1.933523510747413e-14,0.6866974555858014,0.01205052176938509,-0.07502738490858538,-7.825861413885269e-14,-0.13106720394764096,-0.021864293563042664,0.4066711063645029,-4.038064035616708e-14
0.05416666666666667,1,896,-0.11650086371385188,-3.0711082866842295e-14,0.5642770367750003,0.017182707116868208,-0.9587048865604885,-2.268394412212569e-14,0.926658138021334,0.014137576343901012,0.3416392817580813,-9.181238398877873e-14,0.2855994627190257,-0.025651015397381603,-0.009995560302163784,-4.7374246258886526e-14
0.058333333333333334,1,896,-0.03119729841844106,-3.560385101850772e-14,0.6358032253373124,0.01992018799650128,-1.179930804963474,-2.6297860304635942e-14,0.8573617404222698,0.016389919043020226,-0.07502738490858538,-1.0643956956398281e-13,-0.13106720394764096,-0.029737633630231054,0.4066711063645029,-5.4921723640574423e-14
0.0625,1,896,-0.04956682701025845,-4.0854836513960125e-14,0.6751929877930712,0.022858089803301323,-1.4779401293665968,-3.017636442907166e-14,1.0994551090283193,0.018807163939416425,0.3416392817580813,-1.2213766457151825e-13,0.2855994627190257,-0.034123448040594966,-0.009995560302163784,-6.302177927983627e-14
0.06666666666666667,1,896,0.0313199887962531,-4.646313962386663e-14,0.7878890722666088,0.025995909142917883,-1.7048198727079258,-3.431879193371742e-14,1.0039237595065011,0.021388896850620443,-0.07502738490858538,-1.3890397922361833e-13,-0.13106720394764096,-0.03880770714175203,0.4066711063645029,-7.167302527383686e-14
0.07083333333333333,1,896,0.06235307602685892,-5.242779939436155e-14,0.8674502884990345,0.029333108366160984,-1.9828248914714182,-3.872443303494602e-14,1.1868827460186127,0.024134675409989016,0.3416392817580813,-1.567356406985824e-13,0.2855994627190257,-0.043789608310020385,-0.009995560302163784,-8.087397927611279e-14
0.075,1,896,0.10238111722641283,-5.874779381169888e-14,1.0460960578691774,0.032869115661123396,-2.1633647359968253,-4.339253284883471e-14,1.0200635045413027,0.027044029142501074,-0.07502738490858538,-1.7562959363301288e-13,-0.13106720394764096,-0.04906829792228134,0.4066711063645029,-9.062306475056163e-14
0.07916666666666666,1,896,0.13438708037360558,-6.542203997737066e-14,1.1843444348137548,0.03660332515115856,-2.4308606811702713,-4.8322291520511813e-14,1.1087974199671433,0.030116459545371954,0.3416392817580813,-1.9558260064534088e-13,0.2855994627190257,-0.05464287150224461,-0.009995560302163784,-1.009186112415758e-13
0.08333333333333333,1,896,0.11863108786230198,-7.244939429365572e-14,1.4207162840892251,0.04053509699869424,-2.5496672711748505,-5.3512864361207606e-14,0.8517398775744004,0.03335144017346915,-0.07502738490858538,-2.165912428905339e-13,-0.13106720394764096,-0.060512373875425456,0.4066711063645029,-1.1175885466026605e-13
0.0875,1,896,0.1251005960936106,-7.982865265956893e-14,1.599438738327969,0.04466375751486519,-2.846572872655938,-5.896336199298696e-14,0.8802395562419058,0.03674841672951576,0.3416392817580813,-2.3865192064589604e-13,0.2855994627190257,-0.06667579933280851,-0.009995560302163784,-1.2314193758672833e-13
0.09166666666666666,1,896,-0.036485496036475794,-8.755855067717758e-14,1.6552288578937113,0.048988599274946254,-2.574178556934112,-6.467285050113978e-14,0.815387355510886,0.0403068071590665,-0.07502738490858538,-2.6176085392786196e-13,0.18693229235769293,-0.0731320918031709,0.4066711063645029,-1.3506590958830313e-13
0.09583333333333333,1,896,-0.1022751578827951,-9.563776386825011e-14,1.6497558280418132,0.05350888123956626,-2.5048596824609426,-7.06403515942028e-14,0.9216081604800276,0.044026001750239976,0.33154532256995234,-2.859140831396793e-13,0.6035989590243596,-0.079880145034035,-0.009995560302163784,-1.4752872755377295e-13
0.1,1,896,-0.1881861818574675,-1.0406490790119823e-13,1.6757100328475747,0.05822382888168108,-2.517458979611091,-7.686484277158455e-14,0.7885451879010436,0.047905363238189475,-0.08512134409671432,-3.1110746974986393e-13,0.18991100133741376,-0.08691880278121883,0.40600050523653924,-1.605282560434383e-13
0.10416666666666667,1,896,-0.24758150061911094,-1.1283853882827458e-13,1.648927839948682,0.06313263431928468,-2.5050932422953625,-8.334525749876532e-14,0.9461159113617847,0.05194422691429491,0.28833480631570274,-3.3733669700131525e-13,0.6065776680040804,-0.09424685900695227,-0.010666161430127417,-1.7406226765501372e-13
0.10833333333333334,1,896,-0.32462217222714657,-1.2195715333298697e-13,1.6607417750134523,0.06823445645383609,-2.5400016148552584,-9.008048539004314e-14,0.835504774153722,0.05614190074005764,-0.12833186035096392,-3.6459727065097315e-13,0.2152140112250672,-0.10186305808652625,0.36171288306297095,-1.8812844340528337e-13
0.1125,1,896,-0.3775509868607297,-1.3141918898768266e-13,1.629607619997601,0.07352842111437681,-2.552392259695067,-9.706937239879181e-14,0.991220697395381,0.0604976654656773,0.22773776823285216,-3.928845197398803e-13,0.6318806778917339,-0.10976609502343673,-0.05495378360369571,-2.0272437312744522e-13
0.11666666666666667,1,896,-0.4464233175933325,-1.4122302452126294e-13,1.6348795351076708,0.07901362120731564,-2.6076186599421702,-1.043107210152013e-13,0.8719132691032057,0.06501077475329167,-0.1889288984338145,-4.2219359739352854e-13,0.21532985672283853,-0.11795461567298951,0.36171288306297095,-2.178475558840814e-13
0.12083333333333333,1,896,-0.4979880054812786,-1.5136698009697928e-13,1.6004792898645361,0.08468911687185447,-2.6176991832305934,-1.1180329047146464e-13,1.0425504147482063,0.06968045530485784,0.22773776823285216,-4.5251948165234504e-13,0.6319965233895052,-0.1264272169743258,-0.05495378360369571,-2.3349540039568075e-13
0.125,1,896,-0.5725628275533169,-1.6184931760026517e-13,1.602325955854758,0.0905539356410288,-2.666341119394492,-1.1954579695437746e-13,0.9327835217784409,0.07450590699465291,-0.1889288984338145,-4.838569763321806e-13,0.22439300844862717,-0.13518244719082984,0.36171288306297095,-2.4966522548464176e-13
0.12916666666666665,1,896,-0.6279206682636101,-1.7266824093655245e-13,1.5699849150541973,0.0966070726083346,-2.6666758041857443,-1.2753691382531234e-13,1.0956435759537146,0.07948630300637129,0.22773776823285216,-5.162007119146471e-13,0.6410596751152938,-0.1442188061588759,-0.05495378360369571,-2.6635426053467764e-13
0.13333333333333333,1,896,-0.7038040382650499,-1.8382189633902367e-13,1.5656649063629342,0.1028474905999143,-2.7284701457410847,-1.3577527184753196e-13,0.986728686942854,0.0846207899747956,-0.1889288984338145,-5.495451464671594e-13,0.2319932160072863,-0.1535347455448743,0.36171288306297095,-2.835596459655484e-13
0.1375,1,896,-0.7624697111508063,-1.953083726862446e-13,1.533449535993099,0.1092741203522707,-2.7300370087862507,-1.4425945942080033e-13,1.141020144566189,0.08990848813201613,0.22773776823285216,-5.838845665925139e-13,0.648659882673953,-0.16312866911056978,-0.05495378360369571,-3.012784337230336e-13
0.14166666666666666,1,896,-0.8403075813198516,-2.0712570182962556e-13,1.5238011342745024,0.11588586069548003,-2.8076210687934307,-1.5298802282325332e-13,1.028463725904241,0.09534849145817473,-0.1889288984338145,-6.192130884078514e-13,0.23199321600728637,-0.17299893298654878,0.36171288306297095,-3.1950758778406746e-13
0.14583333333333334,1,896,-0.9034958338459377,-2.1927185893065409e-13,1.4912614710553307,0.12268157874187208,-2.8162898857214427,-1.619594664604871e-13,1.175938321053131,0.1009398678367069,0.22773776823285216,-6.555246585528322e-13,0.648659882673953,-0.18314384595390884,-0.05495378360369571,-3.3824398467694633e-13
0.15,1,896,-0.9865364815677377,-2.3174476280783887e-13,1.4768172994307156,0.12966011008014372,-2.9053025174409415,-1.7117225312181904e-13,1.0591429303503521,0.10668165921405437,-0.1889288984338145,-6.928130552268425e-13,0.23199321600728637,-0.19356166973403868,0.36171288306297095,-3.574844140165168e-13
0.15416666666666667,1,896,-1.054069671557935,-2.4454227629331177e-13,1.4457007373193003,0.13682025897487599,-2.933007215238327,-1.8062480424368268e-13,1.190161089780325,0.11257288176382371,0.22773776823285216,-7.31071889255075e-13,0.648659882673953,-0.2042506192864651,-0.05495378360369571,-3.772255790542624e-13
0.15833333333333333,1,896,-1.1454934862471358,-2.576622065990186e-13,1.4287266582221052,0.14416079857141623,-3.0334286390650536,-1.9031550018010502e-13,1.0597217980371028,0.118612526055359,-0.1889288984338145,-7.702946051832752e-13,0.23199321600728637,-0.21520886311470896,0.36171288306297095,-3.9746409724318135e-13
0.1625,1,896,-1.2464626710132944,-2.7110230569244305e-13,1.4180425488991948,0.15168047110609367,-3.0334286688112497,-2.0024268048022506e-13,1.169662593737077,0.12479955722670301,0.16029603906419718,-8.104744824009877e-13,0.648659882673953,-0.22643452358010338,0.09390856850002241,-4.1819650081737e-13
0.16666666666666666,1,896,-1.3835923968386448,-2.8486027068179536e-13,1.422754911428567,0.15937798812173107,-3.0334286688112497,-2.1040464417280385e-13,1.0171058323563567,0.13113291516191555,-0.2563706276024695,-8.516046362930985e-13,0.24010294879799984,-0.2379256772235177,0.4843195519118447,-4.39419237386207e-13
0.17083333333333334,1,896,-1.4950752370974838,-2.9893374421060087e-13,1.4247623916129257,0.16725203068841463,-3.0334286688112497,-2.2079965005767656e-13,1.106448276401508,0.13761151467271868,0.11006928235282425,-8.936780194194767e-13,0.6370890247372549,-0.24968035509493172,0.06765288524517807,-4.611286705430362e-13
0.175,1,896,-1.6443113795384188,-3.133203148616206e-13,1.4427054149225624,0.17530124962948615,-3.0334286688112497,-2.3142591700409827e-13,0.9219158986403972,0.14423424568443793,-0.3065973843138424,-9.366874227225172e-13,0.22882695516074567,-0.26169654309080514,0.4476667336516493,-4.83321080488246e-13
0.17916666666666667,1,896,-1.7711407371098309,-3.2801751757003603e-13,1.454113802895858,0.18352426575271769,-3.0334286688112497,-2.4228162425593214e-13,0.9866919807529269,0.15099997342620858,0.019282496789558536,-9.806254767623778e-13,0.6099282475029468,-0.2739721822991847,0.031000066984982613,-5.059926646666399e-13
0.18333333333333332,1,896,-1.9238508650567319,-3.4302283404582443e-13,1.48588477446656,0.19191967008662875,-3.0334286688112497,-2.533649117436258e-13,0.7629803013338471,0.15790753862541207,-0.3973841698771081,-1.0254846529796926e-12,0.19376043978033208,-0.2865051693524871,0.44147811894594435,-5.291395384189825e-13
0.1875,1,896,-2.0651807390676313,-3.583336932052552e-13,1.5002177993050443,0.20048602412190628,-3.0334286688112497,-2.646738804029251e-13,0.8238598815620144,0.1649557577063117,-0.17230441186445708,-1.0712572649855518e-12,0.538700563118873,-0.29929335678790076,0.024811452279277692,-5.527577356476163e-13
0.19166666666666665,1,896,-2.226997487171756,-3.739474716114317e-13,1.5483525824426059,0.209221860057886,-2.9740685334993056,-2.7620659250026893e-13,0.5720999214961687,0.1721434229928523,-0.5889710785311237,-1.1179354698785262e-12,0.12203389645220639,-0.31233455341534216,0.44147811894594435,-5.768432094960332e-13
0.19583333333333333,1,896,-2.3770629321297894,-3.8986149392380433e-13,1.5596760852498028,0.2181256810540527,-2.9726667724774445,-2.8796107196481017e-13,0.6373679738091528,0.1794693029155893,-0.5632667028997849,-1.1655112695885084e-12,0.3958806312282415,-0.3256265246929058,0.024811452279277692,-6.013918330422818e-13
0.2,1,896,-2.5190626970947094,-4.060730333565752e-13,1.6158836805134764,0.22719596148651544,-2.878521980169511,-2.9993530472700464e-13,0.4085596407010531,0.18693214222271157,-0.9799333695664515,-1.2139765122471376e-12,-0.02078603543842514,-0.3391669931097403,0.44147811894594435,-6.263994000060937e-13
0.20416666666666666,1,896,-2.581697563576143,-4.2257931214591996e-13,1.6040978759684854,0.23643114720941621,-3.2951886468361775,-3.1212723906371217e-13,0.43782730317952134,0.19453066219512274,-0.5632667028997849,-1.2633228935845853e-12,0.3958806312282415,-0.3529536385762891,0.024811452279277692,-6.518616254696094e-13
0.20833333333333334,1,896,-2.8247128401529764,-4.393775020259425e-13,1.628734462837226,0.24582965582122424,-2.878521980169511,-3.2453478594974834e-13,0.12355556148867508,0.20226356086554276,-0.9799333695664515,-1.3135419583524445e-12,-0.02078603543842514,-0.36698409882182526,0.44147811894594435,-6.777741466115755e-13
0.2125,1,896,-2.9692748034605434,-4.564647247132841e-13,1.5520129534202363,0.25538987693587245,-3.2951886468361775,-3.3715581941582845e-13,0.1459666540352603,0.21012951324159349,-0.5632667028997849,-1.3646251017724956e-12,0.3958806312282415,-0.38125596979921467,0.024811452279277692,-7.041325234548921e-13
0.21666666666666667,1,896,-3.0463497278010307,-4.73838052400303e-13,1.486554259518197,0.26511017245868923,-3.2951886468361775,-3.4998817691284155e-13,-0.07510658625134342,0.2181271715328295,-0.5984517151768309,-1.4165635710110914e-12,-0.02078603543842514,-0.39576680609683745,0.44147811894594435,-7.309322396273811e-13
0.22083333333333333,1,896,-3.0463497278010307,-4.914945082567372e-13,1.2902141711415407,0.27498887686707646,-2.878521980169511,-3.6302965968239107e-13,0.22856582560827873,0.2262551653816743,-0.4670904448702958,-1.4693484666789053e-12,0.30636790075195053,-0.41051412135759535,0.11469421443554195,-7.581687031356403e-13
0.225,1,896,-3.0218044142387286,-5.094310669397724e-13,1.2360323427846722,0.2850242974958901,-3.033512054305864,-3.76278033133543e-13,0.0012998377119313523,0.23451210209822534,-0.8837571115369625,-1.5229707443558051e-12,-0.11029876591471613,-0.4254953887049385,0.5313608811022086,-7.858372471518627e-13
0.22916666666666666,1,896,-3.0218044186944932,-5.276446551124151e-13,1.145333058916604,0.29521471482746736,-3.033512054305864,-3.8973102722570865e-13,0.04952579338918695,0.24289656689888267,-0.991198026359806,-1.5774212161405564e-12,0.11957619510534866,-0.44070804117583023,0.20063091543199532,-8.139331308134681e-13
0.23333333333333334,1,896,-2.987259857835075,-5.461321519700967e-13,1.0914675306055865,0.3055583827862594,-3.033512054305864,-4.033863368576071e-13,-0.0701899871748201,0.25140712314876645,-1.4078646930264727,-1.6326905522251333e-12,-0.297090471561318,-0.4561494721605851,0.6166722784868117,-8.424515400354301e-13
0.2375,1,896,-2.98321983194606,-5.648903897754038e-13,1.0559551706605068,0.31605352903801043,-3.033512230070363,-4.1724162226223016e-13,-0.222511037538749,0.2600423126078754,-1.526938927123598,-1.6887692824933232e-12,-0.016083859450397253,-0.47181703584949614,0.27426051614499714,-8.713875883351409e-13
0.24166666666666667,1,896,-2.944819070678686,-5.83916154400856e-13,0.9759195464013175,0.3266983552934394,-3.033512230070363,-4.3129450940775103e-13,-0.26241590800236864,0.2688006556809498,-1.9436055937902648,-1.7456477981433886e-12,-0.3562297532477459,-0.48770804768618203,0.6811081444872081,-9.007363176696875e-13
0.24583333333333332,1,896,-2.991283884591793,-6.032061858796302e-13,0.9299033615561567,0.33749103761636734,-3.033512230070363,-4.45542590404302e-13,-0.4931080193055047,0.2776806516709923,-1.954459720951831,-1.8033163533344852e-12,0.06043691341892074,-0.5038197848275722,0.2708608957834685,-9.304926992853868e-13
0.25,1,896,-2.9864390533514342,-6.227571789641376e-13,0.7993241080971426,0.3484297267362391,-3.0335135118661594,-4.599834239165536e-13,-0.4451651898640289,0.28668077903640443,-2.3711263876184976,-1.86176506685656e-12,-0.22968843463387045,-0.5201494866104506,0.6726470233052159,-9.606516345794348e-13
0.25416666666666665,1,896,-2.9825631883591472,-6.425657836923619e-13,0.711700200184554,0.35951254836498636,-3.0335145719973986,-4.746145355820251e-13,-0.6565420973473834,0.2957994956516946,-2.424512069013012,-1.9209839238234442e-12,0.1869782320327962,-0.5366943550244823,0.3064787836793241,-9.912079559735274e-13
0.2583333333333333,1,896,-2.950844979199582,-6.62628605961858e-13,0.5320155682334908,0.37073760351817764,-3.0335145719973986,-4.894334184350536e-13,-0.5097824503990946,0.3050352390717143,-2.8411787356796787,-1.9809627773888573e-12,-0.06812390847414401,-0.5534515551916377,0.6577954742741224,-1.0221564277992983e-12
0.2625,1,896,-3.0093587644172826,-6.829422081113137e-13,0.3848308945118299,0.3821029688403992,-3.0335145719973986,-5.044375333363502e-13,-0.6015026507417874,0.3143864267993742,-2.7364820750860677,-2.041691350485012e-12,0.3485427581925227,-0.5704182158519345,0.24411098527554048,-1.053491747195423e-12
0.26666666666666666,1,896,-3.0093585902624396,-7.035031095095752e-13,0.17943906458367054,0.39360669693481204,-3.0335145719973986,-5.196243094080681e-13,-0.3633605990243833,0.32385145655679715,-3.153148741752734,-2.1031592375835405e-12,-0.04235210861293324,-0.5875914298554133,0.6366488142914196,-1.0852085450162378e-12
0.2708333333333333,1,896,-3.0093586930529828,-7.24307787152036e-13,0.04839425143681225,0.40524681669682855,-3.0335145719973986,-5.349911444743087e-13,-0.5524574388178054,0.3334287065598603,-3.153149215425688,-2.1653559064784253e-12,0.3499528129691629,-0.6049682546602624,0.21998214762475296,-1.1173013867517147e-12
0.275,1,896,-3.0093587158284687,-7.453526762642851e-13,-0.18107910363083257,0.41702133365185134,-3.0335166533715543,-5.505354055069929e-13,-0.2961002549462125,0.34311653579607976,-3.153149215425688,-2.2282707000906427e-12,-0.05127044107478604,-0.6225457128370081,0.2237271521999029,-1.1497647734586373e-12
0.2791666666666667,1,896,-3.0093587158284687,-7.666341709129116e-13,-0.3068237501835716,0.42892823029701505,-3.033518491831533,-5.662544290770138e-13,-0.44069263615361093,0.3529132843057885,-2.7869252980848165,-2.29189283829419e-12,0.359627490635468,-0.6403207925786799,-0.19090467459345747,-1.182593142702814e-12
0.2833333333333333,1,896,-3.0093587158284687,-7.881486246233653e-13,-0.5146705093461664,0.44096546644687645,-3.007394850364188,-5.821455218106049e-13,-0.1600564311937142,0.3628172734665633,-2.9728011554695426,-2.356211419763215e-12,-0.05703917603119865,-0.6582904482168708,0.22139320771423632,-1.2157808695121762e-12
0.2875,1,896,-2.9978754173664637,-8.098923510047598e-13,-0.6036535640296937,0.45313097958298937,-3.007394850364188,-5.982059608508339e-13,-0.40445776431111724,0.3728268062808475,-2.9326756750283427,-2.4212154238398972e-12,0.359627490635468,-0.6764516007435956,-0.1879799251017626,-1.2493222673405867e-12
0.2916666666666667,1,896,-2.991712279571171,-8.31861624381517e-13,-0.8101873441570209,0.4654226852073063,-3.0073973671678265,-6.144329943241509e-13,-0.14650472030183248,0.38294016766672273,-3.349342341695009,-2.4868937124227792e-12,-0.051200771809440104,-0.6948011383388625,0.21073075358652602,-1.283211589042199e-12
0.29583333333333334,1,896,-2.9769256535168953,-8.540526804317412e-13,-0.9108710536644044,0.4778384771993461,-3.0073973671678265,-6.308238418119069e-13,-0.4104145615043485,0.3931556247517789,-3.331384268500817,-2.5532350318752244e-12,0.3461621152758992,-0.7133359169038681,-0.1995075590467972,-1.3174430278562016e-12
0.3,1,896,-2.9406392272029813,-8.764617168322185e-13,-1.1397075834219104,0.4903762281770676,-3.0073973671678265,-6.473756948267652e-13,-0.13669583903686713,0.403471427170034,-3.331384700844148,-2.620228014953671e-12,-0.05364114109840375,-0.7320527605997228,-0.1716012222033402,-1.3520107184017782e-12
0.30416666666666664,1,896,-2.933634730545095,-8.990848939099233e-13,-1.2424289776492772,0.5030337898613852,-3.0073973671678265,-6.640857172939208e-13,-0.33285640302481323,0.4138858073618494,-2.9869065092970324,-2.687861182755349e-12,0.35945550893435396,-0.7509484623916136,-0.5870146334757316,-1.386908737683108e-12
0.30833333333333335,1,896,-2.981542186502038,-9.219183352999286e-13,-1.4471210502454288,0.5158089934442662,-2.688099987990841,-6.809510460370478e-13,-0.040741928686178375,0.4243969808767929,-2.982937153115626,-2.7561229466851333e-12,-0.04961153166033328,-0.7700197845983142,-0.4711147076438221,-1.4221311061042443e-12
0.3125,1,896,-2.9786456948796305,-9.44958128609598e-13,-1.516531932855544,0.5286996499603428,-3.1047666546575075,-6.979687912688884e-13,-0.19801630029536188,0.43500314667939405,-2.5662704864489596,-2.825001610441185e-12,0.33593821506183175,-0.7892634594469435,-0.8877813743104888,-1.4576717884936814e-12
0.31666666666666665,1,896,-2.9763285015817043,-9.68200326088958e-13,-1.6504664972108078,0.5417035506619828,-3.104768244752257,-7.151360370864053e-13,-0.03981510738614412,0.4457024874577435,-2.4109379274233524,-2.89448537201906e-12,0.060149152572991485,-0.8086761896328833,-0.6217705242152441,-1.4935246951384574e-12
0.3208333333333333,1,896,-2.9593742787925628,-9.91640945307121e-13,-1.7101182034360929,0.554818467397745,-2.6881015780855906,-7.324498419704044e-13,-0.13650388453198498,0.4564931699348791,-1.9942712607566857,-2.964562325733913e-12,0.47681581923965816,-0.8282546488847528,-1.0384371908819108,-1.5296836828275886e-12
0.325,1,896,-3.0213604670442042,-1.0152759698346571e-12,-1.813889008187836,0.5680421529941626,-2.459359388253953,-7.49907239289551e-13,-0.1782791686971232,0.4673733451829091,-2.4109379274233524,-3.0352204642604842e-12,0.0601491525729915,-0.8479954825343498,-0.6217705242152441,-1.5661425559046827e-12
0.32916666666666666,1,896,-2.973456124137229,-1.039101349931787e-12,-1.829975496219758,0.5813723416407844,-2.8760260549206196,-7.675052378086852e-13,-0.38505539302182223,0.47834114893981594,-1.9942712607566857,-3.106447680690486e-12,0.47681581923965816,-0.8678953080914544,-1.0384371908819108,-1.6028950673295283e-12
0.3333333333333333,1,896,-2.9721769423351603,-1.0631130032422837e-12,-1.8425949427969424,0.5948067492784095,-2.6363256436988607,-7.85240822201355e-13,-0.3955899413689681,0.4893947019288882,-2.3380174154803863,-3.178231770607059e-12,0.8934824859063248,-0.8879507158234015,-0.6217705242152441,-1.6399349197484943e-12
0.3375,1,896,-2.8020917491878734,-1.0873068154929656e-12,-1.8508226879667322,0.6083430739904502,-3.052992310365527,-8.031109535664787e-13,-0.10685126791923658,0.5005321101807253,-1.9213507488137196,-3.2505604341759457e-12,0.47681581923965816,-0.9081582693393226,-1.0384371908819108,-1.6772557665735521e-12
0.3416666666666667,1,896,-2.825667195336089,-1.1116786411986535e-12,-1.7408758157284197,0.621978996397352,-2.6363256436988607,-8.21112569949042e-13,-0.24397030803544398,0.5117514653577588,-2.3380174154803863,-3.3234212782529907e-12,0.8934824859063248,-0.928514506178951,-0.6217705242152441,-1.7148512130697253e-12
0.3458333333333333,1,896,-2.6642604278581534,-1.1362243043724782e-12,-1.687787682190844,0.6357121800540081,-3.052992310365527,-8.392425868647501e-13,0.056726823168037836,0.5230508450812361,-1.9213507488137196,-3.3968018185076477e-12,0.47681581923965816,-0.9490159384058982,-1.0384371908819108,-1.7527148174507982e-12
0.35,1,896,-2.5710146782663705,-1.1609395992414179e-12,-1.4907333379659498,0.6495402718500981,-2.6363256436988607,-8.574978978285386e-13,-0.08676102836829473,0.5344283132606115,-2.3380174154803863,-3.470689481562112e-12,0.8934824859063248,-0.9696590532052943,-0.6217705242152441,-1.7908400919830838e-12
0.3541666666666667,1,896,-2.3649065428824585,-1.1858202909669305e-12,-1.417874771446731,0.6634609024132798,-3.052992310365527,-8.758753748868523e-13,0.2857120699163116,0.5458819204252835,-1.9213507488137196,-3.545071607145692e-12,0.47681581923965816,-0.9904403134856894,-1.0384371908819108,-1.82922050409706e-12
0.35833333333333334,1,896,-2.095598932521164,-1.210862116370575e-12,-1.1343151860697573,0.6774716865151696,-2.6363256436988607,-8.943718691536045e-13,0.0551733031988289,0.5574097040586278,-2.3380174154803863,-3.6199354502640885e-12,0.8934824859063248,-1.0113561584851163,-0.6217705242152441,-1.8678494775066934e-12
0.3625,1,896,-1.77504859535173,-1.2360607846644846e-12,-1.0828033427733212,0.6915702234800396,-3.052992310365527,-9.129842113497232e-13,0.3796736468155975,0.5690096889342641,-1.9213507488137196,-3.695268183383185e-12,0.47681581923965816,-1.0324030043812098,-1.0384371908819108,-1.906720393336253e-12
0.36666666666666664,1,896,-1.3583819286850634,-1.2614119781865696e-12,-0.8476793693699127,0.70575409759616,-2.6363256436988607,-9.317092123461893e-13,0.03758163887789428,0.5806798874545007,-2.3380174154803863,-3.7710568986269744e-12,0.8934824859063248,-1.0535772449052747,-0.6217705242152441,-1.9458265912544198e-12
0.37083333333333335,1,896,-0.9417152620183967,-1.2869113531403298e-12,-0.9462290083909264,0.7200208785297206,-3.052992310365527,-9.505436637104793e-13,0.30497958622694826,0.5924182999909,-1.9213507488137196,-3.8472886099892636e-12,0.47681581923965816,-1.0748752519602032,-1.0384371908819108,-1.9851613706155005e-12
0.375,1,896,-0.5250485953517301,-1.3125545403391356e-12,-0.9170161924419447,0.7343681217412528,-2.6363256436988607,-9.694843382563108e-13,-0.06575733211207364,0.6042229152269025,-2.3380174154803863,-3.923950255558747e-12,0.8934824859063248,-1.0962933762421276,-0.6217705242152441,-2.0247179916075454e-12
0.37916666666666665,1,896,-0.10838192868506344,-1.3383371459548736e-12,-1.1980896679863011,0.7487933689044928,-3.052992310365527,-9.88527990596608e-13,0.21381969056812225,0.6160917105024585,-1.9213507488137196,-4.001028699757115e-12,0.47681581923965816,-1.117827947865714,-1.0384371908819108,-2.0644896764071865e-12
0.3833333333333333,1,896,0.2521114739022595,-1.3642547522708007e-12,-1.2978202388907105,0.7632941483276008,-2.6363256436988607,-1.0076713576995796e-12,-0.2028469760985444,0.6280226521605983,-2.3380174154803863,-4.078510735589757e-12,0.8934824859063248,-1.139475276992975,-0.6217705242152441,-2.10446961034098e-12
0.3875,1,896,0.6687781405689261,-1.3903029184384988e-12,-1.648433108136231,0.7778679753766725,-3.052992310365527,-1.0269111594478225e-12,0.1983195681986172,0.6400136958958892,-1.9213507488137196,-4.1563830869087095e-12,0.47681581923965816,-1.1612316544655052,-1.0384371908819108,-2.1446509430530625e-12
0.39166666666666666,1,896,1.0756328744065398,-1.4164771812387909e-12,-1.700295415262062,0.7925123529014694,-2.6363256436988607,-1.046244099200354e-12,-0.21834709846804945,0.6520627871047172,-2.3380174154803863,-4.234632410687462e-12,0.8934824859063248,-1.1830933524400267,-0.6217705242152441,-2.1850267896789272e-12
0.3958333333333333,1,896,1.4922995410732065,-1.4427730558464914e-12,-1.9343328906198922,0.8072247716632918,-3.052992310365527,-1.065666864357473e-12,0.1983195681986172,0.6641678612373325,-1.9213507488137196,-4.313245299307211e-12,0.47681581923965816,-1.2050566250271355,-1.0384371908819108,-2.22559023202511e-12
0.4,1,896,1.9089662077398732,-1.469186036598859e-12,-1.8476333354728407,0.822002710764925,-2.6363256436988607,-1.0851761269283598e-12,-0.14054677213627903,0.6763268441515998,-2.3380174154803863,-4.3922082828541976e-12,0.8934824859063248,-1.227117708933142,-0.6217705242152441,-2.2663343197545886e-12
0.4041666666666667,1,896,2.3256328744065398,-1.4957115977676156e-12,-1.88041123188278,0.836843638082581,-3.052992310365527,-1.1047685441013063e-12,0.23314903609703622,0.6885376524683914,-1.9213507488137196,-4.47150783142769e-12,0.47681581923965816,-1.2492728241048892,-1.0384371908819108,-2.3072520715776794e-12
0.4083333333333333,1,896,2.740998381727246,-1.522345194334408e-12,-1.6091339468363917,0.8517450106997647,-2.6363256436988607,-1.1244407588164913e-12,-0.12383237970994294,0.7007981939285631,-2.3380174154803863,-4.5511303574582744e-12,0.8934824859063248,-1.2715181743774466,-0.6217705242152441,-2.3483364764482523e-12
0.4125,1,896,3.1576650483939126,-1.5490822627695763e-12,-1.5416263524669551,0.8667042753429912,-3.052992310365527,-1.1441894003411971e-12,0.2928342869567237,0.7131063677514538,-1.9213507488137196,-4.631062218036016e-12,0.47681581923965816,-1.2938499481245656,-1.0384371908819108,-2.3895804947650375e-12
0.4166666666666667,1,896,3.400076160827547,-1.5759182218140858e-12,-1.1551253784621915,0.8817188688192743,-3.052992310365527,-1.1640110848473645e-12,-0.12383237970994296,0.7254600649948413,-2.110965786560927,-4.7112897172480935e-12,0.6645522299107663,-1.3162643189117782,-0.6217705242152441,-2.4309770595778206e-12
0.42083333333333334,1,896,3.5483828977267344,-1.6028484732645061e-12,-0.9793798218530184,0.8967862184553168,-2.8314965441066824,-1.183902415991395e-12,0.05816716161748523,0.7378571689162998,-2.5111598907030657,-4.791799108525529e-12,0.2478855632440997,-1.3387574461520393,-0.7796656262383029,-2.47251907779833e-12
0.425,1,896,3.5483828977267344,-1.6298684027608889e-12,-0.6361043422648052,0.9119037425383257,-3.248163210773349,-1.203859985496099e-12,-0.35849950504918143,0.7502955553358931,-2.094493224036399,-4.8725765969985916e-12,0.6052827786482644,-1.3613254757637918,-0.36299895957163625,-2.5141994314156044e-12
0.42916666666666664,1,896,3.2549279892406138,-1.6569733805774136e-12,-0.48398097188122036,0.9270688507583748,-2.8314965441066824,-1.2238803737346827e-12,-0.1333428345457725,0.762773093000141,-2.5111598907030657,-4.953608341860474e-12,0.18861611198159775,-1.383964540831342,-0.7796656262383029,-2.556010978715621e-12
0.43333333333333335,1,896,3.1000236764062254,-1.6841587624156694e-12,-0.29535229841496796,0.942278944652241,-3.248163210773349,-1.2439601503166882e-12,-0.11906865964094396,0.7752876439471997,-2.094493224036399,-5.034880458738851e-12,0.6052827786482644,-1.4066707622674373,-0.36299895957163625,-2.597946555504998e-12
0.4375,1,896,2.683357009739559,-1.711419890200427e-12,-0.1906975412063935,0.9575314180486364,-2.8314965441066824,-1.2640958746757669e-12,0.21066078320836013,0.7878370638731886,-2.5111598907030657,-5.116379022074878e-12,0.18861611198159775,-1.4294402494779253,-0.7796656262383029,-2.639998976338535e-12
0.44166666666666665,1,896,2.2666903430728924,-1.738752092877782e-12,-0.10408715831061184,0.972823657514765,-3.248163210773349,-1.2842840966592102e-12,0.3398900001752889,0.8004192024996086,-2.094493224036399,-5.198090067509286e-12,0.6052827786482644,-1.4522691010283908,-0.36299895957163625,-2.6821610357504094e-12
0.4458333333333333,1,896,1.8500236764062257,-1.766150687215513e-12,-0.0708465298141334,0.9881530428041194,-2.8314965441066824,-1.304521357119111e-12,0.7565566668419555,0.8130319039417795,-2.5111598907030657,-5.279999594275094e-12,0.18861611198159775,-1.4751534053126445,-0.7796656262383029,-2.724425509488794e-12
0.45,1,896,2.000914585265516,-1.7936109786055278e-12,0.05722248504564988,1.0035169473054457,-3.060677951495981,-1.3248041885050702e-12,0.840731474784924,0.8256730070782388,-2.1725992231513658,-5.362093567596557e-12,0.6052827786482644,-1.4980892412229554,-0.36299895957163625,-2.7667851557536896e-12
0.45416666666666666,1,896,1.5842479185988492,-1.8211282618682628e-12,0.1663576469842362,1.0189127384928012,-2.6440112848293147,-1.3451291154583467e-12,1.0908990931367357,0.8383403459210409,-1.8367564653430644,-5.4443579210939696e-12,0.18861611198159775,-1.5210726788219144,-0.7796656262383029,-2.809232716437778e-12
0.4583333333333333,1,896,2.000914585265516,-1.8486978220588902e-12,0.35338209671515614,1.0343377783766237,-3.060677951495981,-1.3654926554073394e-12,1.0946667493373006,0.8510317499868866,-2.253423132009731,-5.526778559193856e-12,0.6052827786482644,-1.5440997800158078,-0.36299895957163625,-2.8517609183700554e-12
0.46249999999999997,1,896,1.5842479185988492,-1.8763149352752e-12,0.5713246746720764,1.0497894239557375,-2.6440112848293147,-1.3858913191643105e-12,1.2600253499729335,0.863745044669025,-1.8367564653430641,-5.609341359544181e-12,0.18861611198159775,-1.56716659922939,-0.7796656262383029,-2.894362474562057e-12
0.4666666666666667,1,896,1.6677449863470737,-1.9039748694670163e-12,0.8826598248020802,1.065265027670218,-3.018371511512555,-1.4063216115232378e-12,1.136438309648447,0.8764780516098606,-2.253423132009731,-5.692032175434142e-12,0.6052827786482644,-1.5902691840819374,-0.36299895957163625,-2.937030085456444e-12
0.4708333333333333,1,896,1.5652731143876792,-1.9316728852470076e-12,1.2021828541090132,1.0807619378550368,-3.018371511512555,-1.4267800318587002e-12,1.1439467996305062,0.8892285890742032,-1.8699646467587305,-5.774836838218124e-12,0.18861611198159775,-1.613403576064467,-0.7650660792724407,-2.9797564401777405e-12
0.475,1,896,1.4719907290491243,-1.9594042367027614e-12,1.584644826322699,1.096277499194413,-3.018371511512555,-1.4472630747256947e-12,0.8688518085906146,0.9019944723230989,-2.286631313425397,-5.857741159743445e-12,0.5950807755697424,-1.6365658112180097,-0.34839941260577406,-3.0225342177850234e-12
0.4791666666666667,1,896,1.4040549558973348,-1.987164172209967e-12,1.579737334781055,1.111809053176785,-2.968320321575912,-1.4677672304602725e-12,0.8543456329929413,0.9147735139881717,-1.965824464759051,-5.940730934781401e-12,0.1784141089030757,-1.6597519208128115,-0.6131783078146367,-3.0653560885263194e-12
0.48333333333333334,1,896,1.3194464093833072,-2.014947935246582e-12,1.597861108930165,1.127353938550334,-2.851256309405302,-1.4882889857809035e-12,0.7558443244352848,0.9275635244464188,-2.382491131425718,-6.023791943461269e-12,0.5950807755697424,-1.6829579320283548,-0.19651164114797,-3.1082147150945235e-12
0.4875,1,896,1.2841292232689923,-2.042750765207843e-12,1.5155020300460111,1.1429094917789773,-2.97994002215815,-1.5088248243904608e-12,0.929270386988165,0.9403623121953916,-1.965824464759051,-6.106909953706816e-12,0.2937406469403435,-1.7061798686340837,-0.1582868114823863,-3.1511027538846116e-12
0.49166666666666664,1,896,1.1759375723473542,-2.0705678982219653e-12,1.490523735706204,1.158473047498749,-2.8237456714722273,-1.5293712275787169e-12,0.9712355960636071,0.9531676842286975,-2.382491131425718,-6.1900707236748766e-12,0.7104073136070101,-1.7294137516707069,-0.574953478149053,-3.194012856251924e-12
0.49583333333333335,1,896,1.09507406730254,-2.0983945679664103e-12,1.433219365364942,1.1740419389744983,-2.6688633992710558,-1.5499246748252591e-12,1.1526363701710656,0.965977446411761,-1.965824464759051,-6.2732600041956316e-12,0.29374064694034346,-1.7526556001319753,-0.1582868114823863,-3.2369376697713235e-12
0.5,1,896,1.0206116939830563,-2.1262260064845673e-12,1.4179069897037393,1.189613498556819,-2.624953148045859,-1.5704816444027103e-12,1.2167389760471472,0.9787894038577765,-1.5491577980923843,-6.356463541214119e-12,0.7104073136070101,-1.7759014316468031,-0.574953478149053,-3.279869839496989e-12
0.5041666666666667,1,896,0.8569490950304396,-2.154057445002725e-12,1.4503795345342485,1.2051850581391397,-2.2082864813791927,-1.5910386139801614e-12,1.1578447500798505,0.991601361303792,-1.965824464759051,-6.4396670782326066e-12,0.29374064694034346,-1.799147263161631,-0.1582868114823863,-3.3228020092226546e-12
0.5083333333333333,1,896,0.8309249051960556,-2.1818841147471698e-12,1.3982493787511496,1.2207539496148891,-2.359408557661832,-1.6115920612267037e-12,1.1085759192913016,1.0044111234868556,-1.5491577980923843,-6.522856358753362e-12,0.7104073136070101,-1.8223891116228996,-0.574953478149053,-3.365726822742054e-12
0.5125,1,896,0.7028342252055467,-2.209701247761291e-12,1.4454222935027616,1.2363175053346604,-1.9427418909951653,-1.6321384644149593e-12,0.9635905758042285,1.017216495520161,-1.965824464759051,-6.60601712872142e-12,0.29374064694034346,-1.8456229946595224,-0.1582868114823863,-3.408636925109366e-12
0.5166666666666666,1,896,0.6829054126274055,-2.2375040777225527e-12,1.3522271718288614,1.2518730585633038,-2.189882995907185,-1.6526743030245168e-12,0.8442170751864865,1.0300152832691338,-1.5491577980923843,-6.689135138966968e-12,0.7104073136070101,-1.8688449312652513,-0.574953478149053,-3.451524963899454e-12
0.5208333333333334,1,896,0.566840017459472,-2.265287840759169e-12,1.4102331453027652,1.2674179439368536,-1.7732163292405183,-1.6731960583451487e-12,0.6483558523729885,1.0428052937273815,-1.965824464759051,-6.77219614764684e-12,0.29374064694034346,-1.8920509424807954,-0.1582868114823863,-3.49438359046766e-12
0.525,1,896,0.5129376260506645,-2.2930477762663737e-12,1.2774615046255722,1.282949497919225,-2.189882995907185,-1.6937002140797258e-12,0.505490811513665,1.055584335392454,-1.5491577980923843,-6.855185922684794e-12,0.7104073136070101,-1.9152370520755966,-0.574953478149053,-3.5372054612089547e-12
0.5291666666666667,1,896,0.34656734519235904,-2.3207791277221274e-12,1.3450811989111733,1.2984650592586011,-1.7732163292405183,-1.7141832569467203e-12,0.2933232077383093,1.0683502186413498,-1.965824464759051,-6.938090244210115e-12,0.29374064694034346,-1.9383992872291393,-0.1582868114823863,-3.5799832388162375e-12
0.5333333333333333,1,896,0.2115079449905823,-2.348477143502119e-12,1.2501228400686115,1.3139619694434201,-2.189882995907185,-1.734641677282183e-12,0.13846846262096224,1.0811007561056925,-1.5491577980923843,-7.020894906994097e-12,0.7104073136070101,-1.961533679211669,-0.574953478149053,-3.6227095935375345e-12
0.5375,1,896,0.0404017372594996,-2.376137077693935e-12,1.246411258922292,1.3294375731579007,-1.7732163292405183,-1.75507196964111e-12,-0.12423669906394579,1.093833763046528,-1.965824464759051,-7.103585722884057e-12,0.29374064694034346,-1.9846362640642163,-0.1582868114823863,-3.6653772044319205e-12
0.5416666666666666,1,896,-0.23289270687936492,-2.4037541909102445e-12,1.3208819190769985,1.3448892187370143,-2.189882995907185,-1.7754706333980809e-12,-0.19347542594233585,1.1065470577286662,-1.5491577980923843,-7.1861485232343826e-12,0.7104073136070101,-2.0077030832777982,-0.574953478149053,-3.707978760623922e-12
0.5458333333333333,1,896,-0.37814092111066416,-2.4313237511008723e-12,1.2912406365104894,1.360314258620837,-1.7732163292405183,-1.795834173347074e-12,-0.4257677697200646,1.1192384617945121,-1.965824464759051,-7.26856916133427e-12,0.29374064694034346,-2.030730184471692,-0.1582868114823863,-3.7505069625562004e-12
0.55,1,896,-0.6696020880308269,-2.4588410343636076e-12,1.422581194916879,1.3757100498081927,-2.189882995907185,-1.8161591003003507e-12,-0.44315766331271295,1.1319058006373144,-1.5491577980923843,-7.350833514831683e-12,0.7104073136070101,-2.053713622070651,-0.574953478149053,-3.792954523240289e-12
0.5541666666666667,1,896,-0.8117777115466154,-2.4863013257536225e-12,1.4020386473130353,1.391073954309519,-1.7732163292405183,-1.83644193168631e-12,-0.6474744268916524,1.1445469037737737,-1.965824464759051,-7.432927488153146e-12,0.29374064694034346,-2.0766494579809622,-0.1582868114823863,-3.835314169505185e-12
0.5583333333333333,1,896,-1.1019950785424222,-2.513699920091353e-12,1.5291921914470188,1.406403339598873,-1.9972616204170406,-1.85667919214621e-12,-0.6443077268354064,1.1571596052159443,-1.5491577980923843,-7.514837014918953e-12,0.7104073136070101,-2.0995337622652155,-0.574953478149053,-3.877578643243569e-12
0.5625,1,896,-1.3155296780900967,-2.5410321227687083e-12,1.532982534217415,1.4216955790650019,-1.9244314445374644,-1.8768674141296536e-12,-0.7489182663683663,1.1697417438423643,-1.965824464759051,-7.596548060353362e-12,0.29374064694034346,-2.1223626138156813,-0.1582868114823863,-3.919740702655444e-12
0.5666666666666667,1,896,-1.6338803995675721,-2.568293250553466e-12,1.6002609370265946,1.4369480524613973,-1.9061052385513002,-1.8970031384887328e-12,-0.6274876838604404,1.1822911637683535,-1.5491577980923843,-7.67804662368939e-12,0.7104073136070101,-2.1451321010261695,-0.574953478149053,-3.9617931234889805e-12
0.5708333333333333,1,896,-1.8865083650186731,-2.5954786323917213e-12,1.5924871247815244,1.4521581463552633,-1.8585474495668743,-1.917082915070738e-12,-0.6172475340920262,1.1948057147154119,-1.965824464759051,-7.759318740567763e-12,0.29374064694034346,-2.167838322462264,-0.1582868114823863,-4.003728700278357e-12
0.575,1,896,-2.2141458892833996,-2.6225836102082456e-12,1.6735209224028411,1.467323254575312,-1.9614486514115077,-1.9371033033093212e-12,-0.45020836581014895,1.2072832523796597,-1.5491577980923843,-7.840350485429646e-12,0.7104073136070101,-2.190477387529814,-0.574953478149053,-4.045540247578373e-12
0.5791666666666666,1,896,-2.426716106218825,-2.649603539704629e-12,1.630908740938167,1.4824407786583214,-1.6823349102496237,-1.9570608728140256e-12,-0.4887609970424858,1.219721638799253,-1.965824464759051,-7.921127973902709e-12,0.29374064694034346,-2.2130454171415668,-0.1582868114823863,-4.087220601195648e-12
0.5833333333333334,1,896,-2.712581933629028,-2.6765337911550497e-12,1.7568944286674724,1.497508128294364,-2.098773687600711,-1.9769522039580564e-12,-0.4106514478752898,1.2321187427207119,-1.5491577980923843,-8.001637365180145e-12,0.7104073136070101,-2.2355385443818285,-0.574953478149053,-4.128762619416158e-12
0.5875,1,896,-2.8345904530292425,-2.703369750199559e-12,1.694547291718223,1.512522721770647,-1.6821070209340443,-1.9967738884642236e-12,-0.593538252480012,1.2444724399640992,-1.965824464759051,-8.081864864392224e-12,0.29374064694034346,-2.257952915169041,-0.1582868114823863,-4.170159184228941e-12
0.5916666666666667,1,896,-3.074599062000334,-2.730106818634727e-12,1.7990457340047217,1.5274819864138736,-2.0792099924448726,-2.0165225299889297e-12,-0.6262092316866757,1.25678061378699,-1.5491577980923843,-8.161796724969965e-12,0.7104073136070101,-2.28028468891616,-0.574953478149053,-4.2114032025457265e-12
0.5958333333333333,1,896,-3.074599062000334,-2.75674041520152e-12,1.7437226623123352,1.5423833590310574,-1.6942224796566572,-2.0361947447041146e-12,-1.0428758983533424,1.2690411552471617,-1.965824464759051,-8.24141925100055e-12,0.29374064694034346,-2.3025300391887176,-0.1582868114823863,-4.2524876074163e-12
0.6,1,896,-3.074599062000334,-2.783265976370276e-12,1.7669143434034351,1.5572242863487133,-1.5670274792589933,-2.055787161877061e-12,-1.4595425650200091,1.2812519635639532,-1.6422216418686564,-8.320718799574042e-12,0.7104073136070101,-2.3246851543604645,-0.5202772065388703,-4.29340535923939e-12
0.6041666666666666,1,896,-3.074599062000334,-2.8096789571226434e-12,1.826118664325899,1.5720022254503463,-1.7268142514909934,-2.0752964244479472e-12,-1.8584804476618526,1.2934109464782204,-2.058888308535323,-8.399681783121026e-12,0.29374064694034346,-2.3467462382664706,-0.10361053987220367,-4.3341494469688675e-12
0.6083333333333333,1,896,-3.074599062000334,-2.8359748317303446e-12,1.8439041959755063,1.586714644212169,-1.551859591427984,-2.094719189605067e-12,-2.188664182401232,1.3055160206108358,-1.6561032774537991,-8.478294671740779e-12,0.6966280466808712,-2.36870951085358,-0.5202772065388703,-4.374712889315051e-12
0.6125,1,896,-3.074599062000334,-2.862149094530637e-12,1.9232225677672419,1.6013590217369662,-1.7115845649790338,-2.1140521293575987e-12,-2.1886642523711295,1.317565111819664,-1.8706342114168004,-8.556543995519532e-12,0.2799613800142045,-2.390571208828102,-0.4807759508602435,-4.415088735940917e-12
0.6166666666666667,1,896,-3.0728791105841324,-2.8881972606983346e-12,1.9535426923807069,1.6159328487860376,-1.5709934768317049,-2.1332919311058414e-12,-2.1844083306345445,1.3295561555549549,-1.4539675447501337,-8.634416346838482e-12,0.6966280466808712,-2.4123275863006315,-0.8974426175269101,-4.455270068652999e-12
0.6208333333333333,1,896,-3.0728791105841324,-2.9141148670142614e-12,2.0261858113003792,1.6304336282091454,-1.8083481683076568,-2.1524352982088125e-12,-2.184408528394416,1.3414870972130943,-1.7972855383620379,-8.711898382671122e-12,0.30679338834305087,-2.4339749154278922,-0.5987839032510385,-4.495250002586791e-12
0.625,1,896,-3.064117270623768,-2.9398974726299993e-12,2.0559226845094565,1.6448588753723854,-1.6655319907012207,-2.17147895054911e-12,-2.131693434635924,1.3533558924886504,-1.3806188716953711,-8.788976826869492e-12,0.7234600550097176,-2.455509487051479,-1.0154505699177052,-4.535021687386433e-12
0.6291666666666667,1,896,-3.064117270623768,-2.965540659828806e-12,2.1188088132666554,1.6592061185839178,-1.8775637006163937,-2.1904196250949417e-12,-2.1242340356900598,1.3651605077246531,-1.7301426026498408,-8.865638472438977e-12,0.3458010014297864,-2.4769276113334033,-0.7027274785255796,-4.5745783083784784e-12
0.6333333333333333,1,896,-3.044141261286769,-2.9910400347825652e-12,2.113926071091324,1.6734728995174781,-1.7132872488671462,-2.2092540764592315e-12,-2.0452190939424844,1.3768989202610522,-1.3347718423137147,-8.941870183801265e-12,0.762467668096453,-2.498225618388332,-1.112602843736248,-4.613913087739558e-12
0.6375,1,896,-3.0268637292280287,-3.0163912283046505e-12,2.1100198773510592,1.6876567736335986,-1.8432891833990188,-2.2279790774556975e-12,-2.1206780817010444,1.3885691187812887,-1.7514385089803814,-9.017658899045053e-12,0.39211276541014467,-2.5193998589123967,-0.6959361770695814,-4.653019285657725e-12
0.6416666666666666,1,896,-2.995313932923647,-3.0415898965985595e-12,2.0929662030575136,1.7017553105984682,-1.6494026410738696,-2.2465914196518157e-12,-2.088410555725408,1.400169103656925,-1.3347718423137147,-9.092991632164148e-12,0.8087794320768114,-2.5404467048084896,-1.112602843736248,-4.691890201487284e-12
0.6458333333333334,1,896,-2.972827554712194,-3.0666317220022046e-12,2.115985309926593,1.7157660947003583,-1.7930583211004878,-2.2650879139185683e-12,-2.206599144081276,1.4116968872902695,-1.7514385089803814,-9.167855475282546e-12,0.39211276541014467,-2.561362549807917,-0.6959361770695814,-4.7305191748969185e-12
0.65,1,896,-2.936210583647796,-3.0915124137277176e-12,2.1116672684192745,1.7296867252635402,-1.5590283116383936,-2.283465390976882e-12,-2.2065991004867933,1.4231504944549416,-1.3347718423137147,-9.242237600866127e-12,0.8087794320768114,-2.5821438100883123,-1.112602843736248,-4.768899587010895e-12
0.6541666666666667,1,896,-2.931441106805893,-3.116227708596657e-12,2.1082128352134197,1.7435148170596302,-1.6787581118316592,-2.3017207019406707e-12,-2.2065991004262178,1.434527962634317,-1.6781564486202727,-9.316125263920591e-12,0.5141979345754862,-2.6027869248877082,-0.8299427374742645,-4.80702486154318e-12
0.6583333333333333,1,896,-2.90673634575987,-3.140773371770482e-12,2.098827832750749,1.7572480007162865,-1.5249207365008295,-2.319850718856379e-12,-2.1078041308605737,1.4458273423577943,-1.261489781953606,-9.389505804175249e-12,0.9308646012421529,-2.6232883571146557,-1.2466094041409312,-4.844888465924253e-12
0.6625,1,896,-2.8956508545580655,-3.165145197476169e-12,2.097941286678599,1.7708839231231879,-1.656515885857982,-2.3378523352389417e-12,-2.105122331602578,1.4570466975348275,-1.6278878326381916,-9.462366648252292e-12,0.596206932764655,-2.6436445939542836,-0.9157216102125139,-4.882483912420426e-12
0.6666666666666666,1,896,-2.8709155377572864,-3.1893390097268512e-12,2.090908752908451,1.7844202478352285,-1.5297117672716412,-2.3557224666040653e-12,-1.9776388631034443,1.4681841057866647,-1.2112211659715248,-9.534695311821178e-12,1.0128735994313216,-2.663852147470205,-1.3323882768791806,-4.919804759245484e-12
0.6708333333333333,1,896,-2.8375058396142547,-3.213350663037348e-12,2.1069500154816936,1.7978546554728538,-1.6371670246306278,-2.3734580509967356e-12,-2.0522881261825696,1.479237658775737,-1.6278878326381916,-9.606479401737753e-12,0.596206932764655,-2.6839075552021523,-0.915721610212514,-4.95684461166445e-12
0.675,1,896,-2.79824639145663,-3.237176043134478e-12,2.104439032863355,1.8111848441194756,-1.4582992074417593,-2.3910560495158698e-12,-1.9674368174893941,1.490205462532644,-1.217476123731617,-9.677706618167756e-12,1.0128735994313216,-2.703807380759257,-1.3309367748111594,-4.993597123089296e-12
0.6791666666666667,1,896,-2.753615288235997,-3.2608110676620145e-12,2.1024302467686837,1.8244085297158934,-1.505889642263291,-2.4085134468350165e-12,-2.0684004078381775,1.501085637780674,-1.6341427903982837,-9.748364756694327e-12,0.62717450246034,-2.723548214408854,-0.9142701081444927,-5.0300559961663904e-12
0.6833333333333333,1,896,-2.704370428249451,-3.2842516868801776e-12,2.100823217892947,1.8375234464516557,-1.3087143682567943,-2.425827251719016e-12,-2.0039880738843876,1.5118763202578098,-1.2189343984485936,-9.818441710409181e-12,1.0438411691270066,-2.743126673660724,-1.3306768962026303,-5.066214983855522e-12
0.6875,1,896,-2.649978838841619,-3.307493884359537e-12,2.0995375947923574,1.8505273471532953,-1.3461853387885245,-2.4429944975365318e-12,-2.1157147867124713,1.5225756610361587,-1.6356010651152604,-9.887925471987052e-12,0.6580715166501033,-2.7625394038466626,-0.9140102295359637,-5.102067890500296e-12
0.6916666666666667,1,896,-2.5897780459039494,-3.3305336776692065e-12,2.098509096311886,1.863418003669372,-1.1335729780117494,-2.460012242768373e-12,-2.05696050344398,1.53318182683876,-1.2204657760000062,-9.956804135743105e-12,1.07473818331677,-2.781783078695292,-1.330515861483438,-5.137608572889734e-12
0.6958333333333333,1,896,-2.523829625518611,-3.3533671190592117e-12,2.097686297527509,1.876193207252253,-1.1690382239831372,-2.4768775715115e-12,-2.1648977348576346,1.5436930003537035,-1.637132442666673,-1.0025065899672889e-11,0.6873126977966663,-2.8008544009019927,-0.9138491948167714,-5.17283094131087e-12
0.7,1,896,-2.4500241061783954,-3.3759902961369165e-12,2.097028058500007,1.8888507689365706,-0.9449097500057719,-2.4935875939786554e-12,-2.0999236801589864,1.554107380545519,-1.2205339877314627,-1.0092699067474567e-11,1.103979364463333,-2.8197501026938836,-1.330515861483438,-5.2077289605922e-12
0.7041666666666666,1,896,-2.3864919848347386,-3.398399332537394e-12,2.096501513955445,1.9013885199142921,-1.0029080670486232,-2.5101394469935136e-12,-2.0988182414339644,1.564423182963774,-1.5098072661625128,-1.0159692050553014e-11,0.7580123682698195,-2.838466946389738,-1.0494289651269118,-5.242296651137777e-12
0.7083333333333334,1,896,-2.3308403032927805,-3.4205903885876184e-12,2.096080459769844,1.9138043119063322,-0.9788623227362926,-2.5265302944812698e-12,-2.07003085311335,1.5746386400488304,-1.1006981655645747,-1.0226033370005461e-11,1.0392188214433586,-2.857001724954744,-1.4236512973880706,-5.27652808995178e-12
0.7125,1,896,-2.270960481080095,-3.442559661964376e-12,2.093946755138892,1.9260960175306492,-1.0996052125619626,-2.542757327954587e-12,-2.2175229086177914,1.5847520014347056,-1.5173648322312414,-1.0291711658588343e-11,0.622552154776692,-2.8753512625500113,-1.0069846307214039,-5.310417411653392e-12
0.7166666666666667,1,896,-2.208474973169541,-3.4643033883457696e-12,2.089858462267115,1.9382615306667617,-0.9429920986458986,-2.5588177669948156e-12,-2.166115586569897,1.5947615342489896,-1.1006981655645747,-1.0356715662665023e-11,1.0392188214433586,-2.8935124150767355,-1.4236512973880706,-5.343958809481802e-12
0.7208333333333333,1,896,-2.15285415703175,-3.485817842056224e-12,2.1169240286730573,1.9502987668166234,-1.0443450677576778,-2.574708859728407e-12,-2.166115586569897,1.6046655234097646,-1.3988315473153787,-1.042103424413405e-11,0.7295495620059461,-2.9114820707149267,-1.1592944415404973,-5.377146536291165e-12
0.725,1,896,-2.0936436147531103,-3.5070993367048503e-12,2.112418243416446,1.9622056634617868,-0.9499139081455502,-2.590427883298428e-12,-2.038199506371136,1.6144622719194732,-1.003327135566313,-1.0484656382337597e-11,1.1462162286726127,-2.9292571504565985,-1.5709633197827055,-5.4099749055353414e-12
0.7291666666666666,1,896,-2.0286082279669353,-3.5281442258170993e-12,2.1088136152111567,1.9739801804168098,-1.0207137220355,-2.605972144331112e-12,-2.1263062218874675,1.6241501011556927,-1.4199938022329797,-1.0547571175949815e-11,0.7332915083772114,-2.946834608633344,-1.1542966531160388,-5.442438292242264e-12
0.7333333333333333,1,896,-1.956444273551077,-3.5489489034595592e-12,2.1059299126469253,1.9856203001788257,-0.8737743333371571,-2.6213389793973523e-12,-2.0100490392250374,1.6337273511587556,-1.0079922474919556,-1.0609767844844697e-11,1.149958175043878,-2.9642114334381926,-1.5700273197520405,-5.474531133977739e-12
0.7375,1,896,-1.8802640130358121,-3.5695098048578222e-12,2.10362295059554,1.9971240282732394,-0.9073899856036379,-2.636525755469071e-12,-2.101627855893889,1.643192380916179,-1.4246589141586223,-1.0671235731943228e-11,0.7363930663938604,-2.9813846474416725,-1.1533606530853737,-5.5062479317985566e-12
0.7416666666666667,1,896,-1.8406681546599923,-3.5898234070072777e-12,2.101777736269122,2.008489393595461,-0.9105792749931021,-2.6515298703703675e-12,-2.10032561301754,1.652543568643839,-1.3883933335009382,-1.0731964305039383e-11,0.9265426566704441,-2.9983513081019693,-1.2826362867887435,-5.537583251194681e-12
0.7458333333333333,1,896,-1.7741117870676613,-3.609886229276773e-12,2.1003012094932973,2.0197144487486516,-1.0173559627680009,-2.6663487532233955e-12,-2.099139538398393,1.6617793120638582,-1.7978145187602397,-1.0791943158604794e-11,0.5527843940025664,-3.0151085082691242,-0.9045907284139615,-5.568531723020451e-12
0.75,1,896,-1.7400993789203516,-3.6296948340049975e-12,2.0991198626380787,2.0307972703773993,-1.0195311518870014,-2.680979864888867e-12,-2.098190224500063,1.6708980286791486,-1.8262619689491713,-1.0851162015571679e-11,0.7795624912861774,-3.0316533766831557,-0.935787780163452,-5.5990880444145435e-12
0.7541666666666667,1,896,-1.6594089231752958,-3.649245827089505e-12,2.098174910588463,2.041735959497271,-1.1242292147073671,-2.6954206984011187e-12,-2.052963917421645,1.6798981560445607,-1.6027109951519047,-1.0909610729093754e-11,0.39851530567438664,-3.0479830784660344,-0.5297757092528963,-5.6292469797085915e-12
0.7583333333333333,1,896,-1.6096673492499547,-3.668535858568279e-12,2.0638391186840486,2.052528641820199,-1.0812957790305757,-2.7096687793976696e-12,-1.947730280948801,1.688778152034603,-1.186044328485238,-1.096727928428485e-11,0.8151819723410533,-3.064094815607424,-0.9464423759195629,-5.65900336132429e-12
0.7625,1,896,-1.5481619936705915,-3.687561623193731e-12,2.0468849979755834,2.0631734680756275,-1.2730851739545317,-2.7237216665431904e-12,-2.0430587951861487,1.6975364951076775,-1.6027109951519047,-1.1024157799934915e-11,0.3985153056743866,-3.0799858274441103,-0.5297757092528963,-5.688352090658837e-12
0.7666666666666666,1,896,-1.4986323293235269,-3.706319860999039e-12,2.030598837230228,2.073668614327379,-1.190883905901266,-2.7375769519478136e-12,-1.97371977601757,1.7061716845667865,-1.186044328485238,-1.1080236530203105e-11,0.8151819723410533,-3.095653391133021,-0.9464423759195629,-5.717288138958548e-12
0.7708333333333334,1,896,-1.4376280470415255,-3.7248073578567204e-12,2.034037038394546,2.084012282286171,-1.358018776837691,-2.751232261579712e-12,-2.0993469624628855,1.7146822408166704,-1.6027109951519047,-1.1135505866287682e-11,0.3985153056743866,-3.111094822117776,-0.5297757092528963,-5.74580654818051e-12
0.775,1,896,-1.3856951443056353,-3.743020946029363e-12,2.03326772809503,2.0942026996177483,-1.238278387582438,-2.7646852556718778e-12,-2.06380465334239,1.7230667056173277,-1.186044328485238,-1.1189956338072433e-11,0.8151819723410533,-3.126307474588668,-0.9464423759195629,-5.773902431842116e-12
0.7791666666666667,1,896,-1.3262747137419315,-3.760957504712398e-12,2.0577619460765515,2.104238120246562,-1.3945845843429228,-2.7779336291230298e-12,-2.2113179515817403,1.731323642333879,-1.6027109951519047,-1.1243578615749334e-11,0.3985153056743866,-3.1412887419360116,-0.5297757092528963,-5.801570975858339e-12
0.7833333333333333,1,896,-1.2707406998213802,-3.778613960568833e-12,2.0711739973883234,2.1141168246549493,-1.2252457961934118,-2.7909751118925795e-12,-2.1998224891324765,1.7394516361827237,-1.186044328485238,-1.129636351141715e-11,0.8151819723410533,-3.1560360571967694,-0.9464423759195629,-5.828807439366598e-12
0.7875,1,896,-1.23393272922324,-3.795987288255851e-12,2.1235543781056996,2.123837120177766,-1.3849148263924425,-2.8038074693895923e-12,-2.1998224891324765,1.7474492944739595,-1.4724678875776362,-1.1348301980655744e-11,0.5128051226367143,-3.1705468934943917,-0.7103319141618795,-5.855607155539086e-12
0.7916666666666666,1,896,-1.196301303829948,-3.8130745109431926e-12,2.1177225229625596,2.133397341292414,-1.282963343082634,-2.816428502855672e-12,-2.0895261439356596,1.7553152468500102,-1.087664527780286,-1.1399385124075794e-11,0.9294717893033809,-3.184818764471781,-1.1147502302344523,-5.8819655323824025e-12
0.7958333333333333,1,896,-1.1579811356830534,-3.829872700823216e-12,2.113057038848048,2.142795849904222,-1.4014761547390175,-2.828836049741709e-12,-2.189310838093754,1.7630481455204303,-1.5043311944469528,-1.1449604188843654e-11,0.5339010740488143,-3.1988492247173177,-0.6980835635677857,-5.9078780535243696e-12
0.8,1,896,-1.1127604720184288,-3.8463789796125605e-12,2.109324651556438,2.152031035627123,-1.244751841588597,-2.8410279840784164e-12,-2.1052357599170524,1.7706466654928417,-1.0876741603870153,-1.1498950570181103e-11,0.9505677407154809,-3.2126358701838664,-1.114746878642358,-5.933340278987885e-12
0.8041666666666667,1,896,-1.0906913172930763,-3.8625905190453314e-12,2.1063387417231505,2.161101316059586,-1.3324313998012962,-2.853002216840611e-12,-2.1030676523372795,1.778109504799964,-1.4209307850943553,-1.1547415812839733e-11,0.663851125414853,-3.226176338600701,-0.8192998866484613,-5.958347845951697e-12
0.8083333333333333,1,896,-1.0582818922562074,-3.878504541357704e-12,2.1039500138565206,2.1700051370557523,-1.2507684091800346,-2.864756696305152e-12,-1.9607029583515971,1.785435384722701,-1.0144967384870713,-1.1594991612549714e-11,1.0805177920815197,-3.2394683098782644,-1.2323127024245537,-5.982896469497946e-12
0.8125,1,896,-1.0182078249532456,-3.89411831976388e-12,2.1020390315632165,2.1787409729917324,-1.326823399400385,-2.876289408402496e-12,-2.0466352438461777,1.7926230500092415,-1.431163405153738,-1.1641669817442689e-11,0.6682773026486452,-3.252509506505706,-0.8156460357578871,-6.0069819433463625e-12
0.8166666666666667,1,896,-0.9775609375014184,-3.909429178923311e-12,2.1005102457285734,2.1873073270270096,-1.1931753877826237,-2.887598377061795e-12,-1.9297908165486208,1.799671269090141,-1.0236013877875774,-1.1687442429448547e-11,1.0849439693153118,-3.2652976939411196,-1.2293155522655748,-6.0306001405749965e-12
0.8208333333333333,1,896,-0.930087909275062,-3.924434495399099e-12,2.0992872170608585,2.1957027313609205,-1.228274714078784,-2.8986816645494887e-12,-2.0313168066560463,1.8065788342893445,-1.440268054454244,-1.1732301605665861e-11,0.6748819002612761,-3.277830680994422,-0.8126488855989081,-6.0537470143273385e-12
0.825,1,896,-0.8830652661969706,-3.939131698107514e-12,2.098308794126687,2.2039257474841523,-1.0640950402962515,-2.9095373718013223e-12,-1.9293239821114534,1.813344562031115,-1.0360821561111893,-1.1776239659705721e-11,1.0915485669279428,-3.2901063202028014,-1.2257425668751345,-6.076418598505733e-12
0.8291666666666666,1,896,-0.830155793230712,-3.953518268758534e-12,2.0975260557793494,2.2119749664252235,-1.0795096267254645,-2.920163638747744e-12,-2.0351051374095106,1.8199672930428341,-1.452748822777856,-1.1819249063008761e-11,0.6827936156722487,-3.3021225081986745,-0.8090759002084679,-6.098611008450941e-12
0.8333333333333334,1,896,-0.7766729324857427,-3.96759174228734e-12,2.0968998651014794,2.2198490089919076,-0.8971185656705672,-2.9305586446326173e-12,-1.93813135992941,1.8264458925536378,-1.048896818040449,-1.1861322446135142e-11,1.0994602823389155,-3.3138771860700893,-1.2229132710589774,-6.120320441607773e-12
0.8375,1,896,-0.7168383619173738,-3.9813497072766925e-12,2.0963988098809936,2.227546526007545,-0.9082767114890482,-2.940720608325196e-12,-2.0413139809113616,1.83277925048885,-1.4561109496932698,-1.1902452600027251e-11,0.684944830983585,-3.325368339713503,-0.8112360481965661,-6.1415431781766085e-12
0.8416666666666667,1,896,-0.6485381000027726,-3.994789806370117e-12,2.0959981288035836,2.235066198542222,-0.8402544402108116,-2.950647788625316e-12,-2.093607767572956,1.838966281660194,-1.162076566250816,-1.1942632477244963e-11,1.0338599392237593,-3.3365940001788976,-1.0973939336432554,-6.162275581750797e-12
0.8458333333333333,1,896,-0.5618160663733516,-4.0079097366758235e-12,2.095677523520867,2.242406738138762,-0.9473011093474615,-2.960338484561738e-12,-2.2718971554416916,1.8450059259517293,-1.5787432329174826,-1.1981855193173164e-11,0.6302674204981483,-3.347552244007141,-0.6807272669765888,-6.182514099939716e-12
0.85,1,896,-0.479278620511657,-4.020707250161297e-12,2.091645448129271,2.2495668870334944,-0.7657554875815185,-2.9697910356836016e-12,-2.250568919668868,1.8508971485014987,-1.162076566250816,-1.2020114027201397e-11,1.046934087164815,-3.358241193559568,-1.0973939336432554,-6.202255264977462e-12
0.8541666666666666,1,896,-0.3978692862557265,-4.033180154038482e-12,2.1243900042464654,2.256545418371766,-0.8880678576955998,-2.979003822344934e-12,-2.250568919668868,1.8566389398788463,-1.4561590514724003,-1.2057402423875408e-11,0.7267110502039484,-3.3686590173396977,-0.8427326648622561,-6.221495694317033e-12
0.8583333333333333,1,896,-0.3229103362571185,-4.045326311139509e-12,2.1183910238751724,2.263341136418158,-0.7842154258082414,-2.987975265982167e-12,-2.1228645678030684,1.8622303162573781,-1.0562050624648267,-1.2093713994020386e-11,1.1433777168706152,-3.378803930307057,-1.2593993315289227,-6.24023209120991e-12
0.8624999999999999,1,896,-0.25959375197826823,-4.05714364028289e-12,2.113591839578138,2.2699528767613675,-0.8872385619628236,-2.9967038293846204e-12,-2.1171707056576414,1.867670319583537,-1.414607576201342,-1.2129042515835726e-11,0.804611420749798,-3.3886741941830367,-0.9229819736805922,-6.2584612452709445e-12
0.8666666666666667,1,896,-0.19519937121960818,-4.068630116630112e-12,2.1097964216823013,2.2763795065137242,-0.8885543664580539,-3.0051880169578893e-12,-2.112901674609759,1.8729580177407577,-1.34404774708485,-1.2163381935961081e-11,1.118160068529649,-3.3982681177487324,-1.0167945858377272,-6.276180033028431e-12
0.8708333333333333,1,896,-0.09488447643982542,-4.0797837720325824e-12,2.106716157823841,2.282619924505304,-1.0248413053050083,-3.0134263749801084e-12,-2.1092003900198613,1.8780925047091817,-1.6860203038643715,-1.2196726370513592e-11,0.7467096917035745,-3.4075840571347307,-0.6419986606274856,-6.293385418459301e-12
0.875,1,896,-0.020349052306396893,-4.0906026953688705e-12,2.104252012895997,2.2886730614726094,-1.0260668082423356,-3.0214174918510436e-12,-2.092224154301074,1.8830729007209002,-1.6191444179238967,-1.222907010609606e-11,1.0544067622748015,-3.416620416102777,-0.7317915045509118,-6.310074453509337e-12
0.8791666666666667,1,896,0.09584714881794637,-4.101085032872156e-12,2.1022806307947977,2.294537880241784,-1.172531513482686,-3.0291599983339565e-12,-2.0739976028312532,1.8878983524106954,-1.9333018773128703,-1.2260407600775895e-11,0.6735803025826606,-3.425375646319281,-0.3212694722227179,-6.326244278598298e-12
0.8833333333333333,1,896,0.18532380063716802,-4.111228988447872e-12,2.0842956030348594,2.300213375906323,-1.0492135365770847,-3.0366525677902193e-12,-1.9396729357191143,1.8925680329622614,-1.5166352106462035,-1.229073348503471e-11,1.0902469692493273,-3.433848247620617,-0.7379361388893846,-6.341892123109897e-12
0.8875,1,896,0.29487909385356104,-4.1210328239814526e-12,2.1038475874829357,2.3056985759992616,-1.2281926849841722,-3.0438939164066287e-12,-1.9243496908125766,1.8970811422498757,-1.9333018773128703,-1.2320042562688359e-11,0.6735803025826607,-3.44203676827017,-0.3212694722227179,-6.357015305866533e-12
0.8916666666666666,1,896,0.36919165169847307,-4.1304948596361485e-12,2.1019570904643485,2.310992540659802,-1.1235255810802076,-3.0508828034153775e-12,-1.7848376506194024,1.9014369069754955,-1.5245496748839482,-1.2348329811777267e-11,1.0902469692493273,-3.44993980520708,-0.7379361388893846,-6.3716112355886955e-12
0.8958333333333334,1,896,0.4626687387321114,-4.139613474140861e-12,2.1004446928494787,2.3160943627943538,-1.2627984535022851,-3.0576180313066553e-12,-1.7801199476563516,1.905634580801258,-1.941216341550615,-1.2375590385426923e-11,0.7020371944964959,-3.4575560042866544,-0.3212694722227179,-6.385677411338964e-12
0.9,1,896,0.5153218986941244,-4.148387105067937e-12,2.099234869369485,2.3210031682319574,-1.2891713121954806,-3.0640984460338367e-12,-1.73782170670218,1.9096734444773638,-1.8156958845434912,-1.2401819612678377e-11,1.0175622432473053,-3.464884060512388,-0.4475592043793054,-6.399211422950541e-12
0.9041666666666667,1,896,0.5978157210358054,-4.156814249100886e-12,2.098266915973588,2.3257181158740723,-1.4548037549194968,-3.070322937211218e-12,-1.6881020934292592,1.9135528059653133,-2.2323625512101577,-1.242701299928856e-11,0.6481996474919544,-3.471922718259572,-0.039107440400358066,-6.412210951440207e-12
0.9083333333333333,1,896,0.6454139362135413,-4.164893462291958e-12,2.088356576061298,2.3302383978386922,-1.3818781815625194,-3.076290438304281e-12,-1.5638732297558466,1.9172720005564867,-1.815695884543491,-1.2451166228500378e-11,1.064866314158621,-3.4786707714904357,-0.4557741070670247,-6.4246737694056754e-12
0.9125,1,896,0.7223246132556906,-4.172623360309566e-12,2.1178303098673648,2.334563239598773,-1.5874586509787476,-3.081999926812434e-12,-1.5150044694088427,1.9208303909860374,-2.2323625512101577,-1.2474275161782344e-11,0.6481996474919544,-3.485127063960798,-0.039107440400358046,-6.43659774140725e-12
0.9166666666666666,1,896,0.7472541607423372,-4.18000261867548e-12,2.1131431824375864,2.338691900114944,-1.6045231893739085,-3.087450424444213e-12,-1.469075699099998,1.9242273675420838,-2.1184891976904923,-1.2496335839537705e-11,1.064866314158621,-3.491290489418181,-0.16582393220503336,-6.447980824333713e-12
0.9208333333333333,1,896,0.7995909313767582,-4.187029972991765e-12,2.109393566428069,2.34262367196248,-1.7566956609868862,-3.092640997284909e-12,-1.3612885880655303,1.9274623481701811,-2.4972649462711085,-1.2517344481782899e-11,0.7103052824308093,-3.4971599917913623,0.22268010661491758,-6.458821067752403e-12
0.9249999999999999,1,896,0.8192648689647388,-4.1937042191574365e-12,2.0906128734409157,2.346357881452515,-1.706561877958354,-3.0975707559565863e-12,-1.2263958563794135,1.930534778573052,-2.080598279604442,-1.2537297488795226e-11,1.126971949097476,-3.5027345653713255,-0.19398656005174908,-6.469116614243417e-12
0.9291666666666667,1,896,0.8658897201767324,-4.200024213574774e-12,2.105384793035698,2.349893888747477,-1.9070488523997058,-3.1022388557704746e-12,-1.129328470221058,1.933444132305564,-2.4972649462711085,-1.2556191441729656e-11,0.7103052824308093,-3.5080132549835863,0.22268010661491758,-6.478865699717865e-12
0.9333333333333333,1,896,0.8759421991295123,-4.2059888733452685e-12,2.0981708534068138,2.3532310879707206,-1.8846097677247502,-3.1066444968717034e-12,-1.0117806794426758,1.9361899108649328,-2.080598279604442,-1.2574023103204621e-11,1.126971949097476,-3.5129951561518546,-0.19398656005174908,-6.488066653720142e-12
0.9375,1,896,0.9220398639679306,-4.211597176455175e-12,2.097415703203451,2.356368907310337,-2.0542805662694774,-3.110786924376349e-12,-0.9436434924925262,1.9387716437761366,-2.4972649462711085,-1.2590789417856721e-11,0.7178304714452541,-3.5176794152530118,0.2188946639260679,-6.496717899714143e-12
0.9416666666666667,1,896,0.925508997913785,-4.216848161950627e-12,2.088403258854766,2.359306809117137,-2.041737229007815,-3.114665428500785e-12,-0.835913422583637,1.9411888886725328,-2.080598279604442,-1.2606487512864257e-11,1.1344971381119209,-3.5220652296633754,-0.19777200274059875,-6.504817955353404e-12
0.9458333333333333,1,896,0.9766282879913558,-4.2217409301022934e-12,2.0771810435386557,2.36204428999677,-2.172735289968437,-3.1182793446832953e-12,-0.7911296501453661,1.9434412313716523,-2.4972649462711085,-1.2621114698439462e-11,0.7178304714452542,-3.5261518478962253,0.2188946639260679,-6.5123654327350926e-12
0.95,1,896,0.9697171888436779,-4.226274642559537e-12,2.070353346907366,2.3645808808959803,-2.1835545386503394,-3.121628053697947e-12,-0.688854667405373,1.945528285946168,-2.080598279604442,-1.2634668468289388e-11,1.1344971381119209,-3.529938569730564,-0.19777200274059875,-6.519359038637812e-12
0.9541666666666666,1,896,1.0304867572745762,-4.230448522494069e-12,2.044578477745957,2.366916147182975,-2.2334999195340512,-3.124710981760689e-12,-0.6577857864133914,1.9474496947900233,-2.4972649462711085,-1.2647146500045345e-11,0.7178304714452542,-3.5334247463311,0.2188946639260679,-6.525797574743194e-12
0.9583333333333334,1,896,1.0050671089393335,-4.234261854733051e-12,2.04584905326417,2.3690496887218986,-2.314957197639622,-3.1275276006276697e-12,-0.5500053963056747,1.9492051286797045,-2.080598279604442,-1.2658546655660834e-11,1.1344971381119209,-3.53660978035942,-0.19777200274059875,-6.531679937841224e-12
0.9625,1,896,1.0846111033217987,-4.237713985881633e-12,2.004958768020742,2.3709811399413914,-2.214388230878836,-3.1300774276857456e-12,-0.5273371535145642,1.9507942868306511,-2.4972649462711085,-1.2668866981777874e-11,0.7178304714452542,-3.539493126076339,0.2188946639260679,-6.537005120019267e-12
0.9666666666666667,1,896,1.0348599091810218,-4.240804324434915e-12,2.0313078625664316,2.3727101698972297,-2.477723136308099,-3.1323600260351768e-12,-0.41416226423207925,1.9522168969487947,-2.080598279604442,-1.2678105710061712e-11,1.1344971381119209,-3.5420742894354125,-0.19777200274059875,-6.54177220883477e-12
0.9708333333333333,1,896,1.1623593526816811,-4.243532340879295e-12,1.9840227626310207,2.3742364823290325,-2.0610564696414326,-3.134375004564487e-12,-0.41347711829580786,1.953472715277216,-2.4972649462711085,-1.2686261257503824e-11,0.7178304714452542,-3.5443528281675865,0.2188946639260679,-6.545980387471606e-12
0.975,1,896,1.102299613871844,-4.2458975677832e-12,2.0810709697430645,2.375559815711022,-2.477723136308099,-3.136122018017479e-12,-0.3223293332923419,1.954561526637909,-2.080598279604442,-1.2693332226693137e-11,1.1344971381119209,-3.5463283518569795,-0.19777200274059875,-6.549628934880031e-12
0.9791666666666666,1,896,1.2624743544108945,-4.247899599877174e-12,2.073161700876865,2.3766799432968346,-2.0687728361496864,-3.1376007670523904e-12,-0.400632016934664,1.955483144468652,-2.3865989998422856,-1.2699317406055481e-11,0.8132158385922905,-3.548000522007777,0.138766220468612,-6.552717225900226e-12
0.9833333333333333,1,896,1.2659188676345894,-4.249538094123327e-12,2.1537089018570352,2.377596673158376,-2.485439502816353,-3.138810998293187e-12,-0.4277435233122505,1.9562374108549745,-2.2339698273732185,-1.2704215770061186e-11,1.2298825052589573,-3.549369052102232,0.0410168431277193,-6.5552447313694266e-12
0.9874999999999999,1,896,1.3794338978669423,-4.250812769774104e-12,2.1478197527641805,2.3783098482187044,-2.1792419329317725,-3.1397525043729768e-12,-0.5070453096137316,1.9568241965572144,-2.4754289054442995,-1.2708026479400797e-11,0.9723791945911245,-3.5504337076497587,0.45768350979438593,-6.557211018212581e-12
0.9916666666666667,1,896,1.3312696312791952,-4.251723408420392e-12,2.1478196930240054,2.378819346278943,-2.418646715158644,-3.1404251239695383e-12,-0.40791155774195004,1.9572434010326618,-2.3486865136651094,-1.2710748881128884e-11,1.0335112501057333,-3.551194306227109,0.250789709058612,-6.55861574951656e-12
0.9958333333333333,1,896,1.3862147464872503,-4.25226985402895e-12,2.103150310327367,2.379125080039223,-2.202462378423617,-3.1408287418329673e-12,-0.40241158962369633,1.9574949524527885,-2.572704336462371,-1.2712382508775929e-11,0.7822621734254795,-3.551650717509633,0.6674563757252786,-6.559458684587888e-12
1.0,1,896,1.3075047235099255,-4.2524520129691355e-12,2.1013992874062684,2.3792269971136384,-2.5307149210213495,-3.140963288805421e-12,-0.28111748795910585,1.9575788077155531,-2.2792508067296047,-1.271292708242824e-11,0.8785274947112921,-3.5518028632936067,0.33212791367248495,-6.559739678993979e-12
1.0041666666666667,1,896,1.4091057235108233,-4.252927646510859e-12,2.0288999093097257,2.37927188700798,-2.114048254354683,-3.1417694764062817e-12,-0.23593419974969887,1.957610541968836,-2.695917473396271,-1.271268198677075e-11,0.4618608280446254,-3.5518127906603825,0.7487945803391516,-6.55946192874713e-12
1.0083333333333333,1,896,1.3643332924176947,-4.25435422116056e-12,2.0828674703353345,2.379406525925713,-2.5307149210213495,-3.1441874866881532e-12,-0.28637047283659833,1.957705722979613,-2.2792508067296047,-1.27119468677746e-11,0.8785274947112921,-3.5518425659569886,0.3321279136724849,-6.5586288683627275e-12
1.0125,1,896,1.4892353918391286,-4.2567307592152305e-12,2.0136604623573917,2.3796308215920496,-2.114048254354683,-3.1482156624675695e-12,-0.24862028074759643,1.957864285515574,-2.695917473396271,-1.2710722229253634e-11,0.4618608280446254,-3.5518921687769236,0.7487945803391516,-6.557241068778746e-12
1.0166666666666666,1,896,1.4609184789998777,-4.2600556319144e-12,2.072730954154411,2.379944620285943,-2.5307149210213495,-3.1538512430340635e-12,-0.3020017866212998,1.9580861209058762,-2.2792508067296047,-1.2709008910513918e-11,0.8785274947112921,-3.5519615651248926,0.3321279136724849,-6.555299481123701e-12
1.0208333333333333,1,896,1.6006343003194283,-4.264326560556401e-12,2.0072617579998258,2.3803477069454435,-2.114048254354683,-3.1610903660422192e-12,-0.26621673697131853,1.958371077115625,-2.695917473396271,-1.2706808085778536e-11,0.4618608280446254,-3.5520507074401055,0.7487945803391516,-6.552805436064784e-12
1.025,1,896,1.56304350794523,-4.269540618060081e-12,2.029974413302427,2.3808398053150888,-2.486914474943869,-3.169928070158729e-12,-0.240337736314624,1.9587189588500677,-2.41968056259282,-1.2704121263382826e-11,0.8785274947112921,-3.552159534628872,0.42821139322068014,-6.549760642895899e-12
1.0291666666666666,1,896,1.6491708242452146,-4.275694230970873e-12,1.9440317727869236,2.3814205781352373,-2.0787089610978793,-3.1803582984626435e-12,-0.10732591155813306,1.9591295276884406,-2.744603132720892,-1.270095028474065e-11,0.48047455088546126,-3.552287972106473,0.514388096318686,-6.546167188366193e-12
1.0333333333333332,1,896,1.657580866526145,-4.282783181909869e-12,1.9661550870721538,2.382089627373209,-2.495375627764546,-3.1923739025964855e-12,-0.12419112567197478,1.9596025022473704,-2.3680417960547615,-1.2697297323082374e-11,0.897141217552128,-3.5524359318482768,0.1524976501471853,-6.542027535249904e-12
1.0375,1,896,1.7639165086713888,-4.290802612464197e-12,1.8830691370279473,2.3828464944960754,-2.07969032054387,-3.2059666476653752e-12,0.02772886639183111,1.96013755837372,-2.7708569478483467,-1.2693164881965451e-11,0.48047455088546126,-3.5526033124500667,0.45018224494153425,-6.537344520658498e-12
1.0416666666666667,1,896,1.8258578083443187,-4.2997470265167334e-12,1.8501619788829426,2.3836906607849166,-2.4963569872105364,-3.2211272178808136e-12,0.03469965437623105,1.9607343293667467,-2.35419028118168,-1.2688555793558603e-11,0.897141217552128,-3.55278999919754,0.03351557827486759,-6.532121354096252e-12
1.0458333333333334,1,896,1.9040625444008685,-4.30961029401287e-12,1.7718544512543615,2.384621547690326,-2.07969032054387,-3.2378452229452636e-12,0.2280510486033036,1.9613924062294217,-2.7708569478483467,-1.2683473216700791e-11,0.48047455088546126,-3.552995864144925,0.45018224494153425,-6.5263616152606274e-12
1.05,1,896,2.0330952219040577,-4.3203856551617474e-12,1.6414829156716613,2.3856385172289167,-2.4963569872105364,-3.256109205173136e-12,0.2207869583185532,1.9621113379487347,-2.35419028118168,-1.2677920634736317e-11,0.897141217552128,-3.5532207662026694,0.03351557827486759,-6.5200692515889155e-12
1.0541666666666667,1,896,2.052692636185668,-4.332065725069074e-12,1.553175142295504,2.386740872420566,-2.07969032054387,-3.2759066473433192e-12,0.4383519975865646,1.9628906318047972,-2.7708569478483467,-1.2671901853127501e-11,0.48047455088546126,-3.5534645512341374,0.45018224494153425,-6.513248575552866e-12
1.0583333333333333,1,896,2.190412882631756,-4.344642498798369e-12,1.3618920302643716,2.3879278577660896,-2.4963569872105364,-3.2972239812778536e-12,0.40903966055423807,1.963729753708526,-2.35419028118168,-1.2665420996846611e-11,0.897141217552128,-3.5537270521612454,0.03351557827486759,-6.505904261703135e-12
1.0625,1,896,2.1464393865913376,-4.358107356857142e-12,1.2783930572838937,2.389198659765023,-2.07969032054387,-3.3200465971408848e-12,0.6124301887245651,1.9646281285676843,-2.7708569478483467,-1.2658482507548817e-11,0.48047455088546126,-3.5540080890789705,0.45018224494153425,-6.4980413434655765e-12
1.0666666666666667,1,896,2.2450596236378617,-4.3724510711042635e-12,1.0768589846688885,2.390552407473154,-2.4963569872105364,-3.344358853451515e-12,0.5698423463410354,1.9655851406810179,-2.35419028118168,-1.26510911405281e-11,0.897141217552128,-3.554307469378647,0.03351557827486759,-6.489665209691591e-12
1.0708333333333333,1,896,2.1130442881520737,-4.387663811074473e-12,1.0042563402776752,2.391988173099424,-2.07969032054387,-3.3701440878036948e-12,0.7789828320625475,1.9666001341602282,-2.7708569478483467,-1.2643251961458205e-11,0.48047455088546126,-3.5546249878799725,0.45018224494153425,-6.4807816009648685e-12
1.075,1,896,2.1443423190201933,-4.403735150715689e-12,0.8196425049921254,2.393504972641792,-2.4963569872105364,-3.397384628285799e-12,0.7258903908177642,1.9676724133794845,-2.35419028118168,-1.2634970342920895e-11,0.897141217552128,-3.554960426971626,0.03351557827486759,-6.471396605667085e-12
1.0791666666666666,1,896,1.877716055941648,-4.420654075534503e-12,0.7716340613750313,2.3951017665616163,-2.07969032054387,-3.4260618055920765e-12,0.9366524313817413,1.968801243452172,-2.7708569478483467,-1.2626251960723838e-11,0.48047455088546126,-3.55531355676041,0.45018224494153425,-6.461516655805226e-12
1.0833333333333333,1,896,1.8057310673713618,-4.438408990144962e-12,0.634072090689768,2.396777460496107,-2.4963569872105364,-3.4561559658176593e-12,0.8538727227129678,1.9699858507345445,-2.35419028118168,-1.2617102790010698e-11,0.897141217552128,-3.5556841352288067,0.03351557827486759,-6.451148522603412e-12
1.0875,1,896,1.389064400704695,-4.45698772621547e-12,0.6522865333491195,2.3985309060083435,-2.07969032054387,-3.4876464839283654e-12,1.0119515011778695,1.9712254233559436,-2.7708569478483467,-1.260752910116607e-11,0.48047455088546126,-3.556071908400844,0.45018224494153425,-6.440299311862242e-12
1.0916666666666666,1,896,1.2671944579721437,-4.476377550808355e-12,0.6179143593244331,2.4003609013743583,-2.4963569872105364,-3.5205117778960677e-12,0.827827726133465,1.9725191117752126,-2.35419028118168,-1.2597537455518074e-11,0.897141217552128,-3.55647661051616,0.03351557827486759,-6.428976459088824e-12
1.0958333333333332,1,896,0.8505277913054771,-4.496565175106382e-12,0.7466081834118439,2.402266192406738,-2.07969032054387,-3.5547293234899395e-12,0.880111093507739,1.9738660293629298,-2.7708569478483467,-1.2587134700841542e-11,0.48047455088546126,-3.5568979642121397,0.45018224494153425,-6.4171877244008635e-12
1.1,1,896,0.8056485422686189,-4.5175367635202525e-12,0.8122261387608687,2.4042454733141807,-2.4963569872105364,-3.590275669713437e-12,0.5703296200148046,1.9752652530090609,-2.35419028118168,-1.25763279666649e-11,0.897141217552128,-3.5573356807140075,0.03351557827486759,-6.404941187208252e-12
1.1041666666666667,1,896,0.42905666424157296,-4.5392779431708215e-12,0.9871985503065094,2.4062973875964193,-2.07969032054387,-3.6271264548764338e-12,0.6239166539286798,1.9767158237556115,-2.7708569478483467,-1.2565124659383944e-11,0.48047455088546126,-3.5577894600327373,0.45018224494153425,-6.3922452406758566e-12
1.1083333333333334,1,896,0.36094223245676776,-4.561773813739552e-12,1.0738891192565143,2.4084205289739002,-2.4963569872105364,-3.6652564232915195e-12,0.28937792046214383,1.9782167474538495,-2.35419028118168,-1.2553532457185868e-11,0.897141217552128,-3.558258991170651,0.03351557827486759,-6.379108585971251e-12
1.1125,1,896,0.04108349242800852,-4.585008957680452e-12,1.2146256674743015,2.410613442351577,-2.07969032054387,-3.704639442582977e-12,0.38475865651874525,1.9797669954456452,-2.7708569478483467,-1.2541559304787013e-11,0.48047455088546126,-3.5587439523345594,0.45018224494153425,-6.365540226301381e-12
1.1166666666666667,1,896,-0.08491292283978692,-4.608967450786483e-12,1.2629300033801314,2.412874624816158,-2.4963569872105364,-3.745248521596609e-12,0.15530527981325976,1.9813655052684611,-2.35419028118168,-1.2529213407987963e-11,0.897141217552128,-3.559244011156306,0.03351557827486759,-6.351549460742208e-12
1.1208333333333333,1,896,-0.35146781092051627,-4.633632873103226e-12,1.324564715774238,2.4152025266661314,-2.07969032054387,-3.78705582889813e-12,0.2826775128539419,1.9830111813835125,-2.7708569478483467,-1.2516503228049693e-11,0.48047455088546126,-3.5597588249205527,0.45018224494153425,-6.337145877865594e-12
1.125,1,896,-0.4955446887530807,-4.6589883201822884e-12,1.315125068680395,2.417595552473851,-2.4963569872105364,-3.830032711847434e-12,0.13986498791691884,1.9847028959265933,-2.35419028118168,-1.2503437475894643e-11,0.897141217552128,-3.560288040799661,0.03351557827486759,-6.322339349167765e-12
1.1291666666666667,1,896,-0.7387785529486977,-4.6850164146667775e-12,1.318583193265026,2.4200520621789616,-2.07969032054387,-3.874149716235693e-12,0.2830272310062185,1.9864394894810589,-2.7708569478483467,-1.2490025106136692e-11,0.48047455088546126,-3.560831296095502,0.45018224494153425,-6.30714002230389e-12
1.1333333333333333,1,896,-0.8692745845068126,-4.711699318200863e-12,1.2544680101237324,2.422570372212417,-2.4963569872105364,-3.919376606471793e-12,0.15801203065683195,1.9882197718724315,-2.35419028118168,-1.2476275310944109e-11,0.897141217552128,-3.5613882184880326,0.03351557827486759,-6.291558314133378e-12
1.1375,1,896,-1.10927253811643,-4.739018743655306e-12,1.2155459263342898,2.4251487566503127,-2.07969032054387,-3.965682386304299e-12,0.304693365369397,1.9900425229840872,-2.7708569478483467,-1.2462197513739703e-11,0.48047455088546126,-3.5619584262904636,0.45018224494153425,-6.275604903580685e-12
1.1416666666666666,1,896,-1.2279319033885878,-4.7669559676605345e-12,1.1088333444949423,2.4277854483967483,-2.4963569872105364,-4.0130353200647385e-12,0.16442585130586673,1.991906493593463,-2.35419028118168,-1.2447801362742474e-11,0.897141217552128,-3.5625415287108493,0.03351557827486759,-6.259290724316512e-12
1.1458333333333333,1,896,-1.481387089697208,-4.795491843438711e-12,1.0349075615934702,2.430478640394906,-2.07969032054387,-4.061402954417646e-12,0.30440547060161427,1.99381040622821,-2.7708569478483467,-1.2433096724355212e-11,0.48047455088546126,-3.5631371261199183,0.45018224494153425,-6.242626957264417e-12
1.15,1,896,-1.603037120227158,-4.824606813925977e-12,0.904240016143934,2.433226486865519,-2.4963569872105364,-4.110752140602451e-12,0.12523484016101244,1.9957529560417113,-2.35419028118168,-1.2418093676402557e-11,0.897141217552128,-3.5637448103249563,0.03351557827486759,-6.225625022937963e-12
1.1541666666666666,1,896,-1.8843807689116827,-4.854280925175883e-12,0.7936280470099264,2.436027104571873,-2.07969032054387,-4.16104905715199e-12,0.24990429593970082,1.9977328117073572,-2.7708569478483467,-1.2402802501224154e-11,0.48047455088546126,-3.5643641648495645,0.45018224494153425,-6.208296573613671e-12
1.1583333333333332,1,896,-2.0316166789011847,-4.884493840034836e-12,0.6613537503211182,2.438878574110488,-2.4963569872105364,-4.212259233072047e-12,0.009803002753595825,1.9997486163309703,-2.35419028118168,-1.238723367862766e-11,0.897141217552128,-3.564994765219088,0.03351557827486759,-6.190653485345134e-12
1.1625,1,896,-2.3465921451130347,-4.915224852080161e-12,0.4960964442213794,2.4417789412265747,-2.07969032054387,-4.264347571466056e-12,0.11440164907517368,2.0017989883807537,-2.7708569478483467,-1.2371397878706404e-11,0.48047455088546126,-3.565636179251534,0.45018224494153425,-6.172707849823758e-12
1.1666666666666667,1,896,-2.5553792613943997,-4.9464528998112476e-12,0.4016963702544564,2.444726218153389,-2.4963569872105364,-4.3172783735887445e-12,-0.2456119512260237,2.003882522634122,-2.35419028118168,-1.2355305954526634e-11,0.897141217552128,-3.5662879673537637,0.03351557827486759,-6.154471966091727e-12
1.1708333333333334,1,896,-2.944169374263625,-4.978156581084057e-12,0.1751115504337135,2.4477183849745443,-2.07969032054387,-4.371015363312294e-12,-0.20498944166236222,2.0059977911407736,-2.7708569478483467,-1.2338968934689374e-11,0.48047455088546126,-3.5669496828227687,0.45018224494153425,-6.135958332112845e-12
1.175,1,896,-3.058668582126121,-5.010314167779081e-12,0.23117484848191971,2.4507533910083645,-2.4963569872105364,-4.425521711988171e-12,-0.6216561083290288,2.0081433442013337,-2.35419028118168,-1.232239801577197e-11,0.897141217552128,-3.5676208721518208,0.03351557827486759,-6.117179636207068e-12
1.1791666666666667,1,896,-3.058668582126121,-5.0429036206927045e-12,0.1241673169440474,2.4538291562133154,-2.228818651317593,-4.480760063687645e-12,-0.7581782459299675,2.0103177113609076,-2.7708569478483467,-1.2305604554654508e-11,0.5206982382933566,-3.56830107534128,0.45018224494153425,-6.09814874835455e-12
1.1833333333333333,1,896,-2.9745325128834907,-5.0759026046417815e-12,0.0716877676243974,2.456943572613563,-2.18389232372256,-4.536692560803678e-12,-1.0704932327261236,2.0125194024168556,-2.35419028118168,-1.2288600060736389e-11,0.9373649049600232,-3.5689898262138566,0.03351557827486759,-6.078878711375213e-12
1.1875,1,896,-2.973037955984793,-5.109288503771047e-12,-0.011265136683680569,2.460094505743676,-2.3187366037553336,-4.593280869996639e-12,-1.1774973779625653,2.014746908440106,-2.7708569478483467,-1.227139618804835e-11,0.5207565984713017,-3.569686652734108,0.45017498377575604,-6.059382731989842e-12
1.1916666666666667,1,896,-2.9718423104658345,-5.143038437052903e-12,-0.1237976741762961,2.4632797961114794,-2.223212259430504,-4.6504862084660556e-12,-1.3051886716600594,2.0169987028092957,-2.35419028118168,-1.225400472726538e-11,0.9363313754705148,-3.570391077331943,0.0349610470826461,-6.0396741717688615e-12
1.1958333333333333,1,896,-2.787741291005592,-5.177129273968924e-12,-0.19837200367460056,2.466497260678064,-2.636945624425474,-4.7082693705304105e-12,-1.3003703153277837,2.019273242257044,-2.7708569478483467,-1.2236437597625975e-11,0.5196647088038482,-3.57110261722993,0.45162771374931276,-6.019766537974984e-12
1.2,1,896,-3.2044079576722586,-5.211537650362364e-12,-0.3474130716282814,2.469744694353931,-2.2202789577588073,-4.766590754496758e-12,-1.3683017120358856,2.02156896792763,-2.35419028118168,-1.2218706838763293e-11,0.9363313754705148,-3.5718207847741645,0.03496104708264611,-5.999673474306001e-12
1.2041666666666666,1,896,-2.9136197057176854,-5.246239984450777e-12,-0.4318380732567291,2.4730198715102527,-2.636945624425474,-4.825410389801747e-12,-1.218728350901538,2.023884306445352,-2.7708569478483467,-1.220082460245379e-11,0.5196647088038482,-3.5725450877684852,0.45162771374931276,-5.979408751544082e-12
1.2083333333333333,1,896,-2.9926627420849656,-5.281212492987802e-12,-0.5905783415502016,2.4763205475042045,-2.294060982204395,-4.884687964405444e-12,-1.205023163273005,2.0262176709928443,-2.35419028118168,-1.2182803144288988e-11,0.9363313754705148,-3.5732750298117995,0.03496104708264611,-5.958986258117962e-12
1.2125,1,896,-2.8786952068306992,-5.316431207563002e-12,-0.6735862927434386,2.479644460217333,-2.5818650653344966,-4.944382852419199e-12,-1.1076902943928695,2.0285674623986,-2.7708569478483467,-1.2164654815276128e-11,0.5196647088038482,-3.5740101106382927,0.45162771374931276,-5.9384199905845085e-12
1.2166666666666666,1,896,-2.839652094514061,-5.3518719910286215e-12,-0.789644337138277,2.4829893316058977,-2.5168073505592963,-5.004454141948592e-12,-1.1129577256256846,2.0309320702329643,-2.35419028118168,-1.2146392053373383e-11,0.9363313754705148,-3.5747498264602835,0.03496104708264611,-5.917724044036182e-12
1.2208333333333332,1,896,-2.7891463388823894,-5.38751055404198e-12,-0.8757442331671106,2.486352869262128,-2.7391127433639393,-5.064860663132407e-12,-1.0210981710562732,2.033309873911843,-2.7708569478483467,-1.2128027374965516e-11,0.5196647088038482,-3.5754936703134983,0.45162771374931276,-5.896912602440961e-12
1.225,1,896,-2.753521229558587,-5.423322471712176e-12,-0.9784553846029808,2.4897327679853287,-2.720345630282971,-5.125561016358402e-12,-1.019690797061899,2.0356992438073673,-2.35419028118168,-1.2109573366285771e-11,0.9363313754705148,-3.576241132404515,0.03496104708264611,-5.8759999289213575e-12
1.2291666666666667,1,896,-2.7262739958365305,-5.45928320033968e-12,-1.0613091185553003,2.4931267113617426,-2.9229451806636826,-5.186513600636519e-12,-0.9287743946884192,2.0380985423647635,-2.7708569478483467,-1.2091042674789901e-11,0.5196647088038482,-3.5769917004601535,0.45162771374931276,-5.855000355979194e-12
1.2333333333333334,1,896,-2.6963842556191193,-5.49536809423737e-12,-1.156396291893484,2.496532373352112,-2.9252353862354057,-5.247676642110147e-12,-0.9292274641907542,2.0405061252246477,-2.35419028118168,-1.2072448000488227e-11,0.9363313754705148,-3.57774486007856,0.03496104708264611,-5.833928275672812e-12
1.2375,1,896,-2.687499021597832,-5.53155242262145e-12,-1.235376638545872,2.499947419885825,-3.1005074632479683,-5.309008222685821e-12,-0.8445370478382442,2.0429203423499893,-2.7708569478483467,-1.2053802087241691e-11,0.5196647088038482,-3.578500095081753,0.45162771374931276,-5.81279812975348e-12
1.2416666666666667,1,896,-2.6658291286537232,-5.567811386560693e-12,-1.325199064186905,2.503369510460572,-3.1005074632479683,-5.370466308761797e-12,-0.8504281631999995,2.045339539156963,-2.3634439715887936,-1.203511771402785e-11,0.9363313754705148,-3.579256887869387,0.03496104708264611,-5.791624399767735e-12
1.2458333333333333,1,896,-2.709183028079386,-5.604120135972391e-12,-1.3993977719017945,2.5067962997464117,-3.1005074632479683,-5.4320087800357775e-12,-0.7698218452793649,2.047762057648919,-2.78011063825546,-1.2016407686182796e-11,0.5932680027115735,-3.580014719773487,0.3892148924394764,-5.770421597132459e-12
1.25,1,896,-2.6896302849415332,-5.640453786653358e-12,-1.479973755656161,2.510225439193139,-3.1005074632479683,-5.4935934583720664e-12,-0.7375914021778107,2.050186237552691,-2.3939305011477803,-1.1997684826625028e-11,1.0099346693782403,-3.5807730714139203,-0.027451774227190282,-5.749204253189475e-12
1.2541666666666667,1,896,-2.7291829963808016,-5.676787437334327e-12,-1.5396313687497996,2.513654578639866,-3.1005074632479683,-5.555178136708355e-12,-0.6406454080958038,2.0526104174564623,-2.810597167814447,-1.197896196706726e-11,0.6420905331003351,-3.5815314230543542,0.34337930964914987,-5.72798690924649e-12
1.2583333333333333,1,896,-2.7056403748546445,-5.713096186746024e-12,-1.6025024800025225,2.5170813679257056,-3.1005074632479683,-5.616720607982335e-12,-0.6109053598033245,2.0550329359484185,-2.471524351354163,-1.1960251939222207e-11,1.0587571997670018,-3.582289254958454,-0.07328735701751679,-5.706784106611215e-12
1.2625,1,896,-2.73364750266841,-5.749355150685267e-12,-1.652841832915035,2.520503458500453,-3.1005074632479683,-5.678178694058311e-12,-0.4922645297222129,2.0574521327553925,-2.8881910180208297,-1.1941567566008365e-11,0.6643035372317064,-3.583046047746088,0.3183415717322673,-5.68561037662547e-12
1.2666666666666666,1,896,-2.7005331182024763,-5.785539479069347e-12,-1.6975992453741715,2.5239185050341657,-3.1005074632479683,-5.739510274633986e-12,-0.4861765789764667,2.0598663498807337,-2.66423135788314,-1.192292165276183e-11,1.080970203898373,-3.583801282749281,-0.09832509493439937,-5.664480230706137e-12
1.2708333333333333,1,896,-2.7038935161079687,-5.821624372967038e-12,-1.7557859529610673,2.527324167024535,-3.1005074632479683,-5.800673316107613e-12,-0.3018862919345906,2.062273932740618,-3.0808980245498065,-1.1904326978460155e-11,0.675604575636991,-3.5845544423676876,0.29834819998208756,-5.643408150399755e-12
1.275,1,896,-2.642894025794602,-5.857585101594541e-12,-1.778484213046432,2.530718110400949,-3.1005074632479683,-5.861625900385731e-12,-0.34810369554506243,2.064673231298014,-3.048898172637555,-1.1885796286964285e-11,1.0915900876726454,-3.585305010423326,-0.1183184666845791,-5.622408577457592e-12
1.2791666666666666,1,896,-2.5848470633768614,-5.893397019264734e-12,-1.8685094132477147,2.534098009124149,-3.1005074632479683,-5.922326253611722e-12,-0.05361063008820307,2.0670626011935385,-3.0488991590754293,-1.1867342278284542e-11,0.6872606601569129,-3.586052472514343,0.04082543964840005,-5.60149590393799e-12
1.2833333333333332,1,896,-2.5145259955275154,-5.929035582278093e-12,-1.8649642548358822,2.53746154678038,-3.098613682550382,-5.982732774795538e-12,-0.08852723754563543,2.069440404872417,-2.632232492408763,-1.1848977599876675e-11,1.1039273268235796,-3.586796316367557,-0.3758412270182666,-5.580684462342768e-12
1.2875,1,896,-2.520535087444202,-5.9644763657437144e-12,-1.9093205107154736,2.5408064181689447,-2.6819470158837153,-6.042804064324934e-12,0.1444472657030597,2.0718050127067817,-3.0488991590754293,-1.1830714837973928e-11,0.687260660156913,-3.5875360321895484,0.04082543964840005,-5.559988515794441e-12
1.2916666666666667,1,896,-2.5647147222512694,-5.999695080318915e-12,-1.9016819163321712,2.5441303308820733,-3.098613682550382,-6.1024989523386885e-12,0.05939203120623693,2.0741548041125375,-2.632232492408763,-1.1812566508961068e-11,1.1039273268235796,-3.5882711130160416,-0.3758412270182666,-5.539422248260987e-12
1.2958333333333334,1,896,-2.5755775437916815,-6.03466758885594e-12,-1.9583251740693008,2.547431006876025,-2.6819470158837153,-6.161776526942386e-12,0.31512880463818216,2.07648816866003,-3.0488991590754293,-1.1794545050796267e-11,0.687260660156913,-3.589001055059356,0.04082543964840005,-5.5189997548348675e-12
1.3,1,896,-2.7277093747380508,-6.069369922944353e-12,-1.9915232023368534,2.5507061840323466,-3.098613682550382,-6.220596162247374e-12,0.24064868749197837,2.078803507177752,-2.632232492408763,-1.1776662814486763e-11,1.1039273268235796,-3.5897253580536765,-0.3758412270182666,-5.498735032072948e-12
1.3041666666666667,1,896,-2.703990147521693,-6.103778299337792e-12,-2.071227794406523,2.553953617708214,-2.6819470158837153,-6.278917546213723e-12,0.5105423798050459,2.0810992328483375,-3.0488991590754293,-1.175893205562408e-11,0.687260660156913,-3.590443525597911,0.04082543964840005,-5.478641968403965e-12
1.3083333333333333,1,896,-2.8867742197197717,-6.1378691362538135e-12,-2.1381945755442584,2.5571710822747984,-3.098613682550382,-6.336700708278077e-12,0.4463971159200896,2.083373772296086,-2.632232492408763,-1.1741364925984676e-11,1.1039273268235796,-3.591155065495898,-0.3758412270182666,-5.458734334610088e-12
1.3125,1,896,-2.7893176633538985,-6.171619069535669e-12,-2.1381945755442584,2.5603563726426017,-2.6819470158837153,-6.393906046747493e-12,0.5070011634922922,2.085625566665276,-3.0488991590754293,-1.1723973465201706e-11,0.8287085695178167,-3.591859490093733,0.04082543964840005,-5.439025774389108e-12
1.3166666666666667,1,896,-2.910878306262886,-6.2050049686649355e-12,-2.1381945755442584,2.5635073057727147,-3.0207972781045584,-6.4504943559404545e-12,0.362083433636538,2.087853072688526,-2.7281976073511283,-1.1706769592513667e-11,1.2453752361844834,-3.5925563166139844,-0.3491856686138309,-5.419529795003736e-12
1.3208333333333333,1,896,-2.7943594621428094,-6.2380039526140124e-12,-2.1381945755442584,2.5666217221729624,-2.604130611437892,-6.506426853056488e-12,0.4936323576824883,2.090054763744474,-3.144864274017795,-1.1689765098595548e-11,0.928690273022024,-3.5932450674865613,0.06748099805283578,-5.400259758024399e-12
1.325,1,896,-2.887914487440069,-6.270593405527636e-12,-2.138194568002502,2.5696974873779133,-2.935133836575156,-6.561665204755962e-12,0.4203160848812489,2.0922291309040477,-2.8505111816166884,-1.1672971637478088e-11,0.944519036062468,-3.5939252706760203,-0.3198380486259789,-5.381228870171882e-12
1.3291666666666666,1,896,-2.762339389470748,-6.302750992222659e-12,-2.130783058861934,2.5727324934117335,-2.5184671699084893,-6.616171553431839e-12,0.5680815905365637,2.0943746839646082,-3.267177848283355,-1.1656400718560682e-11,0.5278523693958014,-3.5945964600050724,0.09682861804068774,-5.362450174266104e-12
1.3333333333333333,1,896,-2.8660985548057516,-6.334454673495469e-12,-2.123505467567547,2.575724660232889,-2.8431548904617823,-6.6699085431553876e-12,0.34066135346718224,2.0964899524712597,-2.9588854821595967,-1.1640063698723422e-11,0.944519036062468,-3.5952581754740773,-0.2998753268825657,-5.343936540287223e-12
1.3375,1,896,-2.7251757692571252,-6.365682721226555e-12,-2.1176833945320377,2.578671937159703,-2.4264882237951158,-6.722839345278076e-12,0.5586213565406649,2.098573486724628,-3.375552148826263,-1.1623971774543652e-11,0.6293429168951484,-3.595909963576307,0.11679133978410097,-5.325700656555191e-12
1.3416666666666666,1,896,-2.8097833607511933,-6.396413733271879e-12,-2.11302573610363,2.58157230427579,-2.7243296022447714,-6.774927683672082e-12,0.38998273195498706,2.1006238587744113,-3.0964194735188877,-1.1608135974622395e-11,1.046009583561815,-3.5965513776087525,-0.2781163066654787,-5.3077550210338155e-12
1.3458333333333332,1,896,-2.6699860742722574,-6.426626648130832e-12,-2.109299609362474,2.5844237738144042,-2.3902741365588014,-6.8261378595921405e-12,0.6762243482910477,2.1026396633980244,-3.0964194735188877,-1.1592567152025902e-11,0.7267602780849132,-3.5971819779782765,-0.05810904151893853,-5.290111932765279e-12
1.35,1,896,-2.651034491449151,-6.45630075938074e-12,-2.0807755310940594,2.587224391520759,-2.699078686221918,-6.876434776141681e-12,0.7249836738451779,2.1046195190636703,-2.679752806852221,-1.1577275976847499e-11,1.14342694475158,-3.597801332502885,-0.4747757081856052,-5.2727834834409864e-12
1.3541666666666667,1,896,-2.3894094120239036,-6.4854157298680056e-12,-1.9942821306707805,2.589972237991372,-2.2824120195552515,-6.925783962326487e-12,1.044057830011182,2.106562068877172,-3.0964194735188877,-1.1562272928894844e-11,0.7267602780849133,-3.598409016707923,-0.05810904151893856,-5.255781549114532e-12
1.3583333333333334,1,896,-2.350358649480267,-6.513951605646182e-12,-1.95302199872202,2.5926654299895295,-2.699078686221918,-6.9741515966793935e-12,1.0570105825039275,2.1084659815119187,-2.679752806852221,-1.1547568290507582e-11,1.14342694475158,-3.599004614116992,-0.4747757081856052,-5.239117782062437e-12
1.3625,1,896,-2.0979268157754114,-6.541888829651411e-12,-1.8086577800755008,2.595302121735965,-2.2824120195552515,-7.021504530439834e-12,1.2555539431043656,2.1103299521212944,-3.0964194735188877,-1.1533172139510353e-11,0.7267602780849133,-3.5995877165373775,-0.05810904151893856,-5.222803602798265e-12
1.3666666666666667,1,896,-2.0334050011913023,-6.569208255105853e-12,-1.7251802798820102,2.597880506173861,-2.5507448740813605,-7.06781031027234e-12,1.2593791868298148,2.11215270323295,-2.679752806852221,-1.1519094342305947e-11,1.14342694475158,-3.6001579243398085,-0.4747757081856052,-5.206850192245571e-12
1.3708333333333333,1,896,-1.8165083497458656,-6.59589115863994e-12,-1.5545234669814791,2.600398816207316,-2.251603040582805,-7.1130372005084396e-12,1.3940177666203173,2.1139329856243227,-3.0964194735188877,-1.1505344547113364e-11,0.7267602780849133,-3.600714846732339,-0.05810904151893856,-5.191268484075058e-12
1.375,1,896,-1.7307287710322727,-6.621919253124428e-12,-1.4593158413956566,2.6028553259124267,-2.438100101573119,-7.157154204896699e-12,1.3584508944403912,2.115669579178788,-2.679752806852221,-1.1491932177355413e-11,1.14342694475158,-3.60125810202818,-0.4747757081856052,-5.176069157211184e-12
1.3791666666666667,1,896,-1.5111776023487289,-6.647274700203491e-12,-1.29059208619438,2.6052483517201463,-2.179562410484339,-7.200131087846003e-12,1.4615884949089435,2.117361293721869,-3.0964194735188877,-1.1478866425200363e-11,0.7267602780849133,-3.6017873179072883,-0.05810904151893856,-5.161262628513355e-12
1.3833333333333333,1,896,-1.3983116807737348,-6.671940122520234e-12,-1.2115299292856991,2.60757625357012,-2.3167536835082303,-7.2419383951475235e-12,1.4139170611056253,2.1190069698369203,-2.679752806852221,-1.1466156245262093e-11,1.14342694475158,-3.602302131671535,-0.4747757081856052,-5.146859045636741e-12
1.3875,1,896,-1.158568358631207,-6.695898615626265e-12,-1.059800726672158,2.609837436034701,-2.074754109294669,-7.282547474161156e-12,1.5192082121837573,2.1206054796597367,-3.0964194735188877,-1.1453810348463043e-11,0.7267602780849133,-3.6028021904932817,-0.05810904151893856,-5.132868280077569e-12
1.3916666666666666,1,896,-1.0197760113174148,-6.719133759567164e-12,-1.0106790468587938,2.6120303494123776,-2.1726304039217283,-7.321930493452613e-12,1.4755626227129606,2.122155727651532,-2.679752806852221,-1.1441837196064188e-11,1.14342694475158,-3.6032871516571903,-0.4747757081856052,-5.119299920407698e-12
1.3958333333333333,1,896,-0.7652114208551078,-6.741629630135895e-12,-0.8814693186349546,2.6141534907898585,-1.935032536085796,-7.360060461867698e-12,1.5941677644826318,2.12365665134977,-3.0964194735188877,-1.1430244993866112e-11,0.7267602780849133,-3.6037566827951037,-0.05810904151893856,-5.1061632657030925e-12
1.4,1,896,-0.6179523135307687,-6.7633708097864644e-12,-0.8665708946744496,2.616205405072097,-1.9826063438471895,-7.396911247030697e-12,1.5454164189905648,2.1251072220963207,-2.679752806852221,-1.1419041686585157e-11,1.14342694475158,-3.6042104621138336,-0.4747757081856052,-5.093467319170697e-12
1.4041666666666666,1,896,-0.38210427081596693,-6.7843423982003336e-12,-0.7558128459245476,2.6181846859795392,-1.7142145746775552,-7.432457593254191e-12,1.662007023682251,2.126506445742452,-3.0964194735188877,-1.1408234952408514e-11,0.7267602780849133,-3.6046481786157014,-0.05810904151893856,-5.0812207819780864e-12
1.4083333333333332,1,896,-0.2567731235543069,-6.8045300224983606e-12,-0.7748628493526851,2.6200899770119195,-1.691153744878041,-7.466675138848064e-12,1.58238290829541,2.127853363330169,-2.679752806852221,-1.1397832197731982e-11,1.14342694475158,-3.6050695323116813,-0.4747757081856052,-5.069432047290125e-12
1.4125,1,896,-0.09156851075033695,-6.823919847091247e-12,-0.6762625003645661,2.6219199723779343,-1.3454826072271207,-7.499540432815767e-12,1.6673534231602458,2.1291470517494377,-3.0964194735188877,-1.1387840552083986e-11,0.7267602780849133,-3.605474234426997,-0.05810904151893856,-5.0581091945167075e-12
1.4166666666666667,1,896,0.007955248907521294,-6.842498583161755e-12,-0.7376896184946792,2.6236734178901706,-1.2884487107787566,-7.531030950926472e-12,1.5343823003067856,2.130386624370837,-2.679752806852221,-1.1378266863239358e-11,1.14342694475158,-3.6058620075990344,-0.4747757081856052,-5.047259983775537e-12
1.4208333333333334,1,896,0.07995787962838637,-6.860253497772214e-12,-0.6684028879954542,2.6253491118246615,-0.8717820441120899,-7.561125111152056e-12,1.5703622675590825,2.1315712316532096,-3.0964194735188877,-1.1369117692526218e-11,0.7267602780849133,-3.606232586067431,-0.05810904151893856,-5.0368918505737235e-12
1.425,1,896,0.21921731504704126,-6.877172422591028e-12,-0.7785711757034688,2.6269459057444857,-0.9109000879467489,-7.589802288458335e-12,1.3876063464940207,2.132700061725897,-2.679752806852221,-1.136039931032916e-11,1.14342694475158,-3.606585715856215,-0.4747757081856052,-5.027011900711865e-12
1.4291666666666667,1,896,0.24047389175770928,-6.8932437622322435e-12,-0.7505550031891153,2.6284627052868537,-0.49423342128008224,-7.617042828940438e-12,1.3891933004143393,2.1337723409451534,-3.0964194735188877,-1.135211769179185e-11,0.7267602780849133,-3.6069211549478686,-0.05810904151893856,-5.017626905414081e-12
1.4333333333333333,1,896,0.4411557872492087,-6.9084565022024534e-12,-0.867868904046277,2.629898470913124,-0.6841441308121614,-7.642828063292618e-12,1.1963551547821638,2.134787334424364,-2.679752806852221,-1.1344278512721956e-11,1.14342694475158,-3.607238673449194,-0.4747757081856052,-5.008743296687358e-12
1.4375,1,896,0.4491423135959257,-6.922800216449575e-12,-0.8460820208676346,2.631252218621255,-0.2674774641454947,-7.667140319603248e-12,1.2246590384751572,2.1357443465376975,-3.0964194735188877,-1.1336887145701239e-11,0.7267602780849133,-3.6075380537488706,-0.05810904151893856,-5.000367162913373e-12
1.4416666666666667,1,896,0.6795777744995561,-6.936265074508348e-12,-0.9358279784457482,2.632523020620188,-0.5677745016609148,-7.68996293546628e-12,1.0703684942531684,2.1366427213968553,-2.679752806852221,-1.1329948656403445e-11,1.14342694475158,-3.6078190906665957,-0.4747757081856052,-4.992504244675815e-12
1.4458333333333333,1,896,0.6856219926843323,-6.948841848237643e-12,-0.891289196102741,2.6337100059657117,-0.15110783499424815,-7.711280269400813e-12,1.1747135856568607,2.1374818433005847,-3.0964194735188877,-1.1323467800122555e-11,0.7267602780849133,-3.6080815915937037,-0.05810904151893856,-4.985159930826083e-12
1.45,1,896,0.9232433595297352,-6.9605219181449695e-12,-0.9453167861452251,2.634812361157361,-0.5059141867459598,-7.731077711570997e-12,1.0729447637568403,2.138261137156647,-2.679752806852221,-1.1317449018513739e-11,1.14342694475158,-3.6083253766251717,-0.4747757081856052,-4.978339254790034e-12
1.4541666666666666,1,896,0.9248057414010954,-6.971297279293847e-12,-0.876835091469606,2.6358293306959517,-0.08924752007929312,-7.74934169379887e-12,1.2381623913456352,2.13898006887596,-3.0964194735188877,-1.1311896436549265e-11,0.7267602780849133,-3.608550278682916,-0.05810904151893856,-4.972046891118322e-12
1.4583333333333333,1,896,1.1597173086166181,-6.981160546789984e-12,-0.9058552370795192,2.636760217601361,-0.42040919596925413,-7.76605969886332e-12,1.1658963063056167,2.139638145738635,-2.679752806852221,-1.1306813859691453e-11,1.14342694475158,-3.608756143630301,-0.4747757081856052,-4.966287152282697e-12
1.4625,1,896,1.1551254137657523,-6.990104960842519e-12,-0.8331011233719168,2.6376043838902024,-0.003742529302587474,-7.781220269078757e-12,1.3406510605634114,2.1402349167316617,-3.0964194735188877,-1.1302204771284605e-11,0.7267602780849133,-3.6089428303777744,-0.05810904151893856,-4.961063985720452e-12
1.4666666666666666,1,896,1.3944366737637173,-6.998124391396848e-12,-0.8455367835600963,2.6383612510130687,-0.2864981061033265,-7.794813014147647e-12,1.2650460591739767,2.140769972858011,-2.679752806852221,-1.1298072330167682e-11,1.14342694475158,-3.6091102109795643,-0.4747757081856052,-4.956380971129046e-12
1.4708333333333332,1,896,1.3841069938626476,-7.005213342335844e-12,-0.7830856835455573,2.63903030025104,0.13016856056334017,-7.80682861828149e-12,1.4147666749816785,2.141242947416941,-3.0964194735188877,-1.1294419368509406e-11,0.7267602780849133,-3.6092581707213682,-0.05810904151893856,-4.952241318012756e-12
1.475,1,896,1.6386502992807328,-7.011366955246636e-12,-0.7787498191831529,2.639611073071189,-0.13322478332466586,-7.817258846585404e-12,1.3159963398228645,2.141653516255314,-2.679752806852221,-1.129124838986723e-11,1.14342694475158,-3.609386608198969,-0.4747757081856052,-4.94864786348305e-12
1.4791666666666667,1,896,1.6196533501630082,-7.016581012750316e-12,-0.7296949870867093,2.6401031714408343,0.2834418833420008,-7.826096550701914e-12,1.4330254919153758,2.1420013979897568,-3.0964194735188877,-1.128856156747152e-11,0.7267602780849133,-3.6094954353877355,-0.05810904151893856,-4.945603070314165e-12
1.4833333333333334,1,896,1.8916731300108207,-7.0208519413923176e-12,-0.7044842561756027,2.6405062581003347,-0.0010373701809406886,-7.83333567371007e-12,1.3126363047378038,2.142286354199505,-2.679752806852221,-1.1286360742736138e-11,1.14342694475158,-3.6095845777029485,-0.4747757081856052,-4.943109025255248e-12
1.4875,1,896,1.8522598672496384,-7.0241768140914865e-12,-0.6625675675608329,2.640820056794228,0.415629296485726,-7.838971254276564e-12,1.413735181895333,2.1425081895898077,-3.0964194735188877,-1.1284647423996422e-11,0.7267602780849133,-3.6096539740509175,-0.05810904151893856,-4.941167437600202e-12
1.4916666666666667,1,896,2.134381201853796,-7.026553352146157e-12,-0.611428629117141,2.6410443524605647,0.0800095069798992,-7.84299943005598e-12,1.2912850971584322,2.1426667521257685,-2.679752806852221,-1.1283422785475455e-11,1.14342694475158,-3.6097035768708525,-0.4747757081856052,-4.9397796380162225e-12
1.4958333333333333,1,896,2.0469646266767954,-7.027979926795858e-12,-0.5633363438130016,2.6411789913782977,0.49667617364656585,-7.84541744033785e-12,1.4052052711387812,2.1427619331365455,-3.0964194735188877,-1.1282687666479306e-11,0.7267602780849133,-3.6097333521674586,-0.05810904151893856,-4.9389465776318194e-12
1.5,1,896,2.3258612525934494,-7.0284555603375814e-12,-0.48136685809501367,2.6412238812726394,0.08997132179807452,-7.846223627938712e-12,1.3030277054678576,2.1427936673898285,-2.679752806852221,-1.1282442570821816e-11,1.14342694475158,-3.6097432795342344,-0.4747757081856052,-4.93866882738497e-12
1.5041666666666667,1,896,2.1197941139199115,-7.0284555603375814e-12,-0.41865522133887384,2.6412238812726394,0.5066379884647412,-7.846223627938712e-12,1.5087818291941943,2.1427936673898285,-3.0964194735188877,-1.1282442570821816e-11,0.8955826101113523,-3.6097432795342344,-0.20754928413373838,-4.93866882738497e-12
1.5083333333333333,1,896,2.3469880264224545,-7.0284555603375814e-12,-0.32708443203514864,2.6412238812726394,0.11327504714779014,-7.846223627938712e-12,1.5808095357192535,2.1427936673898285,-2.679752806852221,-1.1282442570821816e-11,1.0423967353895713,-3.6097432795342344,-0.6112382169189584,-4.93866882738497e-12
1.5125,1,896,1.9782990248911332,-7.0284555603375814e-12,-0.25917837152755546,2.6412238812726394,0.5299417138144568,-7.846223627938712e-12,1.7385060870456646,2.1427936673898285,-2.8323803434782886,-1.1282442570821816e-11,0.8729487305132662,-3.6097432795342344,-0.46543564476676874,-4.93866882738497e-12
1.5166666666666666,1,896,2.160326152089472,-7.0284555603375814e-12,-0.1596351825156615,2.6412238812726394,0.13172027390156052,-7.846223627938712e-12,1.8298625376829325,2.1427936673898285,-2.415713676811622,-1.1282442570821816e-11,0.9036017859269984,-3.6097432795342344,-0.8556012346236077,-4.93866882738497e-12
1.5208333333333333,1,896,1.7436594854228054,-7.0284555603375814e-12,-0.08552688018080623,2.6412238812726394,0.5483869405682272,-7.846223627938712e-12,1.9094760641881687,2.1427936673898285,-2.67574970763157,-1.1282442570821816e-11,0.6719245524059358,-3.6097432795342344,-0.5909118396279345,-4.93866882738497e-12
1.525,1,896,2.160326152089472,-7.0284555603375814e-12,0.037299023520950596,2.6412238812726394,0.13172027390156058,-7.846223627938712e-12,1.9602122229744914,2.1427936673898285,-2.675157556831828,-1.1282442570821816e-11,0.6081244567037001,-3.6097432795342344,-0.5382665038208161,-4.93866882738497e-12
1.5291666666666666,1,896,1.7436594854228054,-7.0284555603375814e-12,0.15118035484296918,2.6412238812726394,0.5233600633526532,-7.846223627938712e-12,2.0487534689790623,2.1427936673898285,-2.4858679988047068,-1.1282442570821816e-11,0.33848021122290234,-3.6097432795342344,-0.6995510041605468,-4.93866882738497e-12
1.5333333333333332,1,896,2.150224050096186,-7.0284555603375814e-12,0.2889588634042598,2.6412238812726394,0.13181727758179698,-7.846223627938712e-12,2.0921931642475022,2.1427936673898285,-2.849592507268363,-1.1282442570821816e-11,0.2429548667902581,-3.6097432795342344,-0.3009241053025447,-4.93866882738497e-12
1.5375,1,896,1.7443829099372117,-7.0284555603375814e-12,0.45531334353820674,2.6412238812726394,0.4623661074218681,-7.846223627938712e-12,2.074068926624627,2.1427936673898285,-2.560104705082199,-1.1282442570821816e-11,0.2519402068185766,-3.6097432795342344,-0.5499150387514673,-4.93866882738497e-12
1.5416666666666667,1,896,1.771980589161208,-7.0284555603375814e-12,0.6619680555677688,2.6412238812726394,0.3804364117586111,-7.846223627938712e-12,2.0417235646092458,2.1427936673898285,-2.928672429438692,-1.1282442570821816e-11,0.5207658835779032,-3.6097432795342344,-0.26242059108866805,-4.93866882738497e-12
1.5458333333333334,1,896,1.705628625219865,-7.0284555603375814e-12,0.8507253349594535,2.6412238812726394,0.3098091060391224,-7.846223627938712e-12,2.030695439159501,2.1427936673898285,-2.5120057627720254,-1.1282442570821816e-11,0.7190264126909146,-3.6097432795342344,-0.6790872577553347,-4.93866882738497e-12
1.55,1,896,1.753710769255702,-7.0284555603375814e-12,1.028297158399621,2.6412238812726394,0.3868808749920469,-7.846223627938712e-12,2.080222566992004,2.1427936673898285,-2.8939519173335895,-1.1282442570821816e-11,0.42065541827329755,-3.6097432795342344,-0.26242059108866805,-4.93866882738497e-12
1.5541666666666667,1,896,1.7010006088179135,-7.0284555603375814e-12,1.199316389521806,2.6412238812726394,0.3392494746806463,-7.846223627938712e-12,1.9937298473631315,2.1427936673898285,-2.6188492687795226,-1.1282442570821816e-11,0.7466218061146617,-3.6097432795342344,-0.5161299014088309,-4.93866882738497e-12
1.5583333333333333,1,896,1.7175392133466292,-7.0284555603375814e-12,1.345837288926016,2.6412238812726394,0.43042628591008963,-7.846223627938712e-12,1.9892068865694426,2.1427936673898285,-3.035515935446189,-1.1282442570821816e-11,0.6512388120825587,-3.6097432795342344,-0.0994632347421642,-4.93866882738497e-12
1.5625,1,896,1.6467103342154223,-7.0284555603375814e-12,1.5052909025363697,2.6412238812726394,0.3436847223936334,-7.846223627938712e-12,1.9411551113887766,2.1427936673898285,-2.6928620408974324,-1.1282442570821816e-11,0.7254717848266119,-3.6097432795342344,-0.38160110737331837,-4.93866882738497e-12
1.5666666666666667,1,896,1.6345635098081979,-7.0284555603375814e-12,1.6393670205803514,2.6412238812726394,0.4082305024059084,-7.846223627938712e-12,1.931544444058417,2.1427936673898285,-3.109528707564099,-1.1282442570821816e-11,0.5811089824146204,-3.6097432795342344,0.035065559293348286,-4.93866882738497e-12
1.5708333333333333,1,896,1.5357121218176761,-7.0284555603375814e-12,1.7846698013534144,2.6412238812726394,0.26714856732432374,-7.846223627938712e-12,1.8533898846764953,2.1427936673898285,-2.761237635625781,-1.1282442570821816e-11,0.685545820457898,-3.6097432795342344,-0.25803195510734295,-4.93866882738497e-12
1.575,1,896,1.5068544796995598,-7.0284555603375814e-12,1.9069345919582568,2.6412238812726394,0.30623801840963705,-7.846223627938712e-12,1.8802145851340208,2.1427936673898285,-3.1467847844661248,-1.1282442570821816e-11,0.3055681238322558,-3.6097432795342344,0.13850638604119098,-4.93866882738497e-12
1.5791666666666666,1,896,1.393239213741059,-7.0284555603375814e-12,2.0190163997545425,2.6412238812726394,0.15860120994824434,-7.846223627938712e-12,1.7134720871404772,2.1427936673898285,-2.826550637642897,-1.1282442570821816e-11,0.6855273271306764,-3.6097432795342344,-0.16770431189716226,-4.93866882738497e-12
1.5833333333333333,1,896,1.3693245347343839,-7.0284555603375814e-12,2.1208152606401107,2.6412238812726394,0.22735873345771834,-7.846223627938712e-12,1.7659861609848608,2.1427936673898285,-3.2432173043095633,-1.1282442570821816e-11,0.26886066046400975,-3.6097432795342344,0.2489623547695044,-4.93866882738497e-12
1.5875,1,896,1.2605630502019947,-7.0284555603375814e-12,2.1155313919078713,2.6412238812726394,0.11525848355209704,-7.846223627938712e-12,1.5049536968013515,2.1427936673898285,-2.9648734956047336,-1.1282442570821816e-11,0.6855273271306764,-3.6097432795342344,-0.05163402006465006,-4.93866882738497e-12
1.5916666666666666,1,896,1.251805999705486,-7.0284555603375814e-12,2.1113041618982846,2.6412238812726394,0.21927206586804532,-7.846223627938712e-12,1.5126535006567912,2.1427936673898285,-3.3815401622714,-1.1282442570821816e-11,0.2843866690274848,-3.6097432795342344,0.34688221353673804,-4.93866882738497e-12
1.5958333333333332,1,896,1.1199269391436286,-7.0284555603375814e-12,2.1046393484611263,2.6412238812726394,0.06923913866790787,-7.846223627938712e-12,1.3084194707119035,2.1427936673898285,-2.997837872986567,-1.1282442570821816e-11,0.6366769088190497,-3.6097432795342344,-0.028954353248448295,-4.93866882738497e-12
1.6,1,896,1.0897873315860294,-7.0284555603375814e-12,2.1025905018883897,2.6412238812726394,0.11546501043368292,-7.846223627938712e-12,1.37230842203405,2.1427936673898285,-2.991682244067254,-1.1282442570821816e-11,0.22001024215238305,-3.6097432795342344,-0.04251260122424041,-4.93866882738497e-12
1.6041666666666667,1,896,1.025895178717726,-7.0284555603375814e-12,2.079659607713323,2.6412238812726394,0.07996344255890749,-7.846223627938712e-12,1.2962135905096643,2.1427936673898285,-2.5758159144200294,-1.1282442570821816e-11,0.25601474397882723,-3.6097432795342344,-0.1508182693963385,-4.93866882738497e-12
1.6083333333333334,1,896,1.036518320637519,-7.0284555603375814e-12,2.070486286001649,2.6412238812726394,0.2729833403631215,-7.846223627938712e-12,1.3568187102833809,2.1427936673898285,-2.9798529903203583,-1.1282442570821816e-11,-0.16065192268783943,-3.6097432795342344,0.26584839727032816,-4.93866882738497e-12
1.6125,1,896,0.9402001577497138,-7.0284555603375814e-12,2.0689586317295565,2.6412238812726394,0.21993536124534332,-7.846223627938712e-12,1.189503643429386,2.1427936673898285,-2.563186323653692,-1.1282442570821816e-11,0.22322029078728398,-3.6097432795342344,-0.022710684666830516,-4.93866882738497e-12
1.6166666666666667,1,896,0.947775164692937,-7.0284555603375814e-12,2.074187553115923,2.6412238812726394,0.4981334570084774,-7.846223627938712e-12,1.332431154208811,2.1427936673898285,-2.9798529903203583,-1.1282442570821816e-11,-0.19344637587938268,-3.6097432795342344,0.39395598199983617,-4.93866882738497e-12
1.6208333333333333,1,896,0.8194643195295451,-7.0284555603375814e-12,2.0900240854159815,2.6412238812726394,0.45265177741354296,-7.846223627938712e-12,1.1915859615678157,2.1427936673898285,-2.563186323653692,-1.1282442570821816e-11,0.027993766741807587,-3.6097432795342344,-0.022710684666830492,-4.93866882738497e-12
1.625,1,896,0.7675147333280257,-7.0284555603375814e-12,2.0815857695675293,2.6412238812726394,0.6558715194283188,-7.846223627938712e-12,1.2901564296172714,2.1427936673898285,-2.960429175067256,-1.1282442570821816e-11,-0.3886728999248591,-3.6097432795342344,0.3265960688707958,-4.93866882738497e-12
1.6291666666666667,1,896,0.6203823039904559,-7.0284555603375814e-12,2.103692964156802,2.6412238812726394,0.6435445684146315,-7.846223627938712e-12,1.1294959591141145,2.1427936673898285,-2.5437625084005893,-1.1282442570821816e-11,-0.20346919591971996,-3.6097432795342344,-0.09007059779587087,-4.93866882738497e-12
1.6333333333333333,1,896,0.5186444727429627,-7.0284555603375814e-12,2.087415372565941,2.6412238812726394,0.7943535463925895,-7.846223627938712e-12,1.1762053442729192,2.1427936673898285,-2.8858985023989487,-1.1282442570821816e-11,-0.6201358625863866,-3.6097432795342344,0.16503273019848475,-4.93866882738497e-12
1.6375,1,896,0.3507318239286804,-7.0284555603375814e-12,2.112473171267339,2.6412238812726394,0.7784738607517809,-7.846223627938712e-12,1.0046697787687022,2.1427936673898285,-2.510773355802099,-1.1282442570821816e-11,-0.49627027356691544,-3.6097432795342344,-0.22289920726516954,-4.93866882738497e-12
1.6416666666666666,1,896,0.21220696776837886,-7.0284555603375814e-12,2.0994738923659977,2.6412238812726394,0.8534767956554876,-7.846223627938712e-12,0.9972837964915461,2.1427936673898285,-2.8250636722291196,-1.1282442570821816e-11,-0.9129369402335821,-3.6097432795342344,-0.010229657375967255,-4.93866882738497e-12
1.6458333333333333,1,896,0.03783997268312734,-7.0284555603375814e-12,2.098458202741837,2.6412238812726394,0.8439509712129035,-7.846223627938712e-12,0.805743381263908,2.1427936673898285,-2.643428992898518,-1.1282442570821816e-11,-0.794542731206031,-3.6097432795342344,-0.2577425266618713,-4.93866882738497e-12
1.65,1,896,-0.1109659392199646,-7.0284555603375814e-12,2.091970995309757,2.6412238812726394,0.8299138357956346,-7.846223627938712e-12,0.750654384699516,2.1427936673898285,-2.8938257567770624,-1.1282442570821816e-11,-0.9222449889146019,-3.6097432795342344,-0.09103969555305708,-4.93866882738497e-12
1.6541666666666666,1,896,-0.2838977246341372,-7.0284555603375814e-12,2.129668167695201,2.6412238812726394,0.7005596672770611,-7.846223627938712e-12,0.6609941805760481,2.1427936673898285,-2.754634185521827,-1.1282442570821816e-11,-0.854793725744315,-3.6097432795342344,-0.19543872637019902,-4.93866882738497e-12
1.6583333333333332,1,896,-0.40429706141621186,-7.0284555603375814e-12,2.1226134640914243,2.6412238812726394,0.7432544557370092,-7.846223627938712e-12,0.6472204699190367,2.1427936673898285,-2.9708673741228537,-1.1282442570821816e-11,-0.9747533554810462,-3.6097432795342344,-0.0977300105624874,-4.93866882738497e-12
1.6624999999999999,1,896,-0.5743899134448966,-7.0284555603375814e-12,2.1169698903995293,2.6412238812726394,0.6431831960708647,-7.846223627938712e-12,0.5474868238889746,2.1427936673898285,-2.948353259593305,-1.1282442570821816e-11,-0.9488263305654647,-3.6097432795342344,-0.1879537263673306,-4.93866882738497e-12
1.6666666666666667,1,896,-0.711672509980229,-7.0284555603375814e-12,2.1124549327976236,2.6412238812726394,0.6046842514312359,-7.846223627938712e-12,0.5287606078533029,2.1427936673898285,-2.842511527362211,-1.1282442570821816e-11,-1.0257047356657798,-3.6097432795342344,0.0873626714338554,-4.93866882738497e-12
1.6708333333333334,1,896,-0.8160686896184888,-7.0284555603375814e-12,2.0990718825664105,2.6412238812726394,0.7859101293398333,-7.846223627938712e-12,0.5158090664466637,2.1427936673898285,-2.6311431436889654,-1.1282442570821816e-11,-1.1301731608420749,-3.6097432795342344,0.014045291401606942,-4.93866882738497e-12
1.675,1,896,-0.9323607056854305,-7.0284555603375814e-12,2.098136425681949,2.6412238812726394,0.7650091828602487,-7.846223627938712e-12,0.5457683207388244,2.1427936673898285,-2.6691272303498117,-1.1282442570821816e-11,-1.252921026041905,-3.6097432795342344,0.29510842489671946,-4.93866882738497e-12
1.6791666666666667,1,896,-1.0570718853194043,-7.0284555603375814e-12,2.097388228039188,2.6412238812726394,0.7683353306418677,-7.846223627938712e-12,0.5198672964207791,2.1427936673898285,-2.4940585071780417,-1.1282442570821816e-11,-1.246348799950607,-3.6097432795342344,0.2731875093391927,-4.93866882738497e-12
1.6833333333333333,1,896,-1.146176090549241,-7.0284555603375814e-12,2.092603074316843,2.6412238812726394,0.8562742386136368,-7.846223627938712e-12,0.5662868734038745,2.1427936673898285,-2.5445943471891077,-1.1282442570821816e-11,-1.3216984600924755,-3.6097432795342344,0.4373660273648292,-4.93866882738497e-12
1.6875,1,896,-1.27219755619963,-7.0284555603375814e-12,2.120043864428387,2.6412238812726394,0.7328106244819039,-7.846223627938712e-12,0.5776784053248494,2.1427936673898285,-2.30887170395789,-1.1282442570821816e-11,-1.3086034594436147,-3.6097432795342344,0.42009195326467147,-4.93866882738497e-12
1.6916666666666667,1,896,-1.327221151278764,-7.0284555603375814e-12,2.104382154596585,2.6412238812726394,0.9451597824474265,-7.846223627938712e-12,0.6524238853715383,2.1427936673898285,-2.4767932383247873,-1.1282442570821816e-11,-1.4196243482652628,-3.6097432795342344,0.535414497789275,-4.93866882738497e-12
1.6958333333333333,1,896,-1.4618799395426323,-7.0284555603375814e-12,2.102384748453123,2.6412238812726394,0.8297846833953171,-7.846223627938712e-12,0.6176552613333648,2.1427936673898285,-2.3567970167299572,-1.1282442570821816e-11,-1.3502891623731668,-3.6097432795342344,0.47658669563143735,-4.93866882738497e-12
1.7,1,896,-1.5396503179508898,-7.0284555603375814e-12,2.079726209828777,2.6412238812726394,0.9093428456153555,-7.846223627938712e-12,0.6633239100328764,2.1427936673898285,-2.4435370843715636,-1.1282442570821816e-11,-1.3836922621954273,-3.6097432795342344,0.572688229364455,-4.93866882738497e-12
1.7041666666666666,1,896,-1.6523495096213296,-7.0284555603375814e-12,2.0946323393605137,2.6412238812726394,0.7971200702334937,-7.846223627938712e-12,0.679182220668188,2.1427936673898285,-2.249600677320166,-1.1282442570821816e-11,-1.3778286284540004,-3.6097432795342344,0.5057636310904412,-4.93866882738497e-12
1.7083333333333333,1,896,-1.7086753939191297,-7.0284555603375814e-12,2.0758290072443555,2.6412238812726394,0.9031242066314465,-7.846223627938712e-12,0.7626027185249012,2.1427936673898285,-2.4027494302279,-1.1282442570821816e-11,-1.4697562472211898,-3.6097432795342344,0.611384971663044,-4.93866882738497e-12
1.7125,1,896,-1.8177461968447037,-7.0284555603375814e-12,2.1031801239975483,2.6412238812726394,0.7696459024509713,-7.846223627938712e-12,0.78860742265977,2.1427936673898285,-2.215266332280235,-1.1282442570821816e-11,-1.4212262780640605,-3.6097432795342344,0.5406861710336418,-4.93866882738497e-12
1.7166666666666666,1,896,-1.8702373562386563,-7.0284555603375814e-12,2.089178206777989,2.6412238812726394,0.8570316768849336,-7.846223627938712e-12,0.8731720749905408,2.1427936673898285,-2.368189086765807,-1.1282442570821816e-11,-1.4911543807946237,-3.6097432795342344,0.6307536022423686,-4.93866882738497e-12
1.7208333333333332,1,896,-1.970000763266352,-7.0284555603375814e-12,2.1084310576334326,2.6412238812726394,0.7826480432643685,-7.846223627938712e-12,0.8947583073284052,2.1427936673898285,-2.2111756163501277,-1.1282442570821816e-11,-1.483730285879531,-3.6097432795342344,0.5305947537956954,-4.93866882738497e-12
1.7249999999999999,1,896,-2.033631931408196,-7.0284555603375814e-12,2.1040887785497153,2.6412238812726394,0.8186775741377539,-7.846223627938712e-12,0.9613082413055442,2.1427936673898285,-2.2695488849147694,-1.1282442570821816e-11,-1.558977919293047,-3.6097432795342344,0.6153345415924049,-4.93866882738497e-12
1.7291666666666667,1,896,-2.1155333878349056,-7.0284555603375814e-12,2.1021499858118244,2.6412238812726394,0.8265034206281608,-7.846223627938712e-12,0.9693006389871182,2.1427936673898285,-2.115312746802721,-1.1282442570821816e-11,-1.6153875105844224,-3.6097432795342344,0.4959582174817251,-4.93866882738497e-12
1.7333333333333334,1,896,-2.1792211727574924,-7.0284555603375814e-12,2.0970431909643357,2.6412238812726394,0.8520183038235056,-7.846223627938712e-12,1.0218086855297546,2.1427936673898285,-2.106994143599259,-1.1282442570821816e-11,-1.7053035026100427,-3.6097432795342344,0.5927183568661465,-4.93866882738497e-12
1.7375,1,896,-2.2496637928693297,-7.0284555603375814e-12,2.0965135457298225,2.6412238812726394,0.8679347081615455,-7.846223627938712e-12,1.0353656160159863,2.1427936673898285,-1.9145365633574751,-1.1282442570821816e-11,-1.7541417906437509,-3.6097432795342344,0.4997661159514926,-4.93866882738497e-12
1.7416666666666667,1,896,-2.2990939293497608,-7.0284555603375814e-12,2.085269222195846,2.6412238812726394,0.919194612926091,-7.846223627938712e-12,1.096422596359972,2.1427936673898285,-1.939250490003073,-1.1282442570821816e-11,-1.841258191194118,-3.6097432795342344,0.612718796323187,-4.93866882738497e-12
1.7458333333333333,1,896,-2.3648791423496625,-7.0284555603375814e-12,2.0880249267918987,2.6412238812726394,0.9233227973356963,-7.846223627938712e-12,1.111337883714232,2.1427936673898285,-1.7412365191038874,-1.1282442570821816e-11,-1.8768523811259712,-3.6097432795342344,0.5354582617989411,-4.93866882738497e-12
1.75,1,896,-2.4084062627643754,-7.0284555603375814e-12,2.0744704161706857,2.6412238812726394,0.9787384108719693,-7.846223627938712e-12,1.1721971920228504,2.1427936673898285,-1.7826913981890804,-1.1282442570821816e-11,-1.9580383184776973,-3.6097432795342344,0.6471906856844933,-4.93866882738497e-12
1.7541666666666667,1,896,-2.469486379644366,-7.0284555603375814e-12,2.0791823884049005,2.6412238812726394,0.9762390600930252,-7.846223627938712e-12,1.186280109836916,2.1427936673898285,-1.5844077208046978,-1.1282442570821816e-11,-1.995976497572832,-3.6097432795342344,0.57294258119003,-4.93866882738497e-12
1.7583333333333333,1,896,-2.5091073465577507,-7.0284555603375814e-12,2.066576808858076,2.6412238812726394,1.0283611038096017,-7.846223627938712e-12,1.2464826193152319,2.1427936673898285,-1.6320696331880524,-1.1282442570821816e-11,-2.0776839745732447,-3.6097432795342344,0.6562465439078493,-4.93866882738497e-12
1.7625,1,896,-2.563366651762523,-7.0284555603375814e-12,2.0753258754907113,2.6412238812726394,1.0216855121003028,-7.846223627938712e-12,1.2678829665087137,2.1427936673898285,-1.4406690890121194,-1.1282442570821816e-11,-2.108162471226055,-3.6097432795342344,0.6488876195234777,-4.93866882738497e-12
1.7666666666666666,1,896,-2.5989817780300175,-7.0284555603375814e-12,2.072884691418968,2.6412238812726394,1.060739998152751,-7.846223627938712e-12,1.3333914913496174,2.1427936673898285,-1.5265190369558883,-1.1282442570821816e-11,-2.105408997458844,-3.6097432795342344,0.5303592121368063,-4.93866882738497e-12
1.7708333333333333,1,896,-2.6447770028719,-7.0284555603375814e-12,2.08536683042838,2.6412238812726394,1.0491472310566063,-7.846223627938712e-12,1.3719990762452565,2.1427936673898285,-1.387620320364438,-1.1282442570821816e-11,-2.1068526190324723,-3.6097432795342344,0.6530776480124939,-4.93866882738497e-12
1.775,1,896,-2.681505941784347,-7.0284555603375814e-12,2.088701691539577,2.6412238812726394,1.0676450486748204,-7.846223627938712e-12,1.4251336060957622,2.1427936673898285,-1.4711583349220234,-1.1282442570821816e-11,-2.104361115703978,-3.6097432795342344,0.5809290077875873,-4.93866882738497e-12
1.7791666666666666,1,896,-2.7226884628036863,-7.0284555603375814e-12,2.103278559825244,2.6412238812726394,1.0537669256391216,-7.846223627938712e-12,1.4511586238982843,2.1427936673898285,-1.328919998636885,-1.1282442570821816e-11,-2.10490811560198,-3.6097432795342344,0.6686548380848258,-4.93866882738497e-12
1.7833333333333332,1,896,-2.7494774146234064,-7.0284555603375814e-12,2.101500793059881,2.6412238812726394,1.0821215675901363,-7.846223627938712e-12,1.4975717829131456,2.1427936673898285,-1.4267583465343299,-1.1282442570821816e-11,-2.1028022922446974,-3.6097432795342344,0.6088060599555586,-4.93866882738497e-12
1.7874999999999999,1,896,-2.7769867663624477,-7.0284555603375814e-12,2.0999803289246035,2.6412238812726394,1.0913536611228987,-7.846223627938712e-12,1.5131393764428787,2.1427936673898285,-1.3015647207541239,-1.1282442570821816e-11,-2.103174080621977,-3.6097432795342344,0.7091958433893433,-4.93866882738497e-12
1.7916666666666667,1,896,-2.7971123524327557,-7.0284555603375814e-12,2.097279588668951,2.6412238812726394,1.112916300032343,-7.846223627938712e-12,1.5497519117979661,2.1427936673898285,-1.392733962451881,-1.1282442570821816e-11,-2.1022453602615716,-3.6097432795342344,0.6590878826364824,-4.93866882738497e-12
1.7958333333333334,1,896,-2.816303639053277,-7.0284555603375814e-12,2.096603407582653,2.6412238812726394,1.116921673688025,-7.846223627938712e-12,1.559208263492472,2.1427936673898285,-1.2636765192485937,-1.1282442570821816e-11,-2.1021754561227324,-3.6097432795342344,0.7695597042163466,-4.93866882738497e-12
1.8,1,896,-2.8275682255040753,-7.0284555603375814e-12,2.096033596912559,2.6412238812726394,1.1333901846895562,-7.846223627938712e-12,1.5907209321099596,2.1427936673898285,-1.3493422845045895,-1.1282442570821816e-11,-2.1024053447545765,-3.6097432795342344,0.6754001996062328,-4.93866882738497e-12
1.8041666666666667,1,896,-2.83593725322794,-7.0284555603375814e-12,2.0955544149546674,2.6412238812726394,1.1366887174918772,-7.846223627938712e-12,1.6019542306291732,2.1427936673898285,-1.2284093621594303,-1.1282442570821816e-11,-2.1036665031652113,-3.6097432795342344,0.7562488994558187,-4.93866882738497e-12
1.8083333333333333,1,896,-2.8367443114774256,-7.0284555603375814e-12,2.095256149367763,2.6412238812726394,1.1506283681183669,-7.846223627938712e-12,1.635973104131081,2.1427936673898285,-1.31344710214892,-1.1282442570821816e-11,-2.1034890870360354,-3.6097432795342344,0.6494169238248105,-4.93866882738497e-12
1.8125,1,896,-2.8348351737158337,-7.0284555603375814e-12,2.094974738937132,2.6412238812726394,1.1506027110702028,-7.846223627938712e-12,1.6506303400259899,2.1427936673898285,-1.1891435805745227,-1.1282442570821816e-11,-2.1047849092743167,-3.6097432795342344,0.7043794600463322,-4.93866882738497e-12
1.8166666666666667,1,896,-2.825588380147755,-7.0284555603375814e-12,2.0947850132545964,2.6412238812726394,1.162043263141995,-7.846223627938712e-12,1.68763665912327,2.1427936673898285,-1.25788647045893,-1.1282442570821816e-11,-2.104828404776437,-3.6097432795342344,0.5976655796239349,-4.93866882738497e-12
1.8208333333333333,1,896,-2.8137755513799596,-7.0284555603375814e-12,2.0945788305589503,2.6412238812726394,1.16116226812719,-7.846223627938712e-12,1.706858191062118,2.1427936673898285,-1.1284946620762997,-1.1282442570821816e-11,-2.10565220469265,-3.6097432795342344,0.6862138436709737,-4.93866882738497e-12
1.825,1,896,-2.795527625626136,-7.0284555603375814e-12,2.094515025124216,2.6412238812726394,1.170235631334616,-7.846223627938712e-12,1.7463343574236763,2.1427936673898285,-1.212420649456658,-1.1282442570821816e-11,-2.1040746554382106,-3.6097432795342344,0.6017211189787518,-4.93866882738497e-12
1.8291666666666666,1,896,-2.7753074935762636,-7.0284555603375814e-12,2.09438134168414,2.6412238812726394,1.1654204504249717,-7.846223627938712e-12,1.7637140077318616,2.1427936673898285,-1.0875305238167146,-1.1282442570821816e-11,-2.1043124662299975,-3.6097432795342344,0.709039540778622,-4.93866882738497e-12
1.8333333333333333,1,896,-2.7500517703936316,-7.0284555603375814e-12,2.0986269822562216,2.6412238812726394,1.1651121068718755,-7.846223627938712e-12,1.7983259595759118,2.1427936673898285,-1.168177758853465,-1.1282442570821816e-11,-2.1031425566460085,-3.6097432795342344,0.6436002754707805,-4.93866882738497e-12
1.8375,1,896,-2.720700893513791,-7.0284555603375814e-12,2.0976552208322614,2.6412238812726394,1.158622227870147,-7.846223627938712e-12,1.8094389279791483,2.1427936673898285,-1.0442907971258493,-1.1282442570821816e-11,-2.1039314848122626,-3.6097432795342344,0.758764404527763,-4.93866882738497e-12
1.8416666666666666,1,896,-2.6853491687226505,-7.0284555603375814e-12,2.0970018732101914,2.6412238812726394,1.1604448587136247,-7.846223627938712e-12,1.8359287857745437,2.1427936673898285,-1.127614663366547,-1.1282442570821816e-11,-2.1020242083278102,-3.6097432795342344,0.6955807742229096,-4.93866882738497e-12
1.8458333333333332,1,896,-2.648157626813412,-7.0284555603375814e-12,2.0964076080381084,2.6412238812726394,1.1486648417063037,-7.846223627938712e-12,1.8392771711473088,2.1427936673898285,-1.003261554528656,-1.1282442570821816e-11,-2.1001211207758677,-3.6097432795342344,0.7925257976912484,-4.93866882738497e-12
1.8499999999999999,1,896,-2.6052735318184466,-7.0284555603375814e-12,2.0959586373958383,2.6412238812726394,1.1473017142957564,-7.846223627938712e-12,1.8589037385001015,2.1427936673898285,-1.0898504659908763,-1.1282442570821816e-11,-2.1008929666343414,-3.6097432795342344,0.7276526176742415,-4.93866882738497e-12
1.8541666666666667,1,896,-2.5609775023563928,-7.0284555603375814e-12,2.095503185660822,2.6412238812726394,1.1322085863312314,-7.846223627938712e-12,1.856047130188358,2.1427936673898285,-0.9744561806625778,-1.1282442570821816e-11,-2.1020807300118776,-3.6097432795342344,0.8492142527409636,-4.93866882738497e-12
1.8583333333333334,1,896,-2.5116541719367227,-7.0284555603375814e-12,2.095254949497454,2.6412238812726394,1.1259886547802502,-7.846223627938712e-12,1.8659763451843976,2.1427936673898285,-1.0611724767693549,-1.1282442570821816e-11,-2.100800337190676,-3.6097432795342344,0.7740120227405229,-4.93866882738497e-12
1.8625,1,896,-2.46145970541597,-7.0284555603375814e-12,2.0949990270053283,2.6412238812726394,1.1063504871121281,-7.846223627938712e-12,1.8547086659007364,2.1427936673898285,-0.9453046610234573,-1.1282442570821816e-11,-2.099743186028993,-3.6097432795342344,0.8415930359427404,-4.93866882738497e-12
1.8666666666666667,1,896,-2.4069375608723296,-7.0284555603375814e-12,2.094798406413209,2.6412238812726394,1.0995001203639878,-7.846223627938712e-12,1.8601955801453562,2.1427936673898285,-1.0390364622007457,-1.1282442570821816e-11,-2.1007435686635074,-3.6097432795342344,0.746410653104168,-4.93866882738497e-12
1.8708333333333333,1,896,-2.3523740948923675,-7.0284555603375814e-12,2.0945495680929267,2.6412238812726394,1.0788620729685658,-7.846223627938712e-12,1.8462716965759993,2.1427936673898285,-0.9356568958850324,-1.1282442570821816e-11,-2.102547407733672,-3.6097432795342344,0.81399859387898,-4.93866882738497e-12
1.875,1,896,-2.294377585113369,-7.0284555603375814e-12,2.0944556989313265,2.6412238812726394,1.0686488393465199,-7.846223627938712e-12,1.8460883114572104,2.1427936673898285,-1.0163708310750517,-1.1282442570821816e-11,-2.1022179828384218,-3.6097432795342344,0.6897199636765742,-4.93866882738497e-12
1.8791666666666667,1,896,-2.236138192469108,-7.0284555603375814e-12,2.0933075998424777,2.6412238812726394,1.0485474726120922,-7.846223627938712e-12,1.8305338955939356,2.1427936673898285,-0.9115923240669876,-1.1282442570821816e-11,-2.1017743775578053,-3.6097432795342344,0.7186705037931984,-4.93866882738497e-12
1.8833333333333333,1,896,-2.175219023535061,-7.0284555603375814e-12,2.0933183152769614,2.6412238812726394,1.0385816181465406,-7.846223627938712e-12,1.8291058178593733,2.1427936673898285,-0.9662554312317547,-1.1282442570821816e-11,-2.1029426923676606,-3.6097432795342344,0.621480946580382,-4.93866882738497e-12
1.8875,1,896,-2.1142581985814743,-7.0284555603375814e-12,2.0929915991712464,2.6412238812726394,1.0176281478242482,-7.846223627938712e-12,1.8128173716549207,2.1427936673898285,-0.8444384498367911,-1.1282442570821816e-11,-2.10568086659713,-3.6097432795342344,0.7351498254047542,-4.93866882738497e-12
1.8916666666666666,1,896,-2.0539498930269593,-7.0284555603375814e-12,2.0990987104100234,2.6412238812726394,1.0015795390352034,-7.846223627938712e-12,1.8085599128184997,2.1427936673898285,-0.9302745681327209,-1.1282442570821816e-11,-2.1063848482763268,-3.6097432795342344,0.63052073479663,-4.93866882738497e-12
1.8958333333333333,1,896,-1.9913805955532085,-7.0284555603375814e-12,2.097980640582432,2.6412238812726394,0.9813036963908495,-7.846223627938712e-12,1.7876864107200823,2.1427936673898285,-0.8293476077494413,-1.1282442570821816e-11,-2.1076369575433986,-3.6097432795342344,0.6739348766036682,-4.93866882738497e-12
1.9,1,896,-1.9274853485686385,-7.0284555603375814e-12,2.0972013281537825,2.6412238812726394,0.9724119295202273,-7.846223627938712e-12,1.7791508504897906,2.1427936673898285,-0.8978426952271473,-1.1282442570821816e-11,-2.1062586543536663,-3.6097432795342344,0.5377814899217048,-4.93866882738497e-12
1.9041666666666666,1,896,-1.8629220886920037,-7.0284555603375814e-12,2.09333487832647,2.6412238812726394,0.9569461041386358,-7.846223627938712e-12,1.7594709085620286,2.1427936673898285,-0.793595963085414,-1.1282442570821816e-11,-2.1050099502264117,-3.6097432795342344,0.5933181348573319,-4.93866882738497e-12
1.9083333333333332,1,896,-1.7991675429140237,-7.0284555603375814e-12,2.0925291344228754,2.6412238812726394,0.949202228377262,-7.846223627938712e-12,1.752704360865631,2.1427936673898285,-0.8702233693126415,-1.1282442570821816e-11,-2.1052820141754633,-3.6097432795342344,0.4947326583627826,-4.93866882738497e-12
1.9124999999999999,1,896,-1.7370348118833827,-7.0284555603375814e-12,2.0921048951932177,2.6412238812726394,0.9252267856872647,-7.846223627938712e-12,1.7315479178699777,2.1427936673898285,-0.7547686950021522,-1.1282442570821816e-11,-2.10637366990341,-3.6097432795342344,0.5313665347631373,-4.93866882738497e-12
1.9166666666666667,1,896,-1.6734179852263538,-7.0284555603375814e-12,2.0917484050941457,2.6412238812726394,0.9183431292707397,-7.846223627938712e-12,1.7251244895837858,2.1427936673898285,-0.8345714686149641,-1.1282442570821816e-11,-2.106504375817378,-3.6097432795342344,0.4103999663633947,-4.93866882738497e-12
1.9208333333333334,1,896,-1.6103593568755457,-7.0284555603375814e-12,2.0901706403036213,2.6412238812726394,0.8990876317111273,-7.846223627938712e-12,1.7068052278234758,2.1427936673898285,-0.7296379423862728,-1.1282442570821816e-11,-2.1079152777879675,-3.6097432795342344,0.4527559827865742,-4.93866882738497e-12
1.925,1,896,-1.5471551741566827,-7.0284555603375814e-12,2.08992580395971,2.6412238812726394,0.8922104148069722,-7.846223627938712e-12,1.7011138786369688,2.1427936673898285,-0.8005781894795163,-1.1282442570821816e-11,-2.1082363426194943,-3.6097432795342344,0.32164693512951237,-4.93866882738497e-12
1.9291666666666667,1,896,-1.4836412895977598,-7.0284555603375814e-12,2.0875520188568197,2.6412238812726394,0.8743098383583671,-7.846223627938712e-12,1.6859857141516088,2.1427936673898285,-0.6911935547264744,-1.1282442570821816e-11,-2.10619661668713,-3.6097432795342344,0.38601568274222725,-4.93866882738497e-12
1.9333333333333333,1,896,-1.4215390324635817,-7.0284555603375814e-12,2.0876036641387303,2.6412238812726394,0.8679988248869361,-7.846223627938712e-12,1.6830397412843032,2.1427936673898285,-0.7834918769865823,-1.1282442570821816e-11,-2.105808859407293,-3.6097432795342344,0.2824743048366615,-4.93866882738497e-12
1.9375,1,896,-1.361675698517886,-7.0284555603375814e-12,2.0881714969224183,2.6412238812726394,0.8424430173964309,-7.846223627938712e-12,1.6673594971750347,2.1427936673898285,-0.6789960693935062,-1.1282442570821816e-11,-2.106528466744188,-3.6097432795342344,0.3521034552016569,-4.93866882738497e-12
1.9416666666666667,1,896,-1.3025623740935681,-7.0284555603375814e-12,2.0907633136578356,2.6412238812726394,0.8300639506145434,-7.846223627938712e-12,1.6635652885505046,2.1427936673898285,-0.7734803295349013,-1.1282442570821816e-11,-2.1063833553448754,-3.6097432795342344,0.23589146350256002,-4.93866882738497e-12
1.9458333333333333,1,896,-1.244267351671896,-7.0284555603375814e-12,2.0925258004817913,2.6412238812726394,0.8010647017788154,-7.846223627938712e-12,1.6489380630797914,2.1427936673898285,-0.670820084281615,-1.1282442570821816e-11,-2.1081144706513566,-3.6097432795342344,0.29664662718499857,-4.93866882738497e-12
1.95,1,896,-1.1856638697088517,-7.0284555603375814e-12,2.095080512035234,2.6412238812726394,0.7880438880703974,-7.846223627938712e-12,1.645507443260808,2.1427936673898285,-0.7572726090174133,-1.1282442570821816e-11,-2.107260551282742,-3.6097432795342344,0.17768507632585917,-4.93866882738497e-12
1.9541666666666666,1,896,-1.1263618490405447,-7.0284555603375814e-12,2.0948124821843934,2.6412238812726394,0.7635487691331282,-7.846223627938712e-12,1.6314279717245634,2.1427936673898285,-0.6531445014164242,-1.1282442570821816e-11,-2.107800677477411,-3.6097432795342344,0.23121471212767078,-4.93866882738497e-12
1.9583333333333333,1,896,-1.0665275509181469,-7.0284555603375814e-12,2.094662073706681,2.6412238812726394,0.7560783035364689,-7.846223627938712e-12,1.6286984012029,2.1427936673898285,-0.7357647713466886,-1.1282442570821816e-11,-2.107771947822924,-3.6097432795342344,0.11305958553660933,-4.93866882738497e-12
1.9625,1,896,-1.0073064372784493,-7.0284555603375814e-12,2.093667205249645,2.6412238812726394,0.7335851341973713,-7.846223627938712e-12,1.616641275434876,2.1427936673898285,-0.6296224212994747,-1.1282442570821816e-11,-2.1088293708828285,-3.6097432795342344,0.1905333967991813,-4.93866882738497e-12
1.9666666666666666,1,896,-0.949814406239444,-7.0284555603375814e-12,2.094827133357517,2.6412238812726394,0.7244763058795439,-7.846223627938712e-12,1.616226627807339,2.1427936673898285,-0.7332102976680105,-1.1282442570821816e-11,-2.1087394002105926,-3.6097432795342344,0.0810491528655738,-4.93866882738497e-12
1.9708333333333332,1,896,-0.8938116042951165,-7.0284555603375814e-12,2.0946368317770387,2.6412238812726394,0.6961666439088199,-7.846223627938712e-12,1.6049147464252005,2.1427936673898285,-0.636396207186789,-1.1282442570821816e-11,-2.1069694292609125,-3.6097432795342344,0.1801637487251466,-4.93866882738497e-12
1.9749999999999999,1,896,-0.8394699642317135,-7.0284555603375814e-12,2.0945354184060068,2.6412238812726394,0.6822957424199803,-7.846223627938712e-12,1.6019944641278265,2.1427936673898285,-0.7468997309778593,-1.1282442570821816e-11,-2.1062648008851053,-3.6097432795342344,0.07437222189926386,-4.93866882738497e-12
1.9791666666666667,1,896,-0.7871107856285249,-7.0284555603375814e-12,2.094364838383279,2.6412238812726394,0.6480583005991148,-7.846223627938712e-12,1.5880166234467323,2.1427936673898285,-0.6523767093513482,-1.1282442570821816e-11,-2.1050875620425273,-3.6097432795342344,0.14717750335993968,-4.93866882738497e-12
1.9833333333333334,1,896,-0.7342838915415747,-7.0284555603375814e-12,2.094864317995459,2.6412238812726394,0.6307530060471548,-7.846223627938712e-12,1.5844389980381126,2.1427936673898285,-0.7393972773510085,-1.1282442570821816e-11,-2.104611694534531,-3.6097432795342344,0.015827387125321595,-4.93866882738497e-12
1.9875,1,896,-0.6797497993345475,-7.0284555603375814e-12,2.093595025255374,2.6412238812726394,0.6024976459390089,-7.846223627938712e-12,1.5740591435044582,2.1427936673898285,-0.6378460145573213,-1.1282442570821816e-11,-2.1056800438070735,-3.6097432795342344,0.08803219457035649,-4.93866882738497e-12
1.9916666666666667,1,896,-0.62522904650221,-7.0284555603375814e-12,2.093261405750901,2.6412238812726394,0.5919217100157047,-7.846223627938712e-12,1.5743922941715074,2.1427936673898285,-0.7313253363572106,-1.1282442570821816e-11,-2.105851459195891,-3.6097432795342344,-0.010290599949381795,-4.93866882738497e-12
1.9958333333333333,1,896,-0.5728938725627264,-7.0284555603375814e-12,2.093600786594679,2.6412238812726394,0.5610348668980848,-7.846223627938712e-12,1.5644951092239645,2.1427936673898285,-0.6270595396036946,-1.1282442570821816e-11,-2.106378281421541,-3.6097432795342344,0.07155682186242818,-4.93866882738497e-12
2.0,1,896,-0.5204076928457574,-7.0284555603375814e-12,2.094857983849202,2.6412238812726394,0.5491202395306262,-7.846223627938712e-12,1.566335523997986,2.1427936673898285,-0.7322654084098484,-1.1282442570821816e-11,-2.106817176226217,-3.6097432795342344,-0.051465487298838104,-4.93866882738497e-12
2.0041666666666664,1,896,-0.4680824143370656,-7.027979926795858e-12,2.0946203325655217,2.6411789913782977,0.5203431785195028,-7.845417440337852e-12,1.5592582118073322,2.1427619331365455,-0.6375418505273444,-1.1282687666479306e-11,-2.107531516970528,-3.6097333521674586,-0.010462433799603413,-4.9389465776318194e-12
2.0083333333333333,1,896,-0.4128239085311514,-7.026553352146157e-12,2.093844456149659,2.6410443524605647,0.5124494430040297,-7.84299943005598e-12,1.5622150745477676,2.1426667521257685,-0.6988036734126343,-1.1283422785475455e-11,-2.107218785918213,-3.6097035768708525,-0.1199492919308882,-4.939779638016222e-12
2.0125,1,896,-0.35679021983023673,-7.0241768140914865e-12,2.0922373118028252,2.640820056794228,0.4929277864176755,-7.838971254276564e-12,1.5578573762352592,2.1425081895898077,-0.5833457246520213,-1.1284647423996422e-11,-2.1062774709626075,-3.6096539740509175,0.006013875919084197,-4.941167437600203e-12
2.0166666666666666,1,896,-0.30617120659853286,-7.020851941392317e-12,2.0938732991660522,2.6405062581003347,0.48180300157415573,-7.83333567371007e-12,1.5617601634764255,2.142286354199505,-0.6800596647737069,-1.1286360742736138e-11,-2.106541533168554,-3.6095845777029485,-0.08120495405556619,-4.943109025255248e-12
2.0208333333333335,1,896,-0.25848395579728684,-7.0165810127503156e-12,2.0964966163888343,2.6401031714408343,0.4468954819495482,-7.826096550701914e-12,1.5563201417128831,2.1420013979897568,-0.5727463120948937,-1.1288561567471522e-11,-2.1088173589509136,-3.6094954353877355,-0.0035828324747219746,-4.945603070314165e-12
2.025,1,896,-0.2078663615480392,-7.011366955246636e-12,2.0960251837529293,2.639611073071189,0.4394033134165419,-7.817258846585404e-12,1.560251695846924,2.141653516255314,-0.6848197781887823,-1.129124838986723e-11,-2.107832982292554,-3.609386608198969,-0.12362122248881496,-4.94864786348305e-12
2.029166666666667,1,896,-0.15895829274343823,-7.005213342335844e-12,2.095607508723675,2.63903030025104,0.4102469476152624,-7.80682861828149e-12,1.5567923876741607,2.141242947416941,-0.5901331317337225,-1.1294419368509406e-11,-2.1067291166511093,-3.6092581707213682,-0.09223868362491358,-4.952241318012756e-12
2.033333333333333,1,896,-0.10568176597818618,-6.998124391396848e-12,2.094477755984948,2.6383612510130687,0.405588057925261,-7.794813014147647e-12,1.5626513885806972,2.140769972858011,-0.6448379161470547,-1.1298072330167682e-11,-2.1071007509459365,-3.6091102109795643,-0.19629006354941628,-4.956380971129045e-12
2.0375,1,896,-0.05150814661268054,-6.99010496084252e-12,2.0928787561543403,2.6376043838902024,0.38949828504770473,-7.781220269078757e-12,1.5620949395709187,2.1402349167316617,-0.5240490860270752,-1.1302204771284605e-11,-2.1063546104465067,-3.6089428303777744,-0.11083633997777778,-4.9610639857204515e-12
2.0416666666666665,1,896,0.0005210852496624847,-6.981160546789984e-12,2.092710454117829,2.636760217601361,0.39071894378619443,-7.76605969886332e-12,1.5726888189092552,2.139638145738635,-0.6269864203754678,-1.1306813859691453e-11,-2.106428658317372,-3.608756143630301,-0.20247836500063657,-4.966287152282697e-12
2.0458333333333334,1,896,0.047454319827997034,-6.9712972792938465e-12,2.0939589522401767,2.6358293306959517,0.36293881976657855,-7.74934169379887e-12,1.575240211187121,2.1389800688759597,-0.5233923266771158,-1.1311896436549265e-11,-2.1088010731865885,-3.608550278682916,-0.08418617525231914,-4.972046891118322e-12
2.05,1,896,0.09007868144218667,-6.96052191814497e-12,2.0974003781505237,2.634812361157361,0.346876179833416,-7.731077711570997e-12,1.5849714601006082,2.138261137156647,-0.6294740627839954,-1.1317449018513739e-11,-2.1083166716264414,-3.6083253766251717,-0.19346366024802353,-4.978339254790034e-12
2.0541666666666667,1,896,0.13465059081647027,-6.948841848237643e-12,2.0966549021587304,2.6337100059657117,0.3178170280912145,-7.711280269400813e-12,1.5854161036221448,2.1374818433005847,-0.5366452038801912,-1.1323467800122555e-11,-2.1085611438994314,-3.6080815915937037,-0.14466421952700503,-4.985159930826083e-12
2.058333333333333,1,896,0.18178275368094185,-6.9362650745083484e-12,2.0961013545792926,2.632523020620188,0.3106478176037051,-7.689962935466281e-12,1.5943578121134416,2.1366427213968553,-0.6047933463522641,-1.1329948656403445e-11,-2.10939495336302,-3.6078190906665957,-0.2564343971633385,-4.992504244675814e-12
2.0625,1,896,0.23118542860135766,-6.922800216449575e-12,2.094929888023245,2.631252218621255,0.2940178196988918,-7.667140319603248e-12,1.5982031456986077,2.1357443465376975,-0.494863843232004,-1.1336887145701239e-11,-2.1086537126025027,-3.6075380537488706,-0.17254529911088826,-5.000367162913373e-12
2.0666666666666664,1,896,0.27789453525262187,-6.908456502202454e-12,2.0947639470226624,2.629898470913124,0.29352809292876086,-7.64282806329262e-12,1.6118919812274621,2.134787334424364,-0.605258595759072,-1.1344278512721956e-11,-2.1076267411806833,-3.607238673449194,-0.26490569958032323,-5.008743296687358e-12
2.0708333333333333,1,896,0.32078126316807687,-6.893243762232244e-12,2.094555303597158,2.6284627052868537,0.2672241227514664,-7.617042828940438e-12,1.617568259159701,2.1337723409451534,-0.5091321138080892,-1.135211769179185e-11,-2.1047240788882053,-3.6069211549478686,-0.1759751577809943,-5.017626905414081e-12
2.075,1,896,0.36198037767957586,-6.877172422591027e-12,2.0943940345961223,2.6269459057444857,0.25763546219112143,-7.589802288458333e-12,1.6299026457012395,2.132700061725897,-0.6092268809651247,-1.136039931032916e-11,-2.105432871051468,-3.606585715856215,-0.28409128503351994,-5.027011900711865e-12
2.0791666666666666,1,896,0.40362012441740897,-6.860253497772214e-12,2.094103483785878,2.6253491118246615,0.23130644666087033,-7.561125111152056e-12,1.6374843636836878,2.1315712316532096,-0.5128777361419107,-1.1369117692526218e-11,-2.1076944721785877,-3.606232586067431,-0.2036364660728812,-5.0368918505737235e-12
2.0833333333333335,1,896,0.44389207520227225,-6.842498583161754e-12,2.0951523036684416,2.6236734178901706,0.22178471052045126,-7.531030950926472e-12,1.6526143859041864,2.130386624370837,-0.6047133381091977,-1.1378266863239358e-11,-2.108717249228148,-3.6058620075990344,-0.3208492222244257,-5.047259983775537e-12
2.0875,1,896,0.48718433458706245,-6.823919847091247e-12,2.0947944525790234,2.6219199723779343,0.20277697515217363,-7.499540432815768e-12,1.662189555242261,2.1291470517494377,-0.5094826228189094,-1.1387840552083986e-11,-2.1091898082537734,-3.605474234426997,-0.2624942940713889,-5.0581091945167075e-12
2.091666666666667,1,896,0.5302184583018577,-6.804530022498361e-12,2.0945486882895987,2.6200899770119195,0.20089330601868424,-7.466675138848064e-12,1.6786371892898246,2.127853363330169,-0.5834855992442219,-1.1397832197731982e-11,-2.1099881814650514,-3.6050695323116813,-0.36635606075399463,-5.069432047290125e-12
2.095833333333333,1,896,0.5751637770404144,-6.784342398200335e-12,2.0938852490473217,2.6181846859795397,0.18914518138407518,-7.432457593254193e-12,1.68967474899471,2.126506445742452,-0.48291306249778065,-1.1408234952408514e-11,-2.1091534267062335,-3.6046481786157014,-0.2686504837489032,-5.081220781978086e-12
2.1,1,896,0.6138526866513119,-6.7633708097864644e-12,2.0953738849104315,2.616205405072097,0.18601061658036014,-7.396911247030697e-12,1.708708705448823,2.1251072220963207,-0.5907301157167234,-1.1419041686585157e-11,-2.111781057227161,-3.6042104621138336,-0.3881613303704653,-5.093467319170697e-12
2.1041666666666665,1,896,0.654493737858993,-6.741629630135897e-12,2.0950156315746358,2.6141534907898585,0.16994677812642728,-7.360060461867701e-12,1.7227890391253624,2.12365665134977,-0.5058367606594321,-1.1430244993866112e-11,-2.107554033505551,-3.6037566827951037,-0.3159789999561145,-5.106163265703092e-12
2.1083333333333334,1,896,0.6919816483253228,-6.719133759567165e-12,2.0947605677828656,2.6120303494123776,0.16388511958038032,-7.321930493452613e-12,1.741164295448801,2.122155727651532,-0.5702965699372867,-1.1441837196064188e-11,-2.10705385645441,-3.6032871516571903,-0.45185835796010976,-5.119299920407698e-12
2.1125,1,896,0.736783837632486,-6.695898615626267e-12,2.0933447782364083,2.6098374360347014,0.15853051959904413,-7.282547474161157e-12,1.7576549468398481,2.1206054796597367,-0.4667663869467427,-1.1453810348463043e-11,-2.110108072715287,-3.6028021904932817,-0.40501769830566836,-5.132868280077567e-12
2.1166666666666667,1,896,0.7792167640556967,-6.671940122520234e-12,2.0930541685457196,2.60757625357012,0.16694572440891625,-7.2419383951475235e-12,1.7810125581912077,2.1190069698369203,-0.532362729907346,-1.1466156245262093e-11,-2.112950097935283,-3.602302131671535,-0.4998084108610747,-5.146859045636741e-12
2.120833333333333,1,896,0.8226067118024232,-6.6472747002034926e-12,2.092261869615361,2.6052483517201463,0.1643961498001292,-7.200131087846006e-12,1.7989722442918132,2.1173612937218693,-0.4285569795144279,-1.1478866425200363e-11,-2.1123343476796843,-3.6017873179072883,-0.3844134209386964,-5.161262628513355e-12
2.125,1,896,0.8550895060648848,-6.6219192531244285e-12,2.094168706442488,2.6028553259124267,0.1624399100283016,-7.157154204896699e-12,1.822440289013662,2.115669579178788,-0.5275976844615385,-1.1491932177355413e-11,-2.1134094494569284,-3.60125810202818,-0.5064401930420637,-5.176069157211184e-12
2.1291666666666664,1,896,0.8920984890568548,-6.595891158639941e-12,2.0950549175767357,2.6003988162073166,0.15322619121221465,-7.113037200508442e-12,1.8436707306855584,2.1139329856243227,-0.4390055675674351,-1.1505344547113364e-11,-2.111463373235071,-3.600714846732339,-0.5017491072343226,-5.191268484075058e-12
2.1333333333333333,1,896,0.9314805064408068,-6.569208255105854e-12,2.0948154153051517,2.597880506173861,0.1604431970341685,-7.06781031027234e-12,1.868591801533564,2.11215270323295,-0.44480020475055004,-1.1519094342305947e-11,-2.110410545852655,-3.6001579243398085,-0.4698539690575888,-5.206850192245571e-12
2.1375,1,896,0.9624978432988714,-6.541888829651409e-12,2.0944955407701134,2.595302121735965,0.1495488498800858,-7.021504530439832e-12,1.885394087269579,2.1103299521212944,-0.3853076209387702,-1.1533172139510355e-11,-2.111988744408448,-3.5995877165373775,-0.48792322989908565,-5.222803602798265e-12
2.1416666666666666,1,896,0.9973179048233759,-6.5139516056461824e-12,2.0942512093709422,2.5926654299895295,0.15245464137809153,-6.974151596679394e-12,1.90395550957939,2.1084659815119187,-0.35141157149261215,-1.1547568290507582e-11,-2.1129522529563047,-3.599004614116992,-0.47011848361523007,-5.239117782062437e-12
2.1458333333333335,1,896,1.027670876767175,-6.485415729868004e-12,2.0955861094074586,2.5899722379913714,0.15116500787508239,-6.9257839623264846e-12,1.9213901536591451,2.1065620688771713,-0.32055364276112797,-1.1562272928894844e-11,-2.1133820659362077,-3.598409016707923,-0.46272325511015966,-5.255781549114533e-12
2.15,1,896,1.0560780742962632,-6.45630075938074e-12,2.0952002055343537,2.587224391520759,0.1495432513458272,-6.876434776141682e-12,1.9368625551213352,2.1046195190636703,-0.2842282622028047,-1.1577275976847499e-11,-2.1103438110217527,-3.597801332502885,-0.4149039106094356,-5.2727834834409864e-12
2.154166666666667,1,896,1.0777778100753088,-6.426626648130832e-12,2.0949121205772063,2.5844237738144042,0.14395381186821662,-6.8261378595921405e-12,1.9510032539744833,2.1026396633980244,-0.29071778720836916,-1.1592567152025902e-11,-2.1109808388939597,-3.5971819779782765,-0.47167380984481555,-5.290111932765279e-12
2.158333333333333,1,896,1.1046967095508837,-6.396413733271881e-12,2.094603271452743,2.58157230427579,0.14065259073734795,-6.7749276836720856e-12,1.9624782763253084,2.1006238587744113,-0.17129911088547883,-1.1608135974622395e-11,-2.1098323707885185,-3.596551377608753,-0.3768308380654102,-5.307755021033815e-12
2.1625,1,896,1.1222455671876552,-6.365682721226556e-12,2.0945347486447554,2.578671937159703,0.14377669416351818,-6.722839345278077e-12,1.9768653617486742,2.098573486724628,-0.2595234413579533,-1.1623971774543652e-11,-2.108678666277082,-3.595909963576307,-0.4426172368194736,-5.325700656555191e-12
2.1666666666666665,1,896,1.1409729857501902,-6.334454673495471e-12,2.094430591813765,2.5757246602328894,0.13559297327002273,-6.669908543155391e-12,1.9910485069240782,2.0964899524712597,-0.16141908867072643,-1.1640063698723422e-11,-2.107986436912663,-3.5952581754740773,-0.42317436864739544,-5.343936540287221e-12
2.1708333333333334,1,896,1.1597886871699619,-6.30275099222266e-12,2.0943518020350695,2.5727324934117335,0.14670696808545702,-6.616171553431839e-12,2.007025761115329,2.0943746839646082,-0.2085122973213134,-1.1656400718560682e-11,-2.107812232850717,-3.5945964600050724,-0.46851013007730735,-5.362450174266104e-12
2.175,1,896,1.1781165841794359,-6.2705934055276375e-12,2.0956152463617563,2.5696974873779137,0.1447303694619658,-6.561665204755965e-12,2.0210000585885197,2.092229130904048,-0.09075971462446429,-1.1672971637478086e-11,-2.1061400083771757,-3.5939252706760203,-0.38622837046221675,-5.38122887017188e-12
2.1791666666666667,1,896,1.1884249598337708,-6.2380039526140124e-12,2.0953623836540936,2.5666217221729624,0.15177682170599432,-6.506426853056488e-12,2.0356934068688988,2.090054763744474,-0.17636376675591633,-1.1689765098595548e-11,-2.1043748257549537,-3.5932450674865613,-0.4812522779263545,-5.400259758024399e-12
2.183333333333333,1,896,1.2038545112295274,-6.205004968664937e-12,2.095091497368523,2.5635073057727147,0.15579237965900228,-6.450494355940457e-12,2.0534347017836754,2.087853072688526,-0.08680779412309642,-1.1706769592513665e-11,-2.105286744982938,-3.5925563166139844,-0.36503736299422135,-5.419529795003735e-12
2.1875,1,896,1.204894804062638,-6.17161906953567e-12,2.094915572208459,2.5603563726426017,0.1556779331935836,-6.393906046747494e-12,2.0687627267892625,2.085625566665276,-0.17770681870207702,-1.1723973465201706e-11,-2.10408856890432,-3.591859490093733,-0.47487341557832324,-5.439025774389107e-12
2.1916666666666664,1,896,1.2149126836302968,-6.137869136253815e-12,2.094696553826402,2.5571710822747984,0.16023015401186108,-6.3367007082780805e-12,2.088017500649505,2.083373772296086,-0.09510675458662056,-1.1741364925984674e-11,-2.1037823690972064,-3.591155065495898,-0.4300691945501207,-5.458734334610086e-12
2.1958333333333333,1,896,1.2192840763368085,-6.103778299337792e-12,2.094595843340092,2.553953617708214,0.17157388660491066,-6.278917546213722e-12,2.106483381644125,2.0810992328483375,-0.1438771762192975,-1.175893205562408e-11,-2.1045535791914927,-3.590443525597911,-0.5454628095110371,-5.478641968403965e-12
2.2,1,896,1.2323817352751498,-6.0693699229443515e-12,2.091281588224883,2.5507061840323466,0.18812141255738785,-6.220596162247372e-12,2.103337684602986,2.078803507177752,-0.03334053558601343,-1.1776662814486763e-11,-2.1048759716214693,-3.5897253580536765,-0.4723423978397321,-5.49873503207295e-12
2.2041666666666666,1,896,1.2342881518997006,-6.03466758885594e-12,2.0912012776050024,2.547431006876025,0.20643711351208793,-6.161776526942386e-12,2.101328365147629,2.07648816866003,-0.11431168524780734,-1.1794545050796267e-11,-2.1038341740353665,-3.589001055059356,-0.5731086647666596,-5.5189997548348675e-12
2.2083333333333335,1,896,1.2415965642953546,-5.999695080318913e-12,2.0911015076959147,2.544130330882073,0.22180704833011963,-6.102498952338685e-12,2.0993389597081187,2.0741548041125375,-0.02130804198064232,-1.1812566508961068e-11,-2.104185920397755,-3.5882711130160416,-0.5053501165276941,-5.539422248260989e-12
2.2125,1,896,1.2387184125282753,-5.9644763657437144e-12,2.0943815924768843,2.5408064181689447,0.238136305860706,-6.042804064324934e-12,2.098001363573275,2.0718050127067817,-0.09509521312648184,-1.1830714837973928e-11,-2.1040893310985007,-3.5875360321895484,-0.6089850589927938,-5.559988515794441e-12
2.216666666666667,1,896,1.2424570916937547,-5.929035582278093e-12,2.0968844005439866,2.53746154678038,0.25360547156605656,-5.982732774795538e-12,2.09681185057106,2.069440404872417,0.0014237633324930097,-1.1848977599876675e-11,-2.103241606991014,-3.586796316367557,-0.5354316756140167,-5.580684462342768e-12
2.220833333333333,1,896,1.2372239805295508,-5.8933970192647366e-12,2.096352361741613,2.5340980091241496,0.2736183700597821,-5.922326253611726e-12,2.0935509298873436,2.067062601193539,-0.07997564227635795,-1.186734227828454e-11,-2.104104877691502,-3.586052472514343,-0.6381294350934884,-5.601495903937988e-12
2.225,1,896,1.2379083294631197,-5.857585101594541e-12,2.095908178614177,2.530718110400949,0.2903932404115951,-5.861625900385731e-12,2.0977477757895695,2.064673231298014,0.012941919448471046,-1.1885796286964285e-11,-2.1045337093326437,-3.585305010423326,-0.5660128451577064,-5.622408577457592e-12
2.2291666666666665,1,896,1.2289887699091482,-5.821624372967039e-12,2.095536040992005,2.527324167024535,0.30923046125558934,-5.8006733161076174e-12,2.0966635988546463,2.062273932740618,-0.06473179090096896,-1.1904326978460155e-11,-2.104495830957063,-3.5845544423676876,-0.6688545893211009,-5.6434081503997534e-12
2.2333333333333334,1,896,1.2262361698444284,-5.785539479069347e-12,2.094106560791832,2.5239185050341657,0.3257680847785954,-5.739510274633986e-12,2.0957558242993928,2.0598663498807337,0.03120244734523156,-1.192292165276183e-11,-2.1052457895563848,-3.583801282749281,-0.5993932156883842,-5.664480230706137e-12
2.2375,1,896,1.21406405067462,-5.7493551506852695e-12,2.0967197634508987,2.5205034585004533,0.343769846488606,-5.678178694058315e-12,2.093149078795138,2.0574521327553925,-0.04595988021395785,-1.1941567566008363e-11,-2.1058639971480204,-3.583046047746088,-0.7060767111736789,-5.685610376625468e-12
2.2416666666666667,1,896,1.2098165092120496,-5.713096186746025e-12,2.096194188685007,2.5170813679257056,0.3624995379043768,-5.616720607982336e-12,2.0977382634660877,2.0550329359484185,0.048821035452790526,-1.1960251939222207e-11,-2.1060320044696637,-3.582289254958454,-0.6159719467676454,-5.706784106611214e-12
2.245833333333333,1,896,1.194719592990756,-5.676787437334329e-12,2.0957699542960597,2.513654578639866,0.3810117518542906,-5.555178136708358e-12,2.0966601378601872,2.0526104174564628,-0.038795925818654486,-1.197896196706726e-11,-2.1055297954304106,-3.5815314230543542,-0.7058916381396955,-5.727986909246489e-12
2.25,1,896,1.1843258367688725,-5.640453786653359e-12,2.0944005733013844,2.510225439193139,0.39370878435764844,-5.4935934583720664e-12,2.0957159228451854,2.050186237552691,0.052577284792659724,-1.1997684826625028e-11,-2.105763701823764,-3.5807730714139208,-0.6262214996232051,-5.749204253189474e-12
2.2541666666666664,1,896,1.1656526363071815,-5.604120135972392e-12,2.0943622183402644,2.506796299746412,0.40948164630529094,-5.432008780035781e-12,2.0916811403497593,2.047762057648919,-0.029603255485087403,-1.2016407686182794e-11,-2.106441715254611,-3.580014719773487,-0.7314657218839803,-5.770421597132458e-12
2.2583333333333333,1,896,1.1546703294647207,-5.567811386560693e-12,2.0930983944837025,2.503369510460572,0.42462292354436315,-5.370466308761798e-12,2.095983182336255,2.045339539156963,0.0629405046325771,-1.203511771402785e-11,-2.1067537409955555,-3.579256887869387,-0.6531048857440733,-5.791624399767734e-12
2.2625,1,896,1.1342881340600133,-5.531552422621448e-12,2.0963756815225083,2.4999474198858245,0.44020060273536904,-5.3090082226858184e-12,2.0951641363385223,2.042920342349989,-0.018363199551817498,-1.2053802087241693e-11,-2.1069916947148406,-3.578500095081753,-0.7628545325125455,-5.812798129753481e-12
2.2666666666666666,1,896,1.1220793519439178,-5.49536809423737e-12,2.0959010294224436,2.496532373352112,0.45752770649078817,-5.247676642110147e-12,2.094505549683068,2.0405061252246477,0.0735522627133459,-1.2072448000488227e-11,-2.1069994665682805,-3.57774486007856,-0.6785159439850785,-5.833928275672812e-12
2.2708333333333335,1,896,1.1015275382954046,-5.4592832003396776e-12,2.095546713077947,2.4931267113617426,0.4771544546752613,-5.186513600636516e-12,2.0893207524059965,2.0380985423647635,-0.011575090580533473,-1.2091042674789901e-11,-2.107119819776491,-3.5769917004601535,-0.7862788015512152,-5.855000355979195e-12
2.275,1,896,1.0882896578748655,-5.423322471712177e-12,2.0935740271736565,2.4897327679853287,0.49484243793466776,-5.125561016358402e-12,2.093299380704382,2.0356992438073673,0.08066522553201229,-1.2109573366285771e-11,-2.1074982417376598,-3.576241132404515,-0.7038297820749654,-5.8759999289213575e-12
2.279166666666667,1,896,1.0654457961080583,-5.38751055404198e-12,2.097052338910632,2.486352869262128,0.5112571129624472,-5.064860663132408e-12,2.0929563158998667,2.033309873911843,-0.0013856340376108055,-1.2128027374965516e-11,-2.107530793028824,-3.5754936703134983,-0.8121557878986092,-5.896912602440961e-12
2.283333333333333,1,896,1.0511615900096365,-5.351871991028624e-12,2.0964868796528378,2.4829893316058977,0.5290707299360656,-5.004454141948595e-12,2.1006285977597465,2.0309320702329647,0.09226094633943621,-1.2146392053373381e-11,-2.1077889889647454,-3.574749826460284,-0.7290220979667903,-5.917724044036181e-12
2.2875,1,896,1.0288293446394212,-5.316431207563002e-12,2.0959683490263203,2.479644460217333,0.5500313956765759,-4.944382852419199e-12,2.098722410800957,2.0285674623986,0.006548442427069317,-1.2164654815276128e-11,-2.1064001959758802,-3.5740101106382927,-0.8400401255366298,-5.9384199905845085e-12
2.2916666666666665,1,896,1.013336812841008,-5.281212492987804e-12,2.0922264850306598,2.476320547504205,0.569563693114726,-4.8846879644054476e-12,2.097317332267143,2.0262176709928443,0.09753623728783163,-1.2182803144288988e-11,-2.1075032252707833,-3.5732750298117995,-0.7690530223006603,-5.958986258117961e-12
2.2958333333333334,1,896,0.9898972117480391,-5.246239984450777e-12,2.094018371986141,2.4730198715102527,0.5879184615361411,-4.825410389801747e-12,2.0918321394577477,2.023884306445352,0.027547131624741157,-1.220082460245379e-11,-2.107872689481842,-3.5725450877684852,-0.8791866559215273,-5.979408751544082e-12
2.3,1,896,0.9747039669994442,-5.211537650362365e-12,2.092678747173315,2.469744694353931,0.6065360215829477,-4.766590754496761e-12,2.0944195309929103,2.02156896792763,0.12972062256870887,-1.2218706838763293e-11,-2.10800419075678,-3.5718207847741645,-0.7650115240138438,-5.9996734743059995e-12
2.3041666666666667,1,896,0.9477910287796791,-5.177129273968924e-12,2.09918457636421,2.466497260678064,0.6165741072992245,-4.70826937053041e-12,2.090817043150828,2.019273242257044,0.05462365238981516,-1.2236437597625975e-11,-2.1101642139449197,-3.57110261722993,-0.8695225585897944,-6.019766537974983e-12
2.308333333333333,1,896,0.9308885569465671,-5.143038437052905e-12,2.098176381210781,2.46327979611148,0.6315070695535068,-4.650486208466059e-12,2.094949872192699,2.0169987028092957,0.15368618856296581,-1.225400472726538e-11,-2.10966296347939,-3.570391077331943,-0.7905462024520681,-6.039674171768861e-12
2.3125,1,896,0.9081248998833609,-5.109288503771047e-12,2.0973739488996435,2.460094505743676,0.6519786204681187,-4.59328086999664e-12,2.0920371777286504,2.014746908440106,0.07104843548692855,-1.227139618804835e-11,-2.1105252252772715,-3.569686652734108,-0.9243087442622728,-6.059382731989842e-12
2.3166666666666664,1,896,0.8946889514563093,-5.075902604641783e-12,2.0922790271734346,2.4569435726135636,0.6761385365033108,-4.5366925608036816e-12,2.0989447689422307,2.012519402416856,0.16402487958895978,-1.2288600060736388e-11,-2.108288693003147,-3.5689898262138566,-0.8431303250006208,-6.078878711375212e-12
2.3208333333333333,1,896,0.8716568684160411,-5.042903620692705e-12,2.0939885865663697,2.4538291562133154,0.6960592687247802,-4.480760063687645e-12,2.097294268363711,2.0103177113609076,0.08229602070717433,-1.2305604554654508e-11,-2.106582751512333,-3.56830107534128,-0.9484388459038778,-6.09814874835455e-12
2.325,1,896,0.8544985366575177,-5.0103141677790795e-12,2.0919003276414823,2.450753391008364,0.7136020727822254,-4.425521711988168e-12,2.0960705711617442,2.0081433442013337,0.1768241464287787,-1.232239801577197e-11,-2.107077938113828,-3.5676208721518208,-0.8343544628937236,-6.117179636207069e-12
2.3291666666666666,1,896,0.8266775891228951,-4.978156581084057e-12,2.0987453028393164,2.4477183849745443,0.7218905958146631,-4.371015363312294e-12,2.0883049648209937,2.0059977911407736,0.09742904584287743,-1.2338968934689374e-11,-2.107196834617942,-3.5669496828227687,-0.9252770596651183,-6.135958332112845e-12
2.3333333333333335,1,896,0.8074557201828997,-4.946452899811247e-12,2.0978631964762107,2.4447262181533884,0.7320147417768892,-4.317278373588742e-12,2.089750385575128,2.003882522634122,0.19674868213021462,-1.2355305954526634e-11,-2.1086777927933484,-3.5662879673537637,-0.8415600671057846,-6.154471966091727e-12
2.3375,1,896,0.78361834014988,-4.915224852080161e-12,2.0971023043144306,2.4417789412265747,0.7484486964448885,-4.2643475714660565e-12,2.0830205906589234,2.0017989883807537,0.11224069642717588,-1.2371397878706404e-11,-2.1088185544570646,-3.565636179251534,-0.9684016778481671,-6.172707849823758e-12
2.341666666666667,1,896,0.7684066693737384,-4.884493840034837e-12,2.091881431344292,2.438878574110488,0.7673591624016521,-4.212259233072049e-12,2.087280241730767,1.9997486163309703,0.20659870829534616,-1.238723367862766e-11,-2.1083941006256786,-3.5649947652190885,-0.8658787298791844,-6.190653485345134e-12
2.345833333333333,1,896,0.7435353519295711,-4.854280925175885e-12,2.0954072410361735,2.4360271045718735,0.7787272331120879,-4.161049057151992e-12,2.084032600045892,1.9977328117073572,0.12570299167441787,-1.2402802501224154e-11,-2.11006175167512,-3.5643641648495645,-0.9778334993615924,-6.2082965736136705e-12
2.35,1,896,0.7265755115028351,-4.8246068139259775e-12,2.0945419317354905,2.433226486865519,0.791101370374279,-4.110752140602452e-12,2.0907541644636343,1.9957529560417113,0.22502557773971885,-1.2418093676402557e-11,-2.1099453257798095,-3.5637448103249563,-0.8961513400688197,-6.225625022937963e-12
2.3541666666666665,1,896,0.7048097044145648,-4.795491843438713e-12,2.094454899397691,2.430478640394906,0.8088923147182215,-4.061402954417648e-12,2.088299809757501,1.99381040622821,0.13980679966945628,-1.2433096724355212e-11,-2.1094366525017625,-3.5631371261199183,-1.0039580420725678,-6.242626957264416e-12
2.3583333333333334,1,896,0.6893342574677029,-4.7669559676605345e-12,2.091160553119985,2.4277854483967483,0.8237092227391781,-4.013035320064739e-12,2.096189853162094,1.991906493593463,0.23808696702297497,-1.2447801362742474e-11,-2.1097506903864502,-3.5625415287108493,-0.907917241964193,-6.259290724316512e-12
2.3625,1,896,0.6657969089123568,-4.7390187436553084e-12,2.095846564277639,2.4251487566503127,0.8341685579722964,-3.965682386304302e-12,2.094900235494583,1.9900425229840875,0.157480123758227,-1.2462197513739701e-11,-2.109773123381211,-3.5619584262904636,-1.0072694871120236,-6.275604903580683e-12
2.3666666666666667,1,896,0.6480912680908992,-4.711699318200863e-12,2.095503216693886,2.422570372212417,0.8439731897285228,-3.919376606471793e-12,2.0941479232670264,1.9882197718724315,0.25304403339164805,-1.2476275310944109e-11,-2.1105745639380102,-3.5613882184880326,-0.9109249778967804,-6.291558314133378e-12
2.370833333333333,1,896,0.6257583954521584,-4.685016414666779e-12,2.0952336356611054,2.4200520621789616,0.8576369124575264,-3.8741497162356965e-12,2.084624030913757,1.9864394894810589,0.16794241416291594,-1.249002510613669e-11,-2.110829477593547,-3.560831296095502,-1.0103964714091058,-6.307140022303889e-12
2.375,1,896,0.609451212372054,-4.6589883201822884e-12,2.0921399838514043,2.417595552473851,0.8671162682107554,-3.830032711847434e-12,2.0867792711804904,1.9847028959265933,0.2675293059485815,-1.2503437475894643e-11,-2.1113349954627028,-3.560288040799661,-0.9141521930228288,-6.322339349167765e-12
2.3791666666666664,1,896,0.5864023255395233,-4.633632873103227e-12,2.0968930061982607,2.415202526666132,0.8738783170493584,-3.787055828898132e-12,2.0807594566083782,1.9830111813835125,0.1859944539386812,-1.2516503228049691e-11,-2.109087730521296,-3.5597588249205527,-0.9942310803928279,-6.337145877865593e-12
2.3833333333333333,1,896,0.5693169516872237,-4.608967450786483e-12,2.0963707348759497,2.412874624816158,0.8773058817269552,-3.745248521596609e-12,2.085036705809243,1.9813655052684611,0.28791577640306426,-1.2529213407987963e-11,-2.1109748900317205,-3.559244011156306,-0.8967908253994331,-6.351549460742208e-12
2.3875,1,896,0.5484795377283008,-4.58500895768045e-12,2.095936462304249,2.4106134423515764,0.8862484749432531,-3.704639442582975e-12,2.0791400865257503,1.979766995445645,0.20705895038196825,-1.2541559304787013e-11,-2.1101288149564748,-3.5587439523345594,-1.0117417062683653,-6.365540226301382e-12
2.3916666666666666,1,896,0.5349978000089164,-4.561773813739552e-12,2.0911937147646893,2.4084205289739002,0.8959228989927993,-3.6652564232915195e-12,2.084620634071272,1.9782167474538495,0.30633283842782516,-1.2553532457185868e-11,-2.1107356086732203,-3.558258991170651,-0.9237885273453459,-6.379108585971251e-12
2.3958333333333335,1,896,0.5154117419928281,-4.539277943170821e-12,2.0940434676128485,2.4062973875964193,0.9038072186817071,-3.6271264548764326e-12,2.080776545638762,1.9767158237556115,0.22442386449084098,-1.2565124659383944e-11,-2.11059196739663,-3.5577894600327373,-1.0252010877627946,-6.392245240675857e-12
2.4,1,896,0.5019650028742938,-4.517536763520253e-12,2.093186671740082,2.4042454733141807,0.9101454475884879,-3.590275669713437e-12,2.0886016595030013,1.9752652530090609,0.3247464987262483,-1.25763279666649e-11,-2.1107512154068178,-3.5573356807140075,-0.9111009249588823,-6.404941187208252e-12
2.404166666666667,1,896,0.4811079638585308,-4.496565175106382e-12,2.101344390734019,2.402266192406738,0.9096153581153947,-3.5547293234899395e-12,2.0859203377703937,1.9738660293629298,0.2465345468435428,-1.2587134700841542e-11,-2.1103841600117224,-3.5568979642121397,-1.0269940191836868,-6.4171877244008635e-12
2.408333333333333,1,896,0.46959710252694653,-4.4763775508083555e-12,2.099961700906228,2.4003609013743583,0.9175586937863746,-3.5205117778960693e-12,2.094021622645255,1.9725191117752126,0.34595343840154774,-1.2597537455518074e-11,-2.1110056756007936,-3.55647661051616,-0.9470435899935741,-6.428976459088824e-12
2.4125,1,896,0.45456788943043364,-4.456987726215471e-12,2.0988316696534097,2.3985309060083435,0.9315123211639031,-3.4876464839283654e-12,2.090785640748383,1.9712254233559436,0.26018054265202084,-1.260752910116607e-11,-2.1108184221458846,-3.556071908400844,-1.0495529476271028,-6.440299311862242e-12
2.4166666666666665,1,896,0.44468879557930363,-4.438408990144963e-12,2.095194803009473,2.396777460496107,0.9412161226819231,-3.4561559658176605e-12,2.099631484201156,1.9699858507345447,0.3600048701103524,-1.2617102790010698e-11,-2.1115888070542135,-3.5556841352288067,-0.9538702168958375,-6.451148522603412e-12
2.4208333333333334,1,896,0.4295309475600099,-4.420654075534502e-12,2.0950333039135884,2.3951017665616163,0.9508920195798468,-3.4260618055920765e-12,2.0971471071699073,1.968801243452172,0.27742613543783934,-1.2626251960723838e-11,-2.112482699681728,-3.55531355676041,-1.0471797463250507,-6.461516655805226e-12
2.425,1,896,0.4181780734952323,-4.4037351507156906e-12,2.0916789440551065,2.393504972641792,0.9569951274975997,-3.3973846282858006e-12,2.09610642026988,1.9676724133794847,0.3720146020334359,-1.2634970342920895e-11,-2.1118726315929326,-3.554960426971626,-0.9559346846423813,-6.471396605667084e-12
2.4291666666666667,1,896,0.4014408168399138,-4.387663811074473e-12,2.0963735004362647,2.391988173099424,0.9602307945888714,-3.3701440878036948e-12,2.0856101686902075,1.9666001341602282,0.28629577843985526,-1.2643251961458205e-11,-2.112968567034803,-3.5546249878799725,-1.0590523206164226,-6.4807816009648685e-12
2.433333333333333,1,896,0.39140895289415484,-4.372451071104264e-12,2.0959836810071995,2.390552407473154,0.9640699510910051,-3.3443588534515168e-12,2.0882765139880175,1.9655851406810179,0.3843645287255177,-1.2651091140528098e-11,-2.1131727221284424,-3.554307469378647,-0.968256795125668,-6.48966520969159e-12
2.4375,1,896,0.3780942688703,-4.358107356857142e-12,2.0956716163982607,2.389198659765023,0.973169046174812,-3.3200465971408848e-12,2.0798229811552957,1.9646281285676843,0.2976707919511023,-1.2658482507548817e-11,-2.1138732111991465,-3.5540080890789705,-1.0655810843860964,-6.4980413434655765e-12
2.4416666666666664,1,896,0.3697407093791767,-4.344642498798369e-12,2.0931815114441488,2.38792785776609,0.9776442240556988,-3.2972239812778544e-12,2.0847399311802834,1.963729753708526,0.3979692963064853,-1.2665420996846611e-11,-2.1140306847621435,-3.5537270521612454,-0.9719786104181347,-6.505904261703134e-12
2.4458333333333333,1,896,0.3560268099987309,-4.332065725069074e-12,2.0983510491413426,2.386740872420566,0.979782258217885,-3.2759066473433192e-12,2.0789180481232714,1.9628906318047972,0.3150485947002005,-1.2671901853127501e-11,-2.1145262190929057,-3.5534645512341374,-1.0711107412638212,-6.513248575552866e-12
2.45,1,896,0.3487487090807154,-4.320385655161747e-12,2.097573424681661,2.3856385172289167,0.9828599646094459,-3.256109205173135e-12,2.0853542331227293,1.9621113379487347,0.4152055187235312,-1.2677920634736317e-11,-2.114967493254724,-3.5532207662026694,-0.9779304642213308,-6.5200692515889155e-12
2.4541666666666666,1,896,0.33798531886554717,-4.30961029401287e-12,2.0969532233184736,2.384621547690326,0.9907302213546517,-3.2378452229452632e-12,2.079827043832041,1.9613924062294217,0.329304039406041,-1.2683473216700791e-11,-2.1153622486916888,-3.552995864144925,-1.071821384357307,-6.5263616152606274e-12
2.4583333333333335,1,896,0.33174591834806905,-4.2997470265167334e-12,2.094608507262887,2.3836906607849166,0.9933129912120846,-3.2211272178808136e-12,2.087372898180519,1.9607343293667467,0.43052711027264084,-1.2688555793558603e-11,-2.1157234590758347,-3.55278999919754,-0.978884748109535,-6.532121354096252e-12
2.4625,1,896,0.32148246713939116,-4.290802612464197e-12,2.094587340655581,2.3828464944960754,0.9987808226570292,-3.2059666476653756e-12,2.082839261727619,1.96013755837372,0.34559115582294,-1.2693164881965451e-11,-2.114468881268728,-3.5526033124500667,-1.0560328927884406,-6.537344520658498e-12
2.466666666666667,1,896,0.31470098449068534,-4.282783181909869e-12,2.094032157094682,2.382089627373209,0.9960018910064201,-3.1923739025964855e-12,2.0911842995871077,1.9596025022473704,0.44854521765138394,-1.2697297323082374e-11,-2.113559092712705,-3.5524359318482768,-0.9536138980559492,-6.542027535249904e-12
2.470833333333333,1,896,0.30278016671473795,-4.275694230970873e-12,2.1008756258504526,2.3814205781352378,0.9910506267316614,-3.1803582984626435e-12,2.087471727640528,1.9591295276884406,0.3658581122854774,-1.270095028474065e-11,-2.113462767814724,-3.552287972106473,-1.0336454317555606,-6.546167188366193e-12
2.475,1,896,0.29721281606327377,-4.26954061806008e-12,2.0996017904407127,2.3808398053150888,0.9880184176981676,-3.1699280701587285e-12,2.095348619566977,1.9587189588500677,0.4650961846304993,-1.2704121263382826e-11,-2.1136204391065507,-3.552159534628872,-0.9269621621569913,-6.549760642895898e-12
2.4791666666666665,1,896,0.28775329529587845,-4.264326560556401e-12,2.0985943097608786,2.3803477069454435,0.9882399368102571,-3.16109036604222e-12,2.0905163412305203,1.958371077115625,0.37825300472459855,-1.2706808085778536e-11,-2.1138705333475154,-3.5520507074401055,-1.0019320780164074,-6.552805436064784e-12
2.4833333333333334,1,896,0.28209729970279646,-4.2600556319144e-12,2.0973862111331036,2.379944620285943,0.981141695506149,-3.1538512430340635e-12,2.098893549200083,1.9580861209058762,0.4786704298803845,-1.2709008910513918e-11,-2.1140471858327006,-3.5519615651248926,-0.8985262018437964,-6.555299481123701e-12
2.4875,1,896,0.272849391211528,-4.2567307592152305e-12,2.096819340762513,2.3796308215920496,0.9781578599548606,-3.14821566246757e-12,2.094370453161295,1.957864285515574,0.39161970670918517,-1.2710722229253634e-11,-2.1136856530854184,-3.5518921687769236,-0.9753190399489011,-6.557241068778746e-12
2.4916666666666667,1,896,0.26781963125207187,-4.254354221160559e-12,2.095823810331961,2.379406525925713,0.9692317010648952,-3.1441874866881537e-12,2.10291686884841,1.9577057229796133,0.4908127180985735,-1.27119468677746e-11,-2.113835438816023,-3.5518425659569886,-0.87435325956325,-6.5586288683627275e-12
2.495833333333333,1,896,0.2593037465044324,-4.252927646510859e-12,2.0955697589523155,2.37927188700798,0.9647527206563998,-3.1417694764062825e-12,2.0984475355420202,1.957610541968836,0.40238099976241243,-1.271268198677075e-11,-2.1135587502622055,-3.5518127906603825,-0.954546954417608,-6.55946192874713e-12
2.5,1,896,0.2542535100449482,-4.2524520129691355e-12,2.0938059294549496,2.3792269971136384,0.9569936891588599,-3.140963288805421e-12,2.0971783458085764,1.9575788077155531,0.49019110222572526,-1.271292708242824e-11,-2.112873943503558,-3.5518028632936067,-0.8600579626722732,-6.559739678993979e-12
2.5041666666666664,1,896,0.24430170599048254,-5.0793419615438973e-05,2.0989942124638308,2.379102261728959,0.9487651577664653,-1.6024805032347426e-05,2.0861415357353525,1.9575771191861442,0.397210159667941,1.0619081078856747e-05,-2.1115382549613186,-3.5516824790461454,-0.9445571609751057,-7.227744494114259e-05
2.5083333333333333,1,896,0.24088625781721634,-0.0002031649625140987,2.098086338628818,2.378728076947688,0.9421684927592439,-6.40964649391715e-05,2.0885828049806547,1.9575720538872383,0.4889668208517411,4.2474542927140895e-05,-2.1097660098585074,-3.551321346930983,-0.8414733664196151,-0.000289097375718279
2.5125,1,896,0.2337423518882221,-0.00045708852486900744,2.0973685450317103,2.37810450688446,0.9396000971756319,-0.000144206746029997,2.0790791347565825,1.9575636126867484,0.39718277153179354,9.556091456253862e-05,-2.110249086616325,-3.550719528826248,-0.9148310965625482,-0.0006504226479122608
2.5166666666666666,1,896,0.23034597795728884,-0.0008125205981849386,2.096787433895969,2.3772316583847966,0.9298627765624644,-0.0002563419218205619,2.084381615283473,1.9575517970310305,0.49410381943508597,0.00016986909990855556,-2.110473269534303,-3.5498771278503747,-0.8145230918152078,-0.001156191350297778
2.5208333333333335,1,896,0.2236372850398773,-0.001269400281005891,2.096329641063562,2.3761096810067937,0.9256226240581122,-0.00040048277852576536,2.0772903792598227,1.9575366089446367,0.4045179910175095,0.0002653863666401707,-2.1102284635822923,-3.5487942883444332,-0.8925914102950201,-0.0018063168220113699
2.525,1,896,0.2211091058756404,-0.001827649289350247,2.0957480950770107,2.3747387669954994,0.9154836795582167,-0.0005766046183518535,2.0841210937404573,1.9575180510299672,0.5015629835227867,0.0003820963483654559,-2.110414524290959,-3.547471195847399,-0.793284454669599,-0.0026006876674003285
2.529166666666667,1,896,0.21515045183404133,-0.002487171970124346,2.095498065603103,2.373119151249972,0.9106603754859625,-0.0007846772637282642,2.0783205498774233,1.9574961264668251,0.41176273990313483,0.0005199790474298767,-2.1101697498986574,-3.5459080770643596,-0.875560108591103,-0.0035391677751097934
2.533333333333333,1,896,0.21366936670516723,-0.0032478553175119096,2.0948550442590834,2.3712511112830326,0.9010617751424682,-0.0010246650624783226,2.0862857188581967,1.9574708390118716,0.5078410170241479,0.0006790108383427372,-2.11035193865205,-3.544105199827672,-0.778155016699041,-0.00462159634140439
2.5375,1,896,0.20858486815994556,-0.004109568992337606,2.0947831482076946,2.369134967173711,0.8964256649465496,-0.001296526893928248,2.081469592452332,1.9574421929979817,0.4173344611402659,0.0008591644718254116,-2.1101460463359722,-3.542062873051069,-0.8616974882841889,-0.005847787897721978
2.5416666666666665,1,896,0.2080090733295903,-0.00507216534439916,2.0943164615968772,2.3667710815124083,0.8872889227314452,-0.0016002161759527036,2.0903775141638232,1.9574101933335029,0.5126646319607645,0.001060409079480192,-2.1102616832474372,-3.5397814466767303,-0.7648223223775581,-0.007217532342451532
2.5458333333333334,1,896,0.20222845607682358,-0.006135479437767277,2.0997058802965816,2.364159859338762,0.8779180227697754,-0.0019356808729566657,2.0871846469950355,1.9573748455014122,0.42354324907407304,0.001282710179079603,-2.1098940662899275,-3.5372613116153198,-0.8528579726140322,-0.008730594976934158
2.55,1,896,0.2033353827118872,-0.00729932907904589,2.0986517101497135,2.361301748072249,0.8718247259861084,-0.00230286350479124,2.0964213945395307,1.9573361555583795,0.5162102190739076,0.0015260296804746115,-2.109924726087183,-3.534502899679007,-0.7554271157972026,-0.010386716545676529
2.5541666666666667,1,896,0.20022702046739482,-0.008563514848590546,2.0978207618976987,2.358197237435522,0.8693821776943901,-0.0027017011566027446,2.0927654243785407,1.9572941301337266,0.4242987545920321,0.0017903258921212794,-2.109943325578335,-3.5315066835074767,-0.8404227789096685,-0.012185613280773671
2.558333333333333,1,896,0.20148741256545874,-0.009927820134677568,2.096832151269973,2.354846859370496,0.8622704633899368,-0.0031321254896127275,2.1029128912215262,1.9572487764282942,0.5185251158774753,0.0020755535282243184,-2.109986366676524,-3.5282731764869455,-0.7441172054110906,-0.014126976950530612
2.5625,1,896,0.19850136103818436,-0.011392011170619902,2.096364194166735,2.3512511879472044,0.8587302050230102,-0.003594062752827639,2.099985107163395,1.957200102213206,0.4275286829037931,0.0023816637164966914,-2.1098905981123472,-3.524802932662195,-0.8293498857920067,-0.016210474912277072
2.5666666666666664,1,896,0.19897921019231404,-0.012955837074820849,2.0943850428859787,2.347410839265436,0.8529796369389969,-0.00408743379567537,2.0984065344732294,1.9571481158285382,0.5098736920624568,0.0027086040065334204,-2.1093408009668617,-3.52109654664164,-0.7392840593056138,-0.018435750169362653
2.5708333333333333,1,896,0.1937729778672738,-0.014619029893762677,2.0986443405920223,2.3433264713491657,0.8461484824847444,-0.0046121540815677224,2.087270392418869,1.9570928261818903,0.4154493752920561,0.0030563183787989754,-2.108773935335652,-3.5171546534954437,-0.8536067810694601,-0.020802421432328317
2.575,1,896,0.19663810110684138,-0.016381304647917934,2.0977828101089444,2.338998784033811,0.8449694956187859,-0.005168133702384954,2.0900839336323935,1.9570342427468586,0.5017655928014532,0.003424747254225693,-2.1079053867560646,-3.5129779286467047,-0.7631386932773213,-0.023310083184236708
2.5791666666666666,1,896,0.19506353964756193,-0.01824235938057938,2.0971226191031436,2.334428518846314,0.8472066871006528,-0.005755277393881127,2.0815094097703986,1.956972375561413,0.4076902080338942,0.003813827504422378,-2.1082082259045154,-3.5085670877557242,-0.8615917770298013,-0.025958305750155654
2.5833333333333335,1,896,0.1983546320349134,-0.020201875209599714,2.0957013446537904,2.3296164588780863,0.8460220215351428,-0.0063734845520074515,2.0878689436401743,1.9569072352261772,0.500743443366455,0.0042234924624912325,-2.108500592212646,-3.503922886597381,-0.7828387043153617,-0.028746635370782134
2.5875,1,896,0.19768520144682789,-0.022259516382028912,2.0954563683745886,2.3245634286508317,0.8493859965359115,-0.007022649250149819,2.0819365696127194,1.9568388329026125,0.40906488378155054,0.004653671934450584,-2.1087869577552554,-3.499046120931636,-0.8896812134743075,-0.03167459428018955
2.591666666666667,1,896,0.20239484733710708,-0.024414930331645258,2.0937669415742812,2.3192702939752654,0.8510417227015922,-0.00770266025727924,2.0902316271084604,1.9567671803111046,0.5023306155163139,0.0051042922112625655,-2.1086132772797685,-3.4939376263671793,-0.8026567357071982,-0.034741680787692526
2.595833333333333,1,896,0.20100009442796188,-0.026667747739364082,2.0979573963979936,2.3137379618027665,0.8507930067672571,-0.008413401057010193,2.0866660729703375,1.9566922897289567,0.4132870979479571,0.005575276081462443,-2.1087644108517147,-3.488598278218257,-0.8882685462473825,-0.037947369363806695
2.6,1,896,0.20511243103822233,-0.0290175825965206,2.097253878394535,2.3079673800699707,0.8496270652366475,-0.009154749867565698,2.0961950378212815,1.956614173988284,0.5085819520261633,0.006066542844388791,-2.1094795889369453,-3.4830289913546864,-0.7878538600858317,-0.04129111073029817
2.6041666666666665,1,896,0.20415091660500265,-0.03146403227100859,2.0967008871370387,2.301959537536352,0.8501852005994608,-0.00992657966264341,2.092937395918512,1.9565328464738168,0.4203730131188686,0.006578008324010741,-2.1095229037610332,-3.477230720045102,-0.8691731551623457,-0.04477233195429682
2.6083333333333334,1,896,0.20700704450789265,-0.03400667757627113,2.0960115977390323,2.295715463614799,0.8444605778331921,-0.010728758193181467,2.1033568281628523,1.9564483211206058,0.5180550149880562,0.00710958488335148,-2.1099415026498725,-3.4712044577934416,-0.7709816330544651,-0.048390436546467894
2.6125,1,896,0.20520425103816559,-0.03664508284312417,2.0957068678034694,2.2892362281952354,0.8414434636837242,-0.011561148010018113,2.1007182392723838,1.9563606124116353,0.4301677493712767,0.007661181439504015,-2.1097185750189924,-3.46495123716872,-0.8545474245326623,-0.05214480456321481
2.6166666666666667,1,896,0.20669689461666532,-0.03937879599440845,2.093614488362484,2.2825229414612926,0.8358427093462654,-0.0124236064874436,2.099006544968875,1.956269735375341,0.514583229957752,0.008232703479238214,-2.1093160489104226,-3.458472129628099,-0.7635053073285247,-0.056034792712906366
2.620833333333333,1,896,0.20237963578846815,-0.04220734862244806,2.0972986294281046,2.275576753700095,0.8289075984272382,-0.013315985847637567,2.08740506602375,1.9561757055830356,0.42059115086963683,0.00882405307519464,-2.1092249958540927,-3.451768245333301,-0.8548746235749377,-0.060059734466097935
2.625,1,896,0.2043620895334532,-0.04513025606931218,2.0967258679666503,2.268398855105154,0.8230826682617849,-0.014238133185990808,2.0907217811744894,1.9560785391462392,0.5121312125870804,0.009435128902664422,-2.1092412740127,-3.444840732960389,-0.7617422776749847,-0.06421894016974138
2.6291666666666664,1,896,0.20209713035161905,-0.04814701750985633,2.096275600944347,2.260990475572444,0.8211264011157398,-0.01518989049730392,2.082277487371789,1.9559782527139211,0.4203323990335586,0.010065826256950213,-2.1090529783639096,-3.4376907795029448,-0.8480443420627747,-0.06851169716535009
2.6333333333333333,1,896,0.20424287380140652,-0.05125711603753872,2.0953195783709906,2.2533528844896575,0.8145182229766923,-0.0161710947028615,2.088658473930851,1.955874863469645,0.5154780600183129,0.01071603707130735,-2.1092840902410104,-3.4303196100686844,-0.7514637031125564,-0.07293726991111311
2.6375,1,896,0.20178620814328826,-0.05446001875298715,2.0951489624952857,2.2454873905187096,0.8108494797309826,-0.01718157767837408,2.082898731749216,1.9557683891286257,0.4260992851704331,0.011385649935460023,-2.1089128206823577,-3.422728487669544,-0.8360477051179187,-0.07749490010792291
2.6416666666666666,1,896,0.2038426582385267,-0.05775517685530942,2.0943529839461217,2.2373953413715006,0.8028021477115432,-0.018221166282785625,2.091252678422617,1.9556588479346937,0.5222464620537992,0.012074550114691027,-2.1093848487614952,-3.4149187130052687,-0.7371591861448904,-0.08218380682930729
2.6458333333333335,1,896,0.19998913273485852,-0.06114202573612906,2.098378014948049,2.2290781235789927,0.7937890744202356,-0.019289682387940862,2.0879142363877023,1.955546258657168,0.4347328774464907,0.0127826195695013,-2.1087999333936325,-3.4068916242405405,-0.8234598122780615,-0.08700318665523933
2.65,1,896,0.2025684258314651,-0.06461998507632515,2.0975806083630415,2.220537162253639,0.7861707030744405,-0.02038694290910566,2.097405628109104,1.9554306405876423,0.5292767079826993,0.013509736975834751,-2.109115213457935,-3.398648596775698,-0.7237043935166977,-0.09195221380979499
2.654166666666667,1,896,0.20030981461531663,-0.06818845894547004,2.096956883824804,2.2117739208451916,0.7811435087807664,-0.021512759836338675,2.09434627533664,1.955312013536677,0.43947936192211534,0.014255777745867174,-2.1087647290957197,-3.390191043011059,-0.8085413537401827,-0.09703004030265006
2.658333333333333,1,896,0.20271678335121432,-0.07184683590393598,2.095669071370169,2.202789900889955,0.7724069436463885,-0.022666940266704867,2.1051698263273066,1.9551903978304073,0.5352299494072605,0.015020614049353068,-2.1087236215287684,-3.3815204121049245,-0.7215640418030254,-0.10223579607437448
2.6625,1,896,0.2007644558742274,-0.07559448910766545,2.0953948672494667,2.1935866417534964,0.7675405597872559,-0.023849286437329538,2.102666695682649,1.955065814307058,0.44445441402539126,0.015804114835529424,-2.1080224539430605,-3.3726381897252606,-0.8172407029156528,-0.10756858914551747
2.6666666666666665,1,896,0.2033601870121505,-0.07943077641557399,2.0924736371196118,2.1841657203668925,0.7637544688451456,-0.02505959575928277,2.1005854154196144,1.9549382843133745,0.5240325062162912,0.016606145855569795,-2.108102913365082,-3.36354589779515,-0.7426057111488579,-0.11302750576943815
2.6708333333333334,1,896,0.20077724041335485,-0.08335504049958162,2.0939768397940504,2.1745287509565214,0.7612043435069589,-0.02629766085229325,2.0887949710107985,1.9548078297009646,0.4257094847327749,0.017426569685587968,-2.108680638820197,-3.354245094232004,-0.8519976858270593,-0.11861161058887698
2.675,1,896,0.20457774601294462,-0.08736660895723879,2.0935237376599316,2.164677384767483,0.759822560873363,-0.027563269580280568,2.093187226241866,1.9546744728225547,0.5151757037274228,0.01826524575018403,-2.108374173024424,-3.3447373726806355,-0.7751033663958837,-0.1243199467962189
2.6791666666666667,1,896,0.20309352711049963,-0.09146479442694275,2.0970502131900286,2.154613309780656,0.7595134086310084,-0.028856205087704836,2.0864151124674293,1.9545382365281594,0.42280637675541044,0.01912203034653201,-2.1087522477050653,-3.335024362240184,-0.8788136543028517,-0.1301515362974426
2.683333333333333,1,896,0.20813517707183557,-0.09564889470570993,2.0965216920481784,2.1443382504234823,0.7606933647350627,-0.030176245836722633,2.094232133166587,1.9543991441611663,0.5152261332197058,0.019996776669001882,-2.108817041666518,-3.325107727184988,-0.7956445647506284,-0.13610537987970694
2.6875,1,896,0.20836322871510915,-0.09991819286949827,2.096109573368557,2.1338539672744834,0.7647339516968916,-0.03152316564514748,2.0897247374254353,1.9542572195543366,0.4245195949003939,0.020889334834314686,-2.1092568746903853,-3.314989166679411,-0.8920491714004803,-0.1421804573825658
2.6916666666666664,1,896,0.21320062921118657,-0.1042719573960449,2.0946733629461467,2.123162256761607,0.7649512347223514,-0.032896733725203894,2.0999157176163044,1.9541124870257207,0.5203648497073116,0.02179955190722351,-2.1092852176642656,-3.304670414486707,-0.8051205180498671,-0.1483757278727624
2.6958333333333333,1,896,0.21267164124321586,-0.10870944229021234,2.094630456316924,2.1122649508544056,0.7663453123072891,-0.03429671472307277,2.097543830146099,1.9539649713744929,0.4324059333038575,0.022727271926718903,-2.1095034430309254,-3.2941532386719414,-0.8993524514672656,-0.15469012982259286
2.7,1,896,0.2159636469240342,-0.1132298872118077,2.0919531605401835,2.101163916750148,0.7666045616745175,-0.0357228687592171,2.0965020627487854,1.9538146978767,0.5168846802228493,0.023672335932751344,-2.1087567703627825,-3.2834394412990484,-0.8174626190729419,-0.161122581291789
2.7041666666666666,1,896,0.2132331788044225,-0.1178325176058646,2.0938736961954376,2.0898610565538807,0.7656923856960988,-0.037174951469484525,2.0855892831378067,1.9536616922809324,0.4234474542634147,0.024634581993468515,-2.1092005303497805,-3.2725308581220545,-0.9199570721488477,-0.16767198011290535
2.7083333333333335,1,896,0.2163152614812895,-0.12251654483536033,2.0937617749419934,2.0783583069525093,0.764154665200665,-0.038652714046978266,2.0906023576166315,1.9535059808039115,0.5168353518015918,0.025613845232961757,-2.108738088033817,-3.2614293582705267,-0.837329462760573,-0.1743372040801716
2.7125,1,896,0.2139491796751208,-0.12728116631634162,2.097371430333276,2.0666576388829636,0.7630434976488483,-0.04015590328468792,2.0843328619719617,1.9533475901259971,0.4278307671319711,0.02660995785951605,-2.1089529889303242,-3.2501368439293166,-0.9372461086768518,-0.18111711114177229
2.716666666666667,1,896,0.21795355955590676,-0.132125565655447,2.096774659644719,2.0547610571944794,0.7629232235974678,-0.04168426161887636,2.092488489173984,1.9531865473866166,0.5231129969716646,0.027622749194361043,-2.1086116659104253,-3.23865525001262,-0.8498301785762796,-0.1880105395955369
2.720833333333333,1,896,0.21706872943093877,-0.13704891278978773,2.0963078735453675,2.0426706003050885,0.7653244123031744,-0.04323752717321069,2.08826370175435,1.9530228801796141,0.43413786289496226,0.02865204570091515,-2.108789649249351,-3.22698654383245,-0.9282114793014264,-0.19501630828798583
2.725,1,896,0.21955774316354004,-0.1420503641291789,2.095396850660102,2.030388339852334,0.76059604816446,-0.04481543380363477,2.0988957369739203,1.9528566165485233,0.5335988000083336,0.029697671014521046,-2.109210346387476,-3.2151327247615367,-0.8301130660405743,-0.20213321681672103
2.7291666666666665,1,896,0.2168205267811809,-0.14712906270067985,2.0952082336367894,2.017916380338318,0.7570372997732022,-0.046417711143970176,2.096818714674209,1.952687784981761,0.4480452044775568,0.03075944597266388,-2.109239058418766,-3.203095823890757,-0.9143528839222398,-0.20936004573610228
2.7333333333333334,1,896,0.21776906384641168,-0.15228413829543677,2.092319332383183,2.005256858769095,0.7519248395510608,-0.048044084652243566,2.0959072048322542,1.9525164144077474,0.5337883179921284,0.031837188645670866,-2.108053603030928,-3.1908779036811072,-0.8205201028049345,-0.2166955567661998
2.7375,1,896,0.21254111605431913,-0.1575147076177838,2.093621070256261,1.9924119442885166,0.7452075560970348,-0.04969427565772656,2.0852711267115547,1.952342534189948,0.44185298863009215,0.032930714367882974,-2.108534254899783,-3.178481057610319,-0.9126717456310944,-0.2241384930049604
2.7416666666666667,1,896,0.21298235921247466,-0.16281987443659557,2.0930332073840683,1.9793838378065511,0.7374612275727297,-0.051368001408685866,2.090340359263683,1.952166174121843,0.5360910196700754,0.034039835769297415,-2.10782050767484,-3.1659074098141446,-0.8146239582644434,-0.2316875791435772
2.745833333333333,1,896,0.20760457150254913,-0.16819872973884784,2.0958113965539686,1.9661747716221774,0.7291904159669249,-0.05306497512083013,2.0844397988128898,1.9519873644218222,0.44853211551205907,0.03516436280767162,-2.108192820946854,-3.1531591147224076,-0.9034510455228922,-0.23934152168500192
2.75,1,896,0.20820866204653946,-0.17365035188537595,2.0955259707268956,1.9527870090408834,0.7207605138962961,-0.05478490602645014,2.092825941178437,1.951806135728007,0.5448610130956791,0.036304102801086854,-2.1082623206079387,-3.1402383566898413,-0.8069259829718523,-0.247099009165584
2.7541666666666664,1,896,0.2041298149674487,-0.1791738067687891,2.0953080792420358,1.93922284398687,0.7150669612228012,-0.05652749942423912,2.0889031386254167,1.9516225190930014,0.45615928399759664,0.037458860460962425,-2.108063995158499,-3.1271473496218207,-0.885766567345576,-0.2549587123797779
2.7583333333333333,1,896,0.20429334919080813,-0.18476814797352895,2.094062272154446,1.9254846006099873,0.7048270028897486,-0.058292456729789575,2.0996587410105834,1.9514365459785703,0.5545767232902823,0.03862843792551825,-2.108367484408914,-3.113888336595011,-0.8013260902671054,-0.2629192846079012
2.7625,1,896,0.19998479579706077,-0.19043241693802918,2.094800205820435,1.9115746328875152,0.6976574823406118,-0.060079475526753065,2.0977528851694998,1.9512482482502498,0.4662811708756969,0.03981263479367665,-2.1082569840474488,-3.100463589473039,-0.9022969194650932,-0.270979361846883
2.7666666666666666,1,896,0.20109219962271221,-0.1961656431189619,2.0917544099796226,1.8974953242208155,0.6939046647000522,-0.061888249618658145,2.096625095075569,1.951057658171886,0.5470043148000173,0.04101124815940043,-2.1077577455896366,-3.086875408517214,-0.8264114061035124,-0.2791375630439809
2.7708333333333335,1,896,0.19694757284232972,-0.201966844157537,2.0916755658497506,1.8832490870269447,0.6914743544625886,-0.06371846908137613,2.0855538405621576,1.9508648084001075,0.4497825770885208,0.04222407264646008,-2.1082331711279068,-3.0731261219923884,-0.9324208799581081,-0.28739249033342007
2.775,1,896,0.19870832789067955,-0.20783502604781984,2.0896404088828415,1.8688383623253093,0.6892641288025859,-0.06556982031622369,2.090995954324153,1.9506697319787303,0.5405805647455799,0.043450900443623125,-2.1076800752371416,-3.0592180857680287,-0.8560856295929491,-0.29574272927590417
2.779166666666667,1,896,0.19533540598812069,-0.21376918330705436,2.0900981660401876,1.8542656193193972,0.6886768447262954,-0.06744198610369792,2.0849174667606953,1.9504724623330947,0.44902150974785043,0.044691521340262524,-2.1080289719102137,-3.0451536829145414,-0.961788670270935,-0.3041868491009794
2.783333333333333,1,896,0.19775897892818156,-0.21976829914794194,2.088401772636777,1.839533354973705,0.687864080435081,-0.06933464565782864,2.0939883347501174,1.9502730332643392,0.5430917913344993,0.04594572276237408,-2.107771331749955,-3.030935323294954,-0.8832313088092386,-0.3127234029521822
2.7875,1,896,0.1947053805682207,-0.22583134565286825,2.089093498342395,1.824644093585883,0.6879323162790857,-0.07124747468114517,2.0908691175443046,1.9500714789436078,0.45392705512727294,0.04721328980900108,-2.108075655968602,-3.0165654431519875,-0.9875351010075135,-0.3213509281349586
2.7916666666666665,1,896,0.19730614404525465,-0.23195728395002582,2.0875469978177064,1.8096003863542234,0.6875086461800947,-0.07318014542024115,2.1022071813917615,1.9498678339061957,0.5492551944199978,0.04849400528905521,-2.1080460680429627,-3.002046504690632,-0.9054314014082205,-0.33006794636728104
2.7958333333333334,1,896,0.1939561914959588,-0.23814506439142522,2.08826241825302,1.7944048109405117,0.6871175589756479,-0.07513232672193529,2.100241352707262,1.9496621330456319,0.4607018558837264,0.0497876497585324,-2.1076687957234475,-2.9873809956562454,-1.0078755279395428,-0.3388729640329526
2.8,1,896,0.19527012564697258,-0.24439362673274134,2.0852019006824656,1.779059971028371,0.6885329149740723,-0.07710368409001099,2.098671196540392,1.9494544116077,0.542141239642433,0.05109400155811224,-2.1067428974593985,-2.9725714289083065,-0.9314949387834068,-0.34776447243752295
2.8041666666666667,1,896,0.19058369901499325,-0.25070190031498585,2.0851318154741825,1.7635684958771223,0.6892728855423425,-0.07909387974253222,2.0870806120805434,1.9492447051843986,0.4469093607797182,0.05241283685113924,-2.107217629018818,-2.9576203419898337,-1.0412165186795381,-0.35674094806680223
2.808333333333333,1,896,0.19182588896713546,-0.2570688042479544,2.082677347796931,1.7479330398712847,0.690256025760294,-0.08110257266971907,2.091934806234723,1.949033049707844,0.5390409096519195,0.053743929661975075,-2.1067670334498545,-2.9425302966926052,-0.9602900043473767,-0.3658008528479007
2.8125,1,896,0.1871845451544053,-0.2634932475954362,2.0827860793998214,1.732156282065751,0.6908728893260564,-0.08312941869237962,2.0852956812827688,1.9488194814441129,0.4502144206860966,0.05508705191471935,-2.1072353676549964,-2.9273038786181966,-1.0636048450681965,-0.3749426344127764
2.8166666666666664,1,896,0.18807463072893132,-0.2699741295621355,2.080483207332313,1.7162409257267546,0.6905186184399895,-0.08517407052088179,2.0936992704808226,1.9486040369870272,0.5468560599906781,0.056441973472288215,-2.106587951681068,-2.9119436967349612,-0.9835398140310188,-0.38416472636421845
2.8208333333333333,1,896,0.18350279710396508,-0.2765103396822922,2.0802105551385797,1.700189697868669,0.6909379203745977,-0.08723617781466098,2.08967789512109,1.9483867532518857,0.4591431621350159,0.057808462175848174,-2.1057972459627177,-2.8964523829309883,-1.0734631016760003,-0.39346554854424814
2.825,1,896,0.1833477802403038,-0.2831007580099502,2.0781220973343597,1.6840053487867572,0.6875792589738049,-0.08931538724224801,2.100255618373616,1.9481676674691382,0.5572060136390751,0.05918628388459447,-2.106445024137647,-2.8808325915631494,-0.9819925131385971,-0.4028435073048649
2.8291666666666666,1,896,0.17719639313280622,-0.2897442553108558,2.0781026001774614,1.667690651585919,0.6835671268381134,-0.091411342541811,2.0982024387551834,1.9479468171780052,0.47240783289317184,0.0605752025158702,-2.1065914349014347,-2.8650869990022865,-1.073324441470802,-0.4122969957811118
2.8333333333333335,1,896,0.17535218993869323,-0.29643969325594866,2.0743063043531897,1.6512484017055278,0.6800811415556812,-0.09352368458219984,2.0970765313581863,1.9477242402200474,0.5577757646834534,0.06197498008561834,-2.1065447914813173,-2.8492183031746228,-1.0052376378759826,-0.4218243941664071
2.8375,1,896,0.16911367968747115,-0.30318592461640403,2.072181535135373,1.6346814164404586,0.6796596401957098,-0.0956520514244799,2.0849983449934038,1.9474999747326809,0.4621329761661915,0.06338537674915815,-2.1066262230773463,-2.8332292230994995,-1.1214927537115,-0.4314240699900831
2.841666666666667,1,896,0.16935356479870523,-0.309981793460209,2.067279847242181,1.6179925344583472,0.6811145975882796,-0.09779607838394995,2.0894433626885136,1.947274059142642,0.5538353054590889,0.0648061508422823,-2.106474351724169,-2.817122498423472,-1.049270953658936,-0.4410943783971082
2.845833333333333,1,896,0.1644350382982684,-0.3168261353502212,2.0642939892526737,1.6011846153132092,0.6838311358396104,-0.0999553980926276,2.081850895890202,1.9470465321594044,0.46262249929672145,0.06623705892266386,-2.1075470730224994,-2.8009008889509,-1.1532706939249018,-0.45083366242991796
2.85,1,896,0.16455364361703825,-0.3237177775436938,2.0591351517604823,1.5842605389554603,0.6848434505602101,-0.10212964056219732,2.089930306899296,1.9468174327685452,0.5595504892956492,0.06767785581156983,-2.106559888437007,-2.7845671741710536,-1.053426088610619,-0.4606402533123331
2.8541666666666665,1,896,0.15757316191185428,-0.33065553919321405,2.0567414407044375,1.567223205238461,0.6819475055632888,-0.10431843324740468,2.0857167304130853,1.9465868002250657,0.47430223783651554,0.06912829463587032,-2.106615717972116,-2.768124152781877,-1.1279272716847162,-0.47051247073548874
2.8583333333333334,1,896,0.15410081788554225,-0.3376382315490402,2.0529292878248406,1.550075533421633,0.6729947691645664,-0.10652140110989133,2.0962857433909075,1.9463546740466648,0.5756633918266079,0.07058812687033987,-2.1067924220508565,-2.751574642210434,-1.0160444689651507,-0.4804486231457534
2.8625,1,896,0.1441208302697044,-0.34466465816278263,2.0510887688223645,1.5328204616702688,0.6615143118785884,-0.10873816668245453,2.094106354088435,1.9461210940069684,0.4935660800527259,0.07205710238024009,-2.106932327242714,-2.7349214781301665,-1.086316969734367,-0.49044700803456104
2.8666666666666667,1,896,0.13848894087615835,-0.351733615092415,2.0473032562108844,1.5154609465520794,0.6459709403929509,-0.1109683501337259,2.105864187589005,1.9458861001287135,0.5948659913073158,0.07353496946418,-2.108348248865762,-2.718167513975006,-0.9936016484281629,-0.5005059122301353
2.870833333333333,1,896,0.12858173213091909,-0.3588438911085567,2.0437604887111744,1.4979999625306182,0.6340121203429624,-0.11321156933325147,2.1032603806843424,1.9456497326768918,0.5087703088141919,0.07502147489724248,-2.1070333010477555,-2.701315620450464,-1.074469470927437,-0.5106236121910229
2.875,1,896,0.12295498983178636,-0.3659942679020178,2.0366387702166255,1.480440501455603,0.622942366006552,-0.11546743991697012,2.101074787483939,1.9454120321518489,0.5916261154633262,0.07651636397437449,-2.1068188227076887,-2.6843686850417385,-0.9780505511799974,-0.5207983743014244
2.8791666666666664,1,896,0.11171324545327795,-0.37318352029254337,2.031331490564779,1.4627855720502971,0.6115672560515254,-0.11773557535307003,2.088485622675242,1.9451730392823465,0.49712445163113916,0.078019380554028,-2.1068959657178707,-2.667329611518973,-1.064557940733289,-0.5310284551682293
2.8833333333333333,1,896,0.10568725472575975,-0.38041041643874834,2.024273357427489,1.4450381993959622,0.598992321739613,-0.12001558700822115,2.092691599758469,1.9449327950185822,0.5897601677374564,0.07953026710205002,-2.1066732566079214,-2.6502013194396934,-0.9634789949742582,-0.5413121019197481
2.8875,1,896,0.09427944422390401,-0.3876737180491814,2.0184870973772946,1.427201424413541,0.5866882859693429,-0.12230708421416363,2.0849756013346017,1.9446913405251738,0.5017158394990814,0.08104876473580841,-2.1065041519215346,-2.6329867436485737,-1.0460002245735194,-0.5516475525060491
2.8916666666666666,1,896,0.08803307323572268,-0.39497218059450223,2.0109806472844394,1.4092783033426046,0.5726646932483154,-0.12460967433464763,2.0925150283355687,1.9444487171741058,0.5991037504878074,0.08257461326855071,-2.1068256913223258,-2.6156888337745565,-0.9366926074992179,-0.5620330360008804
2.8958333333333335,1,896,0.07610119787458008,-0.40230455352072797,2.00443781050251,1.3912719072176762,0.5581353578928023,-0.12692296283271026,2.087591829517644,1.9442049665376404,0.5124592203221162,0.08410755125398624,-2.1067456062130026,-2.598310553725445,-1.01206853988931,-0.5724667729051117
2.9,1,896,0.06893142641591914,-0.4096695804635035,1.996383248796056,1.3731853213420384,0.5410372094590219,-0.12924655333827584,2.0973636261733835,1.9439601303811944,0.610864316947368,0.08564731603108251,-2.106957340474285,-2.580854881180066,-0.8991691773928105,-0.5829469754516357
2.904166666666667,1,896,0.05622754192808934,-0.41706599946337863,1.9888220057728068,1.3550216447590673,0.5237932951442562,-0.13158004771607343,2.094276805257033,1.9437142506561824,0.5244171629518436,0.08719364376907196,-2.1067826810726324,-2.563324807078043,-0.973187194769277,-0.5934718479117002
2.908333333333333,1,896,0.04836121221608919,-0.4244925431820334,1.97976392839021,1.3367839897212417,0.5043730937970182,-0.13392304613385395,2.1054126414995826,1.9434673694928302,0.6231773892188549,0.08874626951265693,-2.1067961938189304,-2.5457233351073336,-0.8791439816441907,-0.6040395869025893
2.9125,1,896,0.03679773549804113,-0.43194793911943474,1.970186931110932,1.3184754811568622,0.48939683142011026,-0.13627514713090058,2.102866070488253,1.9432195291929535,0.5324778360779622,0.09030492722740946,-2.1066559962913227,-2.528053481189544,-0.9582436175899216,-0.6146483816966316
2.9166666666666665,1,896,0.029476171195559463,-0.4394309098318681,1.9578455504673038,1.3000992561346212,0.4753226673906647,-0.13863594768681584,2.1006977533138267,1.942970772222712,0.6119372725926182,0.09186934984535386,-2.106806498304341,-2.51031827296318,-0.8614848785597407,-0.6252964145314518
2.9208333333333334,1,896,0.016746749503852045,-0.4469401731508256,1.9464156045907373,1.2816584633260721,0.461973220690602,-0.14100504329057828,2.088222426349983,1.9427211412053322,0.514358276419342,0.09343926931072848,-2.1070940600336554,-2.492520749264868,-0.9492711781602017,-0.6359818609214416
2.925,1,896,0.0091375175551078,-0.45447444240269386,1.9341914971523448,1.2631562624661332,0.44747467471125224,-0.14338202800985186,2.0927624039504966,1.9424706789138038,0.6051701579694434,0.0950144166259146,-2.107159364071334,-2.4746639596086757,-0.8493578616544487,-0.6467028899703687
2.9291666666666667,1,896,-0.0035390913475334363,-0.46203242662922483,1.9222908668601089,1.2445958238116677,0.4345313365368959,-0.14576649456054225,2.0856062621120977,1.9422194282635505,0.5139693677857639,0.09659452189752898,-2.1064506198495163,-2.4567509636635783,-0.9284783320556071,-0.6574576646851003
2.933333333333333,1,896,-0.011720722524324873,-0.4696128308087281,1.9097852134827715,1.2259803275982941,0.41826411642519695,-0.14815803437658065,2.0937647476450776,1.9419674323050786,0.6103064208660534,0.09817931438266739,-2.1062118507270173,-2.4387848307292197,-0.8241971497439556,-0.6682443422903519
2.9375,1,896,-0.024826790334015587,-0.4772143560779733,1.8971951586236244,1.2073129634954516,0.40367670478041057,-0.15055623767993184,2.0894133650667848,1.9417147342165977,0.5218564852005384,0.09976852253529638,-2.1069420527157248,-2.4207686392099843,-0.9058046045088618,-0.6790610745444485
2.9416666666666664,1,896,-0.03306237810559064,-0.48483569995473647,1.8838333798991158,1.1885969300598835,0.3869134120373699,-0.15296069355080522,2.099763747447347,1.9414613772966245,0.6187477041580799,0.1013618740527799,-2.1062309466983375,-2.4027054760875455,-0.8058136431426992,-0.6899060080560004
2.9458333333333333,1,896,-0.04579459527058718,-0.492475556560981,1.8700030198601563,1.1698354341875643,0.37277784715887646,-0.15537098999806603,2.0969383320926367,1.941207404956563,0.529756053740189,0.1029590959225384,-2.1064813941031497,-2.3845984363919097,-0.8912894727776017,-0.700777284601483
2.95,1,896,-0.05380415502097305,-0.5001326168466066,1.8539753186518837,1.1510316905642295,0.3596251350611567,-0.15778671402982603,2.095921088558709,1.9409528607132664,0.6109135235267965,0.10455991446882681,-2.106350378975285,-2.366450622671117,-0.796669690566666,-0.7116730414436242
2.9541666666666666,1,896,-0.06701608862716972,-0.507805568813751,1.838302328747393,1.1321889211145493,0.34802113486089814,-0.16020745172420825,2.0844074769813763,1.9406977881815801,0.5136756215970291,0.10616405539962812,-2.1072276874174496,-2.3482651444596243,-0.8846166787449568,-0.7225914116505796
2.9583333333333335,1,896,-0.07562987862929674,-0.5154930977415969,1.8225863114923937,1.1133103544500615,0.3339355499899889,-0.16263278830027128,2.0898174088676713,1.9404422310668696,0.6063709971921704,0.10777124385365228,-2.107030341670386,-2.3300451177455006,-0.7899180180065929,-0.7335305244158243
2.9625,1,896,-0.08874278835986298,-0.5231938864116363,1.8066230207725598,1.094399225315981,0.3227833971658524,-0.16506230818907802,2.083027032440289,1.9401862331575306,0.5147929380430177,0.10938120444743123,-2.1073850355551675,-2.3117936644365304,-0.8777814797600514,-0.7444885053786988
2.966666666666667,1,896,-0.09717853740834212,-0.5309066153333761,1.7905016924143222,1.0754587740369266,0.30895339817650863,-0.16749559510490317,2.091873603961946,1.939929838317487,0.6106971876634524,0.11099366132250564,-2.1075163396667427,-2.2935139118252748,-0.7945928119177443,-0.7554634769455788
2.970833333333333,1,896,-0.10906324242956308,-0.5386299629704191,1.7736967678236149,1.0564922459617225,0.3003819874896116,-0.16993223211655983,2.0874088816603265,1.939673090478675,0.5193398239249055,0.11260833819269059,-2.108219605287763,-2.2752089920532432,-0.8976688665001461,-0.7664535586115836
2.975,1,896,-0.11534467389564754,-0.5463626059669091,1.756769324728397,1.0375028909073114,0.29113540060906334,-0.17237180171884034,2.0978038106318295,1.9394160336335147,0.6114804340350527,0.11422495839141705,-2.1095342085504236,-2.256882041574202,-0.8066643500668463,-0.777456867282799
2.9791666666666665,1,896,-0.12665077120264032,-0.5541032193742752,1.7393663420550132,1.0184939626019276,0.284087641910513,-0.17481388590405192,2.0953409052380505,1.9391587118273734,0.5204874004050138,0.1158432449191361,-2.1087860440819917,-2.23853620061677,-0.9021105160829268,-0.7884715175989272
2.9833333333333334,1,896,-0.13337643324613851,-0.5618504768782598,1.72042141981761,0.9994687181275745,0.27726191984515136,-0.17725806623364165,2.0946392722712526,1.9389011691510178,0.6010427073841431,0.1174629204907824,-2.108752761892228,-2.2201746126463497,-0.8154445221967856,-0.7994956222563421
2.9875,1,896,-0.1454661518833664,-0.5696030510261715,1.7017777109890668,0.9804304173619547,0.2719825502754495,-0.17970392390989232,2.0833592373458094,1.9386434497330596,0.5034124706473447,0.1190837075832846,-2.1092692516453027,-2.2018004238265156,-0.9149061340963252,-0.8105272923314608
2.9916666666666667,1,896,-0.15272527529701493,-0.577359613454342,1.6837294576682964,0.9613823224198899,0.264119518516069,-0.18215103984768294,2.089220670966575,1.9383855977323945,0.595450838601891,0.12070532848311859,-2.103429800791701,-2.183416782479928,-0.8149699226814946,-0.8215646376044097
2.995833333333333,1,896,-0.16589426540059246,-0.585118835115728,1.6654037498247445,0.9423276970943939,0.25675829704493786,-0.18459899474629476,2.083218768460246,1.9381276573306354,0.506268462787525,0.12232750533389089,-2.1052994805007006,-2.165026838548898,-0.9059673785285188,-0.8326057668828939
3.0,1,896,-0.17428470485114245,-0.5928793865076446,1.6476547131204375,0.9232698062974178,0.24568176847515805,-0.1870473691612586,2.0925122730111188,1.937869672724542,0.6034591130141156,0.12394996018394953,-2.098064421746852,-2.1466337430556397,-0.8215937726416258,-0.843648788326254
3.0041666666666664,1,896,-0.1868669909249982,-0.6006399378995604,1.6288012972884567,0.904211915500444,0.2393475240203902,-0.18949574357622218,2.088652277476399,1.9376116881184486,0.5137513673265801,0.12557241503400798,-2.100842982529617,-2.128240647562384,-0.9120970848140171,-0.8546918097696129
3.0083333333333333,1,896,-0.19478680652125763,-0.6083991595609475,1.6108149132261658,0.8851572901749454,0.22896440520537023,-0.19194369847483433,2.099788909466239,1.9373537477166893,0.6097137395369437,0.12719459188478052,-2.090568343872615,-2.109850703631351,-0.8148209014977091,-0.8657329390480986
3.0125,1,896,-0.2086910235426781,-0.6161557219891178,1.5910774447887344,0.866109195232881,0.2204853947170102,-0.19439081441262493,2.097817643937752,1.9370958957160243,0.5225339133756004,0.12881621278461447,-2.1021484477971564,-2.0914670622847638,-0.9052654181436526,-0.8767702843210472
3.0166666666666666,1,896,-0.21703824800844781,-0.6239082961370295,1.5711502499550456,0.8470708944672609,0.2118455234968399,-0.1968366720888756,2.096693824031674,1.936838176298066,0.6029901697769424,0.13043699987711668,-2.0845974533532545,-2.07309287346493,-0.8251405932332825,-0.8878019543961659
3.0208333333333335,1,896,-0.231295841583154,-0.6316555536410142,1.5496941640220443,0.8280456499929079,0.20662075342718766,-0.19928085241846533,2.084700617049418,1.9365806336217104,0.5061775461846337,0.132056675448763,-2.100255145056789,-2.0547312854945092,-0.9237377600310251,-0.8988260590535809
3.025,1,896,-0.23950802812202487,-0.6393961670483801,1.5308670621808598,0.809036721687524,0.1984327065176422,-0.20172293660367688,2.0902573041610992,1.9363233118155692,0.5970176731481822,0.13367496197648204,-2.0767038287795465,-2.036385444537078,-0.8421258777057079,-0.9098407093697091
3.029166666666667,1,896,-0.25355281953611714,-0.6471288100448702,1.5097050829226877,0.7900473666331129,0.19419145922907416,-0.2041625062059574,2.083254440133574,1.9360662549704089,0.5062869375323906,0.1352915821752085,-2.093560466177151,-2.018058494058036,-0.9359944510720756,-0.9208440180409244
3.033333333333333,1,896,-0.26168477262642187,-0.6548521576819133,1.4912597614809389,0.7710808385579089,0.18586743712638668,-0.20659914321761408,2.092482658883426,1.9358095071315968,0.6000527228953343,0.13690625904539347,-2.0682655510246417,-1.9997535742860049,-0.8496717802319871,-0.9318340997069293
3.0375,1,896,-0.27590871894478775,-0.662564886603653,1.4701309153779005,0.7521403872788546,0.18119647098992112,-0.20903243013343922,2.088633510377863,1.9355531122915532,0.5120540114752878,0.13851871592046786,-2.0838465002865294,-1.9814738216747496,-0.9395759985074499,-0.9428090712738093
3.0416666666666665,1,896,-0.28445589669658916,-0.6702656752736925,1.4516772160663791,0.7332292581447739,0.17184434724079392,-0.21146195002224596,2.10025019679553,1.9352971143822142,0.6065473004798396,0.14012867651424682,-2.0576391470411437,-1.9632223683657786,-0.851776552317921,-0.9537670522366838
3.0458333333333334,1,896,-0.2990926675017586,-0.6779532042015384,1.4302383668871876,0.7143506914802862,0.16639208491823002,-0.213887286598309,2.0983982138942148,1.9350415572675037,0.5198240078335313,0.14173586496827098,-2.0721397072405856,-1.9450023416516549,-0.9398649046635409,-0.9647061650019285
3.05,1,896,-0.30815124061710797,-0.6856261561686827,1.4095728660884537,0.695507922030606,0.15918160430363504,-0.2163080242926912,2.097174168023415,1.9347864847358174,0.5978352028742319,0.14334000589907225,-2.0454358433774935,-1.9268168634401626,-0.8632353238506939,-0.9756245352088838
3.0541666666666667,1,896,-0.3233378991167219,-0.6932832164543083,1.3867062921540967,0.6767041784072709,0.15663533998756354,-0.21872374832445124,2.085446805345434,1.9345319404925208,0.5030305623835836,0.14494082444536072,-2.059727913746223,-1.9086690497193695,-0.9569498516258551,-0.9865202920510252
3.058333333333333,1,896,-0.3329282252070587,-0.7009230730605519,1.3671435935933138,0.6579426825349541,0.14877928598943468,-0.22113404477171175,2.0910924624463503,1.9342779681524593,0.5922560457365853,0.146538046315119,-2.0308315408859694,-1.8905620100237364,-0.8778964346129139,-0.9973915685965064
3.0625,1,896,-0.34822911620656183,-0.7085444169373161,1.3448026581224304,0.6392266490993836,0.14639249727294298,-0.22353850064258543,2.0845636351438777,1.9340246112324861,0.5049126403773156,0.1481313978326027,-2.0448311649031097,-1.872498846901295,-0.9714967016090953,-1.0082365021080595
3.0666666666666664,1,896,-0.3575782959795433,-0.7161459422065604,1.3256386640674533,0.6205592849965433,0.1385873907158719,-0.22593670394593635,2.093778452429397,1.9337719131440054,0.5969499139149671,0.14972060598523151,-2.014958831866783,-1.8544826553820617,-0.8921559146957574,-1.019053234362155
3.0708333333333333,1,896,-0.3725129137957803,-0.7237263463860645,1.303390387955727,0.6019437887831676,0.1366019233330411,-0.22832824376197502,2.0901756843808106,1.9335199171855333,0.5120905034149605,0.1513053984703701,-2.0277368197201775,-1.8365165224477014,-0.9845690942144424,-1.0298399119674078
3.075,1,896,-0.38155298432543244,-0.7312843306125955,1.2842603575817984,0.5833833501287022,0.12887412862622172,-0.23071271031266538,2.1016385032538256,1.93326866653528,0.6042917124446946,0.1528855037419845,-1.9974245703959799,-1.8186035265026042,-0.9063495689062738,-1.0405946866821392
3.0791666666666666,1,896,-0.396086437968914,-0.7388185998644637,1.2617777505000765,0.5648811492687631,0.1273685665106793,-0.233089695031939,2.099579291047545,1.9330182042437516,0.5203586021648584,0.15446065105717063,-2.0099110390815476,-1.8007467368464112,-0.9969132313165208,-1.0513157157310666
3.0833333333333335,1,896,-0.4048278686960283,-0.7463278631834213,1.2404756786738234,0.546440356460214,0.122781696874624,-0.23545879063570144,2.0981288991308107,1.9327685732263717,0.5959117230130903,0.15603057052254526,-1.9808726529906358,-1.7829492131480993,-0.9274606528694688,-1.0620011621210563
3.0875,1,896,-0.4193088985109384,-0.7538108338958546,1.2169565624478045,0.5280641314379733,0.12432025611217543,-0.23781959119161666,2.086407045929217,1.9325198162561303,0.5043666300374713,0.15759499314048964,-1.9910590467608618,-1.7652140049217357,-1.0262058119226367,-1.0726491949558765
3.091666666666667,1,896,-0.42784741162883994,-0.761266229833256,1.197045207276018,0.5097556228735936,0.11953335052885374,-0.24017169218866333,2.0916529608690655,1.9322719759562537,0.5913073212529559,0.15915365085524216,-1.9591663751711077,-1.7475441510039456,-0.955535856316011,-1.0832579897499188
3.095833333333333,1,896,-0.44164283918728003,-0.7686927735519107,1.174039495639052,0.49151796783576795,0.12228134579436402,-0.24251469060644384,2.0853802661520198,1.9320250947929014,0.5079298910969595,0.16070627659882714,-1.9715084848529991,-1.729942679033236,-1.0567938598684499,-1.093825728740808
3.1,1,896,-0.4487035672140739,-0.7760891925517858,1.1547320788699849,0.47335429125279727,0.11817792607830575,-0.2448481849842414,2.0937355182031454,1.9317792150678894,0.5964784817184734,0.16225260433681657,-1.9372839468622713,-1.712412604931214,-0.9841339866946655,-1.1043506012008721
3.1041666666666665,1,896,-0.46134583699671894,-0.7834542194945613,1.1321981418877052,0.455267705377159,0.12098659873044519,-0.24717177548980698,2.0896111375154307,1.9315343789114434,0.51504423608161,0.16379236911391284,-1.9504276100356477,-1.6949569323858342,-1.0791266965601432,-1.1148308037473964
3.1083333333333334,1,896,-0.4676298432260855,-0.7907865924207871,1.1133141476119768,0.4372613092522306,0.11641801544039188,-0.24948506398786963,2.1006456235792634,1.931290628274978,0.6053256939509233,0.1653253070993484,-1.9137723339017152,-1.6775786523367227,-1.00970067998101,-1.1252645406516277
3.1125,1,896,-0.47924170468967364,-0.7980850549661079,1.090794893608711,0.4193381881812943,0.11945474112178676,-0.25178765410835363,2.098181851773336,1.93104800492391,0.5238219846203954,0.1668511556320907,-1.9292717472048317,-1.6602807424627057,-1.0908079523369316,-1.1356500241464589
3.1166666666666667,1,896,-0.4857265075667063,-0.8053483565765409,1.0699388821849363,0.401501413198873,0.11601426225322214,-0.25407915131429615,2.0970279854661595,1.9308065504305016,0.5997329119820081,0.16836965326584907,-1.8968999349866908,-1.643066166671586,-1.0210885041140978,-1.14598547473276
3.120833333333333,1,896,-0.4981576079301109,-0.8125752527227451,1.0464092433175725,0.3837540405445403,0.11899861754691674,-0.256359162969447,2.086429800942827,1.9305663061667373,0.5223803978523066,0.1698805398138709,-1.9114827325447858,-1.6259378745923088,-1.1279728985843345,-1.1562691214842775
3.125,1,896,-0.5024024206541365,-0.8197645051132715,1.0271228175470264,0.36609911113923266,0.11511627775562101,-0.25862729840554716,2.0906308409481795,1.930327313297235,0.6105249185806453,0.1713835563935246,-1.8712659363907784,-1.608898801069541,-1.0577069407053226,-1.1664992023510836
3.1291666666666664,1,896,-0.512498108254068,-0.8269148819067318,1.0043128568886714,0.3485396500642195,0.11878790747047022,-0.26088316898926556,2.0821805250053154,1.930089612772192,0.5318248527845594,0.17287844547065645,-1.8844635885983632,-1.5919518656608176,-1.1461781707937926,-1.1766739644614839
3.1333333333333333,1,896,-0.516646432596605,-0.8340251579228743,0.9854715739646732,0.3310786660427558,0.11315551434309776,-0.2631263881887914,2.0899295408452665,1.9298532453203703,0.6211611470332147,0.1743649509037191,-1.8500121493696895,-1.5750999721362735,-1.0495713691567556,-1.1867916644223728
3.1375,1,896,-0.5288258786043315,-0.8410941148525066,0.9629644209313699,0.3137191509245669,0.11253468168159865,-0.2653565716400627,2.0862252923766342,1.9296182514421154,0.5495896849898989,0.175842817987659,-1.867600902850065,-1.5583460079811131,-1.1394532289301371,-1.196850568617947
3.1416666666666666,1,896,-0.5338416274937815,-0.848120541466249,0.9446306024025533,0.2964640791732025,0.10416128639787454,-0.26757333721262594,2.096994998040825,1.929384671402419,0.6348364419491151,0.1773117934975592,-1.8251812862467764,-1.541692843900846,-1.061945737107177,-1.2068489535067546
3.1458333333333335,1,896,-0.545717283878465,-0.8551032338220752,0.9218607675341932,0.27931640735637453,0.10363033999660985,-0.2697763050751126,2.0943822105278582,1.9291525452240181,0.5575374227489969,0.1787716257320288,-1.845219721611548,-1.5251433333294027,-1.1579273160640589,-1.2167851059170194
3.15,1,896,-0.549754265254636,-0.8620409954715954,0.9036484439949474,0.2622790736393754,0.09536761095020609,-0.2719650977603199,2.107068981019519,1.9289219126805386,0.6430793311145554,0.18022206455632922,-1.799840289260128,-1.5087003119402262,-1.085453423633111,-1.2266573233401747
3.154166666666667,1,896,-0.5604376641803702,-0.8689326376650682,0.8802348106367118,0.24535499728162558,0.09567723204420524,-0.2741393402298897,2.1041445840074036,1.9286928132896792,0.5662597297073335,0.18166286144523527,-1.8251473519569994,-1.4923665971603794,-1.1590953741164536,-1.2364639142225904
3.158333333333333,1,896,-0.5653883141252148,-0.8757769795550804,0.859330382701578,0.22854707813648822,0.09010765291374062,-0.27629865993856734,2.1017735488576923,1.9284652863064418,0.6243810711477846,0.1830937695256168,-1.7878335215258256,-1.4761449876878072,-1.082077202867642,-1.2462031982554
3.1625,1,896,-0.5789105987935322,-0.8825728483988853,0.8352112107224497,0.21185819615437662,0.08682840423573925,-0.27844268689803736,2.093247844798303,1.928239370716403,0.5772388842698696,0.18451454361874095,-1.8023733817852856,-1.4600382630117803,-1.1747651950103561,-1.255873506662425
3.1666666666666665,1,896,-0.5829524219789015,-0.8893190797593405,0.815456303226123,0.1952912108893079,0.08078277388816231,-0.28057105374031743,2.0946450779466432,1.9280151052290364,0.6328903510311257,0.18592494028228074,-1.7633622078730127,-1.4440491829366566,-1.1056150362275132,-1.2654731824861007
3.1708333333333334,1,896,-0.5950707800144491,-0.8960145177044336,0.7921538981659643,0.17884896100891634,0.07744295268133637,-0.28268339578070634,2.089298018259773,1.9277925282710786,0.5892932577344895,0.18732471785202892,-1.7787388145672822,-1.428180487108993,-1.1896144671657405,-1.2750005808713964
3.175,1,896,-0.5983732684429385,-0.9026580150053392,0.7731473243085075,0.162534263808078,0.07153880686896605,-0.2847793510802693,2.0932246059362187,1.9275716779799457,0.63870662717879,0.18871363648330464,-1.7389053696169698,-1.41243489454813,-1.1266482859958316,-1.2844540693476432
3.1791666666666667,1,896,-0.6097679360976159,-0.9092484333329971,0.7504618014424758,0.1463499147261662,0.06761008871137816,-0.28685856050785635,2.0907052766388747,1.927352592197198,0.6018992437598398,0.19009145819205092,-1.7544977329399716,-1.3968151031802911,-1.2106926893365269,-1.29383202810826
3.183333333333333,1,896,-0.6115978727403779,-0.9157846434531532,0.7320335758725929,0.13029868686808221,0.06255631790499509,-0.28892066780163533,2.0957216590019674,1.9271353084620566,0.6421251313454273,0.19145794689561077,-1.7145716650920528,-1.3813237893763195,-1.1498594839121326,-1.3031328502882886
3.1875,1,896,-0.6223837357810289,-0.922265525419853,0.7097160521181709,0.11438333052908467,0.05818769260359578,-0.2909653196301376,2.094873297455672,1.926919864004971,0.6136384462415342,0.19281286845317971,-1.7311662621519883,-1.3659636074930832,-1.2309935831457066,-1.3123549422397314
3.1916666666666664,1,896,-0.6228933145525999,-0.9286899687673343,0.6907272153019379,0.09860657272355189,0.05519883607084001,-0.29299216565279806,2.094290542313434,1.9267062957412397,0.636006921507784,0.1941559907059239,-1.694732571509146,-1.3507371894186755,-1.1680504489035617,-1.3214967238046065
3.1958333333333333,1,896,-0.6343056044815216,-0.9350568727003035,0.6686510587480203,0.0829711167177134,0.0495031207896017,-0.29500085857998504,2.0933654324780258,1.9264946402646852,0.6252743673540322,0.19548708351675986,-1.7071233752479782,-1.3356471441214461,-1.2481509934153967,-1.3305566285857058
3.2,1,896,-0.6340572580716289,-0.941365146282548,0.6504951337655989,0.06747964156646447,0.046530466680913034,-0.29699105423250627,2.0942046724397354,1.9262849338413839,0.6380419297083862,0.19680591880978685,-1.6720886086831583,-1.3206960572029733,-1.1851170225962226,-1.339533104214985
3.2041666666666666,1,896,-0.6459904052476245,-0.9476137086238641,0.6291940564624334,0.05213480165432394,0.03993540769283642,-0.298962411600582,2.0967375917891995,1.926077212403452,0.638499943361641,0.1981122706093667,-1.6835602937364273,-1.305886490455034,-1.2738702508284299,-1.3484246126195554
3.2083333333333335,1,896,-0.6435413353876999,-0.9538014890652636,0.6114710661374944,0.036939226240611855,0.0385686682402049,-0.3009145929022762,2.095764192666044,1.9258715115428882,0.6352519950544602,0.19940591507884392,-1.6487786549493293,-1.2912209814206475,-1.2126437345416938,-1.3572296302852271
3.2125,1,896,-0.6553363114733441,-0.9599274273624211,0.5899283766303264,0.02189551900895248,0.03232237899849021,-0.30284726364137216,2.094917655641711,1.925667866505476,0.6440018719574193,0.20068663055889804,-1.6624161662750392,-1.276702042959292,-1.2918664167165965,-1.3659466485175495
3.216666666666667,1,896,-0.6524449790224092,-0.9659904738673474,0.5725929285080932,0.007006257621130274,0.031042858949439586,-0.3047600926646886,2.0918611922889383,1.9254663121847446,0.6357062675841759,0.20195419760552502,-1.6269696484700433,-1.262332162816326,-1.235472787696128,-1.3745741737003259
3.220833333333333,1,896,-0.6644181907233006,-0.971989589708235,0.5522760284486767,-0.00772600672456214,0.024294661209711976,-0.3066527522188194,2.094965986292549,1.9252668831159891,0.6581915444054305,0.20320839902763657,-1.6358515193804517,-1.248113803196738,-1.3281480555692653,-1.3831107275515286
3.225,1,896,-0.65807626380057,-0.9779237469674695,0.5358077413235595,-0.0222987497304743,0.02460625325429809,-0.3085249180062936,2.0902810903319353,1.9250696134703535,0.6302339445983748,0.20444901992427597,-1.6053216650586055,-1.2340494003432507,-1.275031074056135,-1.391554847376604
3.2291666666666665,1,896,-0.6691028035077281,-0.9837919288577524,0.516965828931677,-0.03670947443210926,0.01756656673009238,-0.31037626924114115,2.0961295772150166,1.9248745370489764,0.6686604555775457,0.20567584772143901,-1.6074823304666446,-1.2201413641188914,-1.3579485425237414,-1.399905086319088
3.2333333333333334,1,896,-0.6617120937931744,-0.9895931298963274,0.5010276804482297,-0.050955711625980005,0.018872423598074426,-0.31220648870385914,2.090243032444028,1.924681687277198,0.6279773384687491,0.20688867220849866,-1.5840469979004927,-1.2063920775940655,-1.3028518582453121,-1.408160013608527
3.2375,1,896,-0.6736753239058714,-0.9953263560772602,0.4832883667195291,-0.06503502029267993,0.012015088835916173,-0.3140152627957642,2.0988919936272934,1.924491097198834,0.6793366763136418,0.20808728557422243,-1.5840590499960618,-1.1928038966382406,-1.4061107805239834,-1.416318214805625
3.2416666666666667,1,896,-0.661563788123568,-1.0009906250417604,0.4685415109210124,-0.07894498801515226,0.01522741294338946,-0.3158022815927278,2.0900130482787094,1.9243027994705135,0.617712163015152,0.20927148244238086,-1.5624478374365545,-1.1793791495162682,-1.3579722659170481,-1.424378292044607
3.245833333333333,1,896,-0.6721600519363741,-1.0065849662464996,0.45228105850484446,-0.09268323139203316,0.009316164950000845,-0.31756723889827804,2.099999618238814,1.9241168263560824,0.687386946951184,0.21044105990693657,-1.5612615201224005,-1.16612013648946,-1.4813088489850303,-1.4323388642727295
3.25,1,896,-0.6523707069324012,-1.0121084211299132,0.4392541388906963,-0.10624739644604819,0.01570241045411787,-0.31930983229606713,2.085788004301605,1.9239332097210768,0.5985336517737501,0.21159581756681226,-1.543488258744797,-1.153029129421438,-1.433201786152009,-1.440198567486924
3.2541666666666664,1,896,-0.6616165821602107,-1.017560043276441,0.42512347347227697,-0.11963515902734034,0.011881793196581192,-0.32102976320168697,2.0971205579381103,1.9237519810272616,0.6943555467875313,0.21273555756022736,-1.5362099792445634,-1.140108371388873,-1.5683524650613314,-1.4479560549675052
3.2583333333333333,1,896,-0.6344486001265421,-1.0229388985786936,0.41367047630973935,-0.13284422521171546,0.022908233797344,-0.3227267369138314,2.075882064739408,1.9235731713272408,0.5726561620791094,0.21386008459860167,-1.5219756008759993,-1.1273600762971347,-1.4997829287112832,-1.4556099975089307
3.2624999999999997,1,896,-0.6474558903018497,-1.028244065397505,0.4014893851273633,-0.14587233169367986,0.02357778881685432,-0.32440046266479056,2.08836147557041,1.923396811259136,0.6811957221879554,0.214969206000016,-1.5178952380278354,-1.1147864285009623,-1.6233665901009957,-1.463159083647547
3.2666666666666666,1,896,-0.6193533816691141,-1.0334746347198525,0.3915813353751414,-0.15871724617425942,0.03561016860172523,-0.3260506536702737,2.0680097509756847,1.9232229310413365,0.5570975291548282,0.21606273172222823,-1.5052828907929663,-1.1023895824301726,-1.5179868933789684,-1.4706020198863081
3.2708333333333335,1,896,-0.640513273044894,-1.0386297103146094,0.3807592409000115,-0.17137676774348298,0.03799378725116056,-0.32767702717854713,2.0842976296385847,1.9230515604673228,0.6777797288879165,0.2171404743952352,-1.5024121729483304,-1.0901716622205222,-1.6447790871488432,-1.4779375309164058
3.275,1,896,-0.6124985295924426,-1.0437084088861104,0.3716808917462584,-0.1838487272574989,0.04687399331111264,-0.32927930451888254,2.066025835915868,1.9228827289005608,0.5592819431656686,0.21820224935337806,-1.4897000628627293,-1.0781347613497427,-1.5421957612664474,-1.485164359835787
3.279166666666667,1,896,-0.634987228530667,-1.0487098602255016,0.3618763061654078,-0.19613098771025328,0.04881774116680261,-0.3308572111493066,2.0831470981743094,1.9227164652694697,0.6800625970005573,0.21924787466698395,-1.4878986775653362,-1.0662809422788295,-1.6725408202342686,-1.4922812683645224
3.283333333333333,1,896,-0.6053774815444822,-1.0536332073598422,0.35366772674571356,-0.2082214445996442,0.05516863871171702,-0.33241047670364093,2.064851666788294,1.9225527980624673,0.5580177805008856,0.22027717117353807,-1.4745479178899075,-1.0546122360986594,-1.5543232164262604,-1.4992870370569713
3.2875,1,896,-0.6331432492071372,-1.0584776066989476,0.3446483911821431,-0.22011802628812838,0.05820749898711199,-0.3339388350378294,2.0837629911585527,1.9223917553230867,0.6833738692122961,0.22128996250838304,-1.4747256305406642,-1.0431306421819628,-1.687314149789811,-1.5061804655107358
3.2916666666666665,1,896,-0.6027916375531162,-1.0632422281799288,0.33708900747087334,-0.23181869435767366,0.06105211738891,-0.335442024275539,2.0661919393137094,1.9222333646451724,0.5601589267833266,0.22228607513493734,-1.4598433989366866,-1.0318381278407531,-1.5668035203987691,-1.5129603725723364
3.2958333333333334,1,896,-0.6339181805398786,-1.0679262554094247,0.3286740290204324,-0.24332144395904542,0.06439631035579,-0.33691978685303275,2.0858964035245835,1.9220776531681514,0.685878440898453,0.22326533837443058,-1.4611955963825125,-1.0207366279892254,-1.7034495261059066,-1.5196255965396026
3.3,1,896,-0.6024397116999152,-1.0725288858034816,0.3216755549222665,-0.2546243041553127,0.06419611153731064,-0.3383718695633002,2.0684981417319346,1.921924647572384,0.561214788851746,0.22422758443514776,-1.4459763809330077,-1.009828044812231,-1.576141026658258,-1.526174995360719
3.3041666666666667,1,896,-0.6374863787698518,-1.077049330725077,0.3137629261880584,-0.26572533825957034,0.068507367418711,-0.33979802359944455,2.0891977359157314,1.921774374074591,0.68868490525791,0.2251726484411802,-1.447306112639192,-0.999114247439338,-1.714024945772807,-1.5326074468299153
3.308333333333333,1,896,-0.6051327880243006,-1.0814868156192439,0.30711206822359155,-0.27662264416677074,0.06487766442057397,-0.34119800459731325,2.0719195623025697,1.9216268584233631,0.5624026278403482,0.2261003684606755,-1.433363858517102,-0.9885970716245738,-1.5841927701411391,-1.5389218487797451
3.3125,1,896,-0.6434647692828181,-1.085840580145791,0.2996679371830741,-0.2873143546796486,0.0700216232954411,-0.3425715726773699,2.093384601601566,1.9214821258947472,0.6901180971248023,0.22701058553358444,-1.433215579105747,-0.9782783194318685,-1.7223247761573632,-1.5451171192699424
3.3166666666666664,1,896,-0.6104192561331667,-1.0901098783095788,0.2932435479873409,-0.2977986378286457,0.06315141312738977,-0.34391849248579454,2.076139346653943,1.9213402012879175,0.5622313730930958,0.22790314369889714,-1.420950733787596,-0.9681597589262925,-1.5902285158857632,-1.5511921967728006
3.3208333333333333,1,896,-0.6521010229129021,-1.0942939785883465,0.2860867063136611,-0.3080736971858209,0.0693410723239123,-0.34523853323481246,2.09832362726978,1.9212011089209244,0.6911888605327866,0.2287778900213671,-1.420064327094677,-0.9582431238710956,-1.732571807563253,-1.5571460403550654
3.3249999999999997,1,896,-0.6170969403214775,-1.09839216405805,0.2798904468005621,-0.3181377721726464,0.05885497574243289,-0.3465314687422366,2.0806924034642353,1.9210648726265291,0.5607633117485233,0.22963467461771497,-1.4092947274625571,-0.9485301134306452,-1.6023543480196938,-1.5629776298562885
3.3291666666666666,1,896,-0.6614194602622715,-1.1024037325157074,0.27303956620026454,-0.3279891383616862,0.06685746234775013,-0.34779707747022404,2.1028897651167537,1.9209315157481193,0.6883996640328431,0.23047335068231112,-1.406327340151872,-0.9390223918792757,-1.7476946491628398,-1.568685966063631
3.3333333333333335,1,896,-0.62427558275389,-1.1063279965997153,0.26705120207172134,-0.33762610777205726,0.053568921458452524,-0.34903514256323454,2.084564122347848,1.9208010611357094,0.5552314901176265,0.2312937745123293,-1.3982335628768503,-0.9297215883161298,-1.6183364992987552,-1.57427007088307
3.3375,1,896,-0.671161294411532,-1.1101642839076238,0.2605945787126281,-0.34704702915866115,0.064036572970358,-0.35024545188518774,2.106683612146923,1.9206735311420258,0.6818752246795915,0.2320958055323697,-1.3921580466417067,-0.9206292963860188,-1.765205179068641,-1.5797289875069906
3.341666666666667,1,896,-0.6315161867811383,-1.1139119371113533,0.25477062999555045,-0.35625028829511995,0.04809866034677273,-0.3514277980558124,2.087704643182386,1.9205489476186766,0.5466871083706594,0.23287930631854603,-1.3878508082088683,-0.9117470740063554,-1.6361519155426394,-1.5850617805781335
3.345833333333333,1,896,-0.6809291714881811,-1.1175703140698192,0.2487849991812211,-0.3652343082503564,0.06138863428681818,-0.3525819784861786,2.1097782876392546,1.9204273319124068,0.6725618212073102,0.23364414262203193,-1.377293882045271,-0.9030764431002205,-1.785089471812393,-1.590267536349858
3.35,1,896,-0.6382673672765323,-1.121138787938964,0.24306003064945714,-0.37399754965880394,0.042794540751944735,-0.35370779541341163,2.0900023177933305,1.9203087048614416,0.5355182941157998,0.23439018339206436,-1.378605856432434,-0.8946188893355815,-1.6580772842723808,-1.5953453628427132
3.3541666666666665,1,896,-0.6897594523542551,-1.1246167472791602,0.23771727740663168,-0.3825385109841575,0.05934530306028856,-0.35480505593457645,2.11192800847438,1.920193086791916,0.6603581989547902,0.23511730079839782,-1.362257051441904,-0.8863758618707385,-1.8091545747876363,-1.6002943899972688
3.3583333333333334,1,896,-0.6435618899231081,-1.12800359615998,0.23209714630487213,-0.3908557287766654,0.03832116838987131,-0.3558735720397317,2.091110402895612,1.9200804975143901,0.5214247267094673,0.23582537025320807,-1.3700486284535947,-0.8783487731060107,-1.681386126271732,-1.6051137698232008
3.3625,1,896,-0.6976646755780663,-1.131298754262302,0.227488934286949,-0.3989477779238739,0.058738191991220844,-0.3569131606441432,2.113096997105726,1.919970956320458,0.6469295266599265,0.23651427043243908,-1.3482940567603605,-0.8705389984417358,-1.828147515242287,-1.6098026765445852
3.3666666666666667,1,896,-0.6482731166745171,-1.1345016569777506,0.22191850490768533,-0.4068132718948223,0.03481022835399158,-0.3579236436196558,2.0920782511519707,1.9198644819794388,0.5088045590673481,0.23718388329659176,-1.362257591472072,-0.862947876042595,-1.6987651798102181,-1.614360306741395
3.370833333333333,1,896,-0.7054229460384428,-1.1376117555054326,0.21794704915110638,-0.414450862977608,0.05872525751809775,-0.35890484782521326,2.1144950781557537,1.9197610927351627,0.6356258768611741,0.2378340941109488,-1.3345178676378069,-0.8555767066083355,-1.847316459407118,-1.6187858794871575
3.375,1,896,-0.6517827909016375,-1.1406285169459771,0.21235083900987148,-0.4218592425103189,0.031059411522250193,-0.3598566051365265,2.092652433634174,1.9196608063028446,0.4971069279086118,0.2384647914652347,-1.3551847582235794,-0.8484267531508904,-1.7139607483950379,-1.6230786364827667
3.3791666666666664,1,896,-0.7132778034789206,-1.1435514243928409,0.20900677478938356,-0.42903714110525915,0.059496616742831396,-0.36077875247487967,2.11555935315433,1.9195636398660483,0.6258951169791707,0.2390758672927044,-1.3218056119860226,-0.8414992407779787,-1.8607982901447173,-1.6272378421864098
3.3833333333333333,1,896,-0.6550497481106737,-1.1463799770208807,0.20336776160592057,-0.4359833288664574,0.02699858364329678,-0.36167113183507366,2.0933105367012748,1.9194696100737427,0.4878946278631462,0.23966721688866088,-1.3496842524841648,-0.8347953564831809,-1.728336837049681,-1.6312627839396017
3.3874999999999997,1,896,-0.7208333078588387,-1.1491136901721648,0.20070812067563662,-0.4426966156003993,0.06025360646408371,-0.3625335903124991,2.1165908558897555,1.9193787330374485,0.6172860512177342,0.24023873892839503,-1.3094091957799665,-0.82831624894256,-1.8741053978826003,-1.6351527720892929
3.3916666666666666,1,896,-0.6576615897786697,-1.1517520954390181,0.1950099471362869,-0.4491758510199637,0.022751863624466465,-0.36336598012933585,2.0936059431270877,1.919291024328478,0.47909608612202015,0.24079033548454762,-1.3458596041975512,-0.8220630283178378,-1.7462004115654874,-1.6389071401060402
3.3958333333333335,1,896,-0.7274499029217397,-1.1542947407442807,0.193189461331354,-0.45541992494151673,0.06150321228377939,-0.3641681586598739,2.116974847455394,1.919206498975267,0.6074579816298814,0.24132191204388836,-1.2968189812228312,-0.8160367660661776,-1.8932003738403997,-1.6425252446982113
3.4,1,896,-0.6584377194127284,-1.1567411904187686,0.18745288678875996,-0.46142776747513503,0.01912180195834404,-0.36493998845495157,2.0925530444923983,1.9191251714608,0.4680563535498037,0.2418333775235103,-1.3428932606278412,-0.810238494756593,-1.7651466193621626,-1.6460064659222098
3.404166666666667,1,896,-0.7334394659520274,-1.1590910252759252,0.1866217912086008,-0.46719834920793124,0.06456162847913455,-0.3656813372655071,2.1162631254197852,1.9190470557201271,0.5967552004092462,0.24232464428643666,-1.2849955538220745,-0.8046692078930224,-1.911663366389899,-1.6493502072887014
3.408333333333333,1,896,-0.6574866781718953,-1.161343842683644,0.1809094900562795,-0.4727306813804302,0.016154481520393,-0.3663920780652381,2.090675599547717,1.9189721651379792,0.45727436654611325,0.24279562815663655,-1.340666071047971,-0.7993298597441001,-1.782307974947739,-1.6525558958648157
3.4125,1,896,-0.7390385036389371,-1.1634992566332603,0.18063566532020883,-0.478023816055996,0.06918171273324533,-0.36707208907236744,2.1144590575039635,1.9189005125464713,0.5873584138218723,0.2432462484334485,-1.2874797047181072,-0.7942213651796437,-1.9258088384492966,-1.6556229823723183
3.4166666666666665,1,896,-0.65375529448517,-1.1655568978056896,0.17591910542614542,-0.4830768462832511,0.013095046696053388,-0.36772125377050985,2.0906449699030256,1.9188321102229067,0.4499963334312881,0.2436764279054079,-1.3372763847499893,-0.7893445995138983,-1.7899271168040898,-1.6585509412817259
3.4208333333333334,1,896,-0.7458089946339915,-1.1675164136347098,0.17631614531865591,-0.4878889062514786,0.07589255770224615,-0.3683394609286362,2.1149261602873537,1.9187669698876708,0.5822831038864024,0.24408609286347674,-1.282245135859601,-0.7847003983555552,-1.931637010302673,-1.6613392709023524
3.425,1,896,-0.6499552900144527,-1.1693774683673712,0.17207083640507054,-0.4924591714389752,0.008956275455564225,-0.3689266046201323,2.091570569417926,1.9187051027022253,0.4465740857537068,0.2444751731136734,-1.3342906534499388,-0.7802895574645747,-1.794704810606363,-1.6639874934682712
3.4291666666666667,1,896,-0.7533777814788905,-1.1711397431215265,0.17305108768659186,-0.4967868587543305,0.08232280189198081,-0.36948258424094954,2.1159471378269985,1.9186465192671935,0.5797183755287125,0.2448436019891001,-1.2814724909601314,-0.7761128326158357,-1.9412302486989075,-1.6664951552201797
3.433333333333333,1,896,-0.6446638348231325,-1.1728029359404681,0.16978353488896386,-0.5008712266706001,0.0035458349543497935,-0.3700073045268419,2.092956589201385,1.9185912296205456,0.44340576943680526,0.24519131636136565,-1.3308654908591044,-0.7721709394696399,-1.8004659957625735,-1.6688618264831452
3.4375,1,896,-0.7616273110269163,-1.1743667618446694,0.17167470155687367,-0.5047115753523692,0.08978452967566558,-0.3705006755696897,2.117341414130478,1.9185392432358779,0.5774402017071507,0.24551825665140242,-1.2784115136012968,-0.7684645534490846,-1.946133925513037,-1.6710871017402311
3.4416666666666664,1,896,-0.6396772013293189,-1.1758309528806117,0.16954278313053137,-0.5083072467756602,-0.0020702895715070655,-0.37096261283290455,2.0948186218628293,1.9184905690207896,0.44168097447799254,0.24582436683967476,-1.326294129258428,-0.7649943096243343,-1.8029321490337695,-1.6731705997019772
3.4458333333333333,1,896,-0.7701235443033665,-1.177195258166699,0.16697784419825373,-0.5116576248406868,0.10026455684176483,-0.3713930371659146,2.0945724634707523,1.9184452153153573,0.5481505191572972,0.24610959447577785,-1.3117083935733334,-0.7617608026038027,-1.9243181133266931,-1.6751119633717346
3.4499999999999997,1,896,-0.6342736323200249,-1.1784594439362432,0.165472393775843,-0.5147621354774135,-0.0029700148697365575,-0.371791874817726,2.066179097012674,1.9184031898907046,0.41185033880803706,0.24637389068742446,-1.3098137146996207,-0.7587645864322727,-1.7658286073125475,-1.6769108601068314
3.4541666666666666,1,896,-0.7873945416850364,-1.179623293577522,0.16476266080072055,-0.5176202467439261,0.1090368093930345,-0.3721590574495606,2.075778008494323,1.9183644999476717,0.5505875370278077,0.2466172101888195,-1.3014352231479986,-0.7560061744959596,-1.9089427089204412,-1.678566981675574
3.4583333333333335,1,896,-0.6298326773852497,-1.1806866076708902,0.16504577278337557,-0.5202314689175731,-0.018993253465300074,-0.3724945221465646,2.0523324235441676,1.918329152115581,0.4185195155038585,0.2468395112884189,-1.300425860715495,-0.7534860394345491,-1.7554468423914051,-1.6800800443100565
3.4625,1,896,-0.8065110117870563,-1.1816492040229518,0.1664504958759662,-0.522595354578876,0.11282718620867369,-0.3727982114285891,2.0652537906097876,1.918297152451102,0.5608674229764483,0.24704075589607372,-1.2981887689052205,-0.7512046130602101,-1.906489272831449,-1.6814497887547861
3.466666666666667,1,896,-0.6271417636217488,-1.1825109176977775,0.1701105692963487,-0.5247114986881973,-0.035756394586747405,-0.373070073260039,2.045174174526363,1.9182685064372123,0.4245686389206621,0.2472209095295564,-1.2907695057770467,-0.7491622862836071,-1.7630091299743256,-1.6826759803111038
3.470833333333333,1,896,-0.8197383309667924,-1.183271601045165,0.1745122321656038,-0.5265795386551368,0.11138567432320431,-0.37331006105878906,2.0591388241114617,1.9182432189822587,0.564695802823424,0.24737994132046923,-1.2984046550082158,-0.7473594090469198,-1.8756415764689829,-1.6837584088773982
3.475,1,896,-0.6386939409603511,-1.1839311237259391,0.1825620856468067,-0.5281991544006646,-0.04338539620786989,-0.3735181337041655,2.045746984246576,1.9182212944191166,0.43683607766997185,0.24751782401953368,-1.2827298930088533,-0.7457962902638804,-1.7154612381405705,-1.684696888985108
3.4791666666666665,1,896,-0.8283867581145533,-1.1844893727342833,0.19011058304375508,-0.5295700684119584,0.09261581675090093,-0.37369425554399155,2.0650825565261104,1.9182027365044472,0.586714226647688,0.24763453400125893,-1.3019156441527597,-0.7444731977668462,-1.8713599923717883,-1.6854912598304967
3.4833333333333334,1,896,-0.6607177074865036,-1.1849462524171044,0.2028699042201511,-0.5306920457899609,-0.046224926707816874,-0.3738383964006967,2.051768743442407,1.9181875484180533,0.4439366559771476,0.24773005126799055,-1.2763375179873866,-0.7433903582609052,-1.7444658716641228,-1.6861413853022102
3.4875,1,896,-0.8157997715197569,-1.1853016844904203,0.21380335772618694,-0.531564894289625,0.06141994705023554,-0.37395053157648733,2.0681579883368704,1.9181757327623354,0.5784778370529476,0.2478043594533366,-1.3066254069008503,-0.7425479572850313,-1.8575069241025062,-1.686647154004596
3.4916666666666667,1,896,-0.6976538638624731,-1.1855556080527752,0.23000914150259458,-0.5321884643528523,-0.03120244810042419,-0.3740306418575781,2.0583950025657756,1.9181672915618455,0.4422497972692969,0.24785744582497196,-1.2761539405413294,-0.7419461391802966,-1.6825016470584084,-1.6870084792767897
3.495833333333333,1,896,-0.8119379823263844,-1.1857079795956738,0.241586650677702,-0.5325626491341238,0.026321341456539433,-0.37407871351748495,2.081274939521397,1.9181622262629396,0.5946924049797313,0.24788930128682024,-1.3098993756106507,-0.741585007065134,-1.841013634337267,-1.687225299207567
3.5,1,896,-0.7295583356998746,-1.1857587730110368,0.2578773913897598,-0.5326873845188032,-0.03172998983347414,-0.37409473831937634,2.0694240543156766,1.9181605377335307,0.4484238252914148,0.24789992038061204,-1.2817907986047496,-0.7414646228176727,-1.7005387714766071,-1.6872975766459484
3.5041666666666664,1,896,-0.8067954558992165,-1.18579861396103,0.2693811188065352,-0.5327569974982624,-0.0034267166477819507,-0.37404730165550826,2.090334785023011,1.9181462347392735,0.5848238794894405,0.24788529273783108,-1.3079266916468115,-0.741402529534228,-1.8265835093654315,-1.6872860285460396
3.5083333333333333,1,896,-0.7556234685603416,-1.1859181095060125,0.2842998853003644,-0.5329657887273823,-0.033106539437702164,-0.37390502417462385,2.0791271996140717,1.91810333555906,0.4418081055066902,0.24784141983454386,-1.2852028720641717,-0.7412162922395283,-1.6793425187033668,-1.6872513921608039
3.5124999999999997,1,896,-0.8162461772536372,-1.186117177749707,0.29406494856909837,-0.5333136151110833,-0.02346964028392751,-0.37366800338660167,2.1017840642985743,1.9180318695938452,0.5805924158914414,0.2477683317390468,-1.3027074309470044,-0.740906038571313,-1.8101866688452533,-1.6871936912282897
3.5166666666666666,1,896,-0.7768055219461653,-1.1863956822606825,0.3063114956111987,-0.5338002382665366,-0.04356787125497856,-0.3733364017336503,2.0895505539272454,1.917931885822832,0.4377562399891212,0.24766607854226974,-1.291396395900927,-0.7404719811619486,-1.6583175015364897,-1.687112965293834
3.5208333333333335,1,896,-0.8312589051261173,-1.1867534321658593,0.31421202434581436,-0.5344253246865385,-0.0417231117390614,-0.3729104464789788,2.1139103246196402,1.9178034527699026,0.5763620664030974,0.24753473032344606,-1.2946568955797115,-0.7399144174927017,-1.8081403528987021,-1.6870092696829595
3.525,1,896,-0.795466404839487,-1.1871901822813218,0.32375783951724046,-0.5351884459680806,-0.057106792173229656,-0.3723904295510419,2.098535403691606,1.9176466584566565,0.4283519593279229,0.247374377102084,-1.2985913676929868,-0.7392337296898606,-1.6619473415043164,-1.6868826754634587
3.529166666666667,1,896,-0.8433948739139705,-1.1877056332803575,0.3245976418120397,-0.5360890791059554,-0.05452403537574238,-0.37177670734346646,2.097707522765951,1.9174616103420834,0.5334692063519688,0.2471851287762716,-1.3246319018324302,-0.7384303842628439,-1.7759286736658124,-1.6867332693966859
3.533333333333333,1,896,-0.8169611765819704,-1.1882994318985987,0.3303065572789723,-0.5371266068511976,-0.059700289550575714,-0.3710697004707975,2.0741165206170846,1.917248435248918,0.38660102876187724,0.24696711504735824,-1.2922421650945537,-0.7375049317844796,-1.603064211476308,-1.6865611538780965
3.5375,1,896,-0.8736126562355684,-1.1889711711761337,0.3297608115439549,-0.5383003181341166,-0.06358829019725488,-0.3702698934802297,2.085730105576778,1.9170072792767208,0.5324815453224502,0.2467204853310637,-1.306689847472052,-0.7364580065136688,-1.7321271331876977,-1.6863664468670692
3.5416666666666665,1,896,-0.8461181391446337,-1.1897203907364156,0.33255902071303206,-0.539609408551627,-0.07671644729616003,-0.36937783451952333,2.0659999317981668,1.9167383077017492,0.3946805762171926,0.24644540865507608,-1.2941066292559829,-0.7352903259606971,-1.5764448651442393,-1.6861492818060635
3.5458333333333334,1,896,-0.8986661328012037,-1.190546577101782,0.3310861504387899,-0.5410529809185474,-0.08501435769036618,-0.36839413496133044,2.081954616675449,1.916441704863685,0.5383524852380712,0.24614207354320872,-1.2905537851566147,-0.7340026903954884,-1.7316984348990156,-1.685909807529165
3.55,1,896,-0.868422403642006,-1.191449164045367,0.331886117182528,-0.5426300458824852,-0.09796984885410244,-0.36731946898419154,2.059689933294088,1.916117674039298,0.38990320464645756,0.24581068788619537,-1.2981719155920264,-0.7325959822991406,-1.593002662058503,-1.6856481881600809
3.5541666666666667,1,896,-0.9163028353787169,-1.1924275329791654,0.330465241973624,-0.5443395226018908,-0.1034651109376183,-0.3661545731104865,2.0774333081993324,1.9157664373031293,0.5241233230582067,0.24545147879921222,-1.2728376263450591,-0.7310711657591159,-1.7573520082133032,-1.6853646029996583
3.558333333333333,1,896,-0.8840969548021113,-1.1934810133779796,0.32964100064524166,-0.5461802394868104,-0.11249148976764127,-0.3649002457016594,2.0523354978064914,1.9153882353752936,0.36783706897354873,0.2450646924662247,-1.3013446427551196,-0.7294292858085049,-1.619778236894065,-1.6850592464030012
3.5625,1,896,-0.9296183868315593,-1.1946088832389672,0.328827300371359,-0.5481509350018374,-0.11372508938803862,-0.363557346411061,2.072804747478918,1.9149833274565,0.5020868822656661,0.2446505939712649,-1.2547912495386535,-0.7276714677098116,-1.7625228985381103,-1.6847323276462678
3.5666666666666664,1,896,-0.8998613006523863,-1.195810369576464,0.3259392174184057,-0.5502502585307039,-0.12046507772739896,-0.36212679559478606,2.0477569381350973,1.9145519910504112,0.35130855728067156,0.2442094671167567,-1.3055602714143344,-0.7257989161837565,-1.6170521372414521,-1.684384070783244
3.5708333333333333,1,896,-0.9454824403183631,-1.1970846489517497,0.32509290155269893,-0.5524767713019272,-0.12102890904462936,-0.3606095736809061,2.072311839434727,1.9140945217734535,0.4925021346032295,0.2437416142290113,-1.2425118334132237,-0.7238129145836187,-1.7595299033182483,-1.684014714491788
3.5749999999999997,1,896,-0.9150353249684628,-1.198430848037392,0.3205352456003703,-0.5548289473748701,-0.12855203118344108,-0.3590067204975344,2.0470715186452266,1.9136112331522188,0.34477792370964827,0.2432473559510283,-1.3075492858785724,-0.7217148240156929,-1.6158183908137143,-1.6836245119102522
3.5791666666666666,1,896,-0.9595147756976606,-1.1998480442157822,0.3186774607214115,-0.5573051746855465,-0.1284915210971561,-0.35731933456017806,2.0730240017390744,1.913102456408587,0.48728772985058055,0.24272703102274257,-1.2515673803729452,-0.7195060824064514,-1.7572934406188108,-1.683213730463995
3.5833333333333335,1,896,-0.9270659651035044,-1.2013352662114498,0.3138798742143371,-0.559903756151448,-0.13566848479686947,-0.35554857231887194,2.0510211221341303,1.9125685402327242,0.34124042538912935,0.24218099604886917,-1.3137520558060813,-0.7171882035170647,-1.6129840881997106,-1.6827826516821003
3.5875,1,896,-0.9714298532810329,-1.2028914947567273,0.31134532504894974,-0.5626229108346394,-0.13363727247727314,-0.3536956473656049,2.0788147581025385,1.9120098505441077,0.48278126274189576,0.24160962525450422,-1.2575141109686159,-0.714762775905943,-1.751699032729865,-1.6823315710044329
3.591666666666667,1,896,-0.9381457531501289,-1.2045156632903053,0.3060088999482831,-0.5654607751623263,-0.14047991616651348,-0.35176182960258384,2.059339128603961,1.9114267702407428,0.33889572945995255,0.24101331022864947,-1.3180561257292007,-0.7122314618400176,-1.6066884965796269,-1.6818607975791566
3.595833333333333,1,896,-0.982747717893652,-1.2062066586881999,0.30259889515180316,-0.5684154042040523,-0.13677655988843065,-0.34974844437190766,2.088556864545498,1.910819698936744,0.47962499716464124,0.2403924596558371,-1.261864831788201,-0.7095959961555082,-1.743222715095583,-1.6813706540508622
3.6,1,896,-0.9486637760030975,-1.2079633220266324,0.296550482459108,-0.57148477300466,-0.14389059684781186,-0.3476568715472421,2.0711420858437815,1.9101890526884595,0.33795473390973485,0.2397474990360375,-1.3206974969993908,-0.7068581850689495,-1.597827324964982,-1.6808614763394403
3.6041666666666665,1,896,-0.9938281050153804,-1.209784449376298,0.2921157327351581,-0.5746667779720911,-0.13853685960738005,-0.34548854458812533,2.1013833455560094,1.9095352637093257,0.4776156656140836,0.23907887039304304,-1.2642765393311826,-0.7040199049393043,-1.7325249593862104,-1.6803336134098603
3.6083333333333334,1,896,-0.9588901166716189,-1.2116687926274785,0.28518481681322316,-0.5779592383190862,-0.1464723868359225,-0.34324494955754425,2.085498846270343,1.908858780073652,0.33804853470733315,0.2383870319715268,-1.3218508649456364,-0.7010831009819978,-1.5866637204270029,-1.679787427033007
3.6125,1,896,-1.0050858780414964,-1.2136150603454345,0.27959230004444424,-0.581359897557785,-0.13929888319214648,-0.3409276241034632,2.116444778507797,1.908160065409531,0.47654883122705716,0.23767245792298486,-1.2652384712819247,-0.6980497859357659,-1.7198389238384892,-1.6792232915377403
3.6166666666666667,1,896,-0.9690230367613775,-1.2156219186554909,0.2716700977846676,-0.5848664250462127,-0.14869945773209334,-0.33853815640499507,2.1017160166337714,1.9074395985810917,0.3390254563024768,0.23693563798077624,-1.321676663234148,-0.6949220386832236,-1.5735070954017043,-1.6786415935543497
3.620833333333333,1,896,-1.0146283179008753,-1.2176879921572061,0.2571846352825059,-0.5884764175855829,-0.13707617902176517,-0.33607818408394413,2.100252176543828,1.9066978733603104,0.44448886494090806,0.23617707712448446,-1.3178797096445667,-0.6917020028261036,-1.6855346737121375,-1.6780427317495763
3.625,1,896,-0.9798465669145391,-1.2198118648670053,0.2472987916086697,-0.592187401067333,-0.14234755603159488,-0.3335493930824605,2.076041758666192,1.9059353980886033,0.3060292218240369,0.23539729523382932,-1.3078571127381373,-0.6883918852161377,-1.5184643268918205,-1.6774271165533874
3.6291666666666664,1,896,-1.038478205282696,-1.2219920811886225,0.23298092644210544,-0.5959968321687517,-0.1314462314261997,-0.33095351650758115,2.086281188754401,1.9051526953284355,0.44699910365468715,0.2345968267323679,-1.2876536634111713,-0.6849939544425921,-1.647882260218308,-1.676795169877688
3.6333333333333333,1,896,-0.9951091000329201,-1.2242271469106953,0.22117913186591098,-0.5999021000960482,-0.15195597026024626,-0.328292333443443,2.0644389710575064,1.9043503015051813,0.31444279402495984,0.23377622022122657,-1.3013408219027272,-0.6815105392774881,-1.4965540761097034,-1.6761473248271626
3.6374999999999997,1,896,-1.0602100397271874,-1.2265155302308217,0.20771265843301234,-0.6039005283736566,-0.13455395850324398,-0.3255676677319897,2.0801485335270096,1.9035287665394873,0.4553029571947862,0.23293603810311808,-1.2602439327017272,-0.6779440270795799,-1.63988975318968,-1.6754840254024488
3.6416666666666666,1,896,-1.0069200230248625,-1.2288556628053817,0.19473694450795545,-0.6079893766785625,-0.1649276517007408,-0.3227813867229993,2.0565591874103277,1.902688653470382,0.31620380075189675,0.23207685619689794,-1.2997509551716924,-0.674296862158176,-1.5067406095264342,-1.6748057261958396
3.6458333333333335,1,896,-1.0793040087809445,-1.231245940824401,0.1828978607939792,-0.6121658427183796,-0.13407110745202272,-0.3199353999942977,2.0758781329278113,1.9018305380693987,0.44915585557103915,0.23119926334292767,-1.2317785842446396,-0.670571544097934,-1.6647277924633797,-1.6741128920797292
3.65,1,896,-1.0097992443460428,-1.2336847261107216,0.16920355735730566,-0.616427064151903,-0.17599081848426842,-0.31703165804302896,2.048434537280511,1.9009550084459692,0.301429086578651,0.23030386099951278,-1.2924198600580752,-0.666770626045769,-1.5287832174318854,-1.6734059978880131
3.654166666666667,1,896,-1.0991518412556678,-1.2361703472427292,0.15772549491088994,-0.6207701205508158,-0.12308890112788988,-0.31407215094888064,2.069780833151094,1.9000626646443637,0.4357790353560768,0.22939126283069286,-1.2308610465518532,-0.662896712961053,-1.6696476205626454,-1.6726855280906603
3.658333333333333,1,896,-1.0041315043853711,-1.238701100699859,0.14479508816887587,-0.6251920354012018,-0.18879755693802552,-0.311058907010185,2.046955758859348,1.8991541182324503,0.2938080545325925,0.22846209428566774,-1.2903900983344145,-0.6589524598303088,-1.5171414969385282,-1.6719519764616817
3.6625,1,896,-1.1295863831515605,-1.2412752520301056,0.13315345555393623,-0.6296897781435031,-0.10111758954525422,-0.3079939913538222,2.072104703525789,1.898229991882557,0.433413839661481,0.22751699217014498,-1.229361130165624,-0.6549405698476116,-1.6561531113568175,-1.6712058457407215
3.6666666666666665,1,896,-0.9840892089758665,-1.2438910370387288,0.1207410479234924,-0.6342602662495103,-0.21827761154745198,-0.30487950451988777,2.05352994157214,1.8972909189447227,0.2982151697324541,0.22655660420990587,-1.2906608497167067,-0.6508637925619581,-1.513969138115901,-1.6704476472885064
3.6708333333333334,1,896,-1.1831374729030677,-1.2465466629973454,0.1089310297207516,-0.6389003673349776,-0.05460181763628639,-0.3017175810220848,2.0809144383148075,1.896337543012631,0.4312748219504308,0.22558158860688565,-1.2295413761333664,-0.6467249219928592,-1.6514509387571696,-1.6696779007363824
3.675,1,896,-0.9211100715439902,-1.2492403098725744,0.09850710505740648,-0.6436069013063982,-0.2880337413974629,-0.29851038788483797,2.0670022948082125,1.8953705174825242,0.30269063106140126,0.2245926135880758,-1.287093014683537,-0.6425267947154629,-1.5072912070941904,-1.6688971336301868
3.6791666666666667,1,896,-1.3068641200142899,-1.2519701315733989,0.08707369813271978,-0.6483766425404858,0.06541123039151805,-0.29526012315811984,2.0973329557920604,1.8943905051053962,0.4264259149489321,0.22359035694755353,-1.2236554152223562,-0.638272287916503,-1.63401001867457,-1.6681058810686937
3.683333333333333,1,896,-0.8901974533476232,-1.2547342572163818,0.08462092178348694,-0.6532063220948512,-0.3212038317259351,-0.29196901441102047,2.0926638513117974,1.8933981775327775,0.3008635100716438,0.22257550558195666,-1.2699675649574143,-0.633964317422423,-1.489066079968925,-1.6673046853368851
3.6875,1,896,-1.3068641200142899,-1.2575307924078793,0.08296634679489036,-0.658092629948377,0.07070179906662193,-0.28863931720507996,2.129381811999564,1.8923942148564186,0.42948509886564556,0.221548755019718,-1.2046188321798088,-0.6296058357010108,-1.6275943901567806,-1.6664940955342948
3.6916666666666664,1,896,-0.8901974533476232,-1.260357820542361,0.09093493169397451,-0.6630322172697358,-0.31428119265970833,-0.28527331354844176,2.1220338051562546,1.891379305142189,0.29356982628974404,0.22051080894438574,-1.2662401959285876,-0.625199829837928,-1.4721640227681188,-1.6656746671986837
3.6958333333333333,1,896,-1.3068641200142899,-1.2632134041159566,0.09033341433767347,-0.6680216987125165,0.07902955929338851,-0.28187331033187585,2.1164258882825537,1.8903541439585108,0.38710934149360937,0.21946237871235322,-1.2861471366023156,-0.6207493194895075,-1.5750250421312457,-1.6648469619253017
3.6999999999999997,1,896,-0.8901974533476232,-1.2660955860543242,0.1114184987950244,-0.6730576547353672,-0.3124770599598218,-0.2784416377477537,2.107775539967427,1.8893194338996515,0.269001948939176,0.2184041828653314,-1.222849525637044,-0.6162573548132351,-1.4248033593609797,-1.6640115469819983
3.7041666666666666,1,896,-1.3068641200142899,-1.2690023910539323,0.12326780342346626,-0.6781366339455825,0.07660520419541904,-0.2749806476930477,2.105099184399114,1.8882758841042002,0.3726218946595428,0.2173369466378955,-1.267782490421905,-0.61172701437732,-1.5529689829705973,-1.6631689949204458
3.7083333333333335,1,896,-0.8901974533476232,-1.2719318269358313,0.16150772757096118,-0.6832551554645122,-0.3147251448451197,-0.2714927121574615,2.1024328567150685,1.8872242097690604,0.2530202239251233,0.2162614014604463,-1.1891299964484427,-0.6071614030508024,-1.495050284934266,-1.6623198831837405
3.7125,1,896,-1.3068641200142899,-1.2748818860109967,0.19813785564506345,-0.6884097113131822,0.07307353997070261,-0.2679802215977854,2.1008253787073197,1.8861651316592893,0.3488808820446287,0.21517828445792392,-1.2287725805536653,-0.6025636498756282,-1.6455478613500414,-1.6614647937106533
3.716666666666667,1,896,-0.9153141936647062,-1.2778505464562975,0.2690620541156928,-0.6935967688164908,-0.25907317351766884,-0.2644455832995952,2.0961505330447623,1.8850993756141208,0.19158147189887276,0.2140883379446187,-1.1351553248199417,-0.59793690592216,-1.4545921542656817,-1.6606043125367955
3.720833333333333,1,896,-1.1720769688232748,-1.2808357737001514,0.3455327560883059,-0.6988127730243233,-0.04999009546567895,-0.26089121972742235,2.095799803631306,1.884027672049513,0.3233109170037094,0.21299230891542703,-1.1710245627014237,-0.5932843421295934,-1.6014763854780676,-1.6597390293929826
3.725,1,896,-1.0814324750370854,-1.2838355218169222,0.4413546108274218,-0.7040541491479424,-0.10010494682376639,-0.25731956686451385,2.0759532855993785,1.882950755457556,0.16658814276737532,0.21189094853389748,-1.1236533004221203,-0.58860914713275,-1.457597579415749,-1.6588695373010587
3.7291666666666665,1,896,-1.1254164612608855,-1.2868477349290903,0.5232393167092245,-0.7093173050099639,-0.10334124645606245,-0.25373307254333477,2.065124290821718,1.881869363903089,0.31585559349864323,0.21078501161742152,-1.142044623114,-0.5839145250767507,-1.616349691163802,-1.657996432167472
3.7333333333333334,1,896,-1.0949988198652565,-1.2898703486162528,0.6011044873361788,-0.7145986335062621,-0.08736301628848304,-0.25013419476794263,2.0263178684082086,1.8807842385178664,0.14282613744215159,0.20967525611991877,-1.123555017537975,-0.5792036934210498,-1.446446621068737,-1.6571203123748683
3.7375,1,896,-1.1335342113755935,-1.292901291329971,0.6668273835172323,-0.7198945150780924,-0.10741555709479847,-0.24652540002939757,2.01140072834508,1.8796961229926241,0.3148555295752219,0.2085624426123739,-1.0973450579235473,-0.5744798807343541,-1.6257729786432242,-1.6562417783719905
3.7416666666666667,1,896,-1.1087526799808474,-1.295938485813508,0.7245475897691922,-0.725201320192762,-0.08434819755593664,-0.2429091616153492,1.9548026596826311,1.8786057630673905,0.1296159339978278,0.20744733376157842,-1.1393566337835288,-0.5697463244819181,-1.443623020076281,-1.65536143226216
3.745833333333333,1,896,-1.145256242385748,-1.298979850525476,0.778390259857712,-0.7305154118311248,-0.11496558799743815,-0.2392879579149722,1.9445732279921006,1.8775139060203938,0.31939358729057793,0.20633069380743801,-1.041242976593741,-0.5650062688067519,-1.661293133798085,-1.6544798773906266
3.75,1,896,-1.1196625303526822,-1.302023301066421,0.8189985892879187,-0.7358331479802179,-0.08642652270241731,-0.23566427072039892,1.868490599633014,1.8764213001559147,0.11307585192806144,0.20521328803919964,-1.1251485969659525,-0.5602629623062432,-1.4798240011285262,-1.6535977179310646
3.7541666666666664,1,896,-1.153737565593726,-1.305066751607366,0.8599472918820992,-0.7411508841293106,-0.12292940980429519,-0.23204058352582593,1.856171529302706,1.8753286942914353,0.32195067806925903,0.20409588227096134,-1.0251640667406203,-0.5555196558057349,-1.69483738870254,-1.6527155584715023
3.7583333333333333,1,896,-1.1267055863885251,-1.3081081163193342,0.8885165619854932,-0.746464975767674,-0.0881693100362803,-0.2284193798254486,1.7754869709281973,1.8742368372444387,0.10073171575739005,0.20297924231682085,-1.111584574617017,-0.5507796001305683,-1.5048774706862273,-1.651834003599969
3.7624999999999997,1,896,-1.1616134609098738,-1.311145310802871,0.9199732773304112,-0.7517717808823429,-0.13182732304180836,-0.22480314141140065,1.7643266850625816,1.8731464773192052,0.32882614585632985,0.2018641334660255,-1.0111350355347866,-0.5460460438781327,-1.724371590369247,-1.6509536574901387
3.7666666666666666,1,896,-1.132762311737816,-1.3141762535165893,0.9398754840912149,-0.7570676624541739,-0.09217021651610607,-0.22119434667285515,1.6801998060702732,1.8720583617939628,0.09143579274605211,0.2007513199584805,-1.1058599165103264,-0.5413222311914364,-1.5212001276879366,-1.6500751234872606
3.7708333333333335,1,896,-1.170118376543935,-1.3171988672037518,0.9649082682065883,-0.7623489909504719,-0.14501273945373505,-0.217595468897463,1.674118862942207,1.8709732364087401,0.3419766017164431,0.19964156446097772,-1.0009793492869898,-0.5366113995357356,-1.7505364426424221,-1.6491990036946569
3.775,1,896,-1.138619079312317,-1.32021108031592,0.9789282483070799,-0.7676121468124936,-0.10064569425626993,-0.21400897457628396,1.5875936562225441,1.8698918448542732,0.08591283062084834,0.1985356275445018,-1.1039672479859086,-0.5319167774797362,-1.5350086828863228,-1.6483258985610703
3.779166666666667,1,896,-1.1787691057651577,-1.3232108284326907,0.9997323816199994,-0.7728535229361126,-0.16392430148050094,-0.21043732171337545,1.5881515670973807,1.868814928262316,0.3589120929948488,0.1974342671629722,-0.9952388266688545,-0.5272415824828929,-1.7750266879764545,-1.6474564064691464
3.783333333333333,1,896,-1.14388027282175,-1.3261960556765446,1.0102959356596382,-0.7780695271439452,-0.11435469471308993,-0.20688295814120256,1.5001785517877646,1.8677432246977084,0.08246519770082832,0.19633823813378054,-1.1055412582438167,-0.5225890186903264,-1.5474688877040021,-1.6465911233253334
3.7875,1,896,-1.1870387847773474,-1.3291647161218454,1.0284864730861443,-0.7832565846472539,-0.189418402823717,-0.20334831984301238,1.5083624775300826,1.8666774686525398,0.3782182768499704,0.19524829162047533,-0.9936159915034425,-0.5179622747368581,-1.7983394315660999,-1.6457306421514757
3.7916666666666665,1,896,-1.148122296203907,-1.3321147751970108,1.0376786736050745,-0.7884111404959238,-0.13379300329946855,-0.19983582928333624,1.419686508517341,1.8656183905427688,0.08022488683390312,0.1941651746179529,-1.1099404210053436,-0.513364521561684,-1.558975740295815,-1.6448755526783885
3.7958333333333334,1,896,-1.194391250568423,-1.3350442110789098,1.0543278488438423,-0.7935296620148533,-0.22204362907264993,-0.19634789374775008,1.4359555893078322,1.864566716207629,0.39911262517083396,0.19308962944050376,-0.995611160089921,-0.5087989102351662,-1.8205233258224574,-1.6440264409416832
3.8,1,896,-1.1509045961396467,-1.3379510160785175,1.0639841284871592,-0.7986086412250682,-0.1592315944665517,-0.19288690369304448,1.34711351684701,1.8635231664121779,0.07868807958400753,0.19202239321306797,-1.1164049912914285,-0.5042685697992517,-1.569537201755299,-1.6431838888801307
3.8041666666666667,1,896,-1.2002900541131036,-1.3408331980168855,1.0796911466766845,-0.8036445972479196,-0.26207221150495086,-0.18945523110892193,1.371461474841766,1.8624884563533184,0.4211208093229474,0.19096419736604603,-1.0005180079828697,-0.4997766051229788,-1.8414387869135236,-1.6423484739368273
3.808333333333333,1,896,-1.1518099366156254,-1.343688781590481,1.091483718010818,-0.8086340786906996,-0.19071097839610532,-0.18605522789235637,1.2827674075666173,1.8614632951696402,0.07753609990374796,0.1899157671340136,-1.1240570587074465,-0.4953260947745587,-1.5789734054121918,-1.6415207686634452
3.8125,1,896,-1.204238364416452,-1.3465158097249628,1.1064556419057587,-0.8135736660120589,-0.30952741408872947,-0.18268922423571787,1.3147925116208254,1.8604483854554106,0.4440064045986394,0.18887782105868128,-1.0073703997629282,-0.49092008891147554,-1.860925827686362,-1.640701340327834
3.8166666666666664,1,896,-1.1504806412920807,-1.3493123449164601,1.1219643099677763,-0.8184599738655842,-0.22804800501484135,-0.17935952702977767,1.2262863239458024,1.8594444227790519,0.07656139393563975,0.1878510704964427,-1.131896538560573,-0.4865616071900637,-1.5869968588909882,-1.6398907505252438
3.8208333333333333,1,896,-1.205827660690548,-1.3520764705594432,1.1361026730802957,-0.8232896534199502,-0.3642724972366882,-0.176068418282678,1.2652837425677255,1.8584520952064332,0.4678404571632044,0.18683621913084575,-1.0149074803512739,-0.4822536366959833,-1.8789160295152962,-1.6390895547934352
3.8249999999999997,1,896,-1.1466347872670177,-1.3548062922602673,1.1568786930778145,-0.8280593946540372,-0.27088192397838595,-0.1728181535559602,1.1766400792971086,1.857472082829305,0.07563576466661108,0.18583396249032358,-1.1387703805979756,-0.4779991298970238,-1.5932204038320728,-1.6382983022319422
3.8291666666666666,1,896,-1.2047764987755498,-1.3574999391354967,1.1698603009210522,-0.8327659286254584,-0.42619431563252946,-0.16961096041871296,1.2217077725621284,1.8565050572991981,0.4923024313332777,0.18484498747151357,-1.0215626872285628,-0.473801002619627,-1.8955235416404685,-1.6375175351257465
3.8333333333333335,1,896,-1.1401731064806713,-1.3601555650941133,1.1974726777571687,-0.8374060297109256,-0.31888753705034784,-0.1664490369209101,1.1322608664687814,1.8555516813671065,0.07563576466661107,0.1838699718684934,-1.1432813009051237,-0.46966213205052826,-1.5973365567035736,-1.6367477885736226
3.8375,1,896,-1.2008410507370804,-1.3627713501027365,1.2088625170446712,-0.841976517816933,-0.4949705624313382,-0.1633345500869756,1.1824244856232238,1.8546126084292722,0.4923024313332777,0.18290958390825424,-1.0254694678165728,-0.4655853547648746,-1.910579674586734,-1.6359895901214074
3.841666666666667,1,896,-1.1347040074748271,-1.3653455014329832,1.2434075954763504,-0.8464742605592341,-0.3760478451644051,-0.1602696344306128,1.0957196673322436,1.8536884820793789,0.07563576466661107,0.1819644817927315,-1.142962485887811,-0.46157346478217753,-1.6049804869638735,-1.6352434594004472
3.845833333333333,1,896,-1.1956142800750353,-1.3678762548901129,1.2526464252528784,-0.8508961754096203,-0.5672079985643627,-0.15725639049191714,1.1495978829067823,1.8527799356674655,0.4923024313332777,0.1810353132477064,-1.023459599482914,-0.4576292116514333,-1.9189496569033162,-1.6345099077714687
3.85,1,896,-1.1286539401029219,-1.3703618760221203,1.2944865903810083,-0.8552392318085329,-0.43606355436350924,-0.15429688339776887,1.0648931851442525,1.85188759186586,0.07563576466661107,0.18012271507888647,-1.1360195415552254,-0.45375529856671737,-1.6048127184552483,-1.6337894379741158
3.8541666666666665,1,896,-1.1896756010449816,-1.3728006613084411,1.300873171475666,-0.8595004532420565,-0.6425734565268606,-0.15139314144650007,1.121817461267286,1.8510120622424306,0.4923024313332777,0.17922731273547154,-1.0133540496593731,-0.4499543805145523,-1.9222216756799964,-1.6330825437823997
3.8583333333333334,1,896,-1.122356941561452,-1.3751909393274602,1.3501079831754912,-0.8636769192818735,-0.4989883588932089,-0.1485471547177985,1.0374247624914437,1.8501539468414472,0.07563576466661107,0.1783497198815013,-1.122533667012288,-0.4462290624543103,-1.5973053681823908,-1.6323897096662894
3.8625,1,896,-1.1833843799605919,-1.3775310719020202,1.3530195066079502,-0.8677657675867789,-0.7216319267806492,-0.1457608737088084,1.0970507456209526,1.849313833772342,0.4923024313332777,0.17749053797528128,-0.9947525358851795,-0.4425818975329069,-1.9211557702457156,-1.6317114104596802
3.8666666666666667,1,896,-1.1160171725624939,-1.3798194552221468,1.409857691099815,-0.8717641958643878,-0.5652764794800494,-0.14303620799735484,1.011216561127132,1.848492298806648,0.07563576466661107,0.1766503558571727,-1.1023303046468613,-0.43901538533499823,-1.5826996124199717,-1.6310481110349664
3.870833333333333,1,896,-1.1769392151830191,-1.3820545209442194,1.4087345827623416,-0.8756694637916838,-0.8052877469257896,-0.14037502493321696,1.0735299700396914,1.847689904983394,0.4923024313332777,0.17582974934603146,-0.9669741791213303,-0.43553197016989453,-1.9161032076143112,-1.6304002659844412
3.875,1,896,-1.1097546860687806,-1.3842347372658368,1.473551504053492,-0.8794788948931029,-0.6357052434173576,-0.1377791483583373,0.9844273183183626,1.8469072022232258,0.07563576466661107,0.17502928084456992,-1.0750138342741025,-0.4321340393963486,-1.5607983990955834,-1.6297683193087416
3.8791666666666664,1,896,-1.1704399277843551,-1.3863586099756358,1.4678865104719785,-0.8831898783748526,-0.8948501067332978,-0.1352503573568539,1.0498023468377544,1.846144726951519,0.4923024313332777,0.17424949895391487,-0.9289637537800706,-0.42882392178638296,-1.9071819929380047,-1.6291527041125526
3.8833333333333333,1,896,-1.1036566312898868,-1.3884246834773513,1.5412733782595156,-0.8867998709142233,-0.7115293786656149,-0.13279038503580273,0.9554592237879896,1.8454030017307375,0.07563576466661107,0.173490938097623,-1.0400761310055129,-0.4256038859292628,-1.5311771962154193,-1.6285538423077792
3.8874999999999997,1,896,-1.1638951526511094,-1.3904315417874074,1.5306298445071778,-0.8903063984026505,-0.9920925064371525,-0.1304009173373348,1.0247553274537458,1.8446825349022984,0.4923024313332777,0.17275411815541447,-0.8792974408885847,-0.42247613867672074,-1.894397859682353,-1.6279721443243886
3.8916666666666666,1,896,-1.0978023014107214,-1.3923778095053636,1.6134338892448616,-0.8937070576413497,-0.7946883277869488,-0.12808359188325352,0.9229526205015369,1.843983820238177,0.07563576466661107,0.17203954410687244,-0.9970870765039413,-0.41944282363048857,-1.4934984481935458,-1.6274080088291218
3.8958333333333335,1,896,-1.1572113126351264,-1.3942621527565442,1.5975163258132465,-0.8969995179883449,-1.0993051830592528,-0.12583999685267247,0.9976585446206678,1.8433073366025035,0.4923024313332777,0.17134770568535618,-0.8162938089468779,-0.41650601967318196,-1.87777618801481,-1.6268618224522686
3.9,1,896,-1.0922950778795235,-1.3960832801062097,1.6908503736198315,-0.9001815229557759,-0.8881269348931515,-0.12367166989355566,0.8858198571711711,1.8426535476233696,0.07563576466661107,0.17067907704236174,-0.9460514583706179,-0.4136677395435368,-1.4611095213481433,-1.6263339595226887
3.904166666666667,1,896,-1.149552898464279,-1.3978399434446422,1.6704154389376613,-0.9032508917563835,-1.2149290897826681,-0.12158009706889011,0.9674979612410087,1.842022901375085,0.4923024313332777,0.17003411642256214,-0.7394969406978241,-0.4109299284569782,-1.8649385679459736,-1.6258247818112668
3.908333333333333,1,896,-1.086800705466776,-1.3995309388425368,1.7752303208251816,-0.9062055207981097,-0.9914726248183854,-0.11956671183821393,0.8428584201750631,1.8414158300710863,0.07563576466661107,0.1694132658497498,-0.888680245244738,-0.4082944627724686,-1.4482719012793068,-1.6253346382829723
3.9125,1,896,-1.1409879038156352,-1.4011551073761148,1.7520010986419357,-0.9090433851257964,-1.3367094884535549,-0.1176328940751929,0.9336067659879996,1.8408327497677215,0.4923024313332777,0.16881695082389503,-0.6502068790842063,-0.40576314870654334,-1.8649385679459736,-1.624863864857696
3.9166666666666665,1,896,-1.0820941916203641,-1.4027113359213923,1.8687009890501889,-0.9117625398089879,-1.1045386573019607,-0.11577996912192584,0.7939022994879666,1.840274060079105,0.07563576466661107,0.16824558002953005,-0.8278117796040684,-0.4033377210954216,-1.4482719012793068,-1.6244127841800287
3.9208333333333334,1,896,-1.1342313123236996,-1.40419855791706,1.8435885231225273,-0.9143611212748894,-1.4588309930838916,-0.11400920688061977,0.8976056591142828,1.8397401439032421,0.4923024313332777,0.1676995450556567,-0.5485983653377021,-0.40101984220603487,-1.8649385679459736,-1.623981705398134
3.925,1,896,-1.0825807667888787,-1.40561575409545,1.968772299777421,-0.9168373485855656,-1.2259484753595578,-0.1123218209432636,0.7420350405214972,1.8392313671596103,0.07563576466661107,0.16717922012737102,-0.7650136091373197,-0.3988111005967937,-1.4482719012793068,-1.6235709239518767
3.9291666666666667,1,896,-1.135655134686111,-1.4069619531810924,1.940862003186765,-0.9191895246585089,-1.5776076374727617,-0.11071896775989165,0.864459105925359,1.8387480785383756,0.4923024313332777,0.16668496184938794,-0.4356802191454621,-0.3967130100288675,-1.8506680366524078,-1.6231807213703409
3.933333333333333,1,896,-1.0952344233665252,-1.408236232556378,2.06741829665923,-0.9214160374297318,-1.357694781675147,-0.10920174584601189,0.694406198332459,1.838290609261418,0.07563576466661107,0.1662171089616426,-0.7032288453671754,-0.39472700842873004,-1.434001369985741,-1.622811365078885
3.9375,1,896,-1.1509358177693334,-1.4094377188938747,2.031258172433324,-0.9235153609585985,-1.6112299194811175,-0.10777119502973675,0.846208886610909,1.8378592728553291,0.35352612720747895,0.16577598210713435,-0.2979054377801683,-0.3928544569026746,-1.5544721070779282,-1.6224631082158611
3.9416666666666664,1,896,-1.147071836269148,-1.4105655887548625,2.081138016108112,-0.9254860564736254,-1.4796082116771376,-0.10642829573913853,0.8244425153540611,1.8374543649365358,0.060268989403344554,0.1653618836121746,-0.2534401585610014,-0.3910966388039816,-1.192525143618664,-1.6221361894591277
3.9458333333333333,1,896,-1.164052145653894,-1.411619069153677,2.0363615895168166,-0.9273267733585453,-1.6172935663329358,-0.10517396833031128,0.8884832629148384,1.8370761630086998,0.4769356560700112,0.16497509727918702,-0.13909194017174215,-0.38945475885337044,-1.6091918102853306,-1.6218308328624707
3.9499999999999997,1,896,-1.1686945264246145,-1.4125974380874748,2.104169868939635,-0.9290362500779505,-1.4781539620596675,-0.10400907245660634,0.8196297801217723,1.8367249262725314,0.06026898940334455,0.1646158881922039,-0.40317629120184933,-0.3879299423133459,-1.4454764401738118,-1.621547247702048
3.9541666666666666,1,896,-1.2227819640936801,-1.41350002503106,2.059636003930451,-0.9306133150418886,-1.676569574902603,-0.10293440647946733,0.999209199028914,1.836400895448144,0.4769356560700112,0.16428450253519056,-0.013723813947626593,-0.38652323421699786,-1.8621431068404786,-1.621285628332964
3.9583333333333335,1,896,-1.2515145641992367,-1.4143262113964266,2.1072923011709452,-0.932056887408809,-1.6155687200732018,-0.1019507069212745,0.9683509899907898,1.83610429261008,0.3462935826401204,0.16398116742332317,-0.3472415367462549,-0.3852355986517892,-1.948328116840509,-1.6210461540560654
3.9625,1,896,-1.3077604432066405,-1.4150754309567084,2.104712837573194,-0.9333659778263192,-1.6186850484764357,-0.10105864796056807,1.1161503608122778,1.8358353210351084,0.6134580244696825,0.16370609074733555,-0.11327528805930684,-0.3840679180988175,-2.059169383830818,-1.6208289889950598
3.966666666666667,1,896,-1.3312402070974554,-1.4157471702342435,2.1026492911735004,-0.9345396891092383,-1.6479818525312717,-0.10025884097000026,1.0745610190073063,1.835594165062911,0.26462787283921196,0.16345946103104098,-0.44367035455021697,-0.38302099282800667,-1.6425027171641513,-1.6206342819840325
3.970833333333333,1,896,-1.3803666828625045,-1.4163409688524846,2.0349266547447384,-0.9355772168544806,-1.8012999324666823,-0.09955183409733132,1.2815673771928182,1.8353809899697457,0.6812945395058786,0.16324144730212764,-0.0469156216434829,-0.3820955403496423,-2.0490902067412016,-1.620462166465443
3.975,1,896,-1.413170631484811,-1.4168564198515203,2.035663818713873,-0.9364778499923554,-1.8461609810504744,-0.09893811188975588,1.2828944768559367,1.8351959418551727,0.47106554397595474,0.16305219897631526,-0.4067999447344322,-0.3812921949226257,-1.7800584318932975,-1.6203127603986702
3.9791666666666665,1,896,-1.4576494258141701,-1.417293169966983,2.0100624882256466,-0.9372409712738975,-1.8719238149369737,-0.09841809496181897,1.4849005723934063,1.8350391475419265,0.8877322106426214,0.1628918457549532,-0.07885650105413358,-0.3806115071197846,-2.1664635024815064,-1.6201861661791694
3.9833333333333334,1,896,-1.4981565830116303,-1.4176509198721596,2.02610295813551,-0.9378660576938995,-1.9260794127074117,-0.09799213970714749,1.500203924001749,1.8349107144889971,0.5516324592324405,0.1627604975361295,-0.4690670066375451,-0.3800539434505377,-1.8220944312197058,-1.620082470568295
3.9875,1,896,-1.541019867583066,-1.417929424383135,2.001303662025436,-0.9383526808493525,-1.9519754072188096,-0.09766053805419617,1.7273083429403668,1.834810730717984,0.9682991258991072,0.16265824433935244,-0.11800807080594386,-0.3796198860411733,-2.2387610978863726,-1.6200017446338393
3.9916666666666667,1,896,-1.5579212381057745,-1.4181284926268294,2.011212207553783,-0.9387005072330536,-2.085244071618279,-0.09742351726617393,1.7082902953406445,1.8347392647527692,0.5774973999324382,0.1625851562438554,-0.5346747374726105,-0.37930963237295795,-1.8574159839486473,-1.619944043701325
3.995833333333333,1,896,-1.5696931218391355,-1.418247988171812,1.9883015163184878,-0.9389092984621734,-2.1354935033764253,-0.09728123978528957,1.9128262359723052,1.8346963655725557,0.9941640665991048,0.16254128334056817,-0.24309508796804638,-0.3791233950782584,-2.274082650615314,-1.6199094073160893
4.0,1,896,-1.5927796282629039,-1.4182878291218053,2.0040800467410715,-0.938978911441633,-2.1722956720009643,-0.09723380312142144,1.9664479516512392,1.8346820625782985,0.5774973999324382,0.1625266556977872,-0.2813097182993662,-0.3790613017948135,-1.857901096375554,-1.6198978592161806
4.004166666666666,1,896,-1.5798048708878654,-1.4182878291218053,1.9669470819039447,-0.938978911441633,-2.206737132187186,-0.09723380312142145,2.128772715220874,1.8346820625782985,0.955669804860887,0.1625266556977872,0.00851810133688792,-0.3790613017948135,-2.2090152471857367,-1.6198978592161806
4.008333333333333,1,896,-1.5586429903661205,-1.4182878291218053,1.9400711034039213,-0.938978911441633,-2.4195803115591032,-0.09723380312142145,2.120045164778324,1.8346820625782985,0.5494947055047197,0.1625266556977872,-0.4081485653297787,-0.3790613017948135,-1.83906449525939,-1.6198978592161806
4.0125,1,896,-1.5057261392898527,-1.4182878291218053,1.9068263634309328,-0.938978911441633,-2.4220402083060306,-0.09723380312142145,2.1162466688608093,1.8346820625782985,0.6166397535667242,0.1625266556977872,-0.41783314176204245,-0.3790613017948135,-1.8630032199780677,-1.6198978592161806
4.016666666666667,1,896,-1.466966702606813,-1.4182878291218053,1.878339418515019,-0.938978911441633,-2.395212763872144,-0.09723380312142145,2.09514419578367,1.8346820625782985,0.24423271566553012,0.1625266556977872,-0.4284849060863679,-0.3790613017948135,-1.446336553311401,-1.6198978592161806
4.020833333333333,1,896,-1.3814733811564328,-1.4182878291218053,1.8112114376451942,-0.938978911441633,-2.435950598542969,-0.09723380312142145,2.0949945548029825,1.8346820625782985,0.5138373586980673,0.1625266556977872,-0.4759223322144071,-0.3790613017948135,-1.6730830670772616,-1.6198978592161806
4.025,1,896,-1.3452533320767772,-1.4182878291218053,1.778328651222843,-0.938978911441633,-2.4272651755481696,-0.09723380312142145,2.068387272508924,1.8346820625782985,0.4892658442772126,0.1625266556977872,-0.5736740359679362,-0.3790613017948135,-1.6404235044416084,-1.6198978592161806
4.029166666666667,1,896,-1.317093868946824,-1.4182878291218053,1.7422804957344267,-0.938978911441633,-2.4045226491585048,-0.09723380312142145,2.0924202436131614,1.8346820625782985,0.7204918321536634,0.1625266556977872,-0.46976629147072574,-0.3790613017948135,-1.8553382470588422,-1.6198978592161806
4.033333333333333,1,896,-1.308721825835056,-1.4182878291218053,1.7301059504571787,-0.938978911441633,-2.3802260865023745,-0.09723380312142145,2.00143766164691,1.8346820625782985,0.43274826035742997,0.1625266556977872,-0.7400681584974663,-0.3790613017948135,-1.560734919543055,-1.6198978592161806
4.0375,1,896,-1.2849632542418084,-1.4182878291218053,1.6791307958319048,-0.938978911441633,-2.3817035062916587,-0.09723380312142145,2.08019541110467,1.8346820625782985,0.8108427021705533,0.1625266556977872,-0.5492162839350372,-0.3790613017948135,-1.8958701317662994,-1.6198978592161806
4.041666666666667,1,896,-1.2861045615691742,-1.4182878291218053,1.6697462705562134,-0.938978911441633,-2.3677048015566737,-0.09723380312142145,1.9800465581173143,1.8346820625782985,0.47486228860744273,0.1625266556977872,-0.8474547731771773,-0.3790613017948135,-1.5830369293392714,-1.6198978592161806
4.045833333333333,1,896,-1.2707989135930366,-1.4182878291218053,1.6164747367828503,-0.938978911441633,-2.3853993974779413,-0.09723380312142145,2.0616253283309076,1.8346820625782985,0.8293336767681978,0.1625266556977872,-0.6927943283660315,-0.3790613017948135,-1.9074935256637993,-1.6198978592161806
4.05,1,896,-1.2846656251200237,-1.4182878291218053,1.6082253686559125,-0.938978911441633,-2.350982573065461,-0.09723380312142145,1.9790275797606345,1.8346820625782985,0.5045751595600423,0.1625266556977872,-0.9140130556315972,-0.3790613017948135,-1.6204696752796275,-1.6198978592161806
4.054166666666666,1,896,-1.2780823890950905,-1.4182878291218053,1.5554620471778815,-0.938978911441633,-2.3677967760380016,-0.09723380312142145,2.050509093984824,1.8346820625782985,0.8044706317927323,0.1625266556977872,-0.801168354496933,-0.3790613017948135,-1.8984540242054153,-1.6198978592161806
4.058333333333334,1,896,-1.3004965117812897,-1.4182878291218053,1.5444940137578524,-0.938978911441633,-2.3112666768372114,-0.09723380312142145,1.9850343568405384,1.8346820625782985,0.5003681760563649,0.1625266556977872,-0.9585200733692976,-0.3790613017948135,-1.6351800760365873,-1.6198978592161806
4.0625,1,896,-1.299675402898862,-1.4182878291218053,1.4890687401882519,-0.938978911441633,-2.3241171018247764,-0.09723380312142145,2.0487369176016452,1.8346820625782985,0.7630925707911423,0.1625266556977872,-0.8661560943842325,-0.3790613017948135,-1.8813183602192087,-1.6198978592161806
4.066666666666666,1,896,-1.3256267119803615,-1.4182878291218053,1.4736174923596426,-0.938978911441633,-2.2533269023067843,-0.09723380312142145,1.9931564470298013,1.8346820625782985,0.4774994571180347,0.1625266556977872,-0.9937074867579062,-0.3790613017948135,-1.634968734217195,-1.6198978592161806
4.070833333333333,1,896,-1.3287633964142187,-1.4182878291218053,1.4138229038442014,-0.938978911441633,-2.262766437544071,-0.09723380312142145,2.0508297738719277,1.8346820625782985,0.720138044347883,0.1625266556977872,-0.9125869979370496,-0.3790613017948135,-1.8643940459110009,-1.6198978592161806
4.075,1,896,-1.356532233522061,-1.4182878291218053,1.394273427625612,-0.938978911441633,-2.1806380685713957,-0.09723380312142145,2.0001940562894074,1.8346820625782985,0.4494105490327536,0.1625266556977872,-1.0254695568434802,-0.3790613017948135,-1.6303078476358295,-1.6198978592161806
4.079166666666667,1,896,-1.363321358543625,-1.4182878291218053,1.3300348016190553,-0.938978911441633,-2.186667135347994,-0.09723380312142145,2.05158793140943,1.8346820625782985,0.6799549781984608,0.1625266556977872,-0.9528929226000856,-0.3790613017948135,-1.8500548361459273,-1.6198978592161806
4.083333333333333,1,896,-1.392510736436898,-1.4182878291218053,1.3073300621292319,-0.938978911441633,-2.094349877371719,-0.09723380312142145,2.003045426105292,1.8346820625782985,0.422373552344314,0.1625266556977872,-1.0566134147468214,-0.3790613017948135,-1.6265454822432512,-1.6198978592161806
4.0875,1,896,-1.4033667139493293,-1.4182878291218053,1.2393451603692178,-0.938978911441633,-2.0965987174567746,-0.09723380312142145,2.047390288117737,1.8346820625782985,0.6442790954729127,0.1625266556977872,-0.9912524040154287,-0.3790613017948135,-1.8395413923212436,-1.6198978592161806
4.091666666666667,1,896,-1.4338778389110962,-1.4182878291218053,1.2145269065372772,-0.938978911441633,-1.9953621854822023,-0.09723380312142145,1.9990495717940735,1.8346820625782985,0.39888033893509767,0.1625266556977872,-1.0879636599542157,-0.3790613017948135,-1.6261491263198535,-1.6198978592161806
4.095833333333333,1,896,-1.4494390319412986,-1.4182878291218053,1.1438486604411415,-0.938978911441633,-1.9936240600193733,-0.09723380312142145,2.035722117903223,1.8346820625782985,0.6139665602232582,0.1625266556977872,-1.0286167120600234,-0.3790613017948135,-1.8338234838501617,-1.6198978592161806
4.1,1,896,-1.4813358332393505,-1.4182878291218053,1.1178812384448753,-0.938978911441633,-1.885034807285436,-0.09723380312142145,1.9865072345642376,1.8346820625782985,0.37974098150372343,0.1625266556977872,-1.1134961473942653,-0.3790613017948135,-1.6302348520035617,-1.6198978592161806
4.104166666666667,1,896,-1.5020539822096741,-1.4182878291218053,1.0454971151078623,-0.938978911441633,-1.880099503497834,-0.09723380312142145,2.014567878555213,1.8346820625782985,0.5892802998155788,0.1625266556977872,-1.0561555793872173,-0.3790613017948135,-1.8337442485612703,-1.6198978592161806
4.108333333333333,1,896,-1.5341041930665318,-1.4182878291218053,1.0190298400723667,-0.938978911441633,-1.7748381788603833,-0.09723380312142145,1.9629117025579765,1.8346820625782985,0.40130284966976204,0.1625266556977872,-1.1510398159348698,-0.3790613017948135,-1.6544732485894633,-1.6198978592161806
4.1125,1,896,-1.5621629055052142,-1.4182878291218053,0.9533043194052142,-0.938978911441633,-1.7572477411445793,-0.09723380312142145,1.9832713858016267,1.8346820625782985,0.6158646700484998,0.1625266556977872,-1.089968727756689,-0.3790613017948135,-1.8243642355835121,-1.6198978592161806
4.116666666666666,1,896,-1.5945154751814459,-1.4182878291218053,0.9302612833800876,-0.938978911441633,-1.646267004065833,-0.09723380312142145,1.9262984756401147,1.8346820625782985,0.41643158970125854,0.1625266556977872,-1.1576391092390426,-0.3790613017948135,-1.629593728695606,-1.6198978592161806
4.120833333333334,1,896,-1.6259979808867981,-1.4182878291218053,0.863002630328998,-0.938978911441633,-1.6348338522735344,-0.09723380312142145,1.9389070546447027,1.8346820625782985,0.6296278729930239,0.1625266556977872,-1.099747923668439,-0.3790613017948135,-1.818210603181478,-1.6198978592161806
4.125,1,896,-1.6564601135815011,-1.4182878291218053,0.8415388940787529,-0.938978911441633,-1.5319432043947354,-0.09723380312142145,1.8745819985356362,1.8346820625782985,0.44326075437595647,0.1625266556977872,-1.173022844275284,-0.3790613017948135,-1.6380510359624934,-1.6198978592161806
4.129166666666666,1,896,-1.6930040743183097,-1.4182878291218053,0.7802897596156644,-0.938978911441633,-1.5161698254555305,-0.09723380312142145,1.8823855099428162,1.8346820625782985,0.6602082952536001,0.1625266556977872,-1.1063625772447014,-0.3790613017948135,-1.8147780060615404,-1.6198978592161806
4.133333333333333,1,896,-1.7192955070245144,-1.4182878291218053,0.7630584748011149,-0.938978911441633,-1.4157504367696014,-0.09723380312142145,1.8107825756559697,1.8346820625782985,0.4551487187586745,0.1625266556977872,-1.171300583896921,-0.3790613017948135,-1.6254173091358948,-1.6198978592161806
4.1375,1,896,-1.7592914228940904,-1.4182878291218053,0.7032997210612438,-0.938978911441633,-1.4054580541029222,-0.09723380312142145,1.8151210624695104,1.8346820625782985,0.6760417070316433,0.1625266556977872,-1.1102410612859008,-0.3790613017948135,-1.8157216610702678,-1.6198978592161806
4.141666666666667,1,896,-1.780768765343889,-1.4182878291218053,0.6898627399512639,-0.938978911441633,-1.3125258562671382,-0.09723380312142145,1.7392801694503757,1.8346820625782985,0.47389238602842076,0.1625266556977872,-1.1773542007266091,-0.3790613017948135,-1.6063330509884661,-1.6198978592161806
4.145833333333333,1,896,-1.8250744662196585,-1.4182878291218053,0.6342647534454119,-0.938978911441633,-1.3051728014517645,-0.09723380312142145,1.746396788836816,1.8346820625782985,0.7122212721755502,0.1625266556977872,-1.1068477938673318,-0.3790613017948135,-1.7873513402234764,-1.6198978592161806
4.15,1,896,-1.8383745704086418,-1.4182878291218053,0.6243435795411235,-0.938978911441633,-1.221366044615568,-0.09723380312142145,1.6678587749140636,1.8346820625782985,0.4976009940378415,0.1625266556977872,-1.1755428743013179,-0.3790613017948135,-1.5912284506516783,-1.6198978592161806
4.154166666666667,1,896,-1.8847908955250379,-1.4182878291218053,0.5748306704879541,-0.938978911441633,-1.2131307494944317,-0.09723380312142145,1.6763587781528506,1.8346820625782985,0.7343128475326489,0.1625266556977872,-1.1106119407286155,-0.3790613017948135,-1.7850424235286197,-1.6198978592161806
4.158333333333333,1,896,-1.8886570190136835,-1.4182878291218053,0.5708597648185885,-0.938978911441633,-1.1330394245015394,-0.09723380312142145,1.5976212450250826,1.8346820625782985,0.506510889902653,0.1625266556977872,-1.169873654511186,-0.3790613017948135,-1.5941889227896198,-1.6198978592161806
4.1625,1,896,-1.9357184485543648,-1.4182878291218053,0.5275006500403309,-0.938978911441633,-1.1238604243311114,-0.09723380312142145,1.6086738854143499,1.8346820625782985,0.7468820324565595,0.1625266556977872,-1.0999178053774468,-0.3790613017948135,-1.7946987830914019,-1.6198978592161806
4.166666666666667,1,896,-1.9253594061800694,-1.4182878291218053,0.527704659719222,-0.938978911441633,-1.0522479396628746,-0.09723380312142145,1.5276277532636926,1.8346820625782985,0.5080294545550007,0.1625266556977872,-1.1676654885993125,-0.3790613017948135,-1.603534698211459,-1.6198978592161806
4.170833333333333,1,896,-1.9724381098693669,-1.4182878291218053,0.4905699996065083,-0.938978911441633,-1.041819434340845,-0.09723380312142145,1.544114675261241,1.8346820625782985,0.7567277492392165,0.1625266556977872,-1.0952494444457472,-0.3790613017948135,-1.8099728721950818,-1.6198978592161806
4.175,1,896,-1.9467579727231261,-1.4182878291218053,0.4952008067151351,-0.938978911441633,-0.9767562409879242,-0.09723380312142145,1.4638238112563817,1.8346820625782985,0.5086213495586099,0.1625266556977872,-1.1658658848203114,-0.3790613017948135,-1.617723063594018,-1.6198978592161806
4.179166666666666,1,896,-1.9931450755663138,-1.4182878291218053,0.4642508766432903,-0.938978911441633,-0.9644862684382297,-0.09723380312142145,1.4870650851026204,1.8346820625782985,0.7653389525869333,0.1625266556977872,-1.089805396183127,-0.3790613017948135,-1.8280039987331649,-1.6198978592161806
4.183333333333334,1,896,-1.9520704212361135,-1.4182878291218053,0.47226977564016887,-0.938978911441633,-0.9058882328011301,-0.09723380312142145,1.4085776081359425,1.8346820625782985,0.5092802272892323,0.1625266556977872,-1.1624965183038534,-0.3790613017948135,-1.6342140796551687,-1.6198978592161806
4.1875,1,896,-1.997899916131741,-1.4182878291218053,0.4468617901802202,-0.938978911441633,-0.8918523217736601,-0.09723380312142145,1.4392790863731724,1.8346820625782985,0.773966379009445,0.1625266556977872,-1.082378673175246,-0.3790613017948135,-1.8478968266990723,-1.6198978592161806
4.191666666666666,1,896,-1.9429225262901335,-1.4182878291218053,0.4570506767462801,-0.938978911441633,-0.8393753722244216,-0.09723380312142145,1.3628262643117437,1.8346820625782985,0.5104359832626364,0.1625266556977872,-1.1581220429641212,-0.3790613017948135,-1.651870899213969,-1.6198978592161806
4.195833333333333,1,896,-1.9889765760811748,-1.4182878291218053,0.43642546972576085,-0.938978911441633,-0.8238002648537543,-0.09723380312142145,1.4012617672525558,1.8346820625782985,0.7830251147567321,0.1625266556977872,-1.0745579951941704,-0.3790613017948135,-1.8690367152984602,-1.6198978592161806
4.2,1,896,-1.922560463020898,-1.4182878291218053,0.44778330122635357,-0.938978911441633,-0.7766445011579736,-0.09723380312142145,1.3268888678179864,1.8346820625782985,0.5125583293986445,0.1625266556977872,-1.1544390804440863,-0.3790613017948135,-1.670337996989005,-1.6198978592161806
4.204166666666667,1,896,-1.9695205653453614,-1.4182878291218053,0.4313571061740134,-0.938978911441633,-0.7598096538667198,-0.09723380312142145,1.3728775181962072,1.8346820625782985,0.7922911198259325,0.1625266556977872,-1.0686608261235733,-0.3790613017948135,-1.8906674929385117,-1.6198978592161806
4.208333333333333,1,896,-1.8943776055200205,-1.4182878291218053,0.44316648993372426,-0.938978911441633,-0.716990506568567,-0.09723380312142145,1.3007329424283358,1.8346820625782985,0.5160348650466177,0.1625266556977872,-1.1532109675533042,-0.3790613017948135,-1.6894931976980505,-1.6198978592161806
4.2125,1,896,-1.9423150570863097,-1.4182878291218053,0.4305802536961574,-0.938978911441633,-0.6992375110638802,-0.09723380312142145,1.3537049619680817,1.8346820625782985,0.8011363786496802,0.1625266556977872,-1.0666458752341088,-0.3790613017948135,-1.911920991957819,-1.6198978592161806
4.216666666666667,1,896,-1.8610494736840189,-1.4182878291218053,0.4423457753867446,-0.938978911441633,-0.6597268570921899,-0.09723380312142145,1.2841744489636608,1.8346820625782985,0.5210134627979203,0.1625266556977872,-1.155569315066132,-0.3790613017948135,-1.7092166811408585,-1.6198978592161806
4.220833333333333,1,896,-1.9093224823370036,-1.4182878291218053,0.4333643283300202,-0.938978911441633,-0.6414508165301362,-0.09723380312142145,1.3432431174378967,1.8346820625782985,0.8087555967918794,0.1625266556977872,-1.0695725678023837,-0.3790613017948135,-1.9320003490207738,-1.6198978592161806
4.225,1,896,-1.82432546115069,-1.4182878291218053,0.44471170879367944,-0.938978911441633,-0.6042356701375038,-0.09723380312142145,1.2769122427415687,1.8346820625782985,0.5273141947770139,0.1625266556977872,-1.1618597039065413,-0.3790613017948135,-1.729299522160515,-1.6198978592161806
4.229166666666667,1,896,-1.8717767667718506,-1.4182878291218053,0.4390894282987497,-0.938978911441633,-0.5858344622979337,-0.09723380312142145,1.3409474807550419,1.8346820625782985,0.8143879914112825,0.1625266556977872,-1.077565430304229,-0.3790613017948135,-1.9503312613665664,-1.6198978592161806
4.233333333333333,1,896,-1.7851691117734452,-1.4182878291218053,0.4496842231602978,-0.938978911441633,-0.5499756143788883,-0.09723380312142145,1.2784612781568103,1.8346820625782985,0.5344656898258797,0.1625266556977872,-1.171812283193107,-0.3790613017948135,-1.7494293210339602,-1.6198978592161806
4.2375,1,896,-1.8304506568721834,-1.4182878291218053,0.4470724031385099,-0.938978911441633,-0.5317729441006634,-0.09723380312142145,1.34619264516389,1.8346820625782985,0.8174936693393411,0.1625266556977872,-1.0900518819652665,-0.3790613017948135,-1.9666191567570976,-1.6198978592161806
4.241666666666666,1,896,-1.7439970255459556,-1.4182878291218053,0.4565765685660413,-0.938978911441633,-0.49647813105763827,-0.09723380312142145,1.2881042810294934,1.8346820625782985,0.5418395154168056,0.1625266556977872,-1.184795353805491,-0.3790613017948135,-1.769247144485369,-1.6198978592161806
4.245833333333334,1,896,-1.785871126123085,-1.4182878291218053,0.45649482277199155,-0.938978911441633,-0.47865697787297984,-0.09723380312142145,1.3582420571773095,1.8346820625782985,0.8178520450361886,0.1625266556977872,-1.1060464749835381,-0.3790613017948135,-1.9808453420422394,-1.6198978592161806
4.25,1,896,-1.70089386496167,-1.4182878291218053,0.4645539726326035,-0.938978911441633,-0.44334223850391447,-0.09723380312142145,1.3048987470299533,1.8346820625782985,0.548805874699213,0.1625266556977872,-1.200009499220592,-0.3790613017948135,-1.7884147235799293,-1.6198978592161806
4.254166666666666,1,896,-1.7384318720922387,-1.4182878291218053,0.46640925343876455,-0.938978911441633,-0.4259237325838045,-0.09723380312142145,1.3762475404334054,1.8346820625782985,0.8155681279126089,0.1625266556977872,-1.1244131838643239,-0.3790613017948135,-1.9932093991867648,-1.6198978592161806
4.258333333333333,1,896,-1.6557760248524527,-1.4182878291218053,0.47265967594810726,-0.938978911441633,-0.39023176903011897,-0.09723380312142145,1.3277423631058438,1.8346820625782985,0.5548623815422491,0.1625266556977872,-1.216618062720413,-0.3790613017948135,-1.8066884097959925,-1.6198978592161806
4.2625,1,896,-1.6884310998219505,-1.4182878291218053,0.4757902873631181,-0.938978911441633,-0.3730997729014236,-0.09723380312142145,1.399275919868969,1.8346820625782985,0.8110044370077111,0.1625266556977872,-1.1440327656044729,-0.3790613017948135,-2.004060398144393,-1.6198978592161806
4.266666666666667,1,896,-1.6085000758888195,-1.4182878291218053,0.4798719254430592,-0.938978911441633,-0.3368781900502333,-0.09723380312142145,1.3554515461847436,1.8346820625782985,0.5596961917487081,0.1625266556977872,-1.2338191406737444,-0.3790613017948135,-1.8239502285457543,-1.6198978592161806
4.270833333333333,1,896,-1.6360878953072506,-1.4182878291218053,0.4835953940348722,-0.938978911441633,-0.3198332340346688,-0.09723380312142145,1.4263446434917864,1.8346820625782985,0.8046708916896014,0.1625266556977872,-1.163914891689711,-0.3790613017948135,-2.0138138325454977,-1.6198978592161806
4.275,1,896,-1.5589878797021488,-1.4182878291218053,0.48527913881314877,-0.938978911441633,-0.2829535027072246,-0.09723380312142145,1.387056365520705,1.8346820625782985,0.5632160381647329,0.1625266556977872,-1.2476424384462215,-0.3790613017948135,-1.8402456538602638,-1.6198978592161806
4.279166666666667,1,896,-1.5818692567942496,-1.4182878291218053,0.4887045003221358,-0.938978911441633,-0.26603860123091533,-0.09723380312142145,1.4560696703025362,1.8346820625782985,0.7973325801736726,0.1625266556977872,-1.178806120216245,-0.3790613017948135,-2.0231880702146343,-1.6198978592161806
4.283333333333333,1,896,-1.5076059684394656,-1.4182878291218053,0.4874113611988745,-0.938978911441633,-0.22912738946478986,-0.09723380312142145,1.4197963162521225,1.8346820625782985,0.5649225773579357,0.1625266556977872,-1.25635305005861,-0.3790613017948135,-1.8550905770447963,-1.6198978592161806
4.2875,1,896,-1.526814460739463,-1.4182878291218053,0.489758217578622,-0.938978911441633,-0.2125079830698938,-0.09723380312142145,1.4860549991668777,1.8346820625782985,0.790091136678227,0.1625266556977872,-1.1874357507607904,-0.3790613017948135,-2.032806916802778,-1.6198978592161806
4.291666666666667,1,896,-1.455031464997303,-1.4182878291218053,0.485009670946347,-0.938978911441633,-0.17637177179571467,-0.09723380312142145,1.450949146303633,1.8346820625782985,0.5649620279255307,0.1625266556977872,-1.2617408120473086,-0.3790613017948135,-1.8686813381639287,-1.6198978592161806
4.295833333333333,1,896,-1.471602751019654,-1.4182878291218053,0.485915597577635,-0.938978911441633,-0.1600425737408932,-0.09723380312142145,1.514350029258977,1.8346820625782985,0.7833707124832177,0.1625266556977872,-1.1927572152922543,-0.3790613017948135,-2.042889445412284,-1.6198978592161806
4.3,1,896,-1.401688850977261,-1.4182878291218053,0.47771270829116846,-0.938978911441633,-0.12509877913755943,-0.09723380312142145,1.4795664786534948,1.8346820625782985,0.5640075537643524,0.1625266556977872,-1.2648171526966743,-0.3790613017948135,-1.8818007137488064,-1.6198978592161806
4.304166666666666,1,896,-1.4164224792466364,-1.4182878291218053,0.4770647830748578,-0.938978911441633,-0.10891765929669515,-0.09723380312142145,1.5402174797648482,1.8346820625782985,0.7770773425758414,0.1625266556977872,-1.1956051046859197,-0.3790613017948135,-2.0535354342048215,-1.6198978592161806
4.308333333333334,1,896,-1.3479190965222858,-1.4182878291218053,0.4655232452139566,-0.938978911441633,-0.07550267943660856,-0.09723380312142145,1.5052308259129221,1.8346820625782985,0.5623544403623617,0.1625266556977872,-1.2664164427000164,-0.3790613017948135,-1.8948184935637855,-1.6198978592161806
4.3125,1,896,-1.361516039639784,-1.4182878291218053,0.4633492493221778,-0.938978911441633,-0.059277967739756,-0.09723380312142145,1.5633660994072185,1.8346820625782985,0.7711585642020333,0.1625266556977872,-1.1969888382318221,-0.3790613017948135,-2.064793216511543,-1.6198978592161806
4.316666666666666,1,896,-1.2940462511224247,-1.4182878291218053,0.448691764837732,-0.938978911441633,-0.02764654162433524,-0.09723380312142145,1.5279424278949068,1.8346820625782985,0.5602452705760628,0.1625266556977872,-1.2671108520484589,-0.3790613017948135,-1.907998320972573,-1.6198978592161806
4.320833333333333,1,896,-1.3071489683411937,-1.4182878291218053,0.4450993277868788,-0.938978911441633,-0.011135524251129897,-0.09723380312142145,1.5838219039916408,1.8346820625782985,0.76553144303739,0.1625266556977872,-1.1974726785532772,-0.3790613017948135,-2.0766549025241274,-1.6198978592161806
4.325,1,896,-1.2404359793029363,-1.4182878291218053,0.42759018853154734,-0.938978911441633,0.018493780837537003,-0.09723380312142145,1.547861709184036,1.8346820625782985,0.557828216949599,0.1625266556977872,-1.2673332053426791,-0.3790613017948135,-1.9214686275000783,-1.6198978592161806
4.329166666666667,1,896,-1.2536671900626226,-1.4182878291218053,0.4227319411560833,-0.938978911441633,0.03558778768485079,-0.09723380312142145,1.6017411802656867,1.8346820625782985,0.760128081009333,0.1625266556977872,-1.197521225839835,-0.3790613017948135,-2.0890809733267193,-1.6198978592161806
4.333333333333333,1,896,-1.1874861603972815,-1.4182878291218053,0.40266156176357554,-0.938978911441633,0.06301857039248569,-0.09723380312142145,1.5652386853855618,1.8346820625782985,0.555214620787788,0.1625266556977872,-1.2673881717562445,-0.3790613017948135,-1.935297938200918,-1.6198978592161806
4.3375,1,896,-1.2014623280817192,-1.4182878291218053,0.3967130373551896,-0.938978911441633,0.08105707786907772,-0.09723380312142145,1.617350002796952,1.8346820625782985,0.7548847327139929,0.1625266556977872,-1.1974333228608485,-0.3790613017948135,-2.102014075321194,-1.6198978592161806
4.341666666666667,1,896,-1.1356012940407763,-1.4182878291218053,0.37437813087262556,-0.938978911441633,0.10608971825674127,-0.09723380312142145,1.5803489993173008,1.8346820625782985,0.5524785990301556,0.1625266556977872,-1.26748803398101,-0.3790613017948135,-1.949509226604397,-1.6198978592161806
4.345833333333333,1,896,-1.1509409850950616,-1.4182878291218053,0.3675225096698286,-0.938978911441633,0.125505830688995,-0.09723380312142145,1.6308967854440526,1.8346820625782985,0.7497455519910697,0.1625266556977872,-1.197417066210627,-0.3790613017948135,-2.115391128454896,-1.6198978592161806
4.35,1,896,-1.0851439701890728,-1.4182878291218053,0.34321558749749065,-0.938978911441633,0.1479024186714065,-0.09723380312142145,1.5934741671052395,1.8346820625782985,0.5496699897494732,0.1625266556977872,-1.2677686596307614,-0.3790613017948135,-1.964102493412241,-1.6198978592161806
4.354166666666667,1,896,-1.1024805203328891,-1.4182878291218053,0.3356319295629925,-0.938978911441633,0.1692123939779376,-0.09723380312142145,1.6426364331809449,1.8346820625782985,0.7446572086822053,0.1625266556977872,-1.1975982406133792,-0.3790613017948135,-2.1291493076896013,-1.6198978592161806
4.358333333333333,1,896,-1.0363850130563614,-1.4182878291218053,0.30963256608989426,-0.938978911441633,0.188644571825954,-0.09723380312142145,1.6048921743601094,1.8346820625782985,0.5468155871200129,0.1625266556977872,-1.2683071598963165,-0.3790613017948135,-1.9790633654563525,-1.6198978592161806
4.3625,1,896,-1.0564046729694534,-1.4182878291218053,0.3014862909323747,-0.938978911441633,0.21247812340743852,-0.09723380312142145,1.6528222323257322,1.8346820625782985,0.7395645626573314,0.1625266556977872,-1.1980485158484404,-0.3790613017948135,-2.143228684717042,-1.6198978592161806
4.366666666666666,1,896,-0.9894589019165062,-1.4182878291218053,0.2740563769579483,-0.938978911441633,0.22844739126118194,-0.09723380312142145,1.6148764694894764,1.8346820625782985,0.5439298985430822,0.1625266556977872,-1.2691237883022795,-0.3790613017948135,-1.9943713803436238,-1.6198978592161806
4.370833333333334,1,896,-1.0129949865361212,-1.4182878291218053,0.2654906413161529,-0.938978911441633,0.25562837551508283,-0.09723380312142145,1.6616990011335842,1.8346820625782985,0.7344080308826202,0.1625266556977872,-1.1987963975953522,-0.3790613017948135,-2.157574686209467,-1.6198978592161806
4.375,1,896,-0.9443205296709548,-1.4182878291218053,0.23687202420677428,-0.938978911441633,0.267327817057432,-0.09723380312142145,1.6236961592880932,1.8346820625782985,0.5410101028649945,0.1625266556977872,-1.2701778563603907,-0.3790613017948135,-2.010004167030662,-1.6198978592161806
4.379166666666666,1,896,-0.9725713533706462,-1.4182878291218053,0.22800017718788276,-0.938978911441633,0.29907155027536847,-0.09723380312142145,1.6694949256628218,1.8346820625782985,0.7291142225750717,0.1625266556977872,-1.1998235268265518,-0.3790613017948135,-2.1721360617138017,-1.6198978592161806
4.383333333333333,1,896,-0.900664088675652,-1.4182878291218053,0.19841315129257237,-0.938978911441633,0.3050855488039723,-0.09723380312142145,1.6316134520164733,1.8346820625782985,0.5380444813349375,0.1625266556977872,-1.271332644035525,-0.3790613017948135,-2.0259378201563583,-1.6198978592161806
4.3875,1,896,-0.9357081845540853,-1.4182878291218053,0.18930886730114152,-0.938978911441633,0.34349032320044387,-0.09723380312142145,1.6763987563894862,1.8346820625782985,0.7235840729423616,0.1625266556977872,-1.2010557366081,-0.3790613017948135,-2.1868572831509185,-1.6198978592161806
4.391666666666667,1,896,-0.8576464974626974,-1.4182878291218053,0.15895204249117229,-0.938978911441633,0.34101131874667195,-0.09723380312142145,1.6388881917181928,1.8346820625782985,0.5350242175314099,0.1625266556977872,-1.2722488294622676,-0.3790613017948135,-2.0421494696139306,-1.6198978592161806
4.395833333333333,1,896,-0.903854141818391,-1.4182878291218053,0.14962839126075994,-0.938978911441633,0.3904458166440118,-0.09723380312142145,1.6825132752208747,1.8346820625782985,0.7176460152614873,0.1625266556977872,-1.2023028424485451,-0.3790613017948135,-2.20165218591778,-1.6198978592161806
4.4,1,896,-0.8128796963376886,-1.4182878291218053,0.11868394696829788,-0.938978911441633,0.3728616371154885,-0.09723380312142145,1.6458094650474802,1.8346820625782985,0.531998180168417,0.1625266556977872,-1.2720832445061372,-0.3790613017948135,-2.058636813612534,-1.6198978592161806
4.404166666666667,1,896,-0.8814873750151377,-1.4182878291218053,0.10902189069727114,-0.938978911441633,0.4445689948585523,-0.09723380312142145,1.6877362615219236,1.8346820625782985,0.710862319508794,0.1625266556977872,-1.2031058649604875,-0.3790613017948135,-2.216294341347259,-1.6198978592161806
4.408333333333333,1,896,-0.7583474181629791,-1.4182878291218053,0.07771960060479108,-0.938978911441633,0.3926660131836069,-0.09723380312142145,1.6528791893143555,1.8346820625782985,0.5293969720154488,0.1625266556977872,-1.2686747835074426,-0.3790613017948135,-2.0755967742258337,-1.6198978592161806
4.4125,1,896,-0.8849969511582304,-1.4182878291218053,0.0671442221460646,-0.938978911441633,0.5228695432814509,-0.09723380312142145,1.6914791794310786,1.8346820625782985,0.7015411723034902,0.1625266556977872,-1.2022076525912908,-0.3790613017948135,-2.2298258012819927,-1.6198978592161806
4.416666666666667,1,896,-0.6617110428207594,-1.4182878291218053,0.03638438463619827,-0.938978911441633,0.3668565588424153,-0.09723380312142145,1.661808037520046,1.8346820625782985,0.5302870414149211,0.1625266556977872,-1.25661418278886,-0.3790613017948135,-2.0948314122821188,-1.6198978592161806
4.420833333333333,1,896,-0.9842267585291437,-1.4182878291218053,0.022195293597432605,-0.938978911441633,0.6987483850501972,-0.09723380312142145,1.6921683486683128,1.8346820625782985,0.6801407261204123,0.1625266556977872,-1.1957957451599546,-0.3790613017948135,-2.2537028719567056,-1.6198978592161806
4.425,1,896,-0.5693128296969929,-1.4182878291218053,1.0032193206659178e-05,-0.938978911441633,0.32562470897511764,-0.09723380312142145,1.67733912362373,1.8346820625782985,0.5566043172225903,0.1625266556977872,-1.2368605885778658,-0.3790613017948135,-2.1594937664858005,-1.6198978592161806
4.429166666666666,1,896,-0.9850983566067866,-1.4182878291218053,-0.022871921251334342,-0.938978911441633,0.7197767107556352,-0.09723380312142145,1.703426220921926,1.8346820625782985,0.759714876266888,0.1625266556977872,-1.204040670306127,-0.3790613017948135,-2.344916757703686,-1.6198978592161806
4.433333333333334,1,896,-0.5688995686249385,-1.4182878291218053,-0.04346802249265882,-0.938978911441633,0.33488432287302167,-0.09723380312142145,1.657418609982875,1.8346820625782985,0.583491258259632,0.1625266556977872,-1.2560169862676376,-0.3790613017948135,-2.209449794852886,-1.6198978592161806
4.4375,1,896,-0.9846653572403301,-1.4182878291218053,-0.07685178407989976,-0.938978911441633,0.7297714769847834,-0.09723380312142145,1.6834184020152658,1.8346820625782985,0.7882226553974488,0.1625266556977872,-1.20021105257558,-0.3790613017948135,-2.405640963389221,-1.6198978592161806
4.441666666666666,1,896,-0.5679986905736635,-1.4182878291218053,-0.10375568810785168,-0.938978911441633,0.33698091023414783,-0.09723380312142145,1.6030080318397313,1.8346820625782985,0.57516825813215,0.1625266556977872,-1.3199691312400124,-0.3790613017948135,-2.2553460609586082,-1.6198978592161806
4.445833333333333,1,896,-0.9843757816608947,-1.4182878291218053,-0.1549658852106103,-0.938978911441633,0.736538802731564,-0.09723380312142145,1.6341414311906157,1.8346820625782985,0.8105123371212994,0.1625266556977872,-1.2696122458411376,-0.3790613017948135,-2.446894814914846,-1.6198978592161806
4.45,1,896,-0.567709114994228,-1.4182878291218053,-0.1998929030261808,-0.938978911441633,0.336094122385046,-0.09723380312142145,1.525880875137621,1.8346820625782985,0.6052529435979305,0.1625266556977872,-1.4538194172087548,-0.3790613017948135,-2.3020434360205058,-1.6198978592161806
4.454166666666667,1,896,-0.9843757816608947,-1.4182878291218053,-0.28421683073243414,-0.938978911441633,0.7481760358637526,-0.09723380312142145,1.560673399770888,1.8346820625782985,0.8743369545932447,0.1625266556977872,-1.40272523691193,-0.3790613017948135,-2.4767366207829515,-1.6198978592161806
4.458333333333333,1,896,-0.7615676195157673,-1.4182878291218053,-0.38122979357730596,-0.938978911441633,0.4319868444305502,-0.09723380312142145,1.4550469884118242,1.8346820625782985,0.8908780255709693,0.1625266556977872,-1.7016404593691907,-0.3790613017948135,-2.442491039019627,-1.6198978592161806
4.4625,1,896,-0.9943062646573344,-1.4182878291218053,-0.5083345916491439,-0.938978911441633,0.7596092115522335,-0.09723380312142145,1.4103697428468047,1.8346820625782985,0.6918053803492206,0.1625266556977872,-1.65370241907793,-0.3790613017948135,-2.2134612223818513,-1.6198978592161806
4.466666666666667,1,896,-0.8851564622371376,-1.4182878291218053,-0.5712185748826041,-0.938978911441633,0.5048380840849407,-0.09723380312142145,1.4191551993354772,1.8346820625782985,1.006156058591153,0.1625266556977872,-1.7574714204028357,-0.3790613017948135,-2.320892443225186,-1.6198978592161806
4.470833333333333,1,896,-1.0060953442114373,-1.4182878291218053,-0.6933341563342869,-0.938978911441633,0.6926542575578571,-0.09723380312142145,1.377307540964789,1.8346820625782985,0.8209409183759047,0.1625266556977872,-1.6488737872390054,-0.3790613017948135,-2.127185296048554,-1.6198978592161806
4.475,1,896,-0.9668416012116936,-1.4182878291218053,-0.765964439736115,-0.938978911441633,0.550741798382364,-0.09723380312142145,1.386625910397304,1.8346820625782985,1.0699115071329872,0.1625266556977872,-1.7179285836219758,-0.3790613017948135,-2.2207344300654346,-1.6198978592161806
4.479166666666667,1,896,-1.0345580993498371,-1.4182878291218053,-0.8739844256956337,-0.938978911441633,0.6498080615459776,-0.09723380312142145,1.341435245655306,1.8346820625782985,0.9106265615766793,0.1625266556977872,-1.6188385999389985,-0.3790613017948135,-2.055089225625582,-1.6198978592161806
4.483333333333333,1,896,-1.0213177682174681,-1.4182878291218053,-0.9440629489102332,-0.938978911441633,0.5501302157321885,-0.09723380312142145,1.3478525059394537,1.8346820625782985,1.1319537601491891,0.1625266556977872,-1.6661819156303204,-0.3790613017948135,-2.151752094661649,-1.6198978592161806
4.4875,1,896,-1.0782139164474818,-1.4182878291218053,-1.0407902627270835,-0.938978911441633,0.6249927900217156,-0.09723380312142145,1.2985105381719508,1.8346820625782985,0.9753101166608574,0.1625266556977872,-1.5607881436792606,-0.3790613017948135,-1.9985452780025965,-1.6198978592161806
4.491666666666666,1,896,-1.0741653110196803,-1.4182878291218053,-1.102914798603234,-0.938978911441633,0.5356164431658104,-0.09723380312142145,1.3043975844922981,1.8346820625782985,1.193819609788408,0.1625266556977872,-1.597932522940768,-0.3790613017948135,-2.105579653752414,-1.6198978592161806
4.495833333333334,1,896,-1.1297932951786027,-1.4182878291218053,-1.190381462552008,-0.938978911441633,0.6025389471190901,-0.09723380312142145,1.2508676289179024,1.8346820625782985,1.0289800911089517,0.1625266556977872,-1.483888674958966,-0.3790613017948135,-1.9556024245850379,-1.6198978592161806
4.5,1,896,-1.1303378710942413,-1.4182878291218053,-1.243394046833809,-0.938978911441633,0.5137594229356599,-0.09723380312142145,1.2583872962461775,1.8346820625782985,1.2535697456042842,0.1625266556977872,-1.5166490998626212,-0.3790613017948135,-2.0742746165473727,-1.6198978592161806
4.504166666666666,1,896,-1.1877359493535595,-1.4182479881718122,-1.3254039238516258,-0.9389092984621735,0.5728559246319579,-0.09728123978528953,1.2135352272500846,1.8346963655725557,0.8369030789376176,0.16254128334056817,-1.0999824331959545,-0.3791233950782583,-1.657607949880706,-1.6199094073160893
4.508333333333333,1,896,-1.1071509089053242,-1.4181284926268296,-1.3359120830287616,-0.9387005072330536,0.19603830736440905,-0.09742351726617392,1.2269914569860747,1.8347392647527692,1.2535697456042842,0.1625851562438554,-1.5166490998626212,-0.3793096323729579,-2.0742746165473727,-1.619944043701325
4.5125,1,896,-1.2230048699570022,-1.417929424383135,-1.4028023299765267,-0.9383526808493525,0.36435571288330393,-0.09766053805419615,1.1990734405543697,1.834810730717984,0.8369030789376176,0.16265824433935244,-1.0999824331959545,-0.3796198860411733,-1.657607949880706,-1.6200017446338393
4.516666666666667,1,896,-1.1696786670025587,-1.4176509198721596,-1.4280215037625348,-0.9378660576938994,0.043405424038027086,-0.09799213970714749,1.2360689330091237,1.8349107144889971,1.2535697456042842,0.1627604975361295,-1.5166490998626212,-0.3800539434505377,-2.0742746165473727,-1.620082470568295
4.520833333333333,1,896,-1.3022978148889028,-1.417293169966983,-1.4323375780765522,-0.9372409712738975,0.2552791413617433,-0.09841809496181893,1.2398621388757816,1.8350391475419263,0.9465937434520519,0.16289184575495316,-1.441370762542491,-0.3806115071197845,-2.0460578461076846,-1.6201861661791694
4.525,1,896,-1.3398345968559968,-1.4168564198515203,-1.4250017473457004,-0.9364778499923553,0.2457733440860332,-0.09893811188975594,1.3021464277013384,1.8351959418551727,1.3632604101187187,0.1630521989763153,-1.8483444456694074,-0.3812921949226258,-2.3791283431939516,-1.6203127603986702
4.529166666666667,1,896,-1.4938557819753573,-1.4163409688524846,-1.4270587254685438,-0.9355772168544806,0.4911969013859316,-0.09955183409733133,1.2945247979850731,1.8353809899697457,0.946593743452052,0.16324144730212764,-1.4316777790027406,-0.3820955403496423,-1.9624616765272849,-1.620462166465443
4.533333333333333,1,896,-1.477208218909764,-1.4157471702342435,-1.384249849014461,-0.9345396891092383,0.30646404149714546,-0.10025884097000026,1.3566640223356172,1.835594165062911,1.3632604101187187,0.163459461031041,-1.8483444456694074,-0.38302099282800667,-2.3791283431939516,-1.6206342819840325
4.5375,1,896,-1.601610302262733,-1.4150754309567086,-1.3794667195622614,-0.9333659778263195,0.455110981456452,-0.10105864796056797,1.339324910597896,1.8358353210351082,0.946593743452052,0.16370609074733553,-1.4316777790027406,-0.3840679180988174,-1.9624616765272849,-1.6208289889950598
4.541666666666667,1,896,-1.5743400657328572,-1.4143262113964266,-1.333950365027774,-0.9320568874088089,0.22874143657164123,-0.10195070692127459,1.382249572272875,1.8361042926100801,1.3632604101187187,0.1639811674233232,-1.8483444456694074,-0.38523559865178936,-2.3791283431939516,-1.6210461540560654
4.545833333333333,1,896,-1.6971618807248514,-1.41350002503106,-1.3208238917956086,-0.9306133150418886,0.3509105772501256,-0.10293440647946736,1.3510659126432045,1.836400895448144,0.946593743452052,0.16428450253519053,-1.4316777790027406,-0.38652323421699786,-1.9624616765272849,-1.621285628332964
4.55,1,896,-1.6680105240895922,-1.412597438087475,-1.2826181953307838,-0.9290362500779508,0.1081983420600777,-0.10400907245660623,1.3788453751357368,1.8367249262725311,1.3632604101187187,0.16461588819220388,-1.8483444456694074,-0.3879299423133457,-2.3791283431939516,-1.621547247702048
4.554166666666666,1,896,-1.7974345779888625,-1.411619069153677,-1.2606891290790432,-0.9273267733585454,0.23135933117533086,-0.10517396833031117,1.3350554267247001,1.8370761630086998,0.946593743452052,0.16497509727918697,-1.4316777790027406,-0.3894547588533702,-1.9624616765272849,-1.6218308328624704
4.558333333333334,1,896,-1.768930757222242,-1.4105655887548625,-1.2314650077564677,-0.9254860564736254,-0.022679098450657714,-0.10642829573913855,1.350478409095419,1.8374543649365358,1.3632604101187187,0.1653618836121746,-1.8483444456694074,-0.3910966388039816,-2.3791283431939516,-1.6221361894591277
4.5625,1,896,-1.9073380422095236,-1.409437718893875,-1.1993932613803833,-0.9235153609585985,0.1158647185432229,-0.10777119502973678,1.2968830740261723,1.8378592728553291,0.946593743452052,0.16577598210713435,-1.4316777790027406,-0.3928544569026746,-1.9624616765272849,-1.6224631082158611
4.566666666666666,1,896,-1.8793566747452877,-1.4082362325563782,-1.177964346728697,-0.9214160374297321,-0.15149184679794062,-0.10920174584601172,1.3034828468702007,1.838290609261418,1.3632604101187187,0.16621710896164255,-1.8483444456694074,-0.3947270084287298,-2.3791283431939516,-1.622811365078885
4.570833333333333,1,896,-2.0272091215817944,-1.4069619531810926,-1.134190190634012,-0.9191895246585091,0.01210422382339363,-0.1107189677598915,1.2441157584906608,1.8387480785383754,0.946593743452052,0.16668496184938789,-1.4316777790027406,-0.3967130100288673,-1.9624616765272849,-1.6231807213703409
4.575,1,896,-1.9980449188808043,-1.40561575409545,-1.1186543036364478,-0.9168373485855656,-0.2742083560001982,-0.1123218209432636,1.246586609807337,1.8392313671596103,1.3632604101187187,0.167179220127371,-1.8483444456694074,-0.3988111005967937,-2.3791283431939516,-1.6235709239518767
4.579166666666667,1,896,-2.1554104385291297,-1.40419855791706,-1.0616382781009606,-0.9143611212748894,-0.07809544737362155,-0.11400920688061976,1.1861212560816126,1.8397401439032421,0.946593743452052,0.16769954505565668,-1.4316777790027406,-0.4010198422060348,-1.9624616765272849,-1.623981705398134
4.583333333333333,1,896,-2.1224250255439516,-1.4027113359213925,-1.0502666666815894,-0.9117625398089882,-0.3909999514954943,-0.11577996912192567,1.1897843609259817,1.840274060079105,1.3632604101187187,0.16824558002953002,-1.8483444456694074,-0.4033377210954214,-2.3791283431939516,-1.6244127841800287
4.5875,1,896,-2.28972464345821,-1.4011551073761146,-0.9785930003638917,-0.9090433851257962,-0.15658383712744303,-0.11763289407519309,1.1325482577969395,1.8408327497677215,0.946593743452052,0.16881695082389508,-1.4316777790027406,-0.40576314870654356,-1.9624616765272849,-1.6248638648576963
4.591666666666667,1,896,-2.2497519329242945,-1.3995309388425368,-0.9702872978939496,-0.9062055207981097,-0.5042006590427758,-0.11956671183821392,1.1423631242141155,1.8414158300710863,1.3632604101187187,0.16941326584974978,-1.8483444456694074,-0.4082944627724686,-2.3791283431939516,-1.6253346382829723
4.595833333333333,1,896,-2.428246470439574,-1.3978399434446422,-0.8828666433202166,-0.9032508917563836,-0.227750562090195,-0.12158009706889013,1.0911978408200353,1.842022901375085,0.946593743452052,0.17003411642256214,-1.4316777790027406,-0.4109299284569782,-1.9624616765272849,-1.6258247818112668
4.6,1,896,-2.377682932413354,-1.39608328010621,-0.8774783293273238,-0.9001815229557762,-0.6175158541881142,-0.12367166989355544,1.110764425310797,1.8426535476233696,1.3632604101187187,0.17067907704236168,-1.8483444456694074,-0.41366773954353653,-2.3791283431939516,-1.6263339595226887
4.604166666666667,1,896,-2.5700257587059556,-1.394262152756544,-0.7737439419572903,-0.8969995179883445,-0.2976384537246651,-0.1258399968526727,1.0660896842163263,1.8433073366025035,0.946593743452052,0.17134770568535626,-1.4316777790027406,-0.41650601967318224,-1.9624616765272849,-1.6268618224522686
4.608333333333333,1,896,-2.504348743570842,-1.3923778095053636,-0.77225550823217,-0.8937070576413497,-0.7143051203913318,-0.12808359188325355,1.0971411733287713,1.843983820238177,1.3632604101187187,0.17203954410687244,-1.8483444456694074,-0.41944282363048857,-2.3791283431939516,-1.6274080088291218
4.6125,1,896,-2.708617882733594,-1.3904315417874076,-0.654623069678196,-0.8903063984026509,-0.346727833618981,-0.13040091733733455,1.0582534595136845,1.8446825349022982,0.946593743452052,0.17275411815541436,-1.4316777790027406,-0.42247613867672035,-1.9624616765272849,-1.6279721443243886
4.616666666666666,1,896,-2.6082529164223343,-1.3884246834773515,-0.6562444203880602,-0.8867998709142236,-0.7633945002856477,-0.13279038503580248,1.1040590891665383,1.8454030017307375,1.3632604101187187,0.17349093809762292,-1.8483444456694074,-0.4256038859292624,-2.3791283431939516,-1.6285538423077792
4.620833333333334,1,896,-2.8111355193648877,-1.3863586099756358,-0.5313793076102084,-0.8831898783748526,-0.346727833618981,-0.13525035735685392,1.0720835438653358,1.846144726951519,0.946593743452052,0.17424949895391487,-1.4316777790027406,-0.42882392178638296,-1.9624616765272849,-1.6291527041125526
4.625,1,896,-2.6260515542266702,-1.3842347372658368,-0.5318233685601136,-0.8794788948931029,-0.7633945002856477,-0.1377791483583373,1.1345689622950854,1.8469072022232258,1.3632604101187187,0.17502928084456992,-1.8483444456694074,-0.4321340393963486,-2.3791283431939516,-1.6297683193087416
4.629166666666666,1,896,-2.813101098811303,-1.3820545209442197,-0.4063721747784894,-0.8756694637916843,-0.346727833618981,-0.14037502493321666,1.100523600065339,1.8476899049833937,0.946593743452052,0.17582974934603135,-1.4316777790027406,-0.43553197016989414,-1.9624616765272849,-1.630400265984441
4.633333333333333,1,896,-2.505843171846414,-1.379819455222147,-0.40260103784527085,-0.8717641958643882,-0.7633945002856477,-0.14303620799735453,1.1583366779841207,1.8484922988066477,1.3632604101187187,0.1766503558571726,-1.8483444456694074,-0.43901538533499784,-2.3791283431939516,-1.6310481110349664
4.6375,1,896,-2.70641322799805,-1.3775310719020202,-0.2796655152409912,-0.8677657675867789,-0.346727833618981,-0.14576087370880839,1.0843744351245124,1.849313833772342,0.946593743452052,0.17749053797528128,-1.4316777790027406,-0.4425818975329068,-1.9624616765272849,-1.6317114104596802
4.641666666666667,1,896,-2.2897465613313837,-1.3751909393274604,-0.2732465640019786,-0.8636769192818736,-0.7633945002856477,-0.1485471547177985,1.1027469073055933,1.8501539468414472,1.3632604101187187,0.1783497198815013,-1.8483444456694074,-0.44622906245431027,-2.3791283431939516,-1.6323897096662894
4.645833333333333,1,896,-2.649328817980631,-1.3728006613084414,-0.15229393217457587,-0.8595004532420568,-0.346727833618981,-0.1513931414464998,0.9656928871317025,1.8510120622424304,0.946593743452052,0.17922731273547146,-1.4316777790027406,-0.44995438051455194,-1.9624616765272849,-1.6330825437823997
4.65,1,896,-2.2326621513139644,-1.3703618760221201,-0.14513323631905112,-0.8552392318085326,-0.7633945002856477,-0.15429688339776915,0.9128335940472562,1.8518875918658602,1.3632604101187187,0.18012271507888655,-1.8483444456694074,-0.4537552985667177,-2.3791283431939516,-1.6337894379741158
4.654166666666667,1,896,-2.649328817980631,-1.3678762548901129,-0.005078555868387448,-0.8508961754096201,-0.346727833618981,-0.15725639049191717,0.7797836372945727,1.8527799356674655,0.946593743452052,0.1810353132477064,-1.4316777790027406,-0.45762921165143333,-1.9624616765272849,-1.6345099077714687
4.658333333333333,1,896,-2.2326621513139644,-1.3653455014329832,0.04434580306670074,-0.8464742605592341,-0.7633945002856477,-0.16026963443061276,0.6592158179607628,1.8536884820793789,1.3632604101187187,0.1819644817927315,-1.8483444456694074,-0.4615734647821775,-2.3791283431939516,-1.6352434594004472
4.6625,1,896,-2.649328817980631,-1.3627713501027368,0.26968644264198943,-0.8419765178169334,-0.346727833618981,-0.16333455008697526,0.7217610380778978,1.854612608429272,0.946593743452052,0.18290958390825415,-1.4316777790027406,-0.46558535476487417,-1.9624616765272849,-1.6359895901214072
4.666666666666667,1,896,-2.5462387822657435,-1.360155565094113,0.4073140814035973,-0.8374060297109251,-0.7633945002856477,-0.1664490369209104,0.5981684307295682,1.8555516813671067,1.3632604101187187,0.1838699718684935,-1.8483444456694074,-0.4696621320505286,-2.3791283431939516,-1.6367477885736226
4.670833333333333,1,896,-2.288551321862795,-1.3574999391354967,0.7017341898216252,-0.8327659286254584,-0.4127309780151916,-0.16961096041871299,0.5268029376921771,1.8565050572991981,0.946593743452052,0.1848449874715136,-1.4316777790027406,-0.473801002619627,-1.9624616765272849,-1.6375175351257465
4.675,1,896,-2.4434331269996883,-1.3548062922602677,0.8603523051574846,-0.8280593946540378,-0.7284125857012909,-0.17281815355595984,0.4610186143682868,1.857472082829305,1.3632604101187187,0.18583396249032347,-1.8483444456694074,-0.4779991298970233,-2.3791283431939516,-1.6382983022319422
4.679166666666666,1,896,-2.3302471824825393,-1.3520764705594437,1.1429820236441042,-0.8232896534199508,-0.3117459190346242,-0.17606841828267764,0.3199976468876427,1.858452095206433,0.946593743452052,0.1868362191308456,-1.4316777790027406,-0.4822536366959828,-1.9624616765272849,-1.6390895547934352
4.683333333333334,1,896,-2.450430180385339,-1.3493123449164601,1.3187317524698303,-0.8184599738655842,-0.7284125857012909,-0.17935952702977764,0.2184562659893631,1.8594444227790516,1.3632604101187187,0.1878510704964427,-1.8483444456694074,-0.4865616071900637,-2.3791283431939516,-1.6398907505252438
4.6875,1,896,-2.4022255794651457,-1.3465158097249628,1.5923190592260432,-0.8135736660120589,-0.3117459190346242,-0.18268922423571787,0.03906526016597499,1.8604483854554106,0.946593743452052,0.18887782105868128,-1.4316777790027406,-0.4909200889114755,-1.9624616765272849,-1.640701340327834
4.691666666666666,1,896,-2.4295502687202033,-1.3436887815904812,1.877130991957601,-0.8086340786907001,-0.7284125857012909,-0.18605522789235604,0.057246518611724743,1.8614632951696402,1.3632604101187187,0.1899157671340135,-1.8483444456694074,-0.49532609477455825,-2.3791283431939516,-1.6415207686634452
4.695833333333333,1,896,-2.3817232955012733,-1.340833198016886,2.130860223718353,-0.80364459724792,-0.3117459190346242,-0.18945523110892154,-0.14023543937027846,1.8624884563533182,0.946593743452052,0.19096419736604592,-1.4316777790027406,-0.4997766051229783,-1.9624616765272849,-1.6423484739368273
4.7,1,896,-2.3349310476651737,-1.3379510160785175,2.123586313625291,-0.7986086412250682,-0.7284125857012909,-0.1928869036930445,-0.13118980895709048,1.8635231664121779,1.2057069858927711,0.19202239321306797,-1.2244743250518393,-0.5042685697992517,-2.3791283431939516,-1.6431838888801307
4.704166666666667,1,896,-2.2999585762393666,-1.3350442110789098,2.015567814386546,-0.7935296620148533,-0.3174875829799105,-0.19634789374775008,-0.3378156730281191,1.864566716207629,0.9068673002113933,0.19308962944050376,-1.39476809116056,-0.5087989102351662,-2.064970339902619,-1.6440264409416832
4.708333333333333,1,896,-2.21680470103169,-1.332114775197011,2.0435583894844744,-0.7884111404959244,-0.7341542496465772,-0.19983582928333585,-0.1872677415324371,1.8656183905427686,1.32353396687806,0.1941651746179528,-0.9781014244938934,-0.5133645215616834,-2.4816370065692857,-1.6448755526783883
4.7125,1,896,-2.174623981756024,-1.3291647161218452,1.905362074837168,-0.7832565846472532,-0.3174875829799105,-0.20334831984301277,-0.4623012538895431,1.86667746865254,0.9068673002113933,0.19524829162047544,-1.39476809116056,-0.5179622747368586,-2.064970339902619,-1.645730642151476
4.716666666666667,1,896,-2.0574921130890385,-1.3261960556765446,1.9386875569181865,-0.7780695271439453,-0.7341542496465772,-0.20688295814120256,-0.2657419632580233,1.8677432246977084,1.32353396687806,0.19633823813378054,-0.9781014244938934,-0.5225890186903264,-2.4816370065692857,-1.6465911233253334
4.720833333333333,1,896,-2.028904324349513,-1.3232108284326907,1.7792435543043175,-0.7728535229361126,-0.3174875829799105,-0.21043732171337542,-0.49177404710838424,1.868814928262316,0.9068673002113933,0.1974342671629722,-1.39476809116056,-0.5272415824828929,-2.064970339902619,-1.6474564064691464
4.725,1,896,-1.909304858503249,-1.3202110803159202,1.7825103744069397,-0.7676121468124942,-0.7341542496465772,-0.21400897457628354,-0.289023984882646,1.869891844854273,1.32353396687806,0.19853562754450166,-0.9781014244938934,-0.5319167774797358,-2.4816370065692857,-1.6483258985610703
4.729166666666667,1,896,-1.893157501710962,-1.3171988672037516,1.5994254363968134,-0.7623489909504714,-0.3174875829799105,-0.2175954688974634,-0.48019024609306277,1.8709732364087404,0.9068673002113933,0.19964156446097783,-1.39476809116056,-0.5366113995357361,-2.064970339902619,-1.649199003694657
4.733333333333333,1,896,-1.7763916221639349,-1.3141762535165893,1.5778060994331706,-0.7570676624541739,-0.7341542496465772,-0.22119434667285515,-0.25657938003196173,1.8720583617939628,1.32353396687806,0.20075131995848047,-0.9781014244938934,-0.5413222311914364,-2.4816370065692857,-1.6500751234872606
4.7375,1,896,-1.7575181526182302,-1.3111453108028712,1.3801520992621272,-0.7517717808823435,-0.3174875829799105,-0.22480314141140023,-0.4126862093949691,1.873146477319205,0.9068673002113933,0.20186413346602539,-1.39476809116056,-0.5460460438781323,-2.064970339902619,-1.6509536574901384
4.741666666666666,1,896,-1.632899707996141,-1.3081081163193344,1.3465050187394625,-0.7464649757676746,-0.7341542496465772,-0.2284193798254482,-0.14632014954897793,1.8742368372444385,1.32353396687806,0.2029792423168207,-0.9781014244938934,-0.5507796001305677,-2.4816370065692857,-1.6518340035999688
4.745833333333334,1,896,-1.5616520037773467,-1.305066751607366,1.1615746354772134,-0.7411508841293106,-0.3174875829799105,-0.23204058352582596,-0.275754123823588,1.8753286942914353,0.9068673002113933,0.20409588227096134,-1.39476809116056,-0.5555196558057349,-2.064970339902619,-1.6527155584715023
4.75,1,896,-1.4013099142123258,-1.302023301066421,1.1397984691681702,-0.735833147980218,-0.7341542496465772,-0.23566427072039886,0.04222886160628304,1.8764213001559145,1.32353396687806,0.2052132880391996,-0.9781014244938934,-0.5602629623062432,-2.4816370065692857,-1.6535977179310644
4.754166666666666,1,896,-1.164757953373213,-1.2989798505254762,1.037898140165437,-0.7305154118311253,-0.3174875829799105,-0.23928795791497187,-0.09475740789028674,1.8775139060203938,0.9068673002113933,0.2063306938074379,-1.39476809116056,-0.5650062688067514,-2.064970339902619,-1.6544798773906266
4.758333333333333,1,896,-0.944698814165011,-1.2959384858135083,1.0958095178071714,-0.7252013201927626,-0.7341542496465772,-0.2429091616153488,0.26104559299991353,1.8786057630673905,1.32353396687806,0.20744733376157828,-0.9781014244938934,-0.5697463244819175,-2.4816370065692857,-1.65536143226216
4.7625,1,896,-0.5280321474983444,-1.292901291329971,1.1278586831058348,-0.7198945150780924,-0.3174875829799105,-0.24652540002939755,0.026711528550509487,1.8796961229926241,0.9068673002113933,0.20856244261237386,-1.39476809116056,-0.5744798807343541,-2.064970339902619,-1.6562417783719905
4.766666666666667,1,896,-0.31543308635631995,-1.2898703486162528,1.3266564597760546,-0.7145986335062622,-0.7341542496465772,-0.25013419476794263,0.3462154248064491,1.8807842385178664,1.32353396687806,0.20967525611991877,-0.9781014244938934,-0.5792036934210498,-2.4816370065692857,-1.6571203123748683
4.770833333333333,1,896,0.10123358031034671,-1.2868477349290905,1.4793194949430593,-0.7093173050099646,-0.3174875829799105,-0.2537330725433344,-0.016841158685101148,1.8818693639030888,0.9068673002113933,0.21078501161742141,-1.39476809116056,-0.5839145250767501,-2.064970339902619,-1.6579964321674718
4.775,1,896,0.330970039622321,-1.283835521816922,1.7855794286132516,-0.7040541491479418,-0.7341542496465772,-0.25731956686451424,0.28911980321064695,1.8829507554575562,1.32353396687806,0.2118909485338976,-0.9781014244938934,-0.5886091471327506,-2.4816370065692857,-1.6588695373010587
4.779166666666667,1,896,0.7476367062889877,-1.2808357737001514,1.9832342194530492,-0.6988127730243234,-0.3174875829799105,-0.26089121972742235,-0.1275468634560197,1.884027672049513,0.9068673002113933,0.21299230891542703,-1.39476809116056,-0.5932843421295934,-2.064970339902619,-1.6597390293929826
4.783333333333333,1,896,1.0196049115512875,-1.2778505464562975,2.3114102678589306,-0.6935967688164908,-0.7341542496465772,-0.2644455832995952,0.28911980321064695,1.8850993756141208,0.4902006335447266,0.21408833794461868,-0.9781014244938934,-0.59793690592216,-2.433216149233647,-1.6606043125367955
4.7875,1,896,1.3017572033803202,-1.274881886010997,2.307646708699944,-0.6884097113131826,-0.3817401317167027,-0.267980221597785,0.2713666198532388,1.8861651316592891,0.07353396687805994,0.2151782844579238,-0.8865722644976615,-0.6025636498756277,-2.8498828159003136,-1.661464793710653
4.791666666666667,1,896,1.3643898045476701,-1.271931826935831,2.206727464619347,-0.6832551554645117,-0.7984067983833694,-0.2714927121574619,0.23657207668025193,1.8872242097690606,0.4902006335447266,0.21626140146044642,-1.3032389311643282,-0.6071614030508028,-2.433216149233647,-1.6623198831837407
4.795833333333333,1,896,1.3230183392913266,-1.2690023910539323,2.2067277257752305,-0.6781366339455825,-0.9039994746103044,-0.2749806476930477,0.3547602347269268,1.8882758841042002,0.25726519357188565,0.2173369466378955,-1.143320110618271,-0.61172701437732,-2.6339668297062198,-1.6631689949204458
4.8,1,896,1.3030639465605094,-1.2660955860543246,2.15658302323617,-0.6730576547353677,-1.1006344411859628,-0.2784416377477533,0.3525876953163939,1.8893194338996513,0.6059210292303515,0.21840418286533125,-1.4401409099663427,-0.6162573548132345,-2.2173001630395532,-1.6640115469819983
4.804166666666666,1,896,1.2888259964362896,-1.2632134041159568,2.1565825643462784,-0.6680216987125169,-0.9566292724998384,-0.2818733103318755,0.42198153408337435,1.8903541439585108,0.2701969211231474,0.2194623787123531,-1.1691616372266878,-0.6207493194895071,-2.556624222160367,-1.6648469619253017
4.808333333333334,1,896,1.2474164466372983,-1.260357820542361,2.0529639813587033,-0.6630322172697358,-1.3690989560863471,-0.2852733135484417,0.3589118710773323,1.891379305142189,0.686863587789814,0.22051080894438574,-1.4872601068529165,-0.625199829837928,-2.145648149306909,-1.6656746671986837
4.8125,1,896,1.17227584804425,-1.2575307924078793,2.1631614345788712,-0.6580926299483771,-0.9524322894196805,-0.2886393172050799,0.5971064901856047,1.8923942148564186,0.27019692112314736,0.22154875501971796,-1.0882127473414474,-0.6296058357010108,-2.5571466144150232,-1.6664940955342948
4.816666666666666,1,896,1.0731075746428222,-1.254734257216382,2.084051635190114,-0.6532063220948517,-1.3491905457491962,-0.29196901441102013,0.6285185996772186,1.8933981775327773,0.686863587789814,0.22257550558195655,-1.2172327447543503,-0.6339643174224225,-2.1488752330358705,-1.6673046853368851
4.820833333333333,1,896,1.0178224147993606,-1.251970131573399,2.180757089891887,-0.6483766425404862,-0.9325238790825295,-0.2952601231581195,0.7887513481826907,1.894390505105396,0.27019692112314736,0.22359035694755341,-0.8005660780876837,-0.6382722879165026,-2.565541899702537,-1.6681058810686937
4.825,1,896,0.930259124834986,-1.2492403098725744,2.090721491449191,-0.6436069013063982,-1.2586606378873724,-0.29851038788483797,0.725451185148779,1.8953705174825242,0.686863587789814,0.2245926135880758,-1.2172327447543503,-0.6425267947154629,-2.1488752330358705,-1.6688971336301868
4.829166666666667,1,896,0.8555135462660192,-1.2465466629973454,2.185119069933429,-0.6389003673349776,-0.8755970225974267,-0.30171758102208485,0.931994592396159,1.896337543012631,0.27019692112314736,0.22558158860688565,-0.8005660780876837,-0.6467249219928592,-2.565541899702537,-1.6696779007363824
4.833333333333333,1,896,0.762001783740467,-1.243891037038729,2.100699759290855,-0.6342602662495108,-1.064750435080945,-0.3048795045198874,0.8779599073572366,1.8972909189447225,0.686863587789814,0.22655660420990575,-1.2172327447543503,-0.6508637925619576,-2.1488752330358705,-1.6704476472885064
4.8375,1,896,0.6926692732399969,-1.2412752520301054,2.099438827910684,-0.6296897781435027,-0.9106481067287174,-0.30799399135382255,0.9970505449139299,1.8982299918825571,0.39464018309039806,0.2275169921701451,-0.8728815467381423,-0.6549405698476121,-2.565541899702537,-1.6712058457407217
4.841666666666667,1,896,0.6340649226279342,-1.238701100699859,2.007727156604646,-0.6251920354012019,-0.9455607022634216,-0.311058907010185,0.8799824612627298,1.8991541182324503,0.16233932356253367,0.22846209428566774,-1.289548213404809,-0.6589524598303087,-2.1488752330358705,-1.6719519764616817
4.845833333333333,1,896,0.487698171611458,-1.2361703472427292,1.906630911871522,-0.6207701205508158,-1.2759819338840117,-0.31407215094888064,1.0412047103382336,1.9000626646443637,0.5790059902292003,0.2293912628306929,-0.8728815467381424,-0.662896712961053,-2.565541899702537,-1.6726855280906603
4.85,1,896,0.4901742536120014,-1.233684726110722,1.9190050450209502,-0.6164270641519034,-1.0341530486621673,-0.31703165804302863,0.8525660743790452,1.900955008445969,0.16233932356253364,0.23030386099951267,-1.289548213404809,-0.6667706260457685,-2.1488752330358705,-1.6734059978880131
4.854166666666667,1,896,0.3438610036622553,-1.2312459408244008,1.8207296971055578,-0.6121658427183791,-1.3973655990469531,-0.31993539999429804,1.0185772348755007,1.9018305380693987,0.5790059902292003,0.23119926334292779,-0.8728815467381424,-0.6705715440979344,-2.565541899702537,-1.6741128920797292
4.858333333333333,1,896,0.3325844122274793,-1.228855662805382,1.8565108152513943,-0.6079893766785625,-1.164900517945108,-0.3227813867229993,0.835474111107785,1.902688653470382,0.16233932356253364,0.23207685619689794,-1.289548213404809,-0.674296862158176,-2.1488752330358705,-1.6748057261958396
4.8625,1,896,0.1929797578226941,-1.226515530230822,1.76491160726058,-0.603900528373657,-1.5263965379898792,-0.32556766773198936,1.0064902377199072,1.903528766539487,0.5790059902292003,0.23293603810311797,-0.8728815467381424,-0.6779440270795793,-2.565541899702537,-1.6754840254024488
4.866666666666666,1,896,0.16783010091358685,-1.2242271469106956,1.8228280670718262,-0.5999021000960485,-1.297607812896206,-0.32829233344344266,0.8196455703487551,1.9043503015051813,0.16233932356253364,0.23377622022122646,-1.289548213404809,-0.6815105392774876,-2.1488752330358705,-1.6761473248271626
4.870833333333334,1,896,0.033984042394788354,-1.2219920811886222,1.7366661584576044,-0.5959968321687517,-1.6573727131809592,-0.33095351650758115,0.988554113279001,1.9051526953284355,0.5790059902292003,0.2345968267323679,-0.8728815467381424,-0.6849939544425923,-2.565541899702537,-1.676795169877688
4.875,1,896,-0.006332995474120302,-1.2198118648670053,1.8141448853296565,-0.592187401067333,-1.4250835948858078,-0.3335493930824605,0.7900625100175838,1.9059353980886033,0.16233932356253364,0.23539729523382935,-1.289548213404809,-0.6883918852161377,-2.1488752330358705,-1.6774271165533874
4.879166666666666,1,896,-0.1372849635237498,-1.2176879921572064,1.7308640235963393,-0.5884764175855832,-1.793294486071448,-0.3360781840839439,0.9538950497932426,1.9066978733603102,0.5790059902292003,0.23617707712448438,-0.8728815467381424,-0.6917020028261034,-2.565541899702537,-1.6780427317495763
4.883333333333333,1,896,-0.1955459901703731,-1.215621918655491,1.826268552397729,-0.5848664250462131,-1.542053699169304,-0.3385381564049948,0.7388156552839933,1.9074395985810915,0.16233932356253364,0.23693563798077616,-1.289548213404809,-0.6949220386832232,-2.1488752330358705,-1.6786415935543497
4.8875,1,896,-0.32828208365921263,-1.2136150603454345,1.741458845331083,-0.581359897557785,-1.9344502339079515,-0.3409276241034633,0.9005501770389318,1.9081600654095308,0.5790059902292003,0.23767245792298486,-0.8728815467381424,-0.6980497859357659,-2.565541899702537,-1.6792232915377403
4.891666666666667,1,896,-0.4092988424912555,-1.2116687926274785,1.852541592292047,-0.5779592383190862,-1.6419801076442173,-0.34324494955754425,0.6672814490565446,1.908858780073652,0.16233932356253364,0.23838703197152677,-1.289548213404809,-0.7010831009819978,-2.1488752330358705,-1.679787427033007
4.895833333333333,1,896,-0.5502548843504923,-1.2097844493762981,1.758618896808902,-0.5746667779720914,-2.058646774310884,-0.3454885445881251,0.8351205105925672,1.9095352637093257,0.5790059902292003,0.23907887039304299,-0.8728815467381424,-0.7040199049393041,-2.565541899702537,-1.6803336134098603
4.9,1,896,-0.6584631550876174,-1.2079633220266321,1.8756324615027653,-0.5714847730046597,-1.6949382656703607,-0.34765687154724234,0.5849624372902072,1.9101890526884595,0.16233932356253364,0.2397474990360376,-1.289548213404809,-0.7068581850689498,-2.1488752330358705,-1.6808614763394403
4.904166666666667,1,896,-0.816783316873748,-1.2062066586881999,1.756671112981313,-0.5684154042040523,-2.1116049323370274,-0.34974844437190766,0.76915221328211,1.910819698936744,0.5790059902292003,0.2403924596558371,-0.8728815467381424,-0.7095959961555081,-2.565541899702537,-1.6813706540508622
4.908333333333333,1,896,-0.9474603173620497,-1.2045156632903053,1.8565097316522803,-0.5654607751623264,-1.6949382656703607,-0.35176182960258384,0.5056393572042578,1.9114267702407428,0.16233932356253364,0.24101331022864947,-1.289548213404809,-0.7122314618400176,-2.1488752330358705,-1.6818607975791566
4.9125,1,896,-1.1262415479444983,-1.2028914947567275,1.7007290315269528,-0.5626229108346398,-2.1116049323370274,-0.35369564736560466,0.6947986819759406,1.9120098505441077,0.5790059902292003,0.24160962525450413,-0.8728815467381424,-0.7147627759059427,-2.565541899702537,-1.6823315710044326
4.916666666666667,1,896,-1.2738014297573406,-1.2013352662114496,1.7738066589615489,-0.5599037561514477,-1.6949382656703607,-0.35554857231887216,0.41072135027310236,1.9125685402327242,0.16233932356253364,0.24218099604886922,-1.289548213404809,-0.7171882035170649,-2.1488752330358705,-1.6827826516821003
4.920833333333333,1,896,-1.4708343746668864,-1.1998480442157822,1.594044269376607,-0.5573051746855466,-2.1116049323370274,-0.357319334560178,0.5759767723794734,1.913102456408587,0.5790059902292003,0.24272703102274257,-0.8728815467381424,-0.7195060824064514,-2.565541899702537,-1.683213730463995
4.925,1,896,-1.641938872892567,-1.1984308480373922,1.6552084367264976,-0.5548289473748703,-1.6949382656703607,-0.3590067204975342,0.2530659940895896,1.9136112331522188,0.16233932356253364,0.24324735595102825,-1.289548213404809,-0.7217148240156925,-2.1488752330358705,-1.6836245119102522
4.929166666666666,1,896,-1.8785730216918257,-1.19708464895175,1.488195401135638,-0.5524767713019274,-2.1116049323370274,-0.36060957368090596,0.39424842281689243,1.9140945217734535,0.5790059902292003,0.24374161422901125,-0.8728815467381424,-0.7238129145836185,-2.565541899702537,-1.684014714491788
4.933333333333334,1,896,-2.0879813248934824,-1.195810369576464,1.556559777747903,-0.5502502585307039,-1.6949382656703607,-0.3621267955947861,0.030613860136071744,1.9145519910504112,0.16233932356253364,0.2442094671167567,-1.289548213404809,-0.7257989161837565,-2.1488752330358705,-1.684384070783244
4.9375,1,896,-2.4135321613092966,-1.1946088832389674,1.5065939531203087,-0.5481509350018374,-2.1116049323370274,-0.363557346411061,0.19682027699068996,1.9149833274565,0.5790059902292003,0.2446505939712649,-0.8728815467381424,-0.7276714677098117,-2.565541899702537,-1.6847323276462678
4.941666666666666,1,896,-2.657894462098516,-1.1934810133779796,1.6184635481045668,-0.5461802394868105,-1.6949382656703607,-0.36490024570165924,-0.18208169193217036,1.9153882353752933,0.16233932356253364,0.24506469246622464,-1.289548213404809,-0.7294292858085047,-2.1488752330358705,-1.6850592464030012
4.945833333333333,1,896,-3.0745611287651826,-1.1924275329791654,1.732894140744663,-0.544339522601891,-2.1116049323370274,-0.3661545731104863,0.09443122300931513,1.9157664373031293,0.5790059902292003,0.2454514787992122,-0.8728815467381424,-0.7310711657591157,-2.565541899702537,-1.6853646029996583
4.95,1,896,-3.0745611287651826,-1.191449164045367,2.017286968590206,-0.5426300458824852,-1.781104436384827,-0.3673194689841916,-0.3222354436573515,1.916117674039298,0.2919944200901653,0.24581068788619537,-1.289548213404809,-0.7325959822991406,-2.1488752330358705,-1.6856481881600809
4.954166666666667,1,896,-3.0744196146964082,-1.190546577101782,2.173613976636002,-0.5410529809185474,-2.1977711030514935,-0.36839413496133044,-0.38520337625881673,1.916441704863685,0.7086610867568319,0.24614207354320872,-0.8728815467381424,-0.7340026903954884,-1.7322085663692037,-1.685909807529165
4.958333333333333,1,896,-2.9333239509814417,-1.1897203907364156,2.1354825288442587,-0.5396094085516272,-1.7811044363848267,-0.3693778345195232,-0.5024422877736563,1.916738307701749,0.29199442009016524,0.24644540865507605,-1.289548213404809,-0.7352903259606969,-2.1488752330358705,-1.6861492818060635
4.9625,1,896,-2.9231744817038963,-1.1889711711761335,2.1356631466210168,-0.5383003181341164,-1.8878218095166286,-0.3702698934802298,-0.41578565458290967,1.917007279276721,0.48170155862556036,0.24672048533106372,-1.1315804338015385,-0.736458006513669,-1.779529598989641,-1.6863664468670692
4.966666666666667,1,896,-2.8719301540963933,-1.1882994318985987,2.033695949415943,-0.5371266068511976,-1.4711551428499618,-0.3710697004707975,-0.33762081269451577,1.917248435248918,0.0650348919588937,0.24696711504735824,-1.5482471004682052,-0.7375049317844796,-2.1961962656563077,-1.6865611538780965
4.970833333333333,1,896,-2.848515380245884,-1.1877056332803575,2.111334675031291,-0.5360890791059554,-1.8878218095166286,-0.37177670734346646,-0.19485480859942023,1.9174616103420834,0.48170155862556036,0.24718512877627158,-1.2542042255203374,-0.7384303842628439,-1.8736065656086198,-1.6867332693966859
4.975,1,896,-2.714129540280169,-1.1871901822813218,2.024456321732566,-0.5351884459680807,-1.4711551428499618,-0.37239042955104185,-0.22948987198649295,1.9176466584566565,0.0650348919588937,0.247374377102084,-1.6708708921870041,-0.7392337296898606,-2.2902732322752866,-1.6868826754634587
4.979166666666667,1,896,-2.672246211424298,-1.186753432165859,2.0666128365857617,-0.5344253246865385,-1.8878218095166286,-0.37291044647897886,-0.009495399622642427,1.9178034527699026,0.48170155862556036,0.24753473032344608,-1.369690643807974,-0.7399144174927017,-1.8736065656086198,-1.6870092696829595
4.983333333333333,1,896,-2.5361824011305876,-1.1863956822606825,2.053199186860491,-0.5338002382665366,-1.4751067310494435,-0.3733364017336503,-0.01162618859367959,1.917931885822832,0.0650348919588937,0.24766607854226974,-1.6818829141291727,-0.7404719811619486,-2.239651965403138,-1.687112965293834
4.9875,1,896,-2.490724994383634,-1.186117177749707,2.0486266953688506,-0.5333136151110834,-1.8917733977161102,-0.3736680033866016,0.24826257578507782,1.9180318695938452,0.48170155862556036,0.24776833173904678,-1.265216247462506,-0.740906038571313,-1.8229852987364714,-1.6871936912282897
4.991666666666666,1,896,-2.3673748012921174,-1.1859181095060127,2.115318666736501,-0.5329657887273824,-1.4751067310494435,-0.37390502417462385,0.10850100230333766,1.91810333555906,0.0650348919588937,0.24784141983454383,-1.4708964756770058,-0.7412162922395283,-1.5317657332864667,-1.6872513921608039
4.995833333333334,1,896,-2.364227098505953,-1.18579861396103,2.0911862220719346,-0.5327569974982624,-1.8877826834238975,-0.37404730165550826,0.31177177838708914,1.9181462347392735,0.48170155862556036,0.24788529273783105,-1.1199976914245307,-0.7414025295342279,-1.662226875502009,-1.6872860285460396
