time,triggered,bits_used,q0_real,q0_target,q1_real,q1_target,q2_real,q2_target,q3_real,q3_target,q4_real,q4_target,q5_real,q5_target,q6_real,q6_target
0.0,0,0,0.0,0.0,0.0,0.0,0.0,0.0,0.0,0.0,0.0,0.0,0.0,0.0,0.0,0.0
0.004166666666666667,0,0,-3.479932281456557e-08,-1.821589401849405e-16,-2.1066521989981656e-07,0.0001019170744153826,5.188977436770354e-08,-1.3454697245345574e-16,-4.103488711094138e-07,8.385526276473769e-05,7.665383756683999e-08,-5.445736523118677e-16,-1.7475610407846952e-07,-0.00015214578397362304,-9.374428911779278e-08,-2.809944060909777e-16
0.008333333333333333,1,56,2.3012966509979613e-06,-7.286045487428889e-16,1.3913042705334629e-05,0.0004076508346953716,-1.9279899419065036e-05,-5.381648358825735e-16,-5.616367509249468e-05,0.00033540668289125863,-4.3613527926055875e-05,-2.178201299354935e-15,-0.002557226731390644,-0.0006085570664974655,6.0915838997791355e-05,-1.1239294774186369e-15
0.0125,1,56,1.0380298497222507e-05,-1.6392431950320759e-15,6.736573457473824e-05,0.0009171488949341472,-7.624085694701289e-05,-1.2107844324443939e-15,-0.00017773761807953346,0.0007546111583387822,-0.0001501225898230937,-4.900603027442259e-15,-0.00977348038571219,-0.0013691556438480018,5.9575615530515285e-06,-2.5286607813981745e-15
0.016666666666666666,1,56,0.00019178583667323797,-2.9139188458083714e-15,0.0011837973451333543,0.0016303239552619522,9.44936766767754e-05,-2.1522905122336506e-15,0.004347649282399193,0.0013413968605784793,0.0005587681748350239,-8.71131236705249e-15,0.03369166477090249,-0.0024338111913745175,-0.0010755013673792878,-4.494947624552124e-15
0.020833333333333332,1,56,-0.00015267684800224086,-4.552413091961036e-15,-0.000880295345994219,0.002547053816803619,-0.00044199264236604213,-3.362521753030438e-15,-0.005340514179124915,0.0020956632469010398,-0.0015885945318733442,-1.3609676372757788e-14,-0.07768055891709628,-0.003802341285829783,0.005666057507478062,-7.022453093752341e-15
0.025,1,56,0.0008727841126668907,-6.5544451859360205e-15,0.0019641841042246995,0.0036671814026167323,-0.0011916588607456843,-4.84127078794196e-15,0.004029127445441538,0.0030172810776441577,0.040096074874542,-1.9594855735102734e-14,-0.05510609487595079,-0.005474511436627355,-0.4110006091591886,-1.011074411394837e-14
0.029166666666666667,1,56,-0.0013364327871384612,-8.919672089840438e-15,0.0010708413481762887,0.004990514784605854,0.037841928540593005,-6.5882842409336515e-15,-0.006271157197780535,0.004106092438337004,-0.18765914895006927,-2.666582492441516e-14,-0.18324449727923522,-0.007450035126020192,0.005666057507478037,-1.375929152237235e-14
0.03333333333333333,1,56,0.02127754223603103,-1.1647688534220897e-14,0.004054765690459278,0.006516827216408727,-0.05018690322645491,-8.603262770244268e-15,0.003515149330771606,0.0053619107667583115,-0.007485257228444372,-3.482137236652704e-14,-0.17797160510805302,-0.009728573858194449,-0.4110006091591886,-1.7967470159209198e-14
0.0375,1,56,-0.0024765389818908017,-1.4738027087502948e-14,0.005284799619202897,0.008245857172247321,0.0028448052909121843,-1.0885861119675526e-14,0.004096389339938352,0.006784520884902211,-0.16792659190126905,-4.406010065036732e-14,-0.1982984364402524,-0.012309737217267839,0.005666057507478037,-2.2734558974712374e-14
0.041666666666666664,1,56,0.013218808803879874,-1.819015823608502e-14,0.007853565870068312,0.010177308391740011,-0.0817794601718835,-1.3435688177751416e-14,0.01538836407314298,0.008373679035848774,0.055849528795930185,-5.438042676740696e-14,-0.12263075990298516,-0.015193082934187009,-0.4110006091591886,-2.8059741152755037e-14
0.04583333333333333,1,56,-0.017220706226722726,-2.20034904750661e-14,0.006936745997268562,0.012310849930663293,-0.023804508434960413,-1.625230704473184e-14,0.008530186139354946,0.010129112925529692,-0.0745264322884634,-6.578058238289401e-14,-0.18846998579955626,-0.018378116962506595,0.005666057507478037,-3.394210425078459e-14
0.05,1,56,-0.00775685784839148,-2.6177370409598388e-14,0.009393849042893865,0.014646116217658123,-0.09188228540367253,-1.933523510747413e-14,0.018331935228207145,0.01205052176938509,0.14157219407210164,-7.825861413885269e-14,-0.14898338815777054,-0.021864293563042664,-0.4110006091591886,-4.038064035616708e-14
0.05416666666666667,1,56,-0.03811002826319965,-3.0711082866842295e-14,0.00936263993686127,0.017182707116868208,-0.025401644136761225,-2.268394412212569e-14,0.013734882770760678,0.014137576343901012,0.007736802920358308,-9.181238398877873e-14,-0.21431465550111276,-0.025651015397381603,0.005666057507478037,-4.7374246258886526e-14
0.058333333333333334,1,56,-0.028463086661355906,-3.560385101850772e-14,0.012858034789045507,0.01992018799650128,-0.07683924673706516,-2.6297860304635942e-14,0.025736036261238448,0.016389919043020226,0.1905506832149788,-1.0643956956398281e-13,-0.18237170338668068,-0.029737633630231054,-0.4110006091591886,-5.4921723640574423e-14
0.0625,1,56,-0.05829930583625797,-4.0854836513960125e-14,0.013091028990171229,0.022858089803301323,0.001960018902849117,-3.017636442907166e-14,0.021002827353929554,0.018807163939416425,0.033837870587746455,-1.2213766457151825e-13,-0.262447014141818,-0.034123448040594966,0.005666057507478037,-6.302177927983627e-14
0.06666666666666667,1,56,-0.048033330499347625,-4.646313962386663e-14,0.017071333358375216,0.025995909142917883,-0.03646119290383443,-3.431879193371742e-14,0.033255939698884664,0.021388896850620443,0.1875096865213476,-1.3890397922361833e-13,-0.2505089077503072,-0.03880770714175203,-0.4110006091591886,-7.167302527383686e-14
0.07083333333333333,1,56,-0.06866062869103205,-5.242779939436155e-14,0.017815219358493298,0.029333108366160984,0.033318123473627836,-3.872443303494602e-14,0.028627521963694714,0.024134675409989016,0.02322536841531837,-1.567356406985824e-13,-0.3543413113092115,-0.043789608310020385,0.005666057507478037,-8.087397927611279e-14
0.075,1,56,-0.05008621273435547,-5.874779381169888e-14,0.02254988446268481,0.032869115661123396,-0.01401397680500728,-4.339253284883471e-14,0.04149666389029978,0.027044029142501074,0.1672415524712377,-1.7562959363301288e-13,-0.3700766874666141,-0.04906829792228134,-0.4110006091591886,-9.062306475056163e-14
0.07916666666666666,1,56,-0.0694534141208218,-6.542203997737066e-14,0.025818468497421858,0.03660332515115856,0.05558101169539795,-4.8322291520511813e-14,0.047566842210812296,0.030116459545371954,0.006022597307391428,-1.9558260064534088e-13,-0.35066158527999597,-0.05464287150224461,0.005666057507478037,-1.009186112415758e-13
0.08333333333333333,1,56,-0.046343547676823145,-7.244939429365572e-14,0.025788012870101927,0.04053509699869424,0.0016363806908050234,-5.3512864361207606e-14,0.04157482179131179,0.03335144017346915,0.1505591373114535,-2.165912428905339e-13,-0.514961506286415,-0.060512373875425456,-0.4110006091591886,-1.1175885466026605e-13
0.0875,1,56,-0.0594049187093031,-7.982865265956893e-14,0.03473006831257261,0.04466375751486519,0.06627035677769738,-5.896336199298696e-14,0.0682969722732949,0.03674841672951576,0.004439057056684981,-2.3865192064589604e-13,-0.32415484299480285,-0.06667579933280851,0.005666057507478037,-1.2314193758672833e-13
0.09166666666666666,1,56,-0.033608427329816545,-8.755855067717758e-14,0.03740535154448889,0.048988599274946254,0.011107991874746127,-6.467285050113978e-14,0.07350041209269247,0.0403068071590665,0.16012447328922547,-2.6176085392786196e-13,-0.3689130567896238,-0.0731320918031709,-0.4110006091591886,-1.3506590958830313e-13
0.09583333333333333,1,56,-0.04215655476476752,-9.563776386825011e-14,0.043336430921878506,0.05350888123956626,0.06767884465516451,-7.06403515942028e-14,0.08938649271199664,0.044026001750239976,0.01200162860037835,-2.859140831396793e-13,-0.24179135392701862,-0.079880145034035,0.005666057507478037,-1.4752872755377295e-13
0.1,1,56,-0.022481702672776542,-1.0406490790119823e-13,0.04355310393378652,0.05822382888168108,0.02117241088244813,-7.686484277158455e-14,0.08535185457724949,0.047905363238189475,0.16886254508491705,-3.1110746974986393e-13,-0.3448080130807847,-0.08691880278121883,-0.4110006091591886,-1.605282560434383e-13
0.10416666666666667,1,56,-0.033650706647843046,-1.1283853882827458e-13,0.046834739107380965,0.06313263431928468,0.07663884152722189,-8.334525749876532e-14,0.0872644462571523,0.05194422691429491,0.020674551493970898,-3.3733669700131525e-13,-0.40758144162244164,-0.09424685900695227,0.005666057507478037,-1.7406226765501372e-13
0.10833333333333334,1,56,-0.01648109532514605,-1.2195715333298697e-13,0.05273689933321437,0.06823445645383609,0.03307123562720874,-9.008048539004314e-14,0.1010644439523863,0.05614190074005764,0.165944763839746,-3.6459727065097315e-13,-0.43234436470652704,-0.10186305808652625,-0.4110006091591886,-1.8812844340528337e-13
0.1125,1,56,-0.027976458233098654,-1.3141918898768266e-13,0.059021374223150735,0.07352842111437681,0.0859148894507273,-9.706937239879181e-14,0.11630588480259038,0.0604976654656773,0.024099228794786664,-3.928845197398803e-13,-0.31696625160572267,-0.10976609502343673,0.005666057507478037,-2.0272437312744522e-13
0.11666666666666667,1,56,-0.013131671322962021,-1.4122302452126294e-13,0.059782893098659994,0.07901362120731564,0.04575972808708816,-1.043107210152013e-13,0.11170334160858983,0.06501077475329167,0.1663128929522984,-4.2219359739352854e-13,-0.44914706509380875,-0.11795461567298951,-0.4110006091591886,-2.178475558840814e-13
0.12083333333333333,1,56,-0.021864012983871275,-1.5136698009697928e-13,0.06851675971303935,0.08468911687185447,0.0939492536665855,-1.1180329047146464e-13,0.1351713007469904,0.06968045530485784,0.027056681764997252,-4.5251948165234504e-13,-0.2720824794267386,-0.1264272169743258,0.005666057507478037,-2.3349540039568075e-13
0.125,1,56,-0.010211344435485964,-1.6184931760026517e-13,0.07193190871918963,0.0905539356410288,0.05520644904568557,-1.1954579695437746e-13,0.13849666011106845,0.07450590699465291,0.17898564098877062,-4.838569763321806e-13,-0.36564919099096316,-0.13518244719082984,-0.4110006091591886,-2.4966522548464176e-13
0.12916666666666665,1,56,-0.017851600977301735,-1.7266824093655245e-13,0.07564397473167024,0.0966070726083346,0.09190715602604081,-1.2753691382531234e-13,0.1386165577415658,0.07948630300637129,0.04220696282576889,-5.162007119146471e-13,-0.45885442639745033,-0.1442188061588759,0.005666057507478037,-2.6635426053467764e-13
0.13333333333333333,1,56,-0.008823568267245013,-1.8382189633902367e-13,0.08257746464716081,0.1028474905999143,0.052999244212490054,-1.3577527184753196e-13,0.15133705456751423,0.0846207899747956,0.1776679383700503,-5.495451464671594e-13,-0.5383737090705946,-0.1535347455448743,-0.4110006091591886,-2.835596459655484e-13
0.1375,1,56,-0.015508595226070399,-1.953083726862446e-13,0.09213937993697928,0.1092741203522707,0.09122469917489553,-1.4425945942080033e-13,0.17526475186853385,0.08990848813201613,0.045628380736894375,-5.838845665925139e-13,-0.357041561047236,-0.16312866911056978,0.005666057507478037,-3.012784337230336e-13
0.14166666666666666,1,56,-0.010115359853141272,-2.0712570182962556e-13,0.09653291459432357,0.11588586069548003,0.05708590650326023,-1.5298802282325332e-13,0.1788722318395898,0.09534849145817473,0.1893301766650833,-6.192130884078514e-13,-0.46911366310705566,-0.17299893298654878,-0.4110006091591886,-3.1950758778406746e-13
0.14583333333333334,1,56,-0.011845006672357347,-2.1927185893065409e-13,0.10569162287022171,0.12268157874187208,0.08627637765719523,-1.619594664604871e-13,0.1998077209771113,0.1009398678367069,0.06100581093650472,-6.555246585528322e-13,-0.3177207783369797,-0.18314384595390884,0.005666057507478037,-3.3824398467694633e-13
0.15,1,56,-0.009701839224784988,-2.3174476280783887e-13,0.1089236060564398,0.12966011008014372,0.06224623778756284,-1.7117225312181904e-13,0.19814970518636246,0.10668165921405437,0.17683567753779839,-6.928130552268425e-13,-0.4665389084480908,-0.19356166973403868,-0.4110006091591886,-3.574844140165168e-13
0.15416666666666667,1,56,-0.00833954507998186,-2.4454227629331177e-13,0.11360210592260742,0.13682025897487599,0.08576345555790353,-1.8062480424368268e-13,0.19614311225808664,0.11257288176382371,0.027282336371571278,-7.31071889255075e-13,-0.632349739229598,-0.2042506192864651,0.005666057507478037,-3.772255790542624e-13
0.15833333333333333,1,56,-0.00461377210002545,-2.576622065990186e-13,0.12202885332986814,0.14416079857141623,0.05418019754533147,-1.9031550018010502e-13,0.2077857218813221,0.118612526055359,0.1272401782419858,-7.702946051832752e-13,-0.802919497835505,-0.21520886311470896,-0.4110006091591886,-3.9746409724318135e-13
0.1625,1,56,-0.00013280522872179395,-2.7110230569244305e-13,0.1384272179812586,0.15168047110609367,0.09111291649562421,-2.0024268048022506e-13,0.2519272026277118,0.12479955722670301,-0.04078757356126308,-8.104744824009877e-13,-0.45018070627088985,-0.22643452358010338,0.005666057507478037,-4.1819650081737e-13
0.16666666666666666,1,56,0.0008621103061506847,-2.8486027068179536e-13,0.1518810477530123,0.15937798812173107,0.06883017835719303,-2.1040464417280385e-13,0.2900192223637032,0.13113291516191555,0.061320101475631515,-8.516046362930985e-13,-0.18418493767167446,-0.2379256772235177,-0.4110006091591886,-4.39419237386207e-13
0.17083333333333334,1,56,0.002233946892775151,-2.9893374421060087e-13,0.1569523318904891,0.16725203068841463,0.08421565690667196,-2.2079965005767656e-13,0.291367431204806,0.13761151467271868,-0.11232953770213136,-8.936780194194767e-13,-0.2249862523608078,-0.24968035509493172,0.005666057507478037,-4.611286705430362e-13
0.175,1,56,-0.0037964547241253945,-3.133203148616206e-13,0.16444949074124504,0.17530124962948615,0.05862790366143187,-2.3142591700409827e-13,0.3015900904217682,0.14423424568443793,0.03526465571824061,-9.366874227225172e-13,-0.3167770140192493,-0.26169654309080514,-0.4110006091591886,-4.83321080488246e-13
0.17916666666666667,1,56,8.240911039525245e-05,-3.2801751757003603e-13,0.16998231297205652,0.18352426575271769,0.06592586195018073,-2.4228162425593214e-13,0.2997127661323305,0.15099997342620858,-0.09802535905853994,-9.806254767623778e-13,-0.4885999605567716,-0.2739721822991847,0.005666057507478037,-5.059926646666399e-13
0.18333333333333332,1,56,-0.009515097718982268,-3.4302283404582443e-13,0.178260519682579,0.19191967008662875,0.04037949733287664,-2.533649117436258e-13,0.3080883977313078,0.15790753862541207,0.05880648128384389,-1.0254846529796926e-12,-0.6970072607915967,-0.2865051693524871,-0.4110006091591886,-5.291395384189825e-13
0.1875,1,56,-0.004603968675185123,-3.583336932052552e-13,0.18536284052669075,0.20048602412190628,0.05291847272108068,-2.646738804029251e-13,0.3085473729462356,0.1649557577063117,-0.05119367379761432,-1.0712572649855518e-12,-0.9688828114542196,-0.29929335678790076,0.005666057507478037,-5.527577356476163e-13
0.19166666666666665,1,56,-0.007974274898556965,-3.739474716114317e-13,0.2053447666844284,0.209221860057886,0.01952371122311472,-2.7620659250026893e-13,0.3601254457762939,0.1721434229928523,0.0707200920898266,-1.1179354698785262e-12,-0.7205479091661333,-0.31233455341534216,-0.4110006091591886,-5.768432094960332e-13
0.19583333333333333,1,56,-0.004683157268921999,-3.8986149392380433e-13,0.21909866221293847,0.2181256810540527,0.030215741819269473,-2.8796107196481017e-13,0.3882031941471855,0.1794693029155893,-0.03404828503893902,-1.1655112695885084e-12,-0.6326792315351707,-0.3256265246929058,0.005666057507478037,-6.013918330422818e-13
0.2,1,56,-0.013729013131280287,-4.060730333565752e-13,0.22546690410485543,0.22719596148651544,0.010704858798408089,-2.9993530472700464e-13,0.38958153997740824,0.18693214222271157,0.0946784954191508,-1.2139765122471376e-12,-0.9037929340350859,-0.3391669931097403,-0.4110006091591886,-6.263994000060937e-13
0.20416666666666666,1,56,-0.004450414062309665,-4.2257931214591996e-13,0.24153771769435756,0.23643114720941621,0.028447085645497805,-3.1212723906371217e-13,0.4268135212929906,0.19453066219512274,-0.01613622052777182,-1.2633228935845853e-12,-0.6902095397264847,-0.3529536385762891,0.005666057507478037,-6.518616254696094e-13
0.20833333333333334,1,56,-0.009726110569006715,-4.393775020259425e-13,0.25520738985187374,0.24582965582122424,0.013449697837456864,-3.2453478594974834e-13,0.4579584986718537,0.20226356086554276,0.0958019129511268,-1.3135419583524445e-12,-0.5947504321823525,-0.36698409882182526,-0.4110006091591886,-6.777741466115755e-13
0.2125,1,56,-0.004170853805445294,-4.564647247132841e-13,0.26220520683118725,0.25538987693587245,0.02598167093637625,-3.3715581941582845e-13,0.4617096364814814,0.21012951324159349,-0.029234550249393813,-1.3646251017724956e-12,-0.6922620133107461,-0.38125596979921467,0.005666057507478037,-7.041325234548921e-13
0.21666666666666667,1,56,-0.012168506302296635,-4.73838052400303e-13,0.27058864777986896,0.26511017245868923,0.011746131265589523,-3.4998817691284155e-13,0.4692968603749948,0.2181271715328295,0.0814249125856058,-1.4165635710110914e-12,-0.9011051926362337,-0.39576680609683745,-0.4110006091591886,-7.309322396273811e-13
0.22083333333333333,1,56,-0.0027788210991974756,-4.914945082567372e-13,0.2861480634718277,0.27498887686707646,0.028954252427305118,-3.6302965968239107e-13,0.5036415683272878,0.2262551653816743,-0.03615301730014778,-1.4693484666789053e-12,-0.6722359007672121,-0.41051412135759535,0.005666057507478037,-7.581687031356403e-13
0.225,1,56,-0.008359188952294486,-5.094310669397724e-13,0.2990779674753459,0.2850242974958901,0.017958765275578107,-3.76278033133543e-13,0.5306696128260869,0.23451210209822534,0.06602542437169318,-1.5229707443558051e-12,-0.5920538873667545,-0.4254953887049385,-0.4110006091591886,-7.858372471518627e-13
0.22916666666666666,1,56,-0.002711557139898791,-5.276446551124151e-13,0.30591638239156516,0.29521471482746736,0.02941839976328384,-3.8973102722570865e-13,0.5312075260069321,0.24289656689888267,-0.0636450792324947,-1.5774212161405564e-12,-0.7280881210615864,-0.44070804117583023,0.005666057507478037,-8.139331308134681e-13
0.23333333333333334,1,56,-0.011428769859090143,-5.461321519700967e-13,0.3146192176258202,0.3055583827862594,0.016348050299754804,-4.033863368576071e-13,0.5367037219336889,0.25140712314876645,0.04931847531679799,-1.6326905522251333e-12,-0.9920306008770714,-0.4561494721605851,-0.4110006091591886,-8.424515400354301e-13
0.2375,1,56,-0.0037054444377129106,-5.648903897754038e-13,0.330563873012722,0.31605352903801043,0.02907802758736827,-4.1724162226223016e-13,0.5690384997551151,0.2600423126078754,-0.03910847250971244,-1.6887692824933232e-12,-0.8345132023378953,-0.47181703584949614,0.005666057507478037,-8.713875883351409e-13
0.24166666666666667,1,56,-0.009661491874498898,-5.83916154400856e-13,0.34444671887756795,0.3266983552934394,0.01734522868068717,-4.3129450940775103e-13,0.5947661755919207,0.2688006556809498,0.06516969317269551,-1.7456477981433886e-12,-0.8362102417968914,-0.48770804768618203,-0.4110006091591886,-9.007363176696875e-13
0.24583333333333332,1,56,-0.0034491144159527623,-6.032061858796302e-13,0.35608513192771735,0.33749103761636734,0.028468357872947735,-4.45542590404302e-13,0.6090859071316486,0.2776806516709923,-0.03161933162708686,-1.8033163533344852e-12,-0.8809653698921422,-0.5038197848275722,0.005666057507478037,-9.304926992853868e-13
0.25,1,56,-0.009605913786313076,-6.227571789641376e-13,0.37553045184105377,0.3484297267362391,0.015635354701374806,-4.599834239165536e-13,0.6556764637729087,0.28668077903640443,0.07903827856828832,-1.86176506685656e-12,-0.5572989490763592,-0.5201494866104506,-0.4110006091591886,-9.606516345794348e-13
0.25416666666666665,1,56,-0.004718235470002235,-6.425657836923619e-13,0.38678746622820015,0.35951254836498636,0.024536898029001993,-4.746145355820251e-13,0.6680374470444169,0.2957994956516946,-0.0384829103829681,-1.9209839238234442e-12,-0.5498377265929407,-0.5366943550244823,0.005666057507478037,-9.912079559735274e-13
0.2583333333333333,1,56,-0.01105853447485502,-6.62628605961858e-13,0.3948795005973334,0.37073760351817764,0.018061356481472585,-4.894334184350536e-13,0.6634435241516025,0.3050352390717143,0.0731689047422281,-1.9809627773888573e-12,-0.9202993026948495,-0.5534515551916377,-0.4110006091591886,-1.0221564277992983e-12
0.2625,1,56,-0.003743821301529569,-6.829422081113137e-13,0.4101133158768102,0.3821029688403992,0.02946711920881337,-5.044375333363502e-13,0.686276811435153,0.3143864267993742,-0.0168947459288632,-2.041691350485012e-12,-0.8839828347573716,-0.5704182158519345,0.005666057507478037,-1.053491747195423e-12
0.26666666666666666,1,56,-0.00837635136677389,-7.035031095095752e-13,0.42671871574293546,0.39360669693481204,0.021100187262301232,-5.196243094080681e-13,0.7190522855015098,0.32385145655679715,0.0842876650191828,-2.1031592375835405e-12,-0.750459363411162,-0.5875914298554133,-0.4110006091591886,-1.0852085450162378e-12
0.2708333333333333,1,56,-0.003002940075616818,-7.24307787152036e-13,0.4374887418291552,0.40524681669682855,0.030227099869884505,-5.349911444743087e-13,0.72625462734929,0.3334287065598603,-0.016173180185167398,-2.1653559064784253e-12,-0.8471889822653279,-0.6049682546602624,0.005666057507478037,-1.1173013867517147e-12
0.275,1,56,-0.008283598398631619,-7.453526762642851e-13,0.45672169912102,0.41702133365185134,0.022038081464824315,-5.505354055069929e-13,0.7673478235439722,0.34311653579607976,0.08493189843760786,-2.2282707000906427e-12,-0.603923880895558,-0.6225457128370081,-0.4110006091591886,-1.1497647734586373e-12
0.2791666666666667,1,56,-0.004058402348684803,-7.666341709129116e-13,0.4681978490046705,0.42892823029701505,0.03017756681452347,-5.662544290770138e-13,0.7741266202735089,0.3529132843057885,-0.03171521211441278,-2.29189283829419e-12,-0.7035318406047478,-0.6403207925786799,0.005666057507478037,-1.182593142702814e-12
0.2833333333333333,1,56,-0.010787307010222428,-7.881486246233653e-13,0.4802584450819374,0.44096546644687645,0.02375897592136912,-5.821455218106049e-13,0.7791453814902846,0.3628172734665633,0.06515142632642124,-2.356211419763215e-12,-1.0300213279101993,-0.6582904482168708,-0.4110006091591886,-1.2157808695121762e-12
0.2875,1,56,-0.0053503650476326315,-8.098923510047598e-13,0.49670074884854887,0.45313097958298937,0.033818413241093276,-5.982059608508339e-13,0.8010369106941518,0.3728268062808475,-0.018227587062651936,-2.4212154238398972e-12,-1.0139369212819496,-0.6764516007435956,0.005666057507478037,-1.2493222673405867e-12
0.2916666666666667,1,56,-0.01153534000207308,-8.31861624381517e-13,0.5060425037680666,0.4654226852073063,0.02706285098552654,-6.144329943241509e-13,0.804207361787827,0.38294016766672273,0.06273646566512248,-2.4868937124227792e-12,-0.9745677268429613,-0.6948011383388625,-0.4110006091591886,-1.283211589042199e-12
0.29583333333333334,1,56,-0.008133052528733297,-8.540526804317412e-13,0.5101724501999928,0.4778384771993461,0.035343947100902835,-6.308238418119069e-13,0.7857013884689416,0.3931556247517789,-0.024294551762634366,-2.5532350318752244e-12,-1.1824383395520548,-0.7133359169038681,0.005666057507478037,-1.3174430278562016e-12
0.3,1,56,-0.015383837766109121,-8.764617168322185e-13,0.5175126670952933,0.4903762281770676,0.026935194913575936,-6.473756948267652e-13,0.7804612024273299,0.403471427170034,0.04357915875659382,-2.620228014953671e-12,-1.098881823283368,-0.7320527605997228,-0.4110006091591886,-1.3520107184017782e-12
0.30416666666666664,1,56,-0.01219881334854638,-8.990848939099233e-13,0.5234274389540059,0.5030337898613852,0.03517150804300522,-6.640857172939208e-13,0.7672861809562966,0.4138858073618494,-0.03703722581517198,-2.687861182755349e-12,-1.1414625636765234,-0.7509484623916136,0.005666057507478037,-1.386908737683108e-12
0.30833333333333335,1,56,-0.017412075464717472,-9.219183352999286e-13,0.5408043998223707,0.5158089934442662,0.024607436381344345,-6.809510460370478e-13,0.792221869364966,0.4243969808767929,0.04208596695633393,-2.7561229466851333e-12,-0.9113218434678705,-0.7700197845983142,-0.4110006091591886,-1.4221311061042443e-12
0.3125,1,56,-0.012921288158066837,-9.44958128609598e-13,0.5520803965454969,0.5286996499603428,0.033565097787104294,-6.979687912688884e-13,0.792795666593595,0.43500314667939405,-0.05365755924590653,-2.825001610441185e-12,-0.9361759320832632,-0.7892634594469435,0.005666057507478037,-1.4576717884936814e-12
0.31666666666666665,1,56,-0.01925993699601713,-9.68200326088958e-13,0.563484670092729,0.5417035506619828,0.023675687238973706,-7.151360370864053e-13,0.7974997068529155,0.4457024874577435,0.04047956238187582,-2.89448537201906e-12,-0.7440515497622793,-0.8086761896328833,-0.4110006091591886,-1.4935246951384574e-12
0.3208333333333333,1,56,-0.0160402858348854,-9.91640945307121e-13,0.5692433238097451,0.554818467397745,0.032341268205217766,-7.324498419704044e-13,0.775808719146648,0.4564931699348791,-0.06562075402870626,-2.964562325733913e-12,-0.8837656535279664,-0.8282546488847528,0.005666057507478037,-1.5296836828275886e-12
0.325,1,56,-0.021392630854601243,-1.0152759698346571e-12,0.5863172628602231,0.5680421529941626,0.02132537048157815,-7.49907239289551e-13,0.7943023461235186,0.4673733451829091,0.039563172954834754,-3.0352204642604842e-12,-0.7540106274568962,-0.8479954825343498,-0.4110006091591886,-1.5661425559046827e-12
0.32916666666666666,1,56,-0.017516962050666687,-1.039101349931787e-12,0.5970921307843513,0.5813723416407844,0.03003672923439716,-7.675052378086852e-13,0.7835391725351112,0.47834114893981594,-0.05920488303885614,-3.106447680690486e-12,-0.9627600785407211,-0.8678953080914544,0.005666057507478037,-1.6028950673295283e-12
0.3333333333333333,1,56,-0.02319460508523942,-1.0631130032422837e-12,0.6187073188883967,0.5948067492784095,0.018712373506015012,-7.85240822201355e-13,0.8114169471329566,0.4893947019288882,0.03980415768078669,-3.178231770607059e-12,-0.905795919430479,-0.8879507158234015,-0.4110006091591886,-1.6399349197484943e-12
0.3375,1,56,-0.019621385860534902,-1.0873068154929656e-12,0.6332579946901616,0.6083430739904502,0.02759915032530673,-8.031109535664787e-13,0.8093331474558103,0.5005321101807253,-0.04676406911653391,-3.2505604341759457e-12,-1.185878719852349,-0.9081582693393226,0.005666057507478037,-1.6772557665735521e-12
0.3416666666666667,1,56,-0.025903867045661038,-1.1116786411986535e-12,0.6490148979535179,0.621978996397352,0.01733667629845187,-8.21112569949042e-13,0.8144039728152823,0.5117514653577588,0.028716400281709967,-3.3234212782529907e-12,-1.2397591230100815,-0.928514506178951,-0.4110006091591886,-1.7148512130697253e-12
0.3458333333333333,1,56,-0.022460158241105893,-1.1362243043724782e-12,0.6683542979028947,0.6357121800540081,0.026341294193644657,-8.392425868647501e-13,0.8282181795891904,0.5230508450812361,-0.029800770636060535,-3.3968018185076477e-12,-1.120662598707578,-0.9490159384058982,0.005666057507478037,-1.7527148174507982e-12
0.35,1,56,-0.028285232237634288,-1.1609395992414179e-12,0.6769224386141076,0.6495402718500981,0.016784288820532997,-8.574978978285386e-13,0.8052391106741825,0.5344283132606115,0.05140010321647615,-3.470689481562112e-12,-1.3751120527793412,-0.9696590532052943,-0.4110006091591886,-1.7908400919830838e-12
0.3541666666666667,1,56,-0.024441956519162283,-1.1858202909669305e-12,0.6924750199695339,0.6634609024132798,0.025886334367050828,-8.758753748868523e-13,0.8024274013382499,0.5458819204252835,0.003339718699073006,-3.545071607145692e-12,-1.4186562963919331,-0.9904403134856894,0.005666057507478037,-1.82922050409706e-12
0.35833333333333334,1,56,-0.029134783829893252,-1.210862116370575e-12,0.7089027445980371,0.6774716865151696,0.0166814101382123,-8.943718691536045e-13,0.8011587935784255,0.5574097040586278,0.06173289304201123,-3.6199354502640885e-12,-1.320758506403017,-1.0113561584851163,-0.4110006091591886,-1.8678494775066934e-12
0.3625,1,56,-0.02542595834475459,-1.2360607846644846e-12,0.721756669901919,0.6915702234800396,0.02710063590779494,-9.129842113497232e-13,0.7858792429456907,0.5690096889342641,-0.0011482784679297665,-3.695268183383185e-12,-1.4602697086988603,-1.0324030043812098,0.005666057507478037,-1.906720393336253e-12
0.36666666666666664,1,56,-0.03122854543039675,-1.2614119781865696e-12,0.7370477383445211,0.70575409759616,0.015393286635222644,-9.317092123461893e-13,0.7771997516572681,0.5806798874545007,0.04835711565373664,-3.7710568986269744e-12,-1.4495909233819881,-1.0535772449052747,-0.4110006091591886,-1.9458265912544198e-12
0.37083333333333335,1,56,-0.02800346501819538,-1.2869113531403298e-12,0.7546320934115738,0.7200208785297206,0.02499871223002654,-9.505436637104793e-13,0.7714086848229476,0.5924182999909,-0.009513206965323137,-3.8472886099892636e-12,-1.5300269104378508,-1.0748752519602032,0.005666057507478037,-1.9851613706155005e-12
0.375,1,56,-0.03190798553879451,-1.3125545403391356e-12,0.7823473204268738,0.7343681217412528,0.014397010559109972,-9.694843382563108e-13,0.7955010775960019,0.6042229152269025,0.03654111397088375,-3.923950255558747e-12,-1.4645500189882266,-1.0962933762421276,-0.4110006091591886,-2.0247179916075454e-12
0.37916666666666665,1,56,-0.02768471116381348,-1.3383371459548736e-12,0.8067573432941407,0.7487933689044928,0.02559436301513258,-9.88527990596608e-13,0.8072237464904993,0.6160917105024585,-0.02268324460303871,-4.001028699757115e-12,-1.5314645605872035,-1.117827947865714,0.005666057507478037,-2.0644896764071865e-12
0.3833333333333333,1,56,-0.03256016148383486,-1.3642547522708007e-12,0.8253529120801661,0.7632941483276008,0.013944522905913356,-1.0076713576995796e-12,0.8038981481808523,0.6280226521605983,0.02346075119924663,-4.078510735589757e-12,-1.5138400433352348,-1.139475276992975,-0.4110006091591886,-2.10446961034098e-12
0.3875,1,56,-0.02907471163406715,-1.3903029184384988e-12,0.8407155125298016,0.7778679753766725,0.024337514971121108,-1.0269111594478225e-12,0.791915037343616,0.6400136958958892,-0.029591133318544863,-4.1563830869087095e-12,-1.6303470732928493,-1.1612316544655052,0.005666057507478037,-2.1446509430530625e-12
0.39166666666666666,1,56,-0.03465753142270663,-1.4164771812387909e-12,0.8536726355637985,0.7925123529014694,0.010975803838453778,-1.046244099200354e-12,0.7755512598079657,0.6520627871047172,0.014976189031971203,-4.234632410687462e-12,-1.6566267117481717,-1.1830933524400267,-0.4110006091591886,-2.1850267896789272e-12
0.3958333333333333,1,56,-0.03149627185779776,-1.4427730558464914e-12,0.8680243821601199,0.8072247716632918,0.020985596139196934,-1.065666864357473e-12,0.7658041332280273,0.6641678612373325,-0.023857884957869366,-4.313245299307211e-12,-1.607903984563322,-1.2050566250271355,0.005666057507478037,-2.22559023202511e-12
0.4,1,56,-0.03592409691222095,-1.469186036598859e-12,0.8866061932817777,0.822002710764925,0.007985944730410643,-1.0851761269283598e-12,0.7692003144098152,0.6763268441515998,0.03120450795824018,-4.3922082828541976e-12,-1.701501835764204,-1.227117708933142,-0.4110006091591886,-2.2663343197545886e-12
0.4041666666666667,1,56,-0.031949884667786234,-1.4957115977676156e-12,0.904654494446934,0.836843638082581,0.019634559758263597,-1.1047685441013063e-12,0.7726829883500665,0.6885376524683914,0.0032482972451982487,-4.47150783142769e-12,-1.728894782026387,-1.2492728241048892,0.005666057507478037,-2.3072520715776794e-12
0.4083333333333333,1,56,-0.035924040871254094,-1.522345194334408e-12,0.9267919641237726,0.8517450106997647,0.0070889380774713275,-1.1244407588164913e-12,0.7911415684211158,0.7007981939285631,0.05400052077608326,-4.5511303574582744e-12,-1.6976569253647475,-1.2715181743774466,-0.4110006091591886,-2.3483364764482523e-12
0.4125,1,56,-0.032156350777857695,-1.5490822627695763e-12,0.9458657155129239,0.8667042753429912,0.018334092142553923,-1.1441894003411971e-12,0.7985682548656096,0.7131063677514538,0.022755964326699567,-4.631062218036016e-12,-1.8507396975369763,-1.2938499481245656,0.005666057507478037,-2.3895804947650375e-12
0.4166666666666667,1,56,-0.03631827281888777,-1.5759182218140858e-12,0.9603117108300774,0.8817188688192743,0.00705157387916245,-1.1640110848473645e-12,0.7933770530586638,0.7254600649948413,0.04962354134934715,-4.7112897172480935e-12,-1.9595071352706273,-1.3162643189117782,-0.4110006091591886,-2.4309770595778206e-12
0.42083333333333334,1,56,-0.03269028349725427,-1.6028484732645061e-12,0.9753263635376421,0.8967862184553168,0.018470216111013727,-1.183902415991395e-12,0.7919100739921358,0.7378571689162998,0.026822098052049624,-4.791799108525529e-12,-2.026526071685063,-1.3387574461520393,0.005666057507478037,-2.47251907779833e-12
0.425,1,56,-0.036522119108317284,-1.6298684027608889e-12,0.9866144678493469,0.9119037425383257,0.00820463668574686,-1.203859985496099e-12,0.7799476788621048,0.7502955553358931,0.04025849031387161,-4.8725765969985916e-12,-2.0787660480896384,-1.3613254757637918,-0.4110006091591886,-2.5141994314156044e-12
0.42916666666666664,1,56,-0.033317996329039944,-1.6569733805774136e-12,0.9993613649498562,0.9270688507583748,0.01860516013325939,-1.2238803737346827e-12,0.7745883181166616,0.762773093000141,0.02134220210380689,-4.953608341860474e-12,-2.1140331275013686,-1.383964540831342,0.005666057507478037,-2.556010978715621e-12
0.43333333333333335,1,56,-0.03645243531698683,-1.6841587624156694e-12,1.021211937252906,0.942278944652241,0.007458654502167465,-1.2439601503166882e-12,0.7967161887913774,0.7752876439471997,0.034456689018375654,-5.034880458738851e-12,-1.8784446768033476,-1.4066707622674373,-0.4110006091591886,-2.597946555504998e-12
0.4375,1,56,-0.03264413265029526,-1.711419890200427e-12,1.0410466870078696,0.9575314180486364,0.018972718825633995,-1.2640958746757669e-12,0.8134956346280617,0.7878370638731886,-0.0038183517025622486,-5.116379022074878e-12,-1.7821894542686492,-1.4294402494779253,0.005666057507478037,-2.639998976338535e-12
0.44166666666666665,1,56,-0.03639353477711339,-1.738752092877782e-12,1.053332361044302,0.972823657514765,0.006756862193649894,-1.2842840966592102e-12,0.8067927122427716,0.8004192024996086,0.0226364471873489,-5.198090067509286e-12,-1.9473309968298056,-1.4522691010283908,-0.4110006091591886,-2.6821610357504094e-12
0.4458333333333333,1,56,-0.03270639111693055,-1.766150687215513e-12,1.0667601195845045,0.9881530428041194,0.017814825165739446,-1.304521357119111e-12,0.8056747506526231,0.8130319039417795,-0.0022573079255867844,-5.279999594275094e-12,-2.1043469927677574,-1.4751534053126445,0.005666057507478037,-2.724425509488794e-12
0.45,1,56,-0.036535446339367436,-1.7936109786055278e-12,1.0791943660239807,1.0035169473054457,0.005780137443439205,-1.3248041885050702e-12,0.8010719444416392,0.8256730070782388,0.009297670774619704,-5.362093567596557e-12,-2.102356614692206,-1.4980892412229554,-0.41082612101418775,-2.7667851557536896e-12
0.45416666666666666,1,56,-0.03330865805495221,-1.8211282618682628e-12,1.092630918604701,1.0189127384928012,0.0158967531668772,-1.3451291154583467e-12,0.8015063242137198,0.8383403459210409,-0.0093701686425535,-5.4443579210939696e-12,-2.1007643122317647,-1.5210726788219144,0.00584054565247891,-2.809232716437778e-12
0.4583333333333333,1,56,-0.03687485122798975,-1.8486978220588902e-12,1.1064739757640136,1.0343377783766237,0.0033843556135055184,-1.3654926554073394e-12,0.8000126662862166,0.8510317499868866,0.0059837969454129315,-5.526778559193856e-12,-2.0004164258827237,-1.5440997800158078,-0.41082612101418775,-2.8517609183700554e-12
0.46249999999999997,1,56,-0.03336368638001383,-1.8763149352752e-12,1.121737981266348,1.0497894239557375,0.014128258270047392,-1.3858913191643105e-12,0.803472781013586,0.863745044669025,-0.019125309908462246,-5.609341359544181e-12,-1.9245786705796253,-1.56716659922939,0.00584054565247891,-2.894362474562057e-12
0.4666666666666667,1,56,-0.036607675535974306,-1.9039748694670163e-12,1.1320365182798813,1.065265027670218,0.0024038950408321966,-1.4063216115232378e-12,0.7916281765265176,0.8764780516098606,0.007374535147780123,-5.692032175434142e-12,-2.017143847375299,-1.5902691840819374,-0.41082612101418775,-2.937030085456444e-12
0.4708333333333333,1,56,-0.0326518451041616,-1.9316728852470076e-12,1.1441442602502667,1.0807619378550368,0.014814153413629199,-1.4267800318587002e-12,0.7872045255070701,0.8892285890742032,-0.009270475850483342,-5.774836838218124e-12,-2.160629905796693,-1.613403576064467,0.00584054565247891,-2.9797564401777405e-12
0.475,1,56,-0.036129025242914316,-1.9594042367027614e-12,1.1560555993207675,1.096277499194413,0.002619477780083404,-1.4472630747256947e-12,0.7813806147103567,0.9019944723230989,0.007772190978018254,-5.857741159743445e-12,-2.160629905796693,-1.6365658112180097,-0.4106589582134701,-3.0225342177850234e-12
0.4791666666666667,1,56,-0.03269107222341217,-1.987164172209967e-12,1.1699548645849374,1.111809053176785,0.013873816355561785,-1.4677672304602725e-12,0.7833284001818245,0.9147735139881717,-0.000835526437315948,-5.940730934781401e-12,-2.160629905796693,-1.6597519208128115,0.006007708453196568,-3.0653560885263194e-12
0.48333333333333334,1,56,-0.03531741856344195,-2.014947935246582e-12,1.1925390734421066,1.127353938550334,0.0036189837693207864,-1.4882889857809035e-12,0.8088890518877933,0.9275635244464188,-0.005513272010247831,-6.023791943461269e-12,-2.09055947042634,-1.6829579320283548,-0.4106589582134701,-3.1082147150945235e-12
0.4875,1,56,-0.03525213487922623,-2.042750765207843e-12,1.2147736509924647,1.1429094917789773,0.0029529059670290003,-1.5088248243904608e-12,0.83522003906458,0.9403623121953916,0.06835706287361472,-6.106909953706816e-12,-2.087252655179848,-1.7061798686340837,0.006007708453196568,-3.1511027538846116e-12
0.49166666666666664,1,56,-0.03391422572276217,-2.0705678982219653e-12,1.2323337980374103,1.158473047498749,0.00678075889452069,-1.5293712275787169e-12,0.8440264083839809,0.9531676842286975,-0.005120497481219917,-6.1900707236748766e-12,-2.2295292025518605,-1.7294137516707069,-0.4106589582134701,-3.194012856251924e-12
0.49583333333333335,1,56,-0.03445934891231824,-2.0983945679664103e-12,1.2521332134828722,1.1740419389744983,0.0037133258171001466,-1.5499246748252591e-12,0.8620156750147786,0.965977446411761,0.07132503488137222,-6.2732600041956316e-12,-2.2295292025518605,-1.7526556001319753,0.006007708453196568,-3.2369376697713235e-12
0.5,1,56,-0.03360940397820863,-2.1262260064845673e-12,1.2698499163642332,1.189613498556819,0.005520578788573706,-1.5704816444027103e-12,0.8685927457032647,0.9787894038577765,-0.019609303647508437,-6.356463541214119e-12,-2.2076274436989842,-1.7759014316468031,-0.4106589582134701,-3.279869839496989e-12
0.5041666666666667,1,56,-0.03386911190717685,-2.154057445002725e-12,1.2875801630212578,1.2051850581391397,0.003514989411421928,-1.5910386139801614e-12,0.8789366062545837,0.991601361303792,0.03981822455069482,-6.4396670782326066e-12,-2.2076274436989842,-1.799147263161631,0.006007708453196568,-3.3228020092226546e-12
0.5083333333333333,1,56,-0.033146882062410725,-2.1818841147471698e-12,1.3036679648351583,1.2207539496148891,0.0050026585640552505,-1.6115920612267037e-12,0.8795787529778647,1.0044111234868556,-0.05472405921760736,-6.522856358753362e-12,-2.200461729075423,-1.8223891116228996,-0.4106589582134701,-3.365726822742054e-12
0.5125,1,56,-0.03345478568577859,-2.209701247761291e-12,1.320942980367348,1.2363175053346604,0.002729896033714263,-1.6321384644149593e-12,0.887532470635241,1.017216495520161,0.0005081974315435321,-6.60601712872142e-12,-2.200461729075423,-1.8456229946595224,0.006007708453196568,-3.408636925109366e-12
0.5166666666666666,1,56,-0.03314740602194017,-2.2375040777225527e-12,1.3370393172744692,1.2518730585633038,0.0028602287199000504,-1.6526743030245168e-12,0.8874395587885264,1.0300152832691338,-0.08720504673728466,-6.689135138966968e-12,-2.200461729075423,-1.8688449312652513,-0.4106533004873923,-3.451524963899454e-12
0.5208333333333334,1,56,-0.03348435583915076,-2.265287840759169e-12,1.3546144029541172,1.2674179439368536,0.0003004568875008175,-1.6731960583451487e-12,0.8953767145460721,1.0428052937273815,-0.027428947829478204,-6.77219614764684e-12,-2.200461729075423,-1.8920509424807954,0.006013366179274369,-3.49438359046766e-12
0.525,1,56,-0.03343358034397818,-2.2930477762663737e-12,1.3711861074433507,1.282949497919225,-0.0004999544907719426,-1.6937002140797258e-12,0.8958024350677223,1.055584335392454,-0.10466734069741869,-6.855185922684794e-12,-2.200461729075423,-1.9152370520755966,-0.41063715841439774,-3.5372054612089547e-12
0.5291666666666667,1,56,-0.03377752077983031,-2.3207791277221274e-12,1.389424119938375,1.2984650592586011,-0.0032986080318810453,-1.7141832569467203e-12,0.9046944900321248,1.0683502186413498,-0.036477072910607374,-6.938090244210115e-12,-2.200461729075423,-1.9383992872291393,0.00602950825226892,-3.5799832388162375e-12
0.5333333333333333,1,56,-0.03375442630216142,-2.348477143502119e-12,1.4054246156560581,1.3139619694434201,-0.004369004863912796,-1.734641677282183e-12,0.903532122840734,1.0811007561056925,-0.10447585402504489,-7.020894906994097e-12,-2.200461729075423,-1.961533679211669,-0.4106093067793432,-3.6227095935375345e-12
0.5375,1,56,-0.03406778304244235,-2.376137077693935e-12,1.423360334815241,1.3294375731579007,-0.0072606778402912065,-1.75507196964111e-12,0.9115806312098492,1.093833763046528,-0.02829375290670874,-7.103585722884057e-12,-2.200461729075423,-1.9846362640642163,0.006057359887323453,-3.6653772044319205e-12
0.5416666666666666,1,56,-0.03395707169878852,-2.4037541909102445e-12,1.4401679790700725,1.3448892187370143,-0.008253391881523865,-1.7754706333980809e-12,0.9122192103397281,1.1065470577286662,-0.0909019184305582,-7.1861485232343826e-12,-2.200461729075423,-2.0077030832777982,-0.41057108993206615,-3.707978760623922e-12
0.5458333333333333,1,56,-0.03415218044641935,-2.4313237511008723e-12,1.4588841234670775,1.360314258620837,-0.010894725507106592,-1.795834173347074e-12,0.9218228956223986,1.1192384617945121,-0.010221570020128246,-7.26856916133427e-12,-2.200461729075423,-2.030730184471692,0.006095576734600514,-3.7505069625562004e-12
0.55,1,56,-0.03380767331471378,-2.4588410343636076e-12,1.4766891138951157,1.3757100498081927,-0.011283937739270342,-1.8161591003003507e-12,0.9244698506444261,1.1319058006373144,-0.07289829608758577,-7.350833514831683e-12,-2.200461729075423,-2.053713622070651,-0.4105184902549155,-3.792954523240289e-12
0.5541666666666667,1,56,-0.033923187320067945,-2.4863013257536225e-12,1.49636365432314,1.391073954309519,-0.013712325019442587,-1.83644193168631e-12,0.9358129560792241,1.1445469037737737,0.008075455954523648,-7.432927488153146e-12,-2.200461729075423,-2.0766494579809622,0.00614817641175117,-3.835314169505185e-12
0.5583333333333333,1,56,-0.03339156545492012,-2.513699920091353e-12,1.514109250030033,1.406403339598873,-0.013599095258027577,-1.85667919214621e-12,0.937410392458533,1.1571596052159443,-0.05869450223153848,-7.514837014918953e-12,-2.200461729075423,-2.0995337622652155,-0.41044673730979203,-3.877578643243569e-12
0.5625,1,56,-0.0333124094553145,-2.5410321227687083e-12,1.5335050494459501,1.4216955790650019,-0.015410394577951481,-1.8768674141296536e-12,0.9469170084974602,1.1697417438423643,0.018464386909672018,-7.596548060353362e-12,-2.200461729075423,-2.1223626138156813,0.00621992935687463,-3.919740702655444e-12
0.5666666666666667,1,56,-0.03259161719900182,-2.568293250553466e-12,1.5518841346611099,1.4369480524613973,-0.014734699575252783,-1.8970031384887328e-12,0.9495034641574728,1.1822911637683535,-0.05313080291716995,-7.67804662368939e-12,-2.200461729075423,-2.1451321010261695,-0.41035904929466727,-3.9617931234889805e-12
0.5708333333333333,1,56,-0.032487904161000856,-2.5954786323917213e-12,1.5718857614802504,1.4521581463552633,-0.016458258181430634,-1.917082915070738e-12,0.9597944502365557,1.1948057147154119,0.020203065203858155,-7.759318740567763e-12,-2.200461729075423,-2.167838322462264,0.006307617371999395,-4.003728700278357e-12
0.575,1,56,-0.03177507114517495,-2.6225836102082456e-12,1.5907076162544858,1.467323254575312,-0.015841392980590733,-1.9371033033093212e-12,0.9624633056340012,1.2072832523796597,-0.05510803787879276,-7.840350485429646e-12,-2.200461729075423,-2.190477387529814,-0.41025460236655925,-4.045540247578373e-12
0.5791666666666666,1,56,-0.03166245386240726,-2.649603539704629e-12,1.611294140703638,1.4824407786583214,-0.017546133570273206,-1.9570608728140256e-12,0.9732070077143492,1.219721638799253,0.014949675003559995,-7.921127973902709e-12,-2.200461729075423,-2.2130454171415668,0.00641206430010741,-4.087220601195648e-12
0.5833333333333334,1,56,-0.03102556422415749,-2.6765337911550497e-12,1.6308731973268087,1.497508128294364,-0.017206428395661257,-1.9769522039580564e-12,0.9767710124228371,1.2321187427207119,-0.06179609720908381,-8.001637365180145e-12,-2.200461729075423,-2.2355385443818285,-0.4101365634581877,-4.128762619416158e-12
0.5875,1,56,-0.03081753164233745,-2.703369750199559e-12,1.6523513523234936,1.512522721770647,-0.018606616134336326,-1.9967738884642236e-12,0.9887351642729038,1.2444724399640992,0.0065009246549354765,-8.081864864392224e-12,-2.200461729075423,-2.257952915169041,0.006530103208478941,-4.170159184228941e-12
0.5916666666666667,1,56,-0.03018569898430178,-2.730106818634727e-12,1.6726493154617716,1.5274819864138736,-0.018305952898148344,-2.0165225299889297e-12,0.9928180308132352,1.25678061378699,-0.06989108141922237,-8.161796724969965e-12,-2.200461729075423,-2.28028468891616,-0.4100062498078023,-4.2114032025457265e-12
0.5958333333333333,1,56,-0.029938293888583878,-2.75674041520152e-12,1.694972061679639,1.5423833590310574,-0.019607489199624472,-2.0361947447041146e-12,1.0055959256216946,1.2690411552471617,-0.0013776145545688872,-8.24141925100055e-12,-2.200461729075423,-2.3025300391887176,0.0066604168588643466,-4.2524876074163e-12
0.6,1,56,-0.029364775042371862,-2.783265976370276e-12,1.7162758723112883,1.5572242863487133,-0.019529906069376286,-2.055787161877061e-12,1.0109011292264798,1.2812519635639532,-0.07558872251333648,-8.320718799574042e-12,-2.200461729075423,-2.3246851543604645,-0.4098650245517966,-4.29340535923939e-12
0.6041666666666666,1,56,-0.029078836034737505,-2.8096789571226434e-12,1.7393489828139799,1.5720022254503463,-0.02078874558764355,-2.0752964244479472e-12,1.0239070650517965,1.2934109464782204,-0.005637385487824665,-8.399681783121026e-12,-2.200461729075423,-2.3467462382664706,0.006801642114870086,-4.3341494469688675e-12
0.6083333333333333,1,56,-0.028538901947159554,-2.8359748317303446e-12,1.7615601567049122,1.586714644212169,-0.020910782837199725,-2.094719189605067e-12,1.0298292020386908,1.3055160206108358,-0.07741314691719363,-8.478294671740779e-12,-2.200461729075423,-2.36870951085358,-0.40971105957402315,-4.374712889315051e-12
0.6125,1,56,-0.028227517908472284,-2.862149094530637e-12,1.7854854286260562,1.6013590217369662,-0.022167397329790166,-2.1140521293575987e-12,1.0431346500295466,1.317565111819664,-0.005580453850185357,-8.556543995519532e-12,-2.200461729075423,-2.390571208828102,0.00695560709264351,-4.415088735940917e-12
0.6166666666666667,1,56,-0.027688612966745563,-2.8881972606983346e-12,1.8077155576261896,1.6159328487860376,-0.022406863703050513,-2.1332919311058414e-12,1.048133721264744,1.3295561555549549,-0.07543586843866128,-8.634416346838482e-12,-2.200461729075423,-2.4123275863006315,-0.409539352572316,-4.455270068652999e-12
0.6208333333333333,1,56,-0.027311171377902628,-2.9141148670142614e-12,1.8315920131990981,1.6304336282091454,-0.023549655351957906,-2.1524352982088125e-12,1.0603481205919612,1.3414870972130943,-0.002112748230748753,-8.711898382671122e-12,-2.200461729075423,-2.4339749154278922,0.007127314094350665,-4.495250002586791e-12
0.625,1,56,-0.026745589642593368,-2.9398974726299993e-12,1.8539346908207015,1.6448588753723854,-0.023802036480386392,-2.17147895054911e-12,1.0646729260007826,1.3533558924886504,-0.07120414332048561,-8.788976826869492e-12,-2.200461729075423,-2.455509487051479,-0.40934775114352584,-4.535021687386433e-12
0.6291666666666667,1,56,-0.026286495381254684,-2.965540659828806e-12,1.8778913883642674,1.6592061185839178,-0.024760455556368972,-2.1904196250949417e-12,1.0761696326476562,1.3651605077246531,0.0026694837768763886,-8.865638472438977e-12,-2.200461729075423,-2.4769276113334033,0.007318915523140821,-4.5745783083784784e-12
0.6333333333333333,1,56,-0.02564582101812298,-2.9910400347825652e-12,1.9004656941153306,1.6734728995174781,-0.024882487760261526,-2.2092540764592315e-12,1.080155273121412,1.3768989202610522,-0.06681099849235173,-8.941870183801265e-12,-2.200461729075423,-2.498225618388332,-0.4091338632004514,-4.613913087739558e-12
0.6375,1,56,-0.02471486027255789,-3.0163912283046505e-12,1.9247732870717913,1.6876567736335986,-0.024411529554396932,-2.2279790774556975e-12,1.091779340361052,1.3885691187812887,0.005857498897612748,-9.017658899045053e-12,-2.200461729075423,-2.5193998589123967,0.007532803466215241,-4.653019285657725e-12
0.6416666666666666,1,56,-0.02362212197690064,-3.0415898965985595e-12,1.9478401651273707,1.7017553105984682,-0.0232181693393146,-2.2465914196518157e-12,1.0962350352996688,1.400169103656925,-0.0651457887664714,-9.092991632164148e-12,-2.200461729075423,-2.5404467048084896,-0.4088985442063322,-4.691890201487284e-12
0.6458333333333334,1,56,-0.02278215381100245,-3.0666317220022046e-12,1.97246513802112,1.7157660947003583,-0.023074682149661633,-2.2650879139185683e-12,1.1077793932914004,1.4116968872902695,0.007429210319350592,-9.167855475282546e-12,-2.200461729075423,-2.561362549807917,0.007768122460334457,-4.7305191748969185e-12
0.65,1,56,-0.021810599838852092,-3.0915124137277176e-12,1.9959828893192475,1.7296867252635402,-0.022316119784027536,-2.283465390976882e-12,1.1124859385532215,1.4231504944549416,-0.06382822834420464,-9.242237600866127e-12,-2.200461729075423,-2.5821438100883123,-0.408642980595883,-4.768899587010895e-12
0.6541666666666667,1,56,-0.02100476793678128,-3.116227708596657e-12,2.0210282180389676,1.7435148170596302,-0.022365781296535672,-2.3017207019406707e-12,1.1242233278518907,1.434527962634317,0.008362533631034999,-9.316125263920591e-12,-2.200461729075423,-2.6027869248877082,0.008023686070783662,-4.80702486154318e-12
0.6583333333333333,1,56,-0.02012935517095303,-3.140773371770482e-12,2.0450927523497673,1.7572480007162865,-0.021979743683971882,-2.319850718856379e-12,1.1294304543703289,1.4458273423577943,-0.06323283873166398,-9.389505804175249e-12,-2.200461729075423,-2.6232883571146557,-0.4083673205063216,-4.844888465924253e-12
0.6625,1,56,-0.019190864954243162,-3.165145197476169e-12,2.0704699122514265,1.7708839231231879,-0.021719131339058697,-2.3378523352389417e-12,1.1409733696418578,1.4570466975348275,0.008023647714440411,-9.462366648252292e-12,-2.200461729075423,-2.6436445939542836,0.008299346160345087,-4.882483912420426e-12
0.6666666666666666,1,56,-0.01822985496444855,-3.1893390097268512e-12,2.0949824096952385,1.7844202478352285,-0.021189341592965535,-2.3557224666040653e-12,1.1462809367607545,1.4681841057866647,-0.06411627897359362,-9.534695311821178e-12,-2.200461729075423,-2.663852147470205,-0.40807321710598593,-4.919804759245484e-12
0.6708333333333333,1,56,-0.016759623596528567,-3.213350663037348e-12,2.094864948234191,1.7978546554728538,-0.01985923648587263,-2.3734580509967356e-12,1.1194187327273315,1.479237658775737,0.008598826577329561,-9.606479401737753e-12,-2.2004618164111784,-2.6839075552021523,0.00859344956068073,-4.95684461166445e-12
0.675,1,56,-0.015294177382815133,-3.237176043134478e-12,2.094770979065353,1.8111848441194756,-0.018189658590068415,-2.3910560495158698e-12,1.0931101229552151,1.490205462532644,-0.060226871258947455,-9.677706618167756e-12,-2.200461821618035,-2.703807380759257,-0.4076631922097285,-4.993597123089296e-12
0.6791666666666667,1,56,-0.014303609585326027,-3.2608110676620145e-12,2.094695803730282,1.8244085297158934,-0.018084407886303014,-2.4085134468350165e-12,1.0754945324184506,1.501085637780674,0.01643576632533203,-9.748364756694327e-12,-2.2004618388632764,-2.723548214408854,0.009003474456938141,-5.0300559961663904e-12
0.6833333333333333,1,56,-0.013102734391072459,-3.2842516868801776e-12,2.094635663462226,1.8375234464516557,-0.01699184040556808,-2.425827251719016e-12,1.0584645276903077,1.5118763202578098,-0.05084516682053461,-9.818441710409181e-12,-2.200461851168821,-2.743126673660724,-0.40710449351636757,-5.066214983855522e-12
0.6875,1,56,-0.012337466771777467,-3.307493884359537e-12,2.0945875512477805,1.8505273471532953,-0.01747087554261697,-2.4429944975365318e-12,1.0500913495186877,1.5225756610361587,0.027116494201851808,-9.887925471987052e-12,-2.2004618721597264,-2.7625394038466626,0.00956217315029909,-5.102067890500296e-12
0.6916666666666667,1,56,-0.01118782625330451,-3.3305336776692065e-12,2.0945490614762243,1.863418003669372,-0.016408231715930668,-2.460012242768373e-12,1.0412208084505796,1.53318182683876,-0.04210624259665703,-9.956804135743105e-12,-2.200461884030644,-2.781783078695292,-0.4065415888876675,-5.137608572889734e-12
0.6958333333333333,1,56,-0.010546409654065026,-3.3533671190592117e-12,2.0945182696589795,1.876193207252253,-0.017160750548020895,-2.4768775715115e-12,1.040161053189002,1.5436930003537035,0.03386397521917596,-1.0025065899672889e-11,-2.200461904601053,-2.8008544009019927,0.010125077778999157,-5.17283094131087e-12
0.7,1,56,-0.009435428578010848,-3.3759902961369165e-12,2.0944936362051836,1.8888507689365706,-0.016103969198478195,-2.4935875939786554e-12,1.0375471883857859,1.554107380545519,-0.03920112949488094,-1.0092699067474567e-11,-2.2004619145232325,-2.8197501026938836,-0.40600127087563476,-5.2077289605922e-12
0.7041666666666666,1,56,-0.008768282476053282,-3.398399332537394e-12,2.094473929442147,1.9013885199142921,-0.016678214081586467,-2.5101394469935136e-12,1.0417871852984062,1.564423182963774,0.032728047718842586,-1.0159692050553014e-11,-2.200461932557957,-2.838466946389738,0.010665395791031904,-5.242296651137777e-12
0.7083333333333334,1,56,-0.007658258150284271,-3.4205903885876184e-12,2.0944581640317175,1.9138043119063322,-0.015534839708135195,-2.5265302944812698e-12,1.0440105302131626,1.5746386400488304,-0.04376701579389944,-1.0226033370005461e-11,-2.200461941324997,-2.857001724954744,-0.40547344559021314,-5.27652808995178e-12
0.7125,1,56,-0.006974630318498662,-3.442559661964376e-12,2.094445551703374,1.9260960175306492,-0.01598876935525008,-2.542757327954587e-12,1.0522873103014083,1.5847520014347056,0.024662127599497315,-1.0291711658588343e-11,-2.200461956369595,-2.8753512625500113,0.011193221076453517,-5.310417411653392e-12
0.7166666666666667,1,56,-0.0059600644724647055,-3.4643033883457696e-12,2.0944354618406993,1.9382615306667617,-0.015072817428877566,-2.5588177669948156e-12,1.0581099025465426,1.5947615342489896,-0.05323259856617328,-1.0356715662665023e-11,-2.2004619636001714,-2.8935124150767355,-0.40497355981295485,-5.343958809481802e-12
0.7208333333333333,1,56,-0.005261409013550971,-3.485817842056224e-12,2.0944273899505594,1.9502987668166234,-0.015487004121119956,-2.574708859728407e-12,1.069469162785871,1.6046655234097646,0.013450078814825149,-1.042103424413405e-11,-2.200461976141633,-2.9114820707149267,0.011693106853711808,-5.377146536291165e-12
0.725,1,56,-0.0043682672956232,-3.5070993367048503e-12,2.0944209324384477,1.9622056634617868,-0.014956504299446194,-2.590427883298428e-12,1.0773905669284354,1.6144622719194732,-0.06384849694654614,-1.0484656382337597e-11,-2.200461980337585,-2.9292571504565985,-0.40453665374484904,-5.4099749055353414e-12
0.7291666666666666,1,56,-0.003694420882251572,-3.5281442258170993e-12,2.0944157664287584,1.9739801804168098,-0.015488454570859757,-2.605972144331112e-12,1.090472044654101,1.6241501011556927,0.0029134880521125544,-1.0547571175949815e-11,-2.2004619907643503,-2.946834608633344,0.012130012921817621,-5.442438292242264e-12
0.7333333333333333,1,56,-0.002973269737698749,-3.5489489034595592e-12,2.094411633621007,1.9856203001788257,-0.015506044970169212,-2.6213389793973523e-12,1.100248265050367,1.6337273511587556,-0.07176615590289395,-1.0609767844844697e-11,-2.2004619949218256,-2.9642114334381926,-0.4040985147996415,-5.474531133977739e-12
0.7375,1,56,-0.0021745645306167558,-3.5695098048578222e-12,2.0944083273748055,1.9971240282732394,-0.015726391310326444,-2.636525755469071e-12,1.1149372274840614,1.643192380916179,-0.003518035747012252,-1.0671235731943228e-11,-2.2004620036418157,-2.9813846474416725,0.012568151867025177,-5.5062479317985566e-12
0.7416666666666667,1,56,-0.0014353193168835222,-3.5898234070072777e-12,2.0944056823778445,2.008489393595461,-0.01575634059598097,-2.6515298703703675e-12,1.1264382916826465,1.652543568643839,-0.07529864831948226,-1.0731964305039383e-11,-2.200462007652957,-2.9983513081019693,-0.40365190704012993,-5.537583251194681e-12
0.7458333333333333,1,56,-0.0005147707647296446,-3.609886229276773e-12,2.094403566380276,2.0197144487486516,-0.015697318087979896,-2.6663487532233955e-12,1.142600287108864,1.6617793120638582,-0.00488931383386619,-1.0791943158604794e-11,-2.200462014790521,-3.0151085082691242,0.01301475962653673,-5.568531723020451e-12
0.75,1,56,0.00025490330701928094,-3.6296948340049975e-12,2.0944018735822207,2.0307972703773993,-0.015713453860457083,-2.680979864888867e-12,1.15567624927074,1.6708980286791486,-0.07421567009051491,-1.0851162015571679e-11,-2.2004620185683934,-3.0316533766831557,-0.40318374588185896,-5.5990880444145435e-12
0.7541666666666667,1,56,0.001301380779425276,-3.649245827089505e-12,2.0944005193437767,2.041735959497271,-0.015359863685132449,-2.6954206984011187e-12,1.1724578005381545,1.6798981560445607,-0.002356617167725401,-1.0909610729093754e-11,-2.2004620231342633,-3.0479830784660344,0.013482920784807704,-5.6292469797085915e-12
0.7583333333333333,1,56,0.002140741263878544,-3.668535858568279e-12,2.0943994359530214,2.052528641820199,-0.015262675811237565,-2.7096687793976696e-12,1.186243719189152,1.688778152034603,-0.07078497820685933,-1.096727928428485e-11,-2.200462026646655,-3.064094815607424,-0.40268079272790797,-5.65900336132429e-12
0.7625,1,56,0.003337221596746375,-3.687561623193731e-12,2.094398569240417,2.0631734680756275,-0.014555320239682935,-2.7237216665431904e-12,1.2037705404497443,1.6975364951076775,0.001695810927066422,-1.1024157799934915e-11,-2.2004620305956353,-3.0799858274441103,0.013985873938758695,-5.688352090658837e-12
0.7666666666666666,1,56,0.0042591662077149425,-3.706319860999039e-12,2.0943978758703334,2.073668614327379,-0.014307309466504624,-2.7375769519478136e-12,1.2183848161887005,1.7061716845667865,-0.06682522155243655,-1.1080236530203105e-11,-2.200462033789124,-3.095653391133021,-0.4021363077530091,-5.717288138958548e-12
0.7708333333333334,1,56,0.0056119473099807944,-3.7248073578567204e-12,2.0943973211742666,2.084012282286171,-0.013230807413504934,-2.751232261579712e-12,1.2367780881075907,1.7146822408166704,0.005433530574355361,-1.1135505866287682e-11,-2.2004620371601398,-3.111094822117776,0.014530358913657535,-5.74580654818051e-12
0.775,1,56,0.006614567484064195,-3.743020946029363e-12,2.094396877417413,2.0942026996177483,-0.012837128922454715,-2.7646852556718778e-12,1.252339333899478,1.7230667056173277,-0.06383200308214283,-1.1189956338072433e-11,-2.200462038965843,-3.126307474588668,-0.40158610135357004,-5.773902431842116e-12
0.7791666666666667,1,56,0.008121803286470382,-3.760957504712398e-12,2.0943965224119303,2.104238120246562,-0.01140190682627901,-2.7779336291230298e-12,1.2710188655814172,1.731323642333879,0.007298493499699632,-1.1243578615749334e-11,-2.200462041141513,-3.1412887419360116,0.015080565313096626,-5.801570975858339e-12
0.7833333333333333,1,56,0.00918763266489681,-3.778613960568833e-12,2.094396238407544,2.1141168246549493,-0.010905751776788658,-2.7909751118925795e-12,1.286950488965626,1.7394516361827237,-0.06314151721096724,-1.129636351141715e-11,-2.2004620427595114,-3.1560360571967694,-0.4009966131285729,-5.828807439366598e-12
0.7875,1,56,0.01061903478928843,-3.795987288255851e-12,2.094396011204035,2.123837120177766,-0.009690531115401467,-2.8038074693895923e-12,1.3060470983561703,1.7474492944739595,0.007187283217681076,-1.1348301980655744e-11,-2.2004620446122956,-3.1705468934943917,0.015670053538093785,-5.855607155539086e-12
0.7916666666666666,1,56,0.011525434943764129,-3.8130745109431926e-12,2.094395829441228,2.133397341292414,-0.00963868398991878,-2.816428502855672e-12,1.32248003883894,1.7553152468500102,-0.06378101135932775,-1.1399385124075794e-11,-2.2004620467362828,-3.184818764471781,-0.40033931055933114,-5.8819655323824025e-12
0.7958333333333333,1,56,0.013102915310749436,-3.829872700823216e-12,2.0943956840309825,2.142795849904222,-0.008102932613827983,-2.828836049741709e-12,1.3421209456064906,1.7630481455204303,0.005612290142221632,-1.1449604188843654e-11,-2.2004620482823025,-3.1988492247173177,0.01632735610733552,-5.9078780535243696e-12
0.8,1,56,0.014044180250380152,-3.8463789796125605e-12,2.094395567702786,2.152031035627123,-0.008013811730967837,-2.8410279840784164e-12,1.3591840385924496,1.7706466654928417,-0.0656214212698761,-1.1498950570181103e-11,-2.20046205006528,-3.2126358701838664,-0.3996580228188073,-5.933340278987885e-12
0.8041666666666667,1,56,0.015744388912677793,-3.8625905190453314e-12,2.094395474640229,2.161101316059586,-0.006224140874477856,-2.853002216840611e-12,1.378795764695228,1.778109504799964,0.0030801738616578617,-1.1547415812839733e-11,-2.2004620510111286,-3.226176338600701,0.01700864384785936,-5.958347845951697e-12
0.8083333333333333,1,56,0.016695210796655292,-3.878504541357704e-12,2.094395400190183,2.1700051370557523,-0.006153860161680775,-2.864756696305152e-12,1.3959152626102727,1.785435384722701,-0.06807305679684869,-1.1594991612549714e-11,-2.2004620520253537,-3.2394683098782644,-0.3989908825515259,-5.982896469497946e-12
0.8125,1,56,0.018497133066423536,-3.89411831976388e-12,2.0943953406301468,2.1787409729917324,-0.0041670552306539085,-2.876289408402496e-12,1.4156256547825128,1.7926230500092415,0.0006047799959686527,-1.1641669817442689e-11,-2.2004620528235477,-3.252509506505706,0.017675784115140734,-6.0069819433463625e-12
0.8166666666666667,1,56,0.01944177001625133,-3.909429178923311e-12,2.0943952929821172,2.1873073270270096,-0.0041481762897582495,-2.887598377061795e-12,1.4329240179260443,1.799671269090141,-0.06991173417096765,-1.1687442429448547e-11,-2.2004620536611035,-3.2652976939411196,-0.39830457638248373,-6.0306001405749965e-12
0.8208333333333333,1,56,0.02132261482727137,-3.924434495399099e-12,2.0943952548636937,2.1957027313609205,-0.0020090292165754597,-2.8986816645494887e-12,1.4521496068732205,1.8065788342893445,-0.0011060791110919363,-1.1732301605665861e-11,-2.200462054129653,-3.277830680994422,0.018362090284182928,-6.0537470143273385e-12
0.825,1,56,0.022246124699263247,-3.939131698107514e-12,2.094395224368955,2.2039257474841523,-0.00205927259485104,-2.9095373718013223e-12,1.4690386678005714,1.813344562031115,-0.07104295233355731,-1.1776239659705721e-11,-2.2004620548171814,-3.2901063202028014,-0.3975966811740507,-6.076418598505733e-12
0.8291666666666666,1,56,0.024188536262547997,-3.953518268758534e-12,2.094395199973164,2.2119749664252235,0.0002026659954732563,-2.920163638747744e-12,1.487892382591922,1.8199672930428341,-0.0017902640550204658,-1.1819249063008761e-11,-2.200462055223347,-3.3021225081986745,0.019069985492615935,-6.098611008450941e-12
0.8333333333333334,1,56,0.025084380272410542,-3.96759174228734e-12,2.094395180456531,2.2198490089919076,8.313756747027754e-05,-2.9305586446326173e-12,1.5044762640824008,1.8264458925536378,-0.071131237422806,-1.1861322446135142e-11,-2.200462055780062,-3.3138771860700893,-0.3968641894318771,-6.120320441607773e-12
0.8375,1,56,0.027073811780125554,-3.9813497072766925e-12,2.094395164843225,2.227546526007545,0.0024499901928472815,-2.940720608325196e-12,1.5230586565457802,1.83277925048885,-0.0014007644467903028,-1.1902452600027251e-11,-2.2004620561264576,-3.325368339713503,0.019802477234789537,-6.1415431781766085e-12
0.8416666666666667,1,56,0.027935412472344875,-3.994789806370117e-12,2.09439515235258,2.235066198542222,0.0022624702821198803,-2.950647788625316e-12,1.5394301716121708,1.838966281660194,-0.07033576630557938,-1.1942632477244963e-11,-2.200462056570586,-3.3365940001788976,-0.39610329190312343,-6.162275581750797e-12
0.8458333333333333,1,56,0.029950752960084488,-4.0079097366758235e-12,2.0943951423600637,2.242406738138762,0.004714780812532996,-2.960338484561738e-12,1.557131018480468,1.8450059259517293,-0.0006204254098099253,-1.1981855193173164e-11,-2.2004620567780266,-3.347552244007141,0.020563374763543227,-6.182514099939716e-12
0.85,1,56,0.030760942166456202,-4.020707250161297e-12,2.094395134366051,2.2495668870334944,0.004450380191609141,-2.9697910356836016e-12,1.5726764279743062,1.8508971485014987,-0.06967802563528867,-1.2020114027201397e-11,-2.2004620571316265,-3.358241193559568,-0.39531268508584055,-6.202255264977462e-12
0.8541666666666666,1,56,0.032786252503232735,-4.033180154038482e-12,2.094395127970841,2.256545418371766,0.006973980758730935,-2.979003822344934e-12,1.589584991414209,1.8566389398788463,-7.778166448076019e-05,-1.2057402423875408e-11,-2.2004620573144393,-3.3686590173396977,0.021353981580826107,-6.221495694317033e-12
0.8583333333333333,1,56,0.03353241234799688,-4.045326311139509e-12,2.0943951228546727,2.263341136418158,0.006627473827201928,-2.987975265982167e-12,1.6043884423895918,1.8622303162573781,-0.06931788030639736,-1.2093713994020386e-11,-2.200462057594218,-3.378803930307057,-0.39449532767510403,-6.24023209120991e-12
0.8624999999999999,1,56,0.035551701713055016,-4.05714364028289e-12,2.0943951187617382,2.2699528767613675,0.009208114986112858,-2.9967038293846204e-12,1.6205864072116947,1.867670319583537,0.0001229911687035382,-1.2129042515835726e-11,-2.200462057752236,-3.3886741941830367,0.022171338991562626,-6.2584612452709445e-12
0.8666666666666667,1,56,0.03621992993737131,-4.068630116630112e-12,2.0943951154873908,2.2763795065137242,0.008771516560892695,-3.0051880169578893e-12,1.6347220940722007,1.8729580177407577,-0.06927130660957528,-1.2163381935961081e-11,-2.2004620579717438,-3.3982681177487324,-0.39365580908421793,-6.276180033028431e-12
0.8708333333333333,1,56,0.03835219514514727,-4.0797837720325824e-12,2.094395112867913,2.282619924505304,0.011733194971691728,-3.0134263749801084e-12,1.6495819031755583,1.8780925047091817,-0.0004590951192348823,-1.2196726370513592e-11,-2.2004620580708165,-3.4075840571347307,0.023010857582448727,-6.293385418459301e-12
0.875,1,56,0.03905960168436872,-4.0906026953688705e-12,2.0943951107723304,2.2886730614726094,0.011527442043988203,-3.0214174918510436e-12,1.662406026897126,1.8830729007209002,-0.07027564020935491,-1.222907010609606e-11,-2.2004620582422936,-3.416620416102777,-0.39280428400178546,-6.310074453509337e-12
0.8791666666666667,1,56,0.041138102446348065,-4.101085032872156e-12,2.0943951090958643,2.294537880241784,0.014495110468063068,-3.0291599983339565e-12,1.6759842491216823,1.8878983524106954,-0.001648867345617914,-1.2260407600775895e-11,-2.2004620583314503,-3.425375646319281,0.023862382664881197,-6.326244278598298e-12
0.8833333333333333,1,56,0.04173916790866999,-4.111228988447872e-12,2.0943951077546914,2.300213375906323,0.014186736663607655,-3.0366525677902193e-12,1.6875512666564803,1.8925680329622614,-0.07136666702373315,-1.229073348503471e-11,-2.2004620584669325,-3.433848247620617,-0.3919449398766807,-6.341892123109897e-12
0.8875,1,56,0.043814354135814464,-4.1210328239814526e-12,2.094395106681753,2.3056985759992616,0.017243308293428766,-3.0438939164066287e-12,1.7001782607953733,1.8970811422498757,-0.0025284825089428743,-1.2320042562688359e-11,-2.200462058553177,-3.44203676827017,0.02472172678998594,-6.357015305866533e-12
0.8916666666666666,1,56,0.044351488284951876,-4.1304948596361485e-12,2.0943951058234025,2.310992540659802,0.01690744069990451,-3.0508828034153775e-12,1.710811955050121,1.9014369069754955,-0.0719131262326485,-1.2348329811777267e-11,-2.2004620586609223,-3.44993980520708,-0.39107750621606263,-6.3716112355886955e-12
0.8958333333333334,1,56,0.04640798180949424,-4.139613474140861e-12,2.094395105136722,2.3160943627943538,0.020040873460512677,-3.0576180313066553e-12,1.7226643833875386,1.905634580801258,-0.002692029135511621,-1.2375590385426923e-11,-2.200462058738099,-3.4575560042866544,0.02558916045060403,-6.385677411338964e-12
0.9,1,56,0.046872151370585695,-4.148387105067937e-12,2.0943951045873774,2.3210031682319574,0.019677225848920663,-3.0640984460338367e-12,1.732536182183891,1.9096734444773638,-0.07171707804586874,-1.2401819612678377e-11,-2.200462058824157,-3.464884060512388,-0.39019896987676855,-6.399211422950541e-12
0.9041666666666667,1,56,0.04888266290844609,-4.156814249100886e-12,2.094395104147902,2.3257181158740723,0.02286663142060501,-3.070322937211218e-12,1.7430807166737898,1.9135528059653133,-0.00242681821444046,-1.242701299928856e-11,-2.200462058880269,-3.471922718259572,0.026467696789898108,-6.412210951440207e-12
0.9083333333333333,1,56,0.049251244504349895,-4.164893462291958e-12,2.0943951037963213,2.3302383978386922,0.02246320353008979,-3.076290438304281e-12,1.7516548214592396,1.9172720005564867,-0.07145393771894774,-1.2451166228500378e-11,-2.2004620589500092,-3.4786707714904357,-0.3893074416413544,-6.4246737694056754e-12
0.9125,1,56,0.0512015264210831,-4.172623360309566e-12,2.094395103515057,2.334563239598773,0.025698150462375675,-3.081999926812434e-12,1.7611958111348665,1.9208303909860374,-0.00199551494384622,-1.2474275161782344e-11,-2.200462059002853,-3.485127063960798,0.02735922502531227,-6.43659774140725e-12
0.9166666666666666,1,56,0.05148736269643708,-4.18000261867548e-12,2.0943951032900454,2.338691900114944,0.02527345639390213,-3.087450424444213e-12,1.7698909563897092,1.9242273675420838,-0.07043962302841758,-1.2496335839537705e-11,-2.200462059072851,-3.491290489418181,-0.3883793240796997,-6.447980824333713e-12
0.9208333333333333,1,56,0.053511575737283844,-4.187029972991765e-12,2.0943951031100365,2.34262367196248,0.028875892870423036,-3.092640997284909e-12,1.7794163082187282,1.9274623481701811,-0.0006399695128226052,-1.2517344481782899e-11,-2.200462059116072,-3.4971599917913623,0.028287342586966944,-6.458821067752403e-12
0.9249999999999999,1,56,0.052766351439165055,-4.1937042191574365e-12,2.094395102966029,2.346357881452515,0.02617128519166423,-3.0975707559565863e-12,1.7880742336860485,1.930534778573052,-0.06818774331942275,-1.2537297488795226e-11,-2.20046205917455,-3.5027345653713255,-0.3874281090140923,-6.469116614243417e-12
0.9291666666666667,1,56,0.05421075616174069,-4.200024213574774e-12,2.0943951028508234,2.349893888747477,0.02843864759786641,-3.1022388557704746e-12,1.7975641663681439,1.933444132305564,0.0020858867291729476,-1.2556191441729656e-11,-2.200462059210385,-3.5080132549835863,0.029238557652574357,-6.478865699717865e-12
0.9333333333333333,1,56,0.053935052178651716,-4.2059888733452685e-12,2.094395102758659,2.3532310879707206,0.02691904193642171,-3.1066444968717034e-12,1.8061969889582288,1.9361899108649328,-0.06653782883438523,-1.2574023103204621e-11,-2.200462059255137,-3.5129951561518546,-0.3864661640484165,-6.488066653720142e-12
0.9375,1,56,0.05567768464593778,-4.211597176455175e-12,2.0943951026849272,2.356368907310337,0.030023945892663394,-3.110786924376349e-12,1.815660396192332,1.9387716437761366,0.002990211694894035,-1.2590789417856721e-11,-2.200462059285591,-3.5176794152530118,0.030200502618250167,-6.496717899714143e-12
0.9416666666666667,1,56,0.0556678607092245,-4.216848161950627e-12,2.094395102625942,2.359306809117137,0.029257752883396528,-3.114665428500785e-12,1.824262348230017,1.9411888886725328,-0.06650738221938494,-1.2606487512864257e-11,-2.2004620593208744,-3.5220652296633754,-0.3854937515944654,-6.504817955353404e-12
0.9458333333333333,1,56,0.057499844691505,-4.2217409301022934e-12,2.0943951025787535,2.36204428999677,0.03277637957827015,-3.1182793446832953e-12,1.8329947762482652,1.9434412313716523,0.0020930822271578295,-1.2621114698439462e-11,-2.200462059342801,-3.5261518478962253,0.031172915072201244,-6.5123654327350926e-12
0.95,1,56,0.05647438903735129,-4.226274642559537e-12,2.094395102541003,2.3645808808959803,0.029782051489546102,-3.121628053697947e-12,1.8408483204056592,1.945528285946168,-0.06727133559253595,-1.2634668468289388e-11,-2.2004620593719935,-3.529938569730564,-0.3845123467813777,-6.519359038637812e-12
0.9541666666666666,1,56,0.05788026975395267,-4.230448522494069e-12,2.094395102510802,2.366916147182975,0.032331838087872405,-3.124710981760689e-12,1.8489775168505616,1.9474496947900233,0.001150906753356302,-1.2647146500045345e-11,-2.200462059390597,-3.5334247463311,0.03215431988528897,-6.525797574743194e-12
0.9583333333333334,1,56,0.05745785879006787,-4.234261854733051e-12,2.094395102486642,2.3690496887218986,0.03085127901749443,-3.1275276006276697e-12,1.8562425791900292,1.9492051286797045,-0.06900086532765945,-1.2658546655660834e-11,-2.200462059413014,-3.53660978035942,-0.38354136265981165,-6.531679937841224e-12
0.9625,1,56,0.05912876169255176,-4.237713985881633e-12,2.0943951024673133,2.3709811399413914,0.03420072791352285,-3.1300774276857456e-12,1.8639166460039538,1.9507942868306511,-0.000897311087581342,-1.2668866981777874e-11,-2.200462059429568,-3.539493126076339,0.03312530400685501,-6.537005120019267e-12
0.9666666666666667,1,56,0.05789410961730068,-4.240804324434915e-12,2.0943951024518506,2.3727101698972297,0.030919895461803164,-3.1323600260351768e-12,1.8707086414311591,1.9522168969487947,-0.07022119903830183,-1.2678105710061712e-11,-2.2004620594483897,-3.5420742894354125,-0.3825710976249137,-6.54177220883477e-12
0.9708333333333333,1,56,0.05915424758062574,-4.243532340879295e-12,2.0943951024394805,2.3742364823290325,0.03332383645709789,-3.134375004564487e-12,1.8780419599700258,1.953472715277216,-0.0015431525076305297,-1.2686261257503824e-11,-2.2004620594624678,-3.5443528281675865,0.034095569041752954,-6.545980387471606e-12
0.975,1,56,0.05852972357125155,-4.2458975677832e-12,2.0943951024295844,2.375559815711022,0.031572109167179487,-3.136122018017479e-12,1.8844996200660824,1.954561526637909,-0.07100654946963912,-1.2693332226693137e-11,-2.2004620594770046,-3.5463283518569795,-0.38161149880748635,-6.549628934880031e-12
0.9791666666666666,1,56,0.06010619451150076,-4.247899599877174e-12,2.0943951024216676,2.3766799432968346,0.03485019381068138,-3.1376007670523904e-12,1.8914830083742906,1.955483144468652,-0.002198312449254593,-1.2699317406055481e-11,-2.2004620594890665,-3.548000522007777,0.03505516785918031,-6.552717225900226e-12
0.9833333333333333,1,56,0.05872412756849731,-4.249538094123327e-12,2.094395102415334,2.377596673158376,0.03137606097402801,-3.138810998293187e-12,1.8975646262126904,1.9562374108549745,-0.07081374552812232,-1.2704215770061186e-11,-2.200462059501311,-3.549369052102232,-0.3806467236898152,-6.5552447313694266e-12
0.9874999999999999,1,56,0.05988223611351715,-4.250812769774104e-12,2.0943951024102674,2.3783098482187044,0.03370191780109491,-3.1397525043729768e-12,1.9042951655684177,1.9568241965572144,-0.001370833604789871,-1.2708026479400797e-11,-2.2004620595115187,-3.5504337076497587,0.03601994297685143,-6.557211018212581e-12
0.9916666666666667,1,56,0.05909715046118308,-4.251723408420392e-12,2.0943951024062137,2.378819346278943,0.03174384278641333,-3.1404251239695383e-12,1.9101094478924037,1.9572434010326618,-0.07029477398517306,-1.2710748881128884e-11,-2.200462059520921,-3.551194306227109,-0.37968927235919214,-6.55861574951656e-12
0.9958333333333333,1,56,0.06055265143400687,-4.25226985402895e-12,2.094395102402971,2.379125080039223,0.034924192105830476,-3.1408287418329673e-12,1.91655138871288,1.9574949524527885,-0.000886291176332446,-1.2712382508775929e-11,-2.2004620595296194,-3.551650717509633,0.036977394307474515,-6.559458684587888e-12
1.0,1,56,0.0600414958175253,-4.2524520129691355e-12,2.0943951024003766,2.3792269971136384,0.03375887065711502,-3.140963288805421e-12,1.9220332490782557,1.9575788077155531,-0.07001109105114255,-1.271292708242824e-11,-2.2004620595371214,-3.5518028632936067,-0.3787349093920625,-6.559739678993979e-12
1.0041666666666667,1,56,0.06158949821311478,-4.252927646510859e-12,2.0943951023983014,2.37927188700798,0.03738465827330409,-3.1417694764062817e-12,1.9274230816375617,1.957610541968836,-0.0009799653946087265,-1.271268198677075e-11,-2.2004620595437263,-3.5518127906603825,0.037931757274604155,-6.55946192874713e-12
1.0083333333333333,1,56,0.06013479244566612,-4.25435422116056e-12,2.094395102396641,2.379406525925713,0.034113530528701995,-3.1441874866881532e-12,1.9318367262033462,1.957705722979613,-0.0698346454839909,-1.27119468677746e-11,-2.2004620595502367,-3.5518425659569886,-0.3777723772947348,-6.5586288683627275e-12
1.0125,1,56,0.061304000812969696,-4.2567307592152305e-12,2.0943951023953127,2.3796308215920496,0.03684046013515196,-3.1482156624675695e-12,1.9364683169404193,1.957864285515574,-0.0006830216937058274,-1.2710722229253634e-11,-2.200462059556182,-3.5518921687769236,0.03889428937193187,-6.557241068778746e-12
1.0166666666666666,1,56,0.060486252661535074,-4.2600556319144e-12,2.09439510239425,2.379944620285943,0.03514221457177185,-3.1538512430340635e-12,1.9407283681526477,1.9580861209058762,-0.06981062763163322,-1.2709008910513918e-11,-2.2004620595619695,-3.5519615651248926,-0.37680185643933517,-6.555299481123701e-12
1.0208333333333333,1,56,0.061945504542890495,-4.264326560556401e-12,2.0943951023934,2.3803477069454435,0.038714405991099585,-3.1610903660422192e-12,1.9452259729405754,1.958371077115625,-0.0006554353459867287,-1.2706808085778536e-11,-2.20046205956734,-3.5520507074401055,0.03986481022733149,-6.552805436064784e-12
1.025,1,56,0.06039273451755633,-4.269540618060081e-12,2.09439510239272,2.3808398053150888,0.03532139287927896,-3.169928070158729e-12,1.9493724593646031,1.9587189588500677,-0.06926337286763762,-1.2704121263382826e-11,-2.2004620595725513,-3.552159534628872,-0.37581721187374945,-6.549760642895899e-12
1.0291666666666666,1,56,0.061491301785292884,-4.275694230970873e-12,2.094395102392176,2.3814205781352373,0.03800973250161346,-3.1803582984626435e-12,1.9537805369942973,1.9591295276884406,0.00019387399092863445,-1.270095028474065e-11,-2.2004620595772315,-3.552287972106473,0.04084945479291721,-6.546167188366193e-12
1.0333333333333332,1,56,0.06057942213560096,-4.282783181909869e-12,2.094395102391741,2.382089627373209,0.03619915705209006,-3.1923739025964855e-12,1.957881227468546,1.9596025022473704,-0.06892546042521396,-1.2697297323082374e-11,-2.2004620595815405,-3.5524359318482768,-0.37483038767190086,-6.542027535249904e-12
1.0375,1,56,0.061971411831916054,-4.290802612464197e-12,2.0943951023913927,2.3828464944960754,0.039741962415077256,-3.2059666476653752e-12,1.9622661101594259,1.96013755837372,0.00031695832515157835,-1.2693164881965451e-11,-2.2004620595857505,-3.5526033124500667,0.0418362789947658,-6.537344520658498e-12
1.0416666666666667,1,56,0.06033497449942039,-4.2997470265167334e-12,2.0943951023911143,2.3836906607849166,0.03624727461385753,-3.2211272178808136e-12,1.9663678129577105,1.9607343293667467,-0.06851088124371911,-1.2688555793558603e-11,-2.2004620595896167,-3.55278999919754,-0.3738291541011635,-6.532121354096252e-12
1.0458333333333334,1,56,0.06137488184456356,-4.30961029401287e-12,2.0943951023908913,2.384621547690326,0.03891550888850465,-3.2378452229452636e-12,1.9707806055267048,1.9613924062294217,0.0008465253937997852,-1.2683473216700791e-11,-2.2004620595932654,-3.552995864144925,0.04283751256550314,-6.5263616152606274e-12
1.05,1,56,0.06037880411153788,-4.3203856551617474e-12,2.0943951023907132,2.3856385172289167,0.03700622892162754,-3.256109205173136e-12,1.9749518504319115,1.9621113379487347,-0.06846066218796186,-1.2677920634736317e-11,-2.2004620595964357,-3.5532207662026694,-0.3728299438826778,-6.5200692515889155e-12
1.0541666666666667,1,56,0.061714781790258445,-4.332065725069074e-12,2.0943951023905707,2.386740872420566,0.040536178777624096,-3.2759066473433192e-12,1.979459293310394,1.9628906318047972,0.000699754434320123,-1.2671901853127501e-11,-2.2004620595996807,-3.5534645512341374,0.04383672278398884,-6.513248575552866e-12
1.0583333333333333,1,56,0.060002614473596005,-4.344642498798369e-12,2.0943951023904566,2.3879278577660896,0.036949270047109926,-3.2972239812778536e-12,1.9837427639315441,1.963729753708526,-0.06834448962804036,-1.2665420996846611e-11,-2.20046205960248,-3.5537270521612454,-0.3718214458069207,-6.505904261703135e-12
1.0625,1,56,0.06099501516722178,-4.358107356857142e-12,2.094395102390365,2.389198659765023,0.03961346405098977,-3.3200465971408848e-12,1.9883913692060737,1.9646281285676843,0.0009193355499608387,-1.2658482507548817e-11,-2.2004620596052527,-3.5540080890789705,0.04484522085974593,-6.4980413434655765e-12
1.0666666666666667,1,56,0.05992313158907597,-4.3724510711042635e-12,2.0943951023902923,2.390552407473154,0.0376161093339114,-3.344358853451515e-12,1.9928561868115555,1.9655851406810179,-0.06849821072901939,-1.26510911405281e-11,-2.200462059607507,-3.554307469378647,-0.3708183253123538,-6.489665209691591e-12
1.0708333333333333,1,56,0.0612650972957179,-4.387663811074473e-12,2.0943951023902336,2.391988173099424,0.041213959910169184,-3.3701440878036948e-12,1.9977144698682912,1.9666001341602282,0.0006333980342747772,-1.2643251961458205e-11,-2.2004620596099183,-3.5546249878799725,0.045848341354312844,-6.4807816009648685e-12
1.075,1,56,0.05953617517024462,-4.403735150715689e-12,2.094395102390187,2.393504972641792,0.037605807899905065,-3.397384628285799e-12,2.002409924910684,1.9676724133794845,-0.0685079299009467,-1.2634970342920895e-11,-2.20046205961186,-3.554960426971626,-0.3698069158165854,-6.471396605667085e-12
1.0791666666666666,1,56,0.060540917140909124,-4.420654075534503e-12,2.0943951023901497,2.3951017665616163,0.0403453179107638,-3.4260618055920765e-12,2.0073883009978646,1.968801243452172,0.0007062106739148764,-1.2626251960723838e-11,-2.200462059613842,-3.55531355676041,0.04685975085008123,-6.461516655805226e-12
1.0833333333333333,1,56,0.059441004547255906,-4.438408990144962e-12,2.09439510239012,2.396777460496107,0.038326832122076084,-3.4561559658176593e-12,2.011685787944628,1.9699858507345445,-0.06907828755835883,-1.2617102790010698e-11,-2.200462059615276,-3.5556841352288067,-0.36880843532288704,-6.451148522603412e-12
1.0875,1,56,0.06077981479342021,-4.45698772621547e-12,2.094395102390096,2.3985309060083435,0.04200489401498957,-3.4876464839283654e-12,2.015741978664494,1.9712254233559436,-0.0005036598447704358,-1.260752910116607e-11,-2.200462059616885,-3.556071908400844,0.04785823134377962,-6.440299311862242e-12
1.0916666666666666,1,56,0.05902110182095356,-4.476377550808355e-12,2.094395102390077,2.4003609013743583,0.03837906595047993,-3.5205117778960677e-12,2.0197081551802736,1.9725191117752126,-0.06998012130984665,-1.2597537455518074e-11,-2.2004620596182125,-3.55647661051616,-0.3677992846482993,-6.428976459088824e-12
1.0958333333333332,1,56,0.06002426480170087,-4.496565175106382e-12,2.0943951023900613,2.402266192406738,0.041203134665736676,-3.5547293234899395e-12,2.0234661803931937,1.9738660293629298,-0.0012129901461166077,-1.2587134700841542e-11,-2.200462059619585,-3.5568979642121397,0.04886738201836735,-6.4171877244008635e-12
1.1,1,56,0.05889993251247124,-4.5175367635202525e-12,2.094395102390049,2.4042454733141807,0.03918497087614705,-3.590275669713437e-12,2.027178543122472,1.9752652530090609,-0.07074421972906256,-1.25763279666649e-11,-2.200462059620664,-3.5573356807140075,-0.36679995412866023,-6.404941187208252e-12
1.1041666666666667,1,56,0.06025163714170066,-4.5392779431708215e-12,2.094395102390039,2.4062973875964193,0.04296010299618974,-3.6271264548764338e-12,2.0307160787105065,1.9767158237556115,-0.001850497026041719,-1.2565124659383944e-11,-2.2004620596218727,-3.5577894600327373,0.049866712538006425,-6.3922452406758566e-12
1.1083333333333334,1,56,0.05848344233848623,-4.561773813739552e-12,2.094395102390031,2.4084205289739002,0.039350343031319526,-3.6652564232915195e-12,2.034236745236928,1.9782167474538495,-0.07079872969851513,-1.2553532457185868e-11,-2.200462059622826,-3.558258991170651,-0.3657934371966652,-6.379108585971251e-12
1.1125,1,56,0.05950988400725553,-4.585008957680452e-12,2.094395102390025,2.410613442351577,0.04227903629156013,-3.704639442582977e-12,2.0377535751837956,1.9797669954456452,-0.0013969063310422117,-1.2541559304787013e-11,-2.200462059623878,-3.5587439523345594,0.050873229470001474,-6.365540226301381e-12
1.1166666666666667,1,56,0.058401008085145964,-4.608967450786483e-12,2.09439510239002,2.412874624816158,0.04031165511760346,-3.745248521596609e-12,2.0412940424017263,1.9813655052684611,-0.07032583048977312,-1.2529213407987963e-11,-2.200462059624656,-3.559244011156306,-0.3647904974316878,-6.351549460742208e-12
1.1208333333333333,1,56,0.059795336100391366,-4.633632873103226e-12,2.094395102390016,2.4152025266661314,0.04421698962111754,-3.78705582889813e-12,2.0448625286618696,1.9830111813835125,-0.0007441018674115646,-1.2516503228049693e-11,-2.2004620596255764,-3.5597588249205527,0.05187616923497887,-6.337145877865594e-12
1.125,1,56,0.05805561977005861,-4.6589883201822884e-12,2.094395102390013,2.417595552473851,0.04066174194803804,-3.830032711847434e-12,2.048479278793722,1.9847028959265933,-0.06938466445561689,-1.2503437475894643e-11,-2.2004620596262563,-3.560288040799661,-0.36377321093911874,-6.322339349167765e-12
1.1291666666666667,1,56,0.05912856302933468,-4.6850164146667775e-12,2.0943951023900103,2.4200520621789616,0.04371991235665793,-3.874149716235693e-12,2.05215512204861,1.9864394894810589,0.0003899105277193735,-1.2490025106136692e-11,-2.200462059627035,-3.560831296095502,0.05289345572754792,-6.30714002230389e-12
1.1333333333333333,1,56,0.0580481152241685,-4.711699318200863e-12,2.094395102390008,2.422570372212417,0.04180717700569039,-3.919376606471793e-12,2.0559175992564067,1.9882197718724315,-0.06863011233646232,-1.2476275310944109e-11,-2.200462059627579,-3.5613882184880326,-0.36275576283913585,-6.291558314133378e-12
1.1375,1,56,0.059486267883832815,-4.739018743655306e-12,2.0943951023900063,2.4251487566503127,0.0458424342303179,-3.965682386304299e-12,2.059633666936284,1.9900425229840872,0.0009019368666927679,-1.2462197513739703e-11,-2.200462059628238,-3.5619584262904636,0.053910903827530804,-6.275604903580685e-12
1.1416666666666666,1,56,0.057791841301588195,-4.7669559676605345e-12,2.094395102390005,2.4277854483967483,0.042351155637497286,-4.0130353200647385e-12,2.063464504819459,1.991906493593463,-0.06816504266023173,-1.2447801362742474e-11,-2.200462059628703,-3.5625415287108493,-0.36172431936995963,-6.259290724316512e-12
1.1458333333333333,1,56,0.05892600040309982,-4.795491843438711e-12,2.094395102390004,2.430478640394906,0.045554498125125804,-4.061402954417646e-12,2.067282717909682,1.99381040622821,0.001280036453587378,-1.2433096724355212e-11,-2.200462059629249,-3.5631371261199183,0.05494234729670702,-6.242626957264417e-12
1.15,1,56,0.05788475620731639,-4.824606813925977e-12,2.094395102390003,2.433226486865519,0.04370356515112151,-4.110752140602451e-12,2.0712561746086644,1.9957529560417113,-0.06821356939612515,-1.2418093676402557e-11,-2.2004620596296136,-3.5637448103249563,-0.36069623675373774,-6.225625022937963e-12
1.1541666666666666,1,56,0.059385629919125354,-4.854280925175883e-12,2.0943951023900027,2.436027104571873,0.04788843980631003,-4.16104905715199e-12,2.075253661018937,1.9977328117073572,0.0010089912481611783,-1.2402802501224154e-11,-2.200462059630071,-3.5643641648495645,0.055970429912928915,-6.208296573613671e-12
1.1583333333333332,1,56,0.05773620658912162,-4.884493840034836e-12,2.0943951023900023,2.438878574110488,0.04445486311179111,-4.212259233072047e-12,2.079436010986237,1.9997486163309703,-0.06847555270872666,-1.238723367862766e-11,-2.200462059630374,-3.564994765219088,-0.35965754536092187,-6.190653485345134e-12
1.1625,1,56,0.058941517774068725,-4.915224852080161e-12,2.094395102390002,2.4417789412265747,0.0478126079494126,-4.264347571466056e-12,2.0836764054854267,2.0017989883807537,0.0007207215306962971,-1.2371397878706404e-11,-2.2004620596307416,-3.565636179251534,0.05700912130574479,-6.172707849823758e-12
1.1666666666666667,1,56,0.05698939078888251,-4.9464528998112476e-12,2.0943951023900014,2.444726218153389,0.04350922123172423,-4.3172783735887445e-12,2.0881411654365634,2.003882522634122,-0.06875082216816761,-1.2355305954526634e-11,-2.2004620596309787,-3.5662879673537637,-0.3586203622658705,-6.154471966091727e-12
1.1708333333333334,1,56,0.05808332622967097,-4.978156581084057e-12,2.094395102390001,2.4477183849745443,0.0464374772715168,-4.371015363312294e-12,2.0926964964784256,2.0059977911407736,0.0004670687084855897,-1.2338968934689374e-11,-2.200462059631268,-3.5669496828227687,0.05804630440079614,-6.135958332112845e-12
1.175,1,56,0.056961576316582115,-5.010314167779081e-12,2.094395102390001,2.4507533910083645,0.04417330190226117,-4.425521711988171e-12,2.0975183848641477,2.0081433442013337,-0.06912324853526475,-1.232239801577197e-11,-2.200462059631441,-3.5676208721518208,-0.3575936379003211,-6.117179636207068e-12
1.1791666666666667,1,56,0.05847238406130299,-5.0429036206927045e-12,2.094395102390001,2.4538291562133154,0.04842653885630892,-4.480760063687645e-12,2.096893678121209,2.0103177113609076,-0.0025597298381577253,-1.2305604554654508e-11,-2.2004621021986446,-3.56830107534128,0.057859321881279124,-6.09814874835455e-12
1.1833333333333333,1,56,0.0567912238016366,-5.0759026046417815e-12,2.094395102390001,2.456943572613563,0.04490638575931654,-4.536692560803678e-12,2.0963938813620815,2.0125194024168556,-0.07375616723288443,-1.2288600060736389e-11,-2.2004621688982624,-3.5689898262138566,-0.3579820059502444,-6.078878711375213e-12
1.1875,1,56,0.05808656753413506,-5.109288503771047e-12,2.094395102390001,2.460094505743676,0.04849669171110347,-4.593280869996639e-12,2.095994051644373,2.014746908440106,-0.005886242236789925,-1.227139618804835e-11,-2.2004622318007954,-3.569686652734108,0.05868466071642228,-6.059382731989842e-12
1.1916666666666667,1,56,0.05618516983113941,-5.143038437052903e-12,2.094395102390001,2.4632797961114794,0.044330282549956065,-4.6504862084660556e-12,2.095674178205453,2.0169987028092957,-0.07541211747008326,-1.225400472726538e-11,-2.200462300358258,-3.570391077331943,-0.3571966360427088,-6.0396741717688615e-12
1.1958333333333333,1,56,0.057383465777866086,-5.177129273968924e-12,2.094395102390001,2.466497260678064,0.04750312704319864,-4.7082693705304105e-12,2.0954182879645287,2.019273242257044,-0.006138872658128344,-1.2236437597625975e-11,-2.2004623643746744,-3.57110261722993,0.059470030623957865,-6.019766537974984e-12
1.2,1,56,0.056345752731077135,-5.211537650362364e-12,2.094395102390001,2.469744694353931,0.04546453036403322,-4.766590754496758e-12,2.095213568085399,2.02156896792763,-0.07453886519138257,-1.2218706838763293e-11,-2.2004624323396134,-3.5718207847741645,-0.35643958021572436,-5.999673474306001e-12
1.2041666666666666,1,56,0.05799635565119904,-5.246239984450777e-12,2.094395102390001,2.4730198715102527,0.04982558516333245,-4.825410389801747e-12,2.095049797749191,2.023884306445352,-0.0041944410125598925,-1.220082460245379e-11,-2.2004624982180654,-3.5725450877684852,0.060227086450942297,-5.979408751544082e-12
1.2083333333333333,1,56,0.05645105067148558,-5.281212492987802e-12,2.094395102390001,2.4763205475042045,0.046432858812412735,-4.884687964405444e-12,2.0949187723138247,2.0262176709928443,-0.07188279735742825,-1.2182803144288988e-11,-2.200462569128284,-3.5732750298117995,-0.3556684482979741,-5.958986258117962e-12
1.2125,1,56,0.057816966547319014,-5.316431207563002e-12,2.094395102390001,2.479644460217333,0.04997328395795315,-4.944382852419199e-12,2.0948139606105394,2.0285674623986,-0.0009765821110865667,-1.2164654815276128e-11,-2.2004626354092,-3.5740101106382927,0.06099821836869254,-5.9384199905845085e-12
1.2166666666666666,1,56,0.05599688302725316,-5.3518719910286215e-12,2.094395102390001,2.4829893316058977,0.04576745705335686,-5.004454141948592e-12,2.0947301014225843,2.0309320702329643,-0.06880623756884875,-1.2146392053373383e-11,-2.200462707201457,-3.5747498264602835,-0.3548892588947181,-5.917724044036182e-12
1.2208333333333332,1,56,0.05719753475303184,-5.38751055404198e-12,2.094395102390001,2.486352869262128,0.04880589093652541,-5.064860663132407e-12,2.094663023016747,2.033309873911843,0.0019505138459141441,-1.2128027374965516e-11,-2.2004627741125056,-3.5754936703134983,0.06177740777194854,-5.896912602440961e-12
1.225,1,56,0.0561785741311316,-5.423322471712176e-12,2.094395102390001,2.4897327679853287,0.04663046965726909,-5.125561016358402e-12,2.0946093527770016,2.0356992438073673,-0.06680952739597779,-1.2109573366285771e-11,-2.2004628446453047,-3.576241132404515,-0.3541134309265706,-5.8759999289213575e-12
1.2291666666666667,1,56,0.05776166967604038,-5.45928320033968e-12,2.094395102390001,2.4931267113617426,0.05075975350228294,-5.186513600636519e-12,2.094566422199171,2.0380985423647635,0.0032342969347588057,-1.2091042674789901e-11,-2.200462913132595,-3.5769917004601535,0.06255323574009605,-5.855000355979194e-12
1.2333333333333334,1,56,0.05616302987008201,-5.49536809423737e-12,2.094395102390001,2.496532373352112,0.04712809826249617,-5.247676642110147e-12,2.094532068841029,2.0405061252246477,-0.06621493219750714,-1.2072448000488227e-11,-2.2004629863207685,-3.57774486007856,-0.3533243626759422,-5.833928275672812e-12
1.2375,1,56,0.05750774221315097,-5.53155242262145e-12,2.094395102390001,2.499947419885825,0.050566127098440834,-5.309008222685821e-12,2.0945045950931456,2.0429203423499893,0.00314033778836561,-1.2053802087241691e-11,-2.200463054771126,-3.578500095081753,0.06334230399072446,-5.81279812975348e-12
1.2416666666666667,1,56,0.055673314700208025,-5.567811386560693e-12,2.094395102390001,2.503369510460572,0.046249451482500564,-5.370466308761797e-12,2.0944826062863884,2.045339539156963,-0.06691292710597256,-1.203511771402785e-11,-2.2004631286841647,-3.579256887869387,-0.352544933393984,-5.791624399767735e-12
1.2458333333333333,1,56,0.05690889821811364,-5.604120135972391e-12,2.094395102390001,2.5067962997464117,0.04933244700083759,-5.4320087800357775e-12,2.094465024577551,2.047762057648919,0.0018848951512340098,-1.2016407686182796e-11,-2.200463197546118,-3.580014719773487,0.06412173327268264,-5.770421597132459e-12
1.25,1,56,0.05592307953748986,-5.640453786653358e-12,2.094395102390001,2.510225439193139,0.0471963165211012,-5.4935934583720664e-12,2.0944509515577425,2.050186237552691,-0.06859107796320787,-1.1997684826625028e-11,-2.2004632701323814,-3.5807730714139203,-0.35179194054380725,-5.749204253189475e-12
1.2541666666666667,1,56,0.057546978063803565,-5.676787437334327e-12,2.094395102390001,2.513654578639866,0.051379575058827884,-5.555178136708355e-12,2.0944396991430545,2.0526104174564623,-5.4644010216848676e-05,-1.197896196706726e-11,-2.2004633405030605,-3.5815314230543542,0.06487472612285941,-5.72798690924649e-12
1.2583333333333333,1,56,0.05598215813848214,-5.713096186746024e-12,2.094395102390001,2.5170813679257056,0.04780381049229553,-5.616720607982335e-12,2.094430688083229,2.0550329359484185,-0.07019534810838403,-1.1960251939222207e-11,-2.200463415734694,-3.582289254958454,-0.3510421536030029,-5.706784106611215e-12
1.2625,1,56,0.05738069030775056,-5.749355150685267e-12,2.094395102390001,2.520503458500453,0.05132283221206912,-5.678178694058311e-12,2.094423488692575,2.0574521327553925,-0.0014555306086652786,-1.1941567566008365e-11,-2.2004634859146983,-3.583046047746088,0.06562451306366376,-5.68561037662547e-12
1.2666666666666666,1,56,0.05559868702520262,-5.785539479069347e-12,2.094395102390001,2.5239185050341657,0.04710275262289732,-5.739510274633986e-12,2.0944177189898254,2.0598663498807337,-0.07110857876231283,-1.192292165276183e-11,-2.200463561806396,-3.583801282749281,-0.3503080114503413,-5.664480230706137e-12
1.2708333333333333,1,56,0.05684984262426582,-5.821624372967038e-12,2.094395102390001,2.527324167024535,0.05014949107372247,-5.800673316107613e-12,2.094413112930201,2.062273932740618,-0.0019591875007751347,-1.1904326978460155e-11,-2.2004636324219655,-3.5845544423676876,0.06635865521632536,-5.643408150399755e-12
1.275,1,56,0.05587267941981193,-5.857585101594541e-12,2.094395102390001,2.530718110400949,0.04798591963860296,-5.861625900385731e-12,2.0944094201489443,2.064673231298014,-0.07134515917475415,-1.1885796286964285e-11,-2.200463706879704,-3.585305010423326,-0.34959468961594886,-5.622408577457592e-12
1.2791666666666666,1,56,0.0575229136561469,-5.893397019264734e-12,2.094395102390001,2.534098009124149,0.05216049690808171,-5.922326253611722e-12,2.094406472326621,2.0670626011935385,-0.0018624651195099234,-1.1867342278284542e-11,-2.2004637788413586,-3.586052472514343,0.0670719770507178,-5.60149590393799e-12
1.2833333333333332,1,56,0.05598094962614881,-5.929035582278093e-12,2.094395102390001,2.53746154678038,0.04858217965558413,-5.982732774795538e-12,2.0944041046032438,2.069440404872417,-0.07078345584151734,-1.1848977599876675e-11,-2.20046385581718,-3.586796316367557,-0.34887104305140476,-5.580684462342768e-12
1.2875,1,56,0.057409525047795104,-5.9644763657437144e-12,2.094395102390001,2.5408064181689447,0.05210583760098764,-6.042804064324934e-12,2.094402220142715,2.0718050127067817,-0.0009789093737977966,-1.1830714837973928e-11,-2.2004639275578874,-3.5875360321895484,0.0677956236152619,-5.559988515794441e-12
1.2916666666666667,1,56,0.055657859574534285,-5.999695080318915e-12,2.094395102390001,2.5441303308820733,0.047892138756336695,-6.1024989523386885e-12,2.0944007021880666,2.0741548041125375,-0.06977916144196396,-1.1812566508961068e-11,-2.2004640050462227,-3.5882711130160416,-0.34814832099496873,-5.539422248260987e-12
1.2958333333333334,1,56,0.05693638583743564,-6.03466758885594e-12,2.094395102390001,2.547431006876025,0.05094255353016667,-6.161776526942386e-12,2.0943994976613594,2.07648816866003,0.00011894528864488196,-1.1794545050796267e-11,-2.200464077190041,-3.589001055059356,0.06851834567169793,-5.5189997548348675e-12
1.3,1,56,0.05598912245410382,-6.069369922944353e-12,2.094395102390001,2.5507061840323466,0.048779922262534775,-6.220596162247374e-12,2.094398526058414,2.078803507177752,-0.0690035339445412,-1.1776662814486763e-11,-2.2004641531092384,-3.5897253580536765,-0.3474360592479968,-5.498735032072948e-12
1.3041666666666667,1,56,0.05766025056572268,-6.103778299337792e-12,2.094395102390001,2.553953617708214,0.05294787641980622,-6.278917546213723e-12,2.094397755228563,2.0810992328483375,0.0007149866386487818,-1.175893205562408e-11,-2.2004642265508347,-3.590443525597911,0.06923060741866985,-5.478641968403965e-12
1.3083333333333333,1,56,0.05614290012672185,-6.1378691362538135e-12,2.094395102390001,2.5571710822747984,0.04935829955415953,-6.336700708278077e-12,2.094397129111146,2.083373772296086,-0.06854837110440666,-1.1741364925984676e-11,-2.200464304911054,-3.591155065495898,-0.3467088459530611,-5.458734334610088e-12
1.3125,1,56,0.05699072520004273,-6.171619069535669e-12,2.094395102390001,2.5603563726426017,0.05128424319278623,-6.393906046747493e-12,2.09439663655645,2.085625566665276,0.001085424271346062,-1.1723973465201706e-11,-2.200464379300809,-3.591859490093733,0.06995782071360554,-5.439025774389108e-12
1.3166666666666667,1,56,0.055619012337395114,-6.2050049686649355e-12,2.094395102390001,2.5635073057727147,0.0480059037089575,-6.4504943559404545e-12,2.094396236010476,2.087853072688526,-0.06850431218031329,-1.1706769592513667e-11,-2.200464456136982,-3.5925563166139844,-0.34599872889040745,-5.419529795003736e-12
1.3208333333333333,1,56,0.05709865869382301,-6.2380039526140124e-12,2.094395102390001,2.5666217221729624,0.051604274375598995,-6.506426853056488e-12,2.094395922599439,2.090054763744474,0.0007509404191122707,-1.1689765098595548e-11,-2.2004645300358203,-3.5932450674865613,0.07066793777625921,-5.400259758024399e-12
1.325,1,56,0.055397349381613926,-6.270593405527636e-12,2.094395102390001,2.5696974873779133,0.04745454164308722,-6.561665204755962e-12,2.094395661963602,2.0922291309040477,-0.06892103531098331,-1.1672971637478088e-11,-2.200464609248836,-3.5939252706760203,-0.34528639201950656,-5.381228870171882e-12
1.3291666666666666,1,56,0.05672418032204829,-6.302750992222659e-12,2.094395102390001,2.5727324934117335,0.05057107858777271,-6.616171553431839e-12,2.0943954632835,2.0943746839646082,0.00021776317913683817,-1.1656400718560682e-11,-2.2004646832160786,-3.5945964600050724,0.0713802746471601,-5.362450174266104e-12
1.3333333333333333,1,56,0.05582232170161082,-6.334454673495469e-12,2.094395102390001,2.575724660232889,0.04846728984095571,-6.6699085431553876e-12,2.094395296490025,2.0964899524712597,-0.06964612020188235,-1.1640063698723422e-11,-2.200464760826206,-3.5952581754740773,-0.3445919311317263,-5.343936540287223e-12
1.3375,1,56,0.0575442697409531,-6.365682721226555e-12,2.094395102390001,2.578671937159703,0.05270393153036507,-6.722839345278076e-12,2.094395169632396,2.098573486724628,-0.0005764163277775246,-1.1623971774543652e-11,-2.200464835944109,-3.595909963576307,0.07207473553494034,-5.325700656555191e-12
1.3416666666666666,1,56,0.056071901547157785,-6.396413733271879e-12,2.094395102390001,2.58157230427579,0.04917866033061204,-6.774927683672082e-12,2.0943950587184195,2.1006238587744113,-0.07009302029474378,-1.1608135974622395e-11,-2.2004649159310734,-3.5965513776087525,-0.34388909411820096,-5.3077550210338155e-12
1.3458333333333332,1,56,0.05699674638724919,-6.426626648130832e-12,2.094395102390001,2.5844237738144042,0.05118586661376673,-6.8261378595921405e-12,2.0957386972468695,2.1026396633980244,-2.977408873443374e-05,-1.1592567152025902e-11,-2.200464915931386,-3.5971819779782765,0.0727775725484657,-5.290111932765279e-12
1.35,1,56,0.05567098711352529,-6.45630075938074e-12,2.094395102390001,2.587224391520759,0.04798099908208373,-6.876434776141681e-12,2.09546989173439,2.1046195190636703,-0.06983499554158332,-1.1577275976847499e-11,-2.2004649867508834,-3.597801332502885,-0.34370782022125035,-5.2727834834409864e-12
1.3541666666666667,1,56,0.05721024633240634,-6.4854157298680056e-12,2.094395102390001,2.589972237991372,0.051676293432385195,-6.925783962326487e-12,2.0952548468445036,2.106562068877172,-0.0006983477795902536,-1.1562272928894844e-11,-2.2004650608495457,-3.598409016707923,0.07295884644541631,-5.255781549114532e-12
1.3583333333333334,1,56,0.05556246927840749,-6.513951605646182e-12,2.094395102390001,2.5926654299895295,0.047615047232823324,-6.9741515966793935e-12,2.095082801004981,2.1084659815119187,-0.0701467270534293,-1.1547568290507582e-11,-2.2004651402787534,-3.599004614116992,-0.34300297062725144,-5.239117782062437e-12
1.3625,1,56,0.05695379957478578,-6.541888829651411e-12,2.094395102390001,2.595302121735965,0.05083626789687418,-7.021504530439834e-12,2.0949451738633122,2.1103299521212944,-0.0007921730345129182,-1.1533172139510353e-11,-2.2004652147710075,-3.5995877165373775,0.07366369603941522,-5.222803602798265e-12
1.3666666666666667,1,56,0.05611127761002758,-6.569208255105853e-12,2.094395102390001,2.597880506173861,0.048831547933958074,-7.06781031027234e-12,2.094835064235711,2.11215270323295,-0.07022209673329634,-1.1519094342305947e-11,-2.200465292926891,-3.6001579243398085,-0.34231546315578937,-5.206850192245571e-12
1.3708333333333333,1,56,0.05789954763548976,-6.59589115863994e-12,2.094395102390001,2.600398816207316,0.053177159938068604,-7.1130372005084396e-12,2.094746983008642,2.1139329856243227,-0.0007599647022828967,-1.1505344547113364e-11,-2.200465368723332,-3.600714846732339,0.07435120351087729,-5.191268484075058e-12
1.375,1,56,0.056490763134596174,-6.621919253124428e-12,2.094395102390001,2.6028553259124267,0.04975566921920749,-7.157154204896699e-12,2.0946765085488326,2.115669579178788,-0.06992705544832664,-1.1491932177355413e-11,-2.200465449377607,-3.60125810202818,-0.3416141680807505,-5.176069157211184e-12
1.3791666666666667,1,56,0.05735040593903286,-6.647274700203491e-12,2.094395102390001,2.6052483517201463,0.05165048011797332,-7.200131087846003e-12,2.0946201372569355,2.117361293721869,-0.00017385019783044506,-1.1478866425200363e-11,-2.20046552623831,-3.6017873179072883,0.07505249858591614,-5.161262628513355e-12
1.3833333333333333,1,56,0.05598398594126111,-6.671940122520234e-12,2.094395102390001,2.60757625357012,0.048336006126473534,-7.2419383951475235e-12,2.0945750338243525,2.1190069698369203,-0.06941876456631241,-1.1466156245262093e-11,-2.200465605344838,-3.602302131671535,-0.3409265107970061,-5.146859045636741e-12
1.3875,1,56,0.05748029168105354,-6.695898615626265e-12,2.094395102390001,2.609837436034701,0.05191495556412632,-7.282547474161156e-12,2.0945389583236618,2.1206054796597367,0.00014201215854647376,-1.1453810348463043e-11,-2.200465681426576,-3.6028021904932817,0.07574015586966057,-5.132868280077569e-12
1.3916666666666666,1,56,0.055789793211318904,-6.719133759567164e-12,2.094395102390001,2.6120303494123776,0.04773980874997705,-7.321930493452613e-12,2.09451008794344,2.122155727651532,-0.06910250742025029,-1.1441837196064188e-11,-2.200465762775318,-3.6032871516571903,-0.3402307355408428,-5.119299920407698e-12
1.3958333333333333,1,56,0.057134834304967186,-6.741629630135895e-12,2.094395102390001,2.6141534907898585,0.05084262965827479,-7.360060461867698e-12,2.094487001667531,2.12365665134977,0.0004135273654614163,-1.1430244993866112e-11,-2.200465838790281,-3.6037566827951037,0.07643593112582384,-5.1061632657030925e-12
1.4,1,56,0.05624641719016943,-6.7633708097864644e-12,2.094395102390001,2.616205405072097,0.04871770587902623,-7.396911247030697e-12,2.094468524787983,2.1251072220963207,-0.06911755958402005,-1.1419041686585157e-11,-2.2004659183546678,-3.6042104621138336,-0.3395455243128317,-5.093467319170697e-12
1.4041666666666666,1,56,0.05798516397324512,-6.7843423982003336e-12,2.094395102390001,2.6181846859795392,0.052940399322936746,-7.432457593254191e-12,2.094453750036615,2.126506445742452,0.00024656313457537915,-1.1408234952408514e-11,-2.2004659953517036,-3.6046481786157014,0.07712114235383496,-5.0812207819780864e-12
1.4083333333333332,1,56,0.056526691555436534,-6.8045300224983606e-12,2.094395102390001,2.6200899770119195,0.04939287947645336,-7.466675138848064e-12,2.0944419208579683,2.127853363330169,-0.06924516986805533,-1.1397832197731982e-11,-2.2004660770857334,-3.6050695323116813,-0.33884422458547486,-5.069432047290125e-12
1.4125,1,56,0.05744488531452917,-6.823919847091247e-12,2.094395102390001,2.6219199723779343,0.051380016928837535,-7.499540432815767e-12,2.094432466203778,2.1291470517494377,0.0001894712856695013,-1.1387840552083986e-11,-2.2004661547025743,-3.605474234426997,0.0778224420811918,-5.0581091945167075e-12
1.4166666666666667,1,56,0.05613381158846851,-6.842498583161755e-12,2.094395102390001,2.6236734178901706,0.0481516228178771,-7.531030950926472e-12,2.094424896005314,2.130386624370837,-0.06933695960201054,-1.1378266863239358e-11,-2.2004662346237014,-3.6058620075990344,-0.3381575656869565,-5.047259983775537e-12
1.4208333333333334,1,56,0.05768630053096593,-6.860253497772214e-12,2.094395102390001,2.6253491118246615,0.05181880126341588,-7.561125111152056e-12,2.094418847253245,2.1315712316532096,-2.7111598146401e-05,-1.1369117692526218e-11,-2.200466311411319,-3.606232586067431,0.07850910097971017,-5.0368918505737235e-12
1.425,1,56,0.05604120616136233,-6.877172422591028e-12,2.094395102390001,2.6269459057444857,0.04771836834184949,-7.589802288458335e-12,2.0944139983543026,2.132700061725897,-0.06948931479716855,-1.136039931032916e-11,-2.200466393387626,-3.606585715856215,-0.3374615322939067,-5.027011900711865e-12
1.4291666666666667,1,56,0.05743492985895927,-6.8932437622322435e-12,2.094395102390001,2.6284627052868537,0.05090081564499484,-7.617042828940438e-12,2.0944101294501936,2.1337723409451534,-0.00016799310459104567,-1.135211769179185e-11,-2.2004664698985357,-3.6069211549478686,0.07920513437275997,-5.017626905414081e-12
1.4333333333333333,1,56,0.05659198090914483,-6.9084565022024534e-12,2.094395102390001,2.629898470913124,0.04885259313427311,-7.642828063292618e-12,2.0944070265116466,2.134787334424364,-0.0697915450481336,-1.1344278512721956e-11,-2.2004665499115976,-3.607238673449194,-0.3367752261590216,-5.008743296687358e-12
1.4375,1,56,0.05838093976769137,-6.922800216449575e-12,2.094395102390001,2.631252218621255,0.053158307291087115,-7.667140319603248e-12,2.094404551103733,2.1357443465376975,-0.0005121344927562499,-1.1336887145701239e-11,-2.200466627219568,-3.6075380537488706,0.07989144050764505,-5.000367162913373e-12
1.4416666666666667,1,56,0.056969036674725526,-6.936265074508348e-12,2.094395102390001,2.632523020620188,0.04969155733280268,-7.68996293546628e-12,2.094402561400364,2.1366427213968553,-0.06992106778853241,-1.1329948656403445e-11,-2.2004667092508012,-3.6078190906665957,-0.3360708733545608,-4.992504244675815e-12
1.4458333333333333,1,56,0.057829076073503,-6.948841848237643e-12,2.094395102390001,2.6337100059657117,0.051548077838269736,-7.711280269400813e-12,2.094400978304509,2.1374818433005847,-0.0003888954621409563,-1.1323467800122555e-11,-2.200466787199947,-3.6080815915937037,0.08059579331210584,-4.985159930826083e-12
1.45,1,56,0.05645019225949774,-6.9605219181449695e-12,2.094395102390001,2.634812361157361,0.0481801324668219,-7.731077711570997e-12,2.0943997055277634,2.138261137156647,-0.06974905828679047,-1.1317449018513739e-11,-2.2004668672804444,-3.6083253766251717,-0.3353778718101345,-4.978339254790034e-12
1.4541666666666666,1,56,0.05793981912867413,-6.971297279293847e-12,2.094395102390001,2.6358293306959517,0.05171488726654615,-7.74934169379887e-12,2.094398694876792,2.13898006887596,-0.00029693301062204327,-1.1311896436549265e-11,-2.2004669440868057,-3.608550278682916,0.08128879485653215,-4.972046891118322e-12
1.4583333333333333,1,56,0.05622969419788128,-6.981160546789984e-12,2.094395102390001,2.636760217601361,0.04748090764629641,-7.76605969886332e-12,2.0943978764636797,2.139638145738635,-0.06955623366810826,-1.1306813859691453e-11,-2.2004670260689765,-3.608756143630301,-0.33467318760033504,-4.966287152282697e-12
1.4625,1,56,0.057561841630608054,-6.990104960842519e-12,2.094395102390001,2.6376043838902024,0.05053507715814499,-7.781220269078757e-12,2.094397232034481,2.1402349167316617,-5.964286710236174e-05,-1.1302204771284605e-11,-2.2004671024944433,-3.6089428303777744,0.08199347906633161,-4.961063985720452e-12
1.4666666666666666,1,56,0.056647609622503245,-6.998124391396848e-12,2.094395102390001,2.6383612510130687,0.04834674045619465,-7.794813014147647e-12,2.0943967087322446,2.140769972858011,-0.06952715597272584,-1.1298072330167682e-11,-2.200467182378195,-3.6091102109795643,-0.333975022382304,-4.956380971129046e-12
1.4708333333333332,1,56,0.05836721554960857,-7.005213342335844e-12,2.094395102390001,2.63903030025104,0.052515994428543426,-7.80682861828149e-12,2.094396297058867,2.141242947416941,-0.00011267121107034209,-1.1294419368509406e-11,-2.200467259505213,-3.6092581707213682,0.08269164428436268,-4.952241318012756e-12
1.475,1,56,0.056884289477776025,-7.011366955246636e-12,2.094395102390001,2.639611073071189,0.04890893289150566,-7.817258846585404e-12,2.0943959584833816,2.141653516255314,-0.06948160125385641,-1.129124838986723e-11,-2.200467341256579,-3.609386608198969,-0.3332565103864861,-4.94864786348305e-12
1.4791666666666667,1,56,0.058379644659544774,-7.016581012750316e-12,2.094395102390001,2.6401031714408343,0.052425218236190965,-7.826096550701914e-12,2.09439569792046,2.1420013979897568,-6.700403639624822e-05,-1.128856156747152e-11,-2.2004674174951195,-3.6094954353877355,0.08341015628018053,-4.945603070314165e-12
1.4833333333333334,1,56,0.056675293085679396,-7.0208519413923176e-12,2.094395102390001,2.6405062581003347,0.04817230111551761,-7.83333567371007e-12,2.094395479293898,2.142286354199505,-0.06943693827854143,-1.1286360742736138e-11,-2.200467499144793,-3.6095845777029485,-0.33253344526384226,-4.943109025255248e-12
1.4875,1,56,0.05801296536843415,-7.0241768140914865e-12,2.094395102390001,2.640820056794228,0.051209221670448606,-7.838971254276564e-12,2.094395314859448,2.1425081895898077,-3.791855878493293e-05,-1.1284647423996422e-11,-2.2004675751090703,-3.6096539740509175,0.08413322140282439,-4.941167437600202e-12
1.4916666666666667,1,56,0.057103584221027646,-7.026553352146157e-12,2.094395102390001,2.6410443524605647,0.04900311645113119,-7.84299943005598e-12,2.09439517551307,2.1426667521257685,-0.06959035827406615,-1.1283422785475455e-11,-2.2004676545660864,-3.6097035768708525,-0.3318172521798587,-4.9397796380162225e-12
1.4958333333333333,1,56,0.058828828207596204,-7.027979926795858e-12,2.094395102390001,2.6411789913782977,0.05315734421688939,-7.84541744033785e-12,2.094395071150144,2.1427619331365455,-0.00025143733780935246,-1.1282687666479306e-11,-2.200467731148893,-3.6097333521674586,0.08484941448680797,-4.9389465776318194e-12
1.5,1,56,0.05737148898374871,-7.0284555603375814e-12,2.094395102390001,2.6412238812726394,0.04953897170707571,-7.846223627938712e-12,2.0956552924576237,2.1427936673898285,-0.06895497102342112,-1.1282442570821816e-11,-2.2004677311491587,-3.6097432795342344,-0.3306818456188913,-4.93866882738497e-12
1.5041666666666667,1,56,0.05834569439958132,-7.0284555603375814e-12,2.0944089147222233,2.6412238812726394,0.048725862725518196,-7.846223627938712e-12,2.081484927936823,2.1427936673898285,-0.008562093851647521,-1.1282442570821816e-11,-2.2004677311491587,-3.6097432795342344,-0.5526789553922147,-4.93866882738497e-12
1.5083333333333333,1,56,0.04330691893539812,-7.0284555603375814e-12,2.094576018964301,2.6412238812726394,0.03177106581015928,-7.846223627938712e-12,1.9978563534382203,2.1427936673898285,0.007777331636057643,-1.1282442570821816e-11,-2.2004342616548125,-3.6097432795342344,-0.9693456220588813,-4.93866882738497e-12
1.5125,1,56,0.06398640273851111,-7.0284555603375814e-12,2.094659134104512,2.6412238812726394,0.06392027501517628,-7.846223627938712e-12,1.850528770185376,2.1427936673898285,0.19598437250382228,-1.1282442570821816e-11,-2.2001942233702296,-3.6097432795342344,-0.5526789553922147,-4.93866882738497e-12
1.5166666666666666,1,56,0.07991333636995497,-7.0284555603375814e-12,2.0884898792758713,2.6412238812726394,0.09593874782341101,-7.846223627938712e-12,1.6987397389100156,2.1427936673898285,0.33654538589365574,-1.1282442570821816e-11,-2.2001935743842247,-3.6097432795342344,-0.13601228872554802,-4.93866882738497e-12
1.5208333333333333,1,56,0.09076900258482515,-7.0284555603375814e-12,2.0702644991499954,2.6412238812726394,0.1275630471516454,-7.846223627938712e-12,1.5493432952541253,2.1427936673898285,0.41907535910199695,-1.1282442570821816e-11,-2.2001933270511382,-3.6097432795342344,0.28065437794111864,-4.93866882738497e-12
1.525,1,56,0.11425557689932123,-7.0284555603375814e-12,2.041469864739556,2.6412238812726394,0.1850012429887711,-7.846223627938712e-12,1.377938669628109,2.1427936673898285,0.5878662325509063,-1.1282442570821816e-11,-2.2001342971000897,-3.6097432795342344,0.6973210446077853,-4.93866882738497e-12
1.5291666666666666,1,56,0.12586303124789883,-7.0284555603375814e-12,2.004502835276711,2.6412238812726394,0.24304848142274232,-7.846223627938712e-12,1.1999519675265193,2.1427936673898285,0.6011176274048616,-1.1282442570821816e-11,-2.2001339817586913,-3.6097432795342344,1.113987711274452,-4.93866882738497e-12
1.5333333333333332,1,56,0.1261618813919516,-7.0284555603375814e-12,1.962022427030943,2.6412238812726394,0.26885277727095425,-7.846223627938712e-12,1.057093381513416,2.1427936673898285,0.712544749258857,-1.1282442570821816e-11,-2.1644530367533776,-3.6097432795342344,1.3316150582235458,-4.93866882738497e-12
1.5375,1,56,0.12060062490507024,-7.0284555603375814e-12,1.9237013000487466,2.6412238812726394,0.2781556421234363,-7.846223627938712e-12,0.9349462121350977,2.1427936673898285,0.8375681723886051,-1.1282442570821816e-11,-2.145185610649452,-3.6097432795342344,1.6027289117274752,-4.93866882738497e-12
1.5416666666666667,1,56,0.11208990905427035,-7.0284555603375814e-12,1.89088392048957,2.6412238812726394,0.2736303689091733,-7.846223627938712e-12,0.8347474150761653,2.1427936673898285,0.9744258995292342,-1.1282442570821816e-11,-2.140421942659404,-3.6097432795342344,1.7217214459960497,-4.93866882738497e-12
1.5458333333333334,1,56,0.10646342777704047,-7.0284555603375814e-12,1.8658891164246891,2.6412238812726394,0.266067002026027,-7.846223627938712e-12,0.7710223880366464,2.1427936673898285,1.0979968570350445,-1.1282442570821816e-11,-2.1342558472193027,-3.6097432795342344,1.8418378682429832,-4.93866882738497e-12
1.55,1,56,0.10884904533642378,-7.0284555603375814e-12,1.8580569744203055,2.6412238812726394,0.2667596704086462,-7.846223627938712e-12,0.7660442448960376,2.1427936673898285,1.2068255602415847,-1.1282442570821816e-11,-2.124251166071809,-3.6097432795342344,1.8936094323200787,-4.93866882738497e-12
1.5541666666666667,1,56,0.1181291726005967,-7.0284555603375814e-12,1.8663432780165192,2.6412238812726394,0.2763352698510611,-7.846223627938712e-12,0.8124480898975982,2.1427936673898285,1.2694490897476192,-1.1282442570821816e-11,-2.1188430964169296,-3.6097432795342344,1.906948375535488,-4.93866882738497e-12
1.5583333333333333,1,56,0.12837167771889643,-7.0284555603375814e-12,1.8844813856165443,2.6412238812726394,0.2745110777507829,-7.846223627938712e-12,0.8914966334628911,2.1427936673898285,1.3189910374010074,-1.1282442570821816e-11,-2.1164596061792325,-3.6097432795342344,1.886364507416866,-4.93866882738497e-12
1.5625,1,56,0.1437448240066644,-7.0284555603375814e-12,1.9089258697079758,2.6412238812726394,0.27944309377188975,-7.846223627938712e-12,0.9950935583864425,2.1427936673898285,1.3391020011875425,-1.1282442570821816e-11,-2.1153491398383157,-3.6097432795342344,1.8577169338750603,-4.93866882738497e-12
1.5666666666666667,1,56,0.15804515584102566,-7.0284555603375814e-12,1.9368658158431207,2.6412238812726394,0.2737628515844053,-7.846223627938712e-12,1.112832433303908,2.1427936673898285,1.3428324221080186,-1.1282442570821816e-11,-2.1146265216451816,-3.6097432795342344,1.8105666321358236,-4.93866882738497e-12
1.5708333333333333,1,56,0.1733420794110326,-7.0284555603375814e-12,1.9653218339141645,2.6412238812726394,0.2728945237403515,-7.846223627938712e-12,1.2312276392832033,2.1427936673898285,1.308303559526567,-1.1282442570821816e-11,-2.1105689739404703,-3.6097432795342344,1.7256517709400554,-4.93866882738497e-12
1.575,1,56,0.18152698046421187,-7.0284555603375814e-12,1.9938719277304948,2.6412238812726394,0.25357546738799036,-7.846223627938712e-12,1.3478595723608466,2.1427936673898285,1.2246581999489718,-1.1282442570821816e-11,-2.1095707517788695,-3.6097432795342344,1.5825132508735822,-4.93866882738497e-12
1.5791666666666666,1,56,0.1838022078384841,-7.0284555603375814e-12,2.0208370987950124,2.6412238812726394,0.22324975812438413,-7.846223627938712e-12,1.4606502003468325,2.1427936673898285,1.0851159210485646,-1.1282442570821816e-11,-2.1028596293740054,-3.6097432795342344,1.4903467155605572,-4.93866882738497e-12
1.5833333333333333,1,56,0.17641300013946576,-7.0284555603375814e-12,2.0449469971157823,2.6412238812726394,0.17800693470490647,-7.846223627938712e-12,1.5708113908647534,2.1427936673898285,0.9255639492292532,-1.1282442570821816e-11,-2.0970742973027026,-3.6097432795342344,1.3822876265217392,-4.93866882738497e-12
1.5875,1,56,0.15963297598247686,-7.0284555603375814e-12,2.0643365998906615,2.6412238812726394,0.1216043504450384,-7.846223627938712e-12,1.676479336818076,2.1427936673898285,0.7356358254069433,-1.1282442570821816e-11,-2.0994048256810087,-3.6097432795342344,1.0952575726772933,-4.93866882738497e-12
1.5916666666666666,1,56,0.13253526190171,-7.0284555603375814e-12,2.0780708469518077,2.6412238812726394,0.04960853434536758,-7.846223627938712e-12,1.7841251346610103,2.1427936673898285,0.572532777059012,-1.1282442570821816e-11,-2.0952692493782377,-3.6097432795342344,0.9860371026377943,-4.93866882738497e-12
1.5958333333333332,1,56,0.09514981769270814,-7.0284555603375814e-12,2.0838850542909215,2.6412238812726394,-0.037954703376731715,-7.846223627938712e-12,1.8904359288563772,2.1427936673898285,0.42152000037841764,-1.1282442570821816e-11,-2.092043857454628,-3.6097432795342344,0.8628229662532817,-4.93866882738497e-12
1.6,1,56,0.051006568411654504,-7.0284555603375814e-12,2.0785031143058523,2.6412238812726394,-0.13541280924770388,-7.846223627938712e-12,1.9932101948847143,2.1427936673898285,0.26874411698950723,-1.1282442570821816e-11,-2.1229823843939606,-3.6097432795342344,0.6816883789130717,-4.93866882738497e-12
1.6041666666666667,1,56,0.012541227694694622,-7.0284555603375814e-12,2.0670518204734347,2.6412238812726394,-0.22804942730555372,-7.846223627938712e-12,2.0944879805516967,2.1427936673898285,0.1467525139553741,-1.1282442570821816e-11,-2.117962923182837,-3.6097432795342344,0.6571075452067662,-4.93866882738497e-12
1.6083333333333334,1,56,-0.014367547237376,-7.0284555603375814e-12,2.0380546849060557,2.6412238812726394,-0.3015083537505003,-7.846223627938712e-12,2.093864740332641,2.1427936673898285,0.00375796272261531,-1.1282442570821816e-11,-2.1155128120323665,-3.6097432795342344,0.6984371346936238,-4.93866882738497e-12
1.6125,1,56,-0.03553943620868131,-7.0284555603375814e-12,2.009681389524423,2.6412238812726394,-0.3663042894611078,-7.846223627938712e-12,2.0909836585665014,2.1427936673898285,-0.12167738002479409,-1.1282442570821816e-11,-2.111947261358075,-3.6097432795342344,0.6180192281626772,-4.93866882738497e-12
1.6166666666666667,1,56,-0.04727755000198647,-7.0284555603375814e-12,1.9844760383738465,2.6412238812726394,-0.4173651246717724,-7.846223627938712e-12,2.0878572606577164,2.1427936673898285,-0.2029579509116012,-1.1282442570821816e-11,-2.1123306090430773,-3.6097432795342344,0.5873186171663901,-4.93866882738497e-12
1.6208333333333333,1,56,-0.04999712569406534,-7.0284555603375814e-12,1.9638968085372808,2.6412238812726394,-0.4548104548101992,-7.846223627938712e-12,2.0831104661441766,2.1427936673898285,-0.2507462440722524,-1.1282442570821816e-11,-2.1124967105225037,-3.6097432795342344,0.6522559842069882,-4.93866882738497e-12
1.625,1,56,-0.052442840849980354,-7.0284555603375814e-12,1.9462751379415737,2.6412238812726394,-0.4909353553058141,-7.846223627938712e-12,2.07872411693096,2.1427936673898285,-0.30960772003238285,-1.1282442570821816e-11,-2.1105027153021947,-3.6097432795342344,0.6010417008742663,-4.93866882738497e-12
1.6291666666666667,1,56,-0.046654946181816044,-7.0284555603375814e-12,1.9347088481746268,2.6412238812726394,-0.5121892419711932,-7.846223627938712e-12,2.0744445726439755,2.1427936673898285,-0.33801107917437995,-1.1282442570821816e-11,-2.108411660198226,-3.6097432795342344,0.6963776366531493,-4.93866882738497e-12
1.6333333333333333,1,56,-0.04172723789771053,-7.0284555603375814e-12,1.9264423910122785,2.6412238812726394,-0.5319704534486906,-7.846223627938712e-12,2.0709144856628767,2.1427936673898285,-0.3849654974606729,-1.1282442570821816e-11,-2.105715262271369,-3.6097432795342344,0.6321932299465117,-4.93866882738497e-12
1.6375,1,56,-0.029442664714219566,-7.0284555603375814e-12,1.9247341735725148,2.6412238812726394,-0.5371785964803818,-7.846223627938712e-12,2.0662680276267014,2.1427936673898285,-0.40465488363279933,-1.1282442570821816e-11,-2.104389278365381,-3.6097432795342344,0.7243799364135131,-4.93866882738497e-12
1.6416666666666666,1,56,-0.020091647604694004,-7.0284555603375814e-12,1.92501094765781,2.6412238812726394,-0.5475753133168868,-7.846223627938712e-12,2.0614537561545534,2.1427936673898285,-0.41346516458166654,-1.1282442570821816e-11,-2.103577488368464,-3.6097432795342344,0.640331484075372,-4.93866882738497e-12
1.6458333333333333,1,56,-0.004180988731475209,-7.0284555603375814e-12,1.9313751813060056,2.6412238812726394,-0.5438107146139991,-7.846223627938712e-12,2.0559022025014086,2.1427936673898285,-0.4034829695533677,-1.1282442570821816e-11,-2.1022194135967722,-3.6097432795342344,0.736103408754046,-4.93866882738497e-12
1.65,1,56,0.007794619788503442,-7.0284555603375814e-12,1.9388734141243578,2.6412238812726394,-0.5442040507417257,-7.846223627938712e-12,2.0516267651974487,2.1427936673898285,-0.42374620614025416,-1.1282442570821816e-11,-2.10107312559842,-3.6097432795342344,0.6675870768712958,-4.93866882738497e-12
1.6541666666666666,1,56,0.02479987179383019,-7.0284555603375814e-12,1.9513399491233685,2.6412238812726394,-0.5350222316141128,-7.846223627938712e-12,2.046328580410267,2.1427936673898285,-0.41452214414534005,-1.1282442570821816e-11,-2.101737091813107,-3.6097432795342344,0.7561083281665878,-4.93866882738497e-12
1.6583333333333332,1,56,0.03741471442226544,-7.0284555603375814e-12,1.9642284810160169,2.6412238812726394,-0.5315265086279548,-7.846223627938712e-12,2.0421078853596524,2.1427936673898285,-0.43252809468197817,-1.1282442570821816e-11,-2.101482106011793,-3.6097432795342344,0.6883619019642956,-4.93866882738497e-12
1.6624999999999999,1,56,0.05477254599295394,-7.0284555603375814e-12,1.9814108648776096,2.6412238812726394,-0.5193754324166296,-7.846223627938712e-12,2.0367381636404724,2.1427936673898285,-0.4204188729771397,-1.1282442570821816e-11,-2.102429897431673,-3.6097432795342344,0.7788345172038865,-4.93866882738497e-12
1.6666666666666667,1,56,0.06666165708939906,-7.0284555603375814e-12,1.9966939195964057,2.6412238812726394,-0.5151544165520897,-7.846223627938712e-12,2.0322572830906065,2.1427936673898285,-0.4382511461168911,-1.1282442570821816e-11,-2.102182111659963,-3.6097432795342344,0.7093433247009933,-4.93866882738497e-12
1.6708333333333334,1,56,0.08332974219692427,-7.0284555603375814e-12,2.0160949277604225,2.6412238812726394,-0.5024885077528246,-7.846223627938712e-12,2.026768192741374,2.1427936673898285,-0.42551408295442783,-1.1282442570821816e-11,-2.103093212810312,-3.6097432795342344,0.7990217714440464,-4.93866882738497e-12
1.675,1,56,0.09435088660411041,-7.0284555603375814e-12,2.033608284324057,2.6412238812726394,-0.4977217264305462,-7.846223627938712e-12,2.0222309644412753,2.1427936673898285,-0.44520799321285265,-1.1282442570821816e-11,-2.102852561958568,-3.6097432795342344,0.728701746284711,-4.93866882738497e-12
1.6791666666666667,1,56,0.11044990586692627,-7.0284555603375814e-12,2.0551214120772228,2.6412238812726394,-0.48409401763628257,-7.846223627938712e-12,2.016584771417178,2.1427936673898285,-0.4341269635072724,-1.1282442570821816e-11,-2.1036601051561217,-3.6097432795342344,0.8180230314696392,-4.93866882738497e-12
1.6833333333333333,1,56,0.12060209226990565,-7.0284555603375814e-12,2.074722891756734,2.6412238812726394,-0.47916265657744717,-7.846223627938712e-12,2.0116718662916067,2.1427936673898285,-0.4517732921567335,-1.1282442570821816e-11,-2.1033020546053263,-3.6097432795342344,0.7470715949932892,-4.93866882738497e-12
1.6875,1,56,0.13572138280241403,-7.0284555603375814e-12,2.0980852838541555,2.6412238812726394,-0.46594381878480157,-7.846223627938712e-12,2.0058978196020685,2.1427936673898285,-0.4383131320234418,-1.1282442570821816e-11,-2.1038790300103125,-3.6097432795342344,0.8372372009938193,-4.93866882738497e-12
1.6916666666666667,1,56,0.1373127517108518,-7.0284555603375814e-12,2.097307854106177,2.6412238812726394,-0.47876264358085613,-7.846223627938712e-12,1.9949136805915597,2.1427936673898285,-0.4525270625699252,-1.1282442570821816e-11,-2.10387958007899,-3.6097432795342344,0.7528842475600511,-4.93866882738497e-12
1.6958333333333333,1,56,0.14582687924853505,-7.0284555603375814e-12,2.0967031355388714,2.6412238812726394,-0.4791943148828515,-7.846223627938712e-12,1.9829397047911421,2.1427936673898285,-0.44172825087929923,-1.1282442570821816e-11,-2.103318158511873,-3.6097432795342344,0.8474317427739351,-4.93866882738497e-12
1.7,1,56,0.15021832945265598,-7.0284555603375814e-12,2.095921308105338,2.6412238812726394,-0.48353134737724185,-7.846223627938712e-12,1.972903775706131,2.1427936673898285,-0.4646081544733727,-1.1282442570821816e-11,-2.1022246336431945,-3.6097432795342344,0.7802345403535988,-4.93866882738497e-12
1.7041666666666666,1,56,0.16026167830233787,-7.0284555603375814e-12,2.095590293131537,2.6412238812726394,-0.47827513898867624,-7.846223627938712e-12,1.9621318862316472,2.1427936673898285,-0.4591387193885558,-1.1282442570821816e-11,-2.1010680898784444,-3.6097432795342344,0.8708691132872769,-4.93866882738497e-12
1.7083333333333333,1,56,0.16460097149564357,-7.0284555603375814e-12,2.0945638985234027,2.6412238812726394,-0.4816230150848107,-7.846223627938712e-12,1.9524710370933678,2.1427936673898285,-0.47033941397099366,-1.1282442570821816e-11,-2.0995592136008887,-3.6097432795342344,0.7941091915978155,-4.93866882738497e-12
1.7125,1,56,0.16920104990668863,-7.0284555603375814e-12,2.09445176582404,2.6412238812726394,-0.4804139553399814,-7.846223627938712e-12,1.942396217885242,2.1427936673898285,-0.5135222955930571,-1.1282442570821816e-11,-2.099374628552196,-3.6097432795342344,0.6178178901484525,-4.93866882738497e-12
1.7166666666666666,1,56,0.1790499436041221,-7.0284555603375814e-12,2.094364841582178,2.6412238812726394,-0.4714130378615717,-7.846223627938712e-12,1.9310934679976477,2.1427936673898285,-0.5238266688488867,-1.1282442570821816e-11,-2.0993822125295325,-3.6097432795342344,0.6397987761374598,-4.93866882738497e-12
1.7208333333333332,1,56,0.18480353940727953,-7.0284555603375814e-12,2.0941524884137652,2.6412238812726394,-0.47047681830429616,-7.846223627938712e-12,1.9192818081091865,2.1427936673898285,-0.5174605874119987,-1.1282442570821816e-11,-2.0990920660775183,-3.6097432795342344,0.532887403995742,-4.93866882738497e-12
1.7249999999999999,1,56,0.19810431540467,-7.0284555603375814e-12,2.0993086826421994,2.6412238812726394,-0.4524665002989748,-7.846223627938712e-12,1.9104442897291218,2.1427936673898285,-0.520481767870381,-1.1282442570821816e-11,-2.099658241330342,-3.6097432795342344,0.5997384122026046,-4.93866882738497e-12
1.7291666666666667,1,56,0.20295465589855533,-7.0284555603375814e-12,2.0982345284747344,2.6412238812726394,-0.45199207755276855,-7.846223627938712e-12,1.8994352304586024,2.1427936673898285,-0.5160527540215439,-1.1282442570821816e-11,-2.0994698727226924,-3.6097432795342344,0.5145013571472968,-4.93866882738497e-12
1.7333333333333334,1,56,0.2135338071148426,-7.0284555603375814e-12,2.0973708403664233,2.6412238812726394,-0.43906409519736617,-7.846223627938712e-12,1.8893185524624512,2.1427936673898285,-0.5196346427005912,-1.1282442570821816e-11,-2.099950427623229,-3.6097432795342344,0.5900987646741681,-4.93866882738497e-12
1.7375,1,56,0.21714944509976059,-7.0284555603375814e-12,2.095299212314171,2.6412238812726394,-0.44008017949408174,-7.846223627938712e-12,1.8789286356868196,2.1427936673898285,-0.515854357692276,-1.1282442570821816e-11,-2.0997380473659906,-3.6097432795342344,0.5125216296821211,-4.93866882738497e-12
1.7416666666666667,1,56,0.2274050087424988,-7.0284555603375814e-12,2.0950142939887675,2.6412238812726394,-0.42662305867325545,-7.846223627938712e-12,1.8700826881718684,2.1427936673898285,-0.5212702882666136,-1.1282442570821816e-11,-2.1003404476010568,-3.6097432795342344,0.5931833815315978,-4.93866882738497e-12
1.7458333333333333,1,56,0.23046871607594716,-7.0284555603375814e-12,2.0934055234690754,2.6412238812726394,-0.42798248692811064,-7.846223627938712e-12,1.8605321797552627,2.1427936673898285,-0.5151976539348284,-1.1282442570821816e-11,-2.1001444821038757,-3.6097432795342344,0.517194908584193,-4.93866882738497e-12
1.75,1,56,0.24126957151408795,-7.0284555603375814e-12,2.0968857332785924,2.6412238812726394,-0.41241685899208286,-7.846223627938712e-12,1.8543610084292177,2.1427936673898285,-0.5166673151447629,-1.1282442570821816e-11,-2.102812034017999,-3.6097432795342344,0.5836672785578739,-4.93866882738497e-12
1.7541666666666667,1,56,0.24533606502774785,-7.0284555603375814e-12,2.096327552662977,2.6412238812726394,-0.4117387712618706,-7.846223627938712e-12,1.8468001037253996,2.1427936673898285,-0.5032641034381614,-1.1282442570821816e-11,-2.1043137332420727,-3.6097432795342344,0.49606982782761017,-4.93866882738497e-12
1.7583333333333333,1,56,0.2555395284687839,-7.0284555603375814e-12,2.095859642638877,2.6412238812726394,-0.39664936840805215,-7.846223627938712e-12,1.840366007408029,2.1427936673898285,-0.512328207257064,-1.1282442570821816e-11,-2.105153167403531,-3.6097432795342344,0.5777594363924095,-4.93866882738497e-12
1.7625,1,56,0.2580732658798193,-7.0284555603375814e-12,2.0939771471224704,2.6412238812726394,-0.397913908101194,-7.846223627938712e-12,1.832496730607234,2.1427936673898285,-0.5021377569700151,-1.1282442570821816e-11,-2.1043998453512724,-3.6097432795342344,0.517880004051417,-4.93866882738497e-12
1.7666666666666666,1,56,0.26697306581726193,-7.0284555603375814e-12,2.096738957159966,2.6412238812726394,-0.38265174145447045,-7.846223627938712e-12,1.8280865691080446,2.1427936673898285,-0.5127003896814449,-1.1282442570821816e-11,-2.104344896996085,-3.6097432795342344,0.6002858257030128,-4.93866882738497e-12
1.7708333333333333,1,56,0.2680868186004165,-7.0284555603375814e-12,2.096151512602006,2.6412238812726394,-0.3852296781177361,-7.846223627938712e-12,1.8209478733421942,2.1427936673898285,-0.5017842995124069,-1.1282442570821816e-11,-2.1038119559849098,-3.6097432795342344,0.5374465972897045,-4.93866882738497e-12
1.775,1,56,0.27606191380113143,-7.0284555603375814e-12,2.0956767592647982,2.6412238812726394,-0.3721730887296912,-7.846223627938712e-12,1.8150401028605967,2.1427936673898285,-0.5117626537184543,-1.1282442570821816e-11,-2.1038521072774032,-3.6097432795342344,0.6162730403880774,-4.93866882738497e-12
1.7791666666666666,1,56,0.2768756986347591,-7.0284555603375814e-12,2.09395138547778,2.6412238812726394,-0.3753231423800691,-7.846223627938712e-12,1.8075810102980927,2.1427936673898285,-0.5009057728217668,-1.1282442570821816e-11,-2.103947769465544,-3.6097432795342344,0.5442367365772162,-4.93866882738497e-12
1.7833333333333332,1,56,0.2863409763736071,-7.0284555603375814e-12,2.097087493899726,2.6412238812726394,-0.35871877287251747,-7.846223627938712e-12,1.8035478436452568,2.1427936673898285,-0.5132630276475633,-1.1282442570821816e-11,-2.1032202601659677,-3.6097432795342344,0.621020970673026,-4.93866882738497e-12
1.7874999999999999,1,56,0.2875499602461567,-7.0284555603375814e-12,2.096416421494083,2.6412238812726394,-0.3612935269556988,-7.846223627938712e-12,1.796033828582866,2.1427936673898285,-0.49960790026354274,-1.1282442570821816e-11,-2.1025675382484943,-3.6097432795342344,0.5542919327708313,-4.93866882738497e-12
1.7916666666666667,1,56,0.291722802429459,-7.0284555603375814e-12,2.095882895001616,2.6412238812726394,-0.35394717310617324,-7.846223627938712e-12,1.7919343573844007,2.1427936673898285,-0.5053108749173439,-1.1282442570821816e-11,-2.1029263046251185,-3.6097432795342344,0.6302665234419175,-4.93866882738497e-12
1.7958333333333334,1,56,0.29001456206116066,-7.0284555603375814e-12,2.095324031103332,2.6412238812726394,-0.358978947749202,-7.846223627938712e-12,1.7871896809395802,2.1427936673898285,-0.5006019942480153,-1.1282442570821816e-11,-2.1024647554424356,-3.6097432795342344,0.5577503303901894,-4.93866882738497e-12
1.8,1,56,0.2957460007281689,-7.0284555603375814e-12,2.0950069918565544,2.6412238812726394,-0.3484858385833551,-7.846223627938712e-12,1.78257336557997,2.1427936673898285,-0.5070522178493083,-1.1282442570821816e-11,-2.102764243588725,-3.6097432795342344,0.6391646728099484,-4.93866882738497e-12
1.8041666666666667,1,56,0.29424861626308235,-7.0284555603375814e-12,2.0933880827744287,2.6412238812726394,-0.35375928586234806,-7.846223627938712e-12,1.776391106208291,2.1427936673898285,-0.49937941602603725,-1.1282442570821816e-11,-2.102864925228263,-3.6097432795342344,0.5722753094828157,-4.93866882738497e-12
1.8083333333333333,1,56,0.3014902582207942,-7.0284555603375814e-12,2.096290901739562,2.6412238812726394,-0.3402646760100832,-7.846223627938712e-12,1.7732111594570856,2.1427936673898285,-0.5033813654364901,-1.1282442570821816e-11,-2.1032596371918824,-3.6097432795342344,0.6578828350845768,-4.93866882738497e-12
1.8125,1,56,0.3008023739169945,-7.0284555603375814e-12,2.0957785163025107,2.6412238812726394,-0.34372463547603677,-7.846223627938712e-12,1.7675880373183859,2.1427936673898285,-0.4978854184168338,-1.1282442570821816e-11,-2.1034439928356226,-3.6097432795342344,0.5909896979967976,-4.93866882738497e-12
1.8166666666666667,1,56,0.3070191132237873,-7.0284555603375814e-12,2.0953689555334987,2.6412238812726394,-0.33268742267858126,-7.846223627938712e-12,1.7626919274801278,2.1427936673898285,-0.5022213895528865,-1.1282442570821816e-11,-2.103812250037925,-3.6097432795342344,0.6732885176539317,-4.93866882738497e-12
1.8208333333333333,1,56,0.3058726801839972,-7.0284555603375814e-12,2.0937086367110416,2.6412238812726394,-0.3372004168163846,-7.846223627938712e-12,1.7566080076072415,2.1427936673898285,-0.4969335988581722,-1.1282442570821816e-11,-2.1038569875669477,-3.6097432795342344,0.6059867371219653,-4.93866882738497e-12
1.825,1,56,0.31340381274080714,-7.0284555603375814e-12,2.096550329094547,2.6412238812726394,-0.32308505184529906,-7.846223627938712e-12,1.7536281525303226,2.1427936673898285,-0.5030844934424054,-1.1282442570821816e-11,-2.104334555676223,-3.6097432795342344,0.6891176184146683,-4.93866882738497e-12
1.8291666666666666,1,56,0.31276215579679434,-7.0284555603375814e-12,2.095978425732981,2.6412238812726394,-0.32681170792824393,-7.846223627938712e-12,1.7478487858589344,2.1427936673898285,-0.49556150243572894,-1.1282442570821816e-11,-2.1043045912582263,-3.6097432795342344,0.623448649328311,-4.93866882738497e-12
1.8333333333333333,1,56,0.3190100339936073,-7.0284555603375814e-12,2.095523209342482,2.6412238812726394,-0.3160259096496487,-7.846223627938712e-12,1.74295405023345,2.1427936673898285,-0.49802955388386116,-1.1282442570821816e-11,-2.104637149011793,-3.6097432795342344,0.7073131757362593,-4.93866882738497e-12
1.8375,1,56,0.31817281541006176,-7.0284555603375814e-12,2.094702934429266,2.6412238812726394,-0.31978378401639845,-7.846223627938712e-12,1.7375346840244372,2.1427936673898285,-0.4951055768167096,-1.1282442570821816e-11,-2.1046363776252583,-3.6097432795342344,0.6408457488220747,-4.93866882738497e-12
1.8416666666666666,1,56,0.3241246091994236,-7.0284555603375814e-12,2.094503414336243,2.6412238812726394,-0.3104094334662813,-7.846223627938712e-12,1.7326465663337258,2.1427936673898285,-0.48943152765437486,-1.1282442570821816e-11,-2.1050724923383584,-3.6097432795342344,0.7252981140462607,-4.93866882738497e-12
1.8458333333333332,1,56,0.32445137651000056,-7.0284555603375814e-12,2.094313186415717,2.6412238812726394,-0.31068209288155085,-7.846223627938712e-12,1.72816311486271,2.1427936673898285,-0.49757982709988824,-1.1282442570821816e-11,-2.1049408143250217,-3.6097432795342344,0.6576361134476475,-4.93866882738497e-12
1.8499999999999999,1,56,0.3314523445761018,-7.0284555603375814e-12,2.097686332628485,2.6412238812726394,-0.2991368671214036,-7.846223627938712e-12,1.725072464909475,2.1427936673898285,-0.48874427019907857,-1.1282442570821816e-11,-2.105275480411672,-3.6097432795342344,0.7445699046922553,-4.93866882738497e-12
1.8541666666666667,1,56,0.33057526857757163,-7.0284555603375814e-12,2.0968761617260303,2.6412238812726394,-0.3021722517435772,-7.846223627938712e-12,1.7200367943285315,2.1427936673898285,-0.4953667342901011,-1.1282442570821816e-11,-2.1052504616088688,-3.6097432795342344,0.6759910294124296,-4.93866882738497e-12
1.8583333333333334,1,56,0.33579278914268146,-7.0284555603375814e-12,2.0962313314296717,2.6412238812726394,-0.2948113166601703,-7.846223627938712e-12,1.7147315870083177,2.1427936673898285,-0.4853658987640601,-1.1282442570821816e-11,-2.105489277805678,-3.6097432795342344,0.7614871178141482,-4.93866882738497e-12
1.8625,1,56,0.3354537453720314,-7.0284555603375814e-12,2.095661528472486,2.6412238812726394,-0.2961715532062329,-7.846223627938712e-12,1.7103218321734408,2.1427936673898285,-0.49720434756279935,-1.1282442570821816e-11,-2.105512744545029,-3.6097432795342344,0.69099016350751,-4.93866882738497e-12
1.8666666666666667,1,56,0.34070349447978315,-7.0284555603375814e-12,2.0952625655312125,2.6412238812726394,-0.28953481879895904,-7.846223627938712e-12,1.7046556669461885,2.1427936673898285,-0.47860148891799226,-1.1282442570821816e-11,-2.1058207224325605,-3.6097432795342344,0.7760340095152496,-4.93866882738497e-12
1.8708333333333333,1,56,0.34055316315894746,-7.0284555603375814e-12,2.0949294771770957,2.6412238812726394,-0.29058237416600924,-7.846223627938712e-12,1.7002075469293911,2.1427936673898285,-0.48966063891542677,-1.1282442570821816e-11,-2.1057304735924336,-3.6097432795342344,0.707845001542943,-4.93866882738497e-12
1.875,1,56,0.3459850473243723,-7.0284555603375814e-12,2.0946663493761437,2.6412238812726394,-0.2830160379562759,-7.846223627938712e-12,1.6946884389164014,2.1427936673898285,-0.47639431425587153,-1.1282442570821816e-11,-2.1059360481570812,-3.6097432795342344,0.7932866635406451,-4.93866882738497e-12
1.8791666666666667,1,56,0.3459264364551595,-7.0284555603375814e-12,2.094483187245714,2.6412238812726394,-0.28349101590599074,-7.846223627938712e-12,1.690592222023924,2.1427936673898285,-0.49106885540956907,-1.1282442570821816e-11,-2.1054803328151848,-3.6097432795342344,0.7180786388559937,-4.93866882738497e-12
1.8833333333333333,1,56,0.3511400009531226,-7.0284555603375814e-12,2.0943274895437427,2.6412238812726394,-0.27653225755450717,-7.846223627938712e-12,1.6851916545580068,2.1427936673898285,-0.4751435981727648,-1.1282442570821816e-11,-2.1052375808545434,-3.6097432795342344,0.7995705532040537,-4.93866882738497e-12
1.8875,1,56,0.35073971320239533,-7.0284555603375814e-12,2.0943509627620513,2.6412238812726394,-0.27787174130042064,-7.846223627938712e-12,1.6812540891947156,2.1427936673898285,-0.48748047079066353,-1.1282442570821816e-11,-2.1076946269034806,-3.6097432795342344,0.7076739274526759,-4.93866882738497e-12
1.8916666666666666,1,56,0.3571370079414765,-7.0284555603375814e-12,2.0976102914944352,2.6412238812726394,-0.26824423099845346,-7.846223627938712e-12,1.6782219756967407,2.1427936673898285,-0.4737813969099296,-1.1282442570821816e-11,-2.107083880345007,-3.6097432795342344,0.822760243860552,-4.93866882738497e-12
1.8958333333333333,1,56,0.35666167505449864,-7.0284555603375814e-12,2.096817100239602,2.6412238812726394,-0.26974642711752184,-7.846223627938712e-12,1.6732512636424133,2.1427936673898285,-0.4853477547927931,-1.1282442570821816e-11,-2.106289666692262,-3.6097432795342344,0.763540203086921,-4.93866882738497e-12
1.9,1,56,0.3613514594652012,-7.0284555603375814e-12,2.09618975221726,2.6412238812726394,-0.26409593856637337,-7.846223627938712e-12,1.6675801121191922,2.1427936673898285,-0.4651751971331386,-1.1282442570821816e-11,-2.106326502091956,-3.6097432795342344,0.8428632844018666,-4.93866882738497e-12
1.9041666666666666,1,56,0.3602353579937803,-7.0284555603375814e-12,2.0955547268255943,2.6412238812726394,-0.26697629407493084,-7.846223627938712e-12,1.6628979157444748,2.1427936673898285,-0.47529251313303034,-1.1282442570821816e-11,-2.1056475632369565,-3.6097432795342344,0.752947512971545,-4.93866882738497e-12
1.9083333333333332,1,56,0.36479444453193455,-7.0284555603375814e-12,2.095161602750931,2.6412238812726394,-0.26175831186185605,-7.846223627938712e-12,1.6570739544045583,2.1427936673898285,-0.4541925736642891,-1.1282442570821816e-11,-2.1057539828854637,-3.6097432795342344,0.8084936553422408,-4.93866882738497e-12
1.9124999999999999,1,56,0.3636036831293088,-7.0284555603375814e-12,2.0948374778399206,2.6412238812726394,-0.264886818835687,-7.846223627938712e-12,1.6526039488783346,2.1427936673898285,-0.4645543018037189,-1.1282442570821816e-11,-2.1058103331994724,-3.6097432795342344,0.7143918500455549,-4.93866882738497e-12
1.9166666666666667,1,56,0.3680267016332028,-7.0284555603375814e-12,2.094602454101232,2.6412238812726394,-0.2600422677816855,-7.846223627938712e-12,1.6470604511080802,2.1427936673898285,-0.44343750316229663,-1.1282442570821816e-11,-2.106351585216858,-3.6097432795342344,0.773692895011332,-4.93866882738497e-12
1.9208333333333334,1,56,0.36730934213295646,-7.0284555603375814e-12,2.0944016677298105,2.6412238812726394,-0.26215901814007747,-7.846223627938712e-12,1.642745899843618,2.1427936673898285,-0.4542561060202053,-1.1282442570821816e-11,-2.1064309918241575,-3.6097432795342344,0.6812773556108594,-4.93866882738497e-12
1.925,1,56,0.3719482962433513,-7.0284555603375814e-12,2.0942515131040786,2.6412238812726394,-0.2567847333281426,-7.846223627938712e-12,1.6375448040370233,2.1427936673898285,-0.4330247475512575,-1.1282442570821816e-11,-2.1068701427467778,-3.6097432795342344,0.7383055901611645,-4.93866882738497e-12
1.9291666666666667,1,56,0.3709969479211146,-7.0284555603375814e-12,2.094203297562186,2.6412238812726394,-0.2594887311442704,-7.846223627938712e-12,1.6340283439077226,2.1427936673898285,-0.44481075369053913,-1.1282442570821816e-11,-2.108840428453562,-3.6097432795342344,0.6729226457649674,-4.93866882738497e-12
1.9333333333333333,1,56,0.376469921848647,-7.0284555603375814e-12,2.097247573334664,2.6412238812726394,-0.2518657808533557,-7.846223627938712e-12,1.6314022235908983,2.1427936673898285,-0.4264609296505901,-1.1282442570821816e-11,-2.110121322647447,-3.6097432795342344,0.7616542894361952,-4.93866882738497e-12
1.9375,1,56,0.37501099712175673,-7.0284555603375814e-12,2.096493511710675,2.6412238812726394,-0.25529138628046055,-7.846223627938712e-12,1.6268494944060008,2.1427936673898285,-0.4388385879925942,-1.1282442570821816e-11,-2.1098617853188357,-3.6097432795342344,0.7065090024278416,-4.93866882738497e-12
1.9416666666666667,1,56,0.37899270061863793,-7.0284555603375814e-12,2.095906124506077,2.6412238812726394,-0.2509859604155253,-7.846223627938712e-12,1.6218235262400968,2.1427936673898285,-0.41917666233967,-1.1282442570821816e-11,-2.109634808562996,-3.6097432795342344,0.7844536929462711,-4.93866882738497e-12
1.9458333333333333,1,56,0.3776092699943412,-7.0284555603375814e-12,2.095412022047159,2.6412238812726394,-0.25391421795884156,-7.846223627938712e-12,1.61801088596247,2.1427936673898285,-0.43382309606111286,-1.1282442570821816e-11,-2.108906586480987,-3.6097432795342344,0.7195526084077664,-4.93866882738497e-12
1.95,1,56,0.3817044813064487,-7.0284555603375814e-12,2.095042714378759,2.6412238812726394,-0.24908999378973506,-7.846223627938712e-12,1.613241522786843,2.1427936673898285,-0.4163369051474904,-1.1282442570821816e-11,-2.1087001881293888,-3.6097432795342344,0.7917349963185033,-4.93866882738497e-12
1.9541666666666666,1,56,0.38039802198248623,-7.0284555603375814e-12,2.094716793674992,2.6412238812726394,-0.2516223433842189,-7.846223627938712e-12,1.609523268662426,2.1427936673898285,-0.4321170972367687,-1.1282442570821816e-11,-2.1084812680784752,-3.6097432795342344,0.7160822878865555,-4.93866882738497e-12
1.9583333333333333,1,56,0.3845661628805917,-7.0284555603375814e-12,2.094498088354988,2.6412238812726394,-0.24644013345540242,-7.846223627938712e-12,1.6049824782795192,2.1427936673898285,-0.4166659279441339,-1.1282442570821816e-11,-2.1078288211280056,-3.6097432795342344,0.7852329061284277,-4.93866882738497e-12
1.9625,1,56,0.3827475887044162,-7.0284555603375814e-12,2.0942426606246465,2.6412238812726394,-0.2500327332651657,-7.846223627938712e-12,1.6014999830492378,2.1427936673898285,-0.4328132622748753,-1.1282442570821816e-11,-2.108003026384856,-3.6097432795342344,0.7023649598167073,-4.93866882738497e-12
1.9666666666666666,1,56,0.38736406550994135,-7.0284555603375814e-12,2.0971585735306926,2.6412238812726394,-0.24343134132213542,-7.846223627938712e-12,1.5999259519994302,2.1427936673898285,-0.4196210043473127,-1.1282442570821816e-11,-2.1071006851707437,-3.6097432795342344,0.777956122477152,-4.93866882738497e-12
1.9708333333333332,1,56,0.38493025318954177,-7.0284555603375814e-12,2.096459489045717,2.6412238812726394,-0.24831880830842518,-7.846223627938712e-12,1.5964464124127955,2.1427936673898285,-0.43782258787959727,-1.1282442570821816e-11,-2.1073106220190057,-3.6097432795342344,0.7096414702156952,-4.93866882738497e-12
1.9749999999999999,1,56,0.38842664281562517,-7.0284555603375814e-12,2.095919305673284,2.6412238812726394,-0.24429788619735396,-7.846223627938712e-12,1.5921621440791787,2.1427936673898285,-0.4269556816066736,-1.1282442570821816e-11,-2.1072119843929373,-3.6097432795342344,0.8162625005509164,-4.93866882738497e-12
1.9791666666666667,1,56,0.3856928395864653,-7.0284555603375814e-12,2.095293858734267,2.6412238812726394,-0.2498938029819324,-7.846223627938712e-12,1.5885721251015843,2.1427936673898285,-0.4431540083450475,-1.1282442570821816e-11,-2.1078377655913227,-3.6097432795342344,0.763231310095147,-4.93866882738497e-12
1.9833333333333334,1,56,0.38882712402715813,-7.0284555603375814e-12,2.094936139542317,2.6412238812726394,-0.24679899494126825,-7.846223627938712e-12,1.5845164561476894,2.1427936673898285,-0.4278372991645429,-1.1282442570821816e-11,-2.108411657054979,-3.6097432795342344,0.8407631587539188,-4.93866882738497e-12
1.9875,1,56,0.387109421110811,-7.0284555603375814e-12,2.0946121066211085,2.6412238812726394,-0.2506127470922887,-7.846223627938712e-12,1.5813113234685388,2.1427936673898285,-0.4467887221068307,-1.1282442570821816e-11,-2.108515524960238,-3.6097432795342344,0.7687483537547344,-4.93866882738497e-12
1.9916666666666667,1,56,0.3908893374256687,-7.0284555603375814e-12,2.094398513153001,2.6412238812726394,-0.24658736057131023,-7.846223627938712e-12,1.5772953702072776,2.1427936673898285,-0.43312950719888027,-1.1282442570821816e-11,-2.1089197698445976,-3.6097432795342344,0.8330324499909558,-4.93866882738497e-12
1.9958333333333333,1,56,0.389104585933522,-7.0284555603375814e-12,2.094119993121918,2.6412238812726394,-0.25053107824004045,-7.846223627938712e-12,1.574107796300943,2.1427936673898285,-0.45322647445826963,-1.1282442570821816e-11,-2.1089346471597423,-3.6097432795342344,0.7552474622992759,-4.93866882738497e-12
2.0,1,56,0.3937964186597653,-7.0284555603375814e-12,2.0970091999131872,2.6412238812726394,-0.24415815017114656,-7.846223627938712e-12,1.572422329290727,2.1427936673898285,-0.4415866360580584,-1.1282442570821816e-11,-2.10923307894619,-3.6097432795342344,0.8184121067604216,-4.93866882738497e-12
2.0041666666666664,1,56,0.3913964437807627,-7.027979926795858e-12,2.096346660278981,2.6411789913782977,-0.25038268049585455,-7.845417440337852e-12,1.5690438629569148,2.1427619331365455,-0.4538163898397342,-1.1282687666479306e-11,-2.111104820030504,-3.6097333521674586,0.7191995328130004,-4.9389465776318194e-12
2.0083333333333333,1,56,0.3953137408518847,-7.026553352146157e-12,2.095769558769257,2.6410443524605647,-0.24668772022036187,-7.84299943005598e-12,1.5642003958282313,2.1426667521257685,-0.4365228013297741,-1.1283422785475455e-11,-2.1117338798231597,-3.6097035768708525,0.7809620083207275,-4.939779638016222e-12
2.0125,1,56,0.39392858761452987,-7.0241768140914865e-12,2.095224266138316,2.640820056794228,-0.25051030165039145,-7.838971254276564e-12,1.5605079787082903,2.1425081895898077,-0.45197191965053224,-1.1284647423996422e-11,-2.1112057115077234,-3.6096539740509175,0.7192589047414591,-4.941167437600203e-12
2.0166666666666666,1,56,0.3943878686692476,-7.020851941392317e-12,2.0948938200693705,2.6405062581003347,-0.25168600196824537,-7.83333567371007e-12,1.5570746866350709,2.142286354199505,-0.4333502461899933,-1.1286360742736138e-11,-2.111311497064067,-3.6095845777029485,0.7940757559946849,-4.943109025255248e-12
2.0208333333333335,1,56,0.390835693628864,-7.0165810127503156e-12,2.0946045057963776,2.6401031714408343,-0.25803439244215903,-7.826096550701914e-12,1.5542634915681597,2.1420013979897568,-0.44848010895094914,-1.1288561567471522e-11,-2.1106989651249553,-3.6094954353877355,0.7314429459539322,-4.945603070314165e-12
2.025,1,56,0.39366685301524723,-7.011366955246636e-12,2.0944020182090175,2.639611073071189,-0.2545294431967665,-7.817258846585404e-12,1.550274378667704,2.141653516255314,-0.43411288775014445,-1.129124838986723e-11,-2.1111617096864177,-3.609386608198969,0.808893160311312,-4.94864786348305e-12
2.029166666666667,1,56,0.39192005794631385,-7.005213342335844e-12,2.0941557942674396,2.63903030025104,-0.25754461621414254,-7.80682861828149e-12,1.5468144141607418,2.141242947416941,-0.45219186871471934,-1.1294419368509406e-11,-2.11077764828638,-3.6092581707213682,0.7503896802845,-4.952241318012756e-12
2.033333333333333,1,56,0.39653474176886777,-6.998124391396848e-12,2.097219712682179,2.6383612510130687,-0.25021531519737483,-7.794813014147647e-12,1.545465770863132,2.140769972858011,-0.4397138350768296,-1.1298072330167682e-11,-2.1110533203175543,-3.6091102109795643,0.8285621184916973,-4.956380971129045e-12
2.0375,1,56,0.3941164600096497,-6.99010496084252e-12,2.0965092978794844,2.6376043838902024,-0.25506357054799667,-7.781220269078757e-12,1.541885241004655,2.1402349167316617,-0.45536417596222395,-1.1302204771284605e-11,-2.10925050216103,-3.6089428303777744,0.7509334775459919,-4.9610639857204515e-12
2.0416666666666665,1,56,0.3939240104827069,-6.981160546789984e-12,2.0959166313581368,2.636760217601361,-0.25658871438185216,-7.76605969886332e-12,1.5383523136635362,2.139638145738635,-0.4368096563438106,-1.1306813859691453e-11,-2.1089335339757387,-3.608756143630301,0.7948305920218802,-4.966287152282697e-12
2.0458333333333334,1,56,0.3897441945026389,-6.9712972792938465e-12,2.095413722688963,2.6358293306959517,-0.2635118518032161,-7.74934169379887e-12,1.5355775752588845,2.1389800688759597,-0.45134764913945585,-1.1311896436549265e-11,-2.108582685622025,-3.608550278682916,0.6967338210510675,-4.972046891118322e-12
2.05,1,56,0.39185512570369224,-6.96052191814497e-12,2.095087077388816,2.634812361157361,-0.2606828443584287,-7.731077711570997e-12,1.5322910924923936,2.138261137156647,-0.437961308352905,-1.1317449018513739e-11,-2.1093528687963974,-3.6083253766251717,0.7829491575797092,-4.978339254790034e-12
2.0541666666666667,1,56,0.38933000235763443,-6.948841848237643e-12,2.0946343809315815,2.6337100059657117,-0.26459212889970907,-7.711280269400813e-12,1.529627900365395,2.1374818433005847,-0.457077646660953,-1.1323467800122555e-11,-2.1099247895591695,-3.6080815915937037,0.7497538900705967,-4.985159930826083e-12
2.058333333333333,1,56,0.39248567050278815,-6.9362650745083484e-12,2.094430962081177,2.632523020620188,-0.2602017721369607,-7.689962935466281e-12,1.5256097540485178,2.1366427213968553,-0.44080255798833645,-1.1329948656403445e-11,-2.109758087723936,-3.6078190906665957,0.8073139971260836,-4.992504244675814e-12
2.0625,1,56,0.3909818006188472,-6.922800216449575e-12,2.094097201675333,2.631252218621255,-0.26289748205013147,-7.667140319603248e-12,1.5222115591129193,2.1357443465376975,-0.45657256866092816,-1.1336887145701239e-11,-2.1091169952540523,-3.6075380537488706,0.724562542746897,-5.000367162913373e-12
2.0666666666666664,1,56,0.3956626537240753,-6.908456502202454e-12,2.0970723173697334,2.629898470913124,-0.2555884565239996,-7.64282806329262e-12,1.5209119144293661,2.134787334424364,-0.4401859161655658,-1.1344278512721956e-11,-2.108896022227572,-3.607238673449194,0.7751342066156746,-5.008743296687358e-12
2.0708333333333333,1,56,0.39347373605534647,-6.893243762232244e-12,2.0963774154808292,2.6284627052868537,-0.2604366794140961,-7.617042828940438e-12,1.5172608682089617,2.1337723409451534,-0.45175888327313085,-1.135211769179185e-11,-2.1084863069874626,-3.6069211549478686,0.6899344311742862,-5.017626905414081e-12
2.075,1,56,0.39341884492088597,-6.877172422591027e-12,2.0958234518961203,2.6269459057444857,-0.2621125861890105,-7.589802288458333e-12,1.5137358310362605,2.132700061725897,-0.42876036390727973,-1.136039931032916e-11,-2.1084192528812324,-3.606585715856215,0.740534560732327,-5.027011900711865e-12
2.0791666666666666,1,56,0.389895707262424,-6.860253497772214e-12,2.094616785896006,2.6253491118246615,-0.26825935794903655,-7.561125111152056e-12,1.5102745423569457,2.1315712316532096,-0.4386960024202088,-1.1369117692526218e-11,-2.1080305601510845,-3.606232586067431,0.657713609530683,-5.0368918505737235e-12
2.0833333333333335,1,56,0.3928462169870335,-6.842498583161754e-12,2.0944140400498563,2.6236734178901706,-0.26337505247613074,-7.531030950926472e-12,1.507172205888775,2.130386624370837,-0.4242630911371418,-1.1378266863239358e-11,-2.108053985610092,-3.6058620075990344,0.7102310298316468,-5.047259983775537e-12
2.0875,1,56,0.3914630695990271,-6.823919847091247e-12,2.094055622441498,2.6219199723779343,-0.2651108435798884,-7.499540432815768e-12,1.5046300460219917,2.1291470517494377,-0.4395180540058755,-1.1387840552083986e-11,-2.107704227292664,-3.605474234426997,0.6281743662873622,-5.0581091945167075e-12
2.091666666666667,1,56,0.396004634344312,-6.804530022498361e-12,2.0967622814545326,2.6200899770119195,-0.25744768635347326,-7.466675138848064e-12,1.5036579937002703,2.127853363330169,-0.4222313818139014,-1.1397832197731982e-11,-2.107761385402597,-3.6050695323116813,0.6896325559379317,-5.069432047290125e-12
2.095833333333333,1,56,0.3940637320119705,-6.784342398200335e-12,2.0961322107731704,2.6181846859795397,-0.26130906000544935,-7.432457593254193e-12,1.5005114611027395,2.126506445742452,-0.4310951860914034,-1.1408234952408514e-11,-2.1076694546085757,-3.6046481786157014,0.6134507089073318,-5.081220781978086e-12
2.1,1,56,0.39425394345708903,-6.7633708097864644e-12,2.0956302538942313,2.616205405072097,-0.2613843255530051,-7.396911247030697e-12,1.4973835142812828,2.1251072220963207,-0.4121889141250827,-1.1419041686585157e-11,-2.107818705949799,-3.6042104621138336,0.6746406528640659,-5.093467319170697e-12
2.1041666666666665,1,56,0.3907686455601482,-6.741629630135897e-12,2.095096901095049,2.6141534907898585,-0.26650472798652003,-7.360060461867701e-12,1.4948782556224425,2.12365665134977,-0.42406908114391867,-1.1430244993866112e-11,-2.1076199195866496,-3.6037566827951037,0.5986363840045833,-5.106163265703092e-12
2.1083333333333334,1,56,0.3929828247644823,-6.719133759567165e-12,2.094805039363244,2.6120303494123776,-0.26309027794755424,-7.321930493452613e-12,1.4917582411688342,2.122155727651532,-0.40431259710661704,-1.1441837196064188e-11,-2.107803883253703,-3.6032871516571903,0.6636867373605324,-5.119299920407698e-12
2.1125,1,56,0.39091797235708575,-6.695898615626267e-12,2.094313640039093,2.6098374360347014,-0.2661625101851608,-7.282547474161157e-12,1.4892258038252766,2.1206054796597367,-0.41423941531222724,-1.1453810348463043e-11,-2.107682114071884,-3.6028021904932817,0.5921894647127166,-5.132868280077567e-12
2.1166666666666667,1,56,0.39516375309975377,-6.671940122520234e-12,2.0969921206573647,2.60757625357012,-0.2581642768030211,-7.2419383951475235e-12,1.4896825018345836,2.1190069698369203,-0.4000407630717338,-1.1466156245262093e-11,-2.1100916619971333,-3.602302131671535,0.6594466258529903,-5.146859045636741e-12
2.120833333333333,1,56,0.3931745706374928,-6.6472747002034926e-12,2.09634167227662,2.6052483517201463,-0.2611461339954071,-7.200131087846006e-12,1.4874554247788254,2.1173612937218693,-0.4118535079578958,-1.1478866425200363e-11,-2.112742585571897,-3.6017873179072883,0.5846200953538024,-5.161262628513355e-12
2.125,1,56,0.3928507318261705,-6.6219192531244285e-12,2.0958028594208407,2.6028553259124267,-0.2619752527454425,-7.157154204896699e-12,1.4850257661081645,2.115669579178788,-0.38977658365834794,-1.1491932177355413e-11,-2.1142968983613954,-3.60125810202818,0.6586079845259065,-5.176069157211184e-12
2.1291666666666664,1,56,0.3888326656328489,-6.595891158639941e-12,2.0950627495238106,2.6003988162073166,-0.2676606008639676,-7.113037200508442e-12,1.4827947431926625,2.1139329856243227,-0.4009961958321311,-1.1505344547113364e-11,-2.1145788450947056,-3.600714846732339,0.6165294092795536,-5.191268484075058e-12
2.1333333333333333,1,56,0.3909966235112625,-6.569208255105854e-12,2.0947678791697686,2.597880506173861,-0.26308316597512965,-7.06781031027234e-12,1.4797891360776592,2.11215270323295,-0.38649083313256266,-1.1519094342305947e-11,-2.1147077486425028,-3.6001579243398085,0.6916771998251905,-5.206850192245571e-12
2.1375,1,56,0.3886954942115934,-6.541888829651409e-12,2.0941581419473714,2.595302121735965,-0.2651566992580635,-7.021504530439832e-12,1.4771440775501445,2.1103299521212944,-0.4050311060368357,-1.1533172139510355e-11,-2.114163456751524,-3.5995877165373775,0.6448335908507165,-5.222803602798265e-12
2.1416666666666666,1,56,0.3925944256618893,-6.5139516056461824e-12,2.0964927771738395,2.5926654299895295,-0.25719625434875704,-6.974151596679394e-12,1.4757908270769033,2.1084659815119187,-0.3912338835281968,-1.1547568290507582e-11,-2.114078140695837,-3.599004614116992,0.7220281730161345,-5.239117782062437e-12
2.1458333333333335,1,56,0.38959668472513226,-6.485415729868004e-12,2.0959015460078096,2.5899722379913714,-0.2610885006827037,-6.9257839623264846e-12,1.4725138553704573,2.1065620688771713,-0.4101830958632468,-1.1562272928894844e-11,-2.113707050200777,-3.598409016707923,0.6729507908563594,-5.255781549114533e-12
2.15,1,56,0.3919147586455003,-6.45630075938074e-12,2.0954436616685563,2.587224391520759,-0.25721051658986355,-6.876434776141682e-12,1.468859950099587,2.1046195190636703,-0.39620995903059303,-1.1577275976847499e-11,-2.1137292199832993,-3.597801332502885,0.7469220374093095,-5.2727834834409864e-12
2.154166666666667,1,56,0.38955559764357844,-6.426626648130832e-12,2.0945855162824216,2.5844237738144042,-0.2604217105595797,-6.8261378595921405e-12,1.4653609931046296,2.1026396633980244,-0.4158187079694376,-1.1592567152025902e-11,-2.1133769802651274,-3.5971819779782765,0.6988887327337661,-5.290111932765279e-12
2.158333333333333,1,56,0.39261971290603176,-6.396413733271881e-12,2.094388521751966,2.58157230427579,-0.2554771220007157,-6.7749276836720856e-12,1.461913815103962,2.1006238587744113,-0.402630734254165,-1.1608135974622395e-11,-2.113475294482553,-3.596551377608753,0.7737325812020022,-5.307755021033815e-12
2.1625,1,56,0.39020763626927335,-6.365682721226556e-12,2.0935802150771377,2.578671937159703,-0.25948728527329756,-6.722839345278077e-12,1.4584793762308939,2.098573486724628,-0.4226415381003481,-1.1623971774543652e-11,-2.113174215987162,-3.595909963576307,0.7257064066174477,-5.325700656555191e-12
2.1666666666666665,1,56,0.3938318997507351,-6.334454673495471e-12,2.095921088721311,2.5757246602328894,-0.253583826242879,-6.669908543155391e-12,1.4572623172095003,2.0964899524712597,-0.4105176013315794,-1.1640063698723422e-11,-2.1133242197720348,-3.5952581754740773,0.8019487305387419,-5.343936540287221e-12
2.1708333333333334,1,56,0.3905354808794724,-6.30275099222266e-12,2.095418371278924,2.5727324934117335,-0.26029353472053546,-6.616171553431839e-12,1.4536701750991916,2.0943746839646082,-0.42409228310386254,-1.1656400718560682e-11,-2.112906189757201,-3.5945964600050724,0.7370308055902044,-5.362450174266104e-12
2.175,1,56,0.3931318421804825,-6.2705934055276375e-12,2.095078680188722,2.5696974873779137,-0.2579134499234191,-6.561665204755965e-12,1.4494876880748722,2.092229130904048,-0.4079699256690288,-1.1672971637478086e-11,-2.113151904449801,-3.5939252706760203,0.8136755804000022,-5.38122887017188e-12
2.1791666666666667,1,56,0.3906308403885765,-6.2380039526140124e-12,2.094199870867046,2.5666217221729624,-0.26338785889148225,-6.506426853056488e-12,1.4453303232170696,2.090054763744474,-0.4270546005755972,-1.1689765098595548e-11,-2.1131092912678464,-3.5932450674865613,0.7652291318398585,-5.400259758024399e-12
2.183333333333333,1,56,0.39466485054900413,-6.205004968664937e-12,2.096683609896,2.5635073057727147,-0.25756738446116056,-6.450494355940457e-12,1.443710341438178,2.087853072688526,-0.4153706837860831,-1.1706769592513665e-11,-2.113413422996311,-3.5925563166139844,0.8403052303296099,-5.419529795003735e-12
2.1875,1,56,0.3917654867216194,-6.17161906953567e-12,2.09612880929601,2.5603563726426017,-0.2646107970867806,-6.393906046747494e-12,1.4402059485332646,2.085625566665276,-0.43063440454270824,-1.1723973465201706e-11,-2.1104028085697415,-3.591859490093733,0.8107663783020185,-5.439025774389107e-12
2.1916666666666664,1,56,0.38867637829484347,-6.137869136253815e-12,2.095599616884828,2.5571710822747984,-0.2709687417415793,-6.3367007082780805e-12,1.4361471489607986,2.083373772296086,-0.4695575734166907,-1.1741364925984674e-11,-2.108755046708384,-3.591155065495898,0.6908427538875265,-5.458734334610086e-12
2.1958333333333333,1,56,0.391818175992823,-6.103778299337792e-12,2.095201167783532,2.553953617708214,-0.26761700558117957,-6.278917546213722e-12,1.4316981992110147,2.0810992328483375,-0.47383175639665787,-1.175893205562408e-11,-2.1089526709422035,-3.590443525597911,0.7098673937674645,-5.478641968403965e-12
2.2,1,56,0.38824117115278806,-6.0693699229443515e-12,2.0930672797841137,2.5507061840323466,-0.28082324655630825,-6.220596162247372e-12,1.4246103676477269,2.078803507177752,-0.4646758706164366,-1.1776662814486763e-11,-2.1084481900141006,-3.5897253580536765,0.6335212224799895,-5.49873503207295e-12
2.2041666666666666,1,56,0.39286043264808435,-6.03466758885594e-12,2.0964867714592432,2.547431006876025,-0.2730913693264734,-6.161776526942386e-12,1.4251787159929044,2.07648816866003,-0.4696742987809424,-1.1794545050796267e-11,-2.1103665225935924,-3.589001055059356,0.6830791692465638,-5.5189997548348675e-12
2.2083333333333335,1,56,0.3892994802143968,-5.999695080318913e-12,2.0958770339301016,2.544130330882073,-0.2859264624694056,-6.102498952338685e-12,1.4204695988445493,2.0741548041125375,-0.4588676201450782,-1.1812566508961068e-11,-2.1108337807775626,-3.5882711130160416,0.6258496381172479,-5.539422248260989e-12
2.2125,1,56,0.39290891007700224,-5.9644763657437144e-12,2.095397668518531,2.5408064181689447,-0.2798148015137684,-6.042804064324934e-12,1.418443938449613,2.0718050127067817,-0.4749279580093287,-1.1830714837973928e-11,-2.1115687227266173,-3.5875360321895484,0.679241862281848,-5.559988515794441e-12
2.216666666666667,1,56,0.388002931886648,-5.929035582278093e-12,2.0924833862322023,2.53746154678038,-0.2965161084662491,-5.982732774795538e-12,1.4121486985879712,2.069440404872417,-0.45634879601699196,-1.1848977599876675e-11,-2.1116553264439397,-3.586796316367557,0.6314058510196434,-5.580684462342768e-12
2.220833333333333,1,56,0.3883737196304148,-5.8933970192647366e-12,2.093634531714035,2.5340980091241496,-0.3039214009013622,-5.922326253611726e-12,1.4097328074418802,2.067062601193539,-0.3973817772186779,-1.186734227828454e-11,-2.1120924079847736,-3.586052472514343,0.7266704691343522,-5.601495903937988e-12
2.225,1,56,0.3842904295775542,-5.857585101594541e-12,2.0956138619017097,2.530718110400949,-0.31681604080651055,-5.861625900385731e-12,1.4107015079476941,2.064673231298014,-0.377395487888104,-1.1885796286964285e-11,-2.112320170977044,-3.585305010423326,0.6964320030540178,-5.622408577457592e-12
2.2291666666666665,1,56,0.3844052200423372,-5.821624372967039e-12,2.0952065358042877,2.527324167024535,-0.3207050834398871,-5.8006733161076174e-12,1.409562923008634,2.062273932740618,-0.34748960633825454,-1.1904326978460155e-11,-2.112819365195751,-3.5845544423676876,0.7697760182265825,-5.6434081503997534e-12
2.2333333333333334,1,56,0.37918243896407683,-5.785539479069347e-12,2.0949136570115034,2.5239185050341657,-0.33209135143606017,-5.739510274633986e-12,1.411081051356073,2.0598663498807337,-0.3563652187816619,-1.192292165276183e-11,-2.111833649366242,-3.583801282749281,0.698597633946373,-5.664480230706137e-12
2.2375,1,56,0.38140696005742913,-5.7493551506852695e-12,2.0946593972538334,2.5205034585004533,-0.33003016098812327,-5.678178694058315e-12,1.4105780934415635,2.0574521327553925,-0.3433468191115206,-1.1941567566008363e-11,-2.111684428415696,-3.583046047746088,0.7461516843386476,-5.685610376625468e-12
2.2416666666666667,1,56,0.3790551130492778,-5.713096186746025e-12,2.0933747809218763,2.5170813679257056,-0.3353710431214656,-5.616720607982336e-12,1.4094699697281217,2.0550329359484185,-0.3650231003768829,-1.1960251939222207e-11,-2.1112257029945254,-3.582289254958454,0.659652262912002,-5.706784106611214e-12
2.245833333333333,1,56,0.3835993056684624,-5.676787437334329e-12,2.095481609348074,2.513654578639866,-0.32868389809885507,-5.555178136708358e-12,1.4096523303874353,2.0526104174564628,-0.35469619297743576,-1.197896196706726e-11,-2.1118023914734154,-3.5815314230543542,0.7056831047465217,-5.727986909246489e-12
2.25,1,56,0.381468563291983,-5.640453786653359e-12,2.0951189041002807,2.510225439193139,-0.33501909372220123,-5.4935934583720664e-12,1.4083232797770306,2.050186237552691,-0.36864006535237626,-1.1997684826625028e-11,-2.1122259593966954,-3.5807730714139208,0.6024927335750252,-5.749204253189474e-12
2.2541666666666664,1,56,0.38532187490377073,-5.604120135972392e-12,2.094831547487228,2.506796299746412,-0.33184496728406593,-5.432008780035781e-12,1.4052272034500772,2.047762057648919,-0.3507016433667223,-1.2016407686182794e-11,-2.1139528779537833,-3.580014719773487,0.6379162421689397,-5.770421597132458e-12
2.2583333333333333,1,56,0.3840648510432644,-5.567811386560693e-12,2.0927741378787847,2.503369510460572,-0.33723081307887787,-5.370466308761798e-12,1.4011718442251808,2.045339539156963,-0.3642746498080591,-1.203511771402785e-11,-2.114615976402405,-3.579256887869387,0.5517189079551612,-5.791624399767734e-12
2.2625,1,56,0.3896754447231255,-5.531552422621448e-12,2.0944312957238016,2.4999474198858245,-0.3299448349078279,-5.3090082226858184e-12,1.400272277493045,2.042920342349989,-0.3500625000792154,-1.2053802087241693e-11,-2.1160321583158717,-3.578500095081753,0.6337719228753137,-5.812798129753481e-12
2.2666666666666666,1,56,0.3889969200224434,-5.49536809423737e-12,2.094281644170724,2.496532373352112,-0.33333772988190213,-5.247676642110147e-12,1.398077518485351,2.0405061252246477,-0.37268974481165407,-1.2072448000488227e-11,-2.116294733937813,-3.57774486007856,0.5989251069592673,-5.833928275672812e-12
2.2708333333333335,1,56,0.39456728507262256,-5.4592832003396776e-12,2.0973201089670788,2.4931267113617426,-0.32588399020674924,-5.186513600636516e-12,1.397020061194569,2.0380985423647635,-0.36157351221025424,-1.2091042674789901e-11,-2.116034823644562,-3.5769917004601535,0.6666138374950451,-5.855000355979195e-12
2.275,1,56,0.3938292265531705,-5.423322471712177e-12,2.096570147711915,2.4897327679853287,-0.33112974459117633,-5.125561016358402e-12,1.3928771014298993,2.0356992438073673,-0.37320913588853644,-1.2109573366285771e-11,-2.115227301883202,-3.576241132404515,0.6086963732872507,-5.8759999289213575e-12
2.279166666666667,1,56,0.39513343428088415,-5.38751055404198e-12,2.0959786352333047,2.486352869262128,-0.33336142090116144,-5.064860663132408e-12,1.3886491261059897,2.033309873911843,-0.34889535184889836,-1.2128027374965516e-11,-2.1150137186072895,-3.5754936703134983,0.6704431905284103,-5.896912602440961e-12
2.283333333333333,1,56,0.3913294410840875,-5.351871991028624e-12,2.0952100580013857,2.4829893316058977,-0.3431020318477767,-5.004454141948595e-12,1.3868100071529492,2.0309320702329647,-0.35874579924531574,-1.2146392053373381e-11,-2.1141673362835025,-3.574749826460284,0.5881646060765068,-5.917724044036181e-12
2.2875,1,56,0.3945939110552572,-5.316431207563002e-12,2.0949232979802273,2.479644460217333,-0.3399221532074188,-4.944382852419199e-12,1.3837725432494923,2.0285674623986,-0.3461928745868839,-1.2164654815276128e-11,-2.111884126614599,-3.5740101106382927,0.6416200362075828,-5.9384199905845085e-12
2.2916666666666665,1,56,0.39371343670684916,-5.281212492987804e-12,2.0936575327666893,2.476320547504205,-0.3435283213284374,-4.8846879644054476e-12,1.3800869723592049,2.0262176709928443,-0.36559899597450757,-1.2182803144288988e-11,-2.1105007258492363,-3.5732750298117995,0.5710932079033182,-5.958986258117961e-12
2.2958333333333334,1,56,0.39552147506556523,-5.246239984450777e-12,2.0953055730648553,2.4730198715102527,-0.3421834857152879,-4.825410389801747e-12,1.3788506966292913,2.023884306445352,-0.3494079411508237,-1.220082460245379e-11,-2.110052343453249,-3.5725450877684852,0.6286593117613443,-5.979408751544082e-12
2.3,1,56,0.39340839282762213,-5.211537650362365e-12,2.0949735705454806,2.469744694353931,-0.34742431480344776,-4.766590754496761e-12,1.376103600252261,2.02156896792763,-0.3653999716610118,-1.2218706838763293e-11,-2.1095266778450084,-3.5718207847741645,0.5574335727460918,-5.9996734743059995e-12
2.3041666666666667,1,56,0.3933644877376488,-5.177129273968924e-12,2.0947226958421865,2.466497260678064,-0.3497261756277336,-4.70826937053041e-12,1.3732215265498566,2.019273242257044,-0.34597782701702645,-1.2236437597625975e-11,-2.1098268280750734,-3.57110261722993,0.6199007262406016,-6.019766537974983e-12
2.308333333333333,1,56,0.390199099493078,-5.143038437052905e-12,2.092994454355216,2.46327979611148,-0.3565309236192689,-4.650486208466059e-12,1.3692470374174985,2.0169987028092957,-0.36016019024677887,-1.225400472726538e-11,-2.1092563589453897,-3.570391077331943,0.546580399150007,-6.039674171768861e-12
2.3125,1,56,0.3941220782162567,-5.109288503771047e-12,2.0949935885514748,2.460094505743676,-0.35022824502147,-4.59328086999664e-12,1.3673130559186335,2.014746908440106,-0.3446284666409748,-1.227139618804835e-11,-2.1095774128711176,-3.569686652734108,0.6104077643744332,-6.059382731989842e-12
2.3166666666666664,1,56,0.3924559709244242,-5.075902604641783e-12,2.0947325476401226,2.4569435726135636,-0.3544372345700093,-4.5366925608036816e-12,1.3639987636702537,2.012519402416856,-0.3561944817147722,-1.2288600060736388e-11,-2.1091646985565826,-3.5689898262138566,0.5373327119146234,-6.078878711375212e-12
2.3208333333333333,1,56,0.3959632806549369,-5.042903620692705e-12,2.0945411084623045,2.4538291562133154,-0.35081680999996545,-4.480760063687645e-12,1.3595782645936059,2.0103177113609076,-0.3348958455031711,-1.2305604554654508e-11,-2.1096103836817024,-3.56830107534128,0.5985517475965941,-6.09814874835455e-12
2.325,1,56,0.39473296759464155,-5.0103141677790795e-12,2.0932307845520017,2.450753391008364,-0.3551749567041084,-4.425521711988168e-12,1.3550364681592268,2.0081433442013337,-0.34379224927409546,-1.232239801577197e-11,-2.1091310463739665,-3.5676208721518208,0.524009621801475,-6.117179636207069e-12
2.3291666666666666,1,56,0.39658326787994247,-4.978156581084057e-12,2.094939153894672,2.4477183849745443,-0.35270292709026396,-4.371015363312294e-12,1.3533180916875602,2.0059977911407736,-0.32578433373964216,-1.2338968934689374e-11,-2.1095070332551358,-3.5669496828227687,0.5807359100945696,-6.135958332112845e-12
2.3333333333333335,1,56,0.3941605798169367,-4.946452899811247e-12,2.094696411157301,2.4447262181533884,-0.3578822396990405,-4.317278373588742e-12,1.3501967718128365,2.003882522634122,-0.3384973663746434,-1.2355305954526634e-11,-2.1091003094770464,-3.5662879673537637,0.49876128217925264,-6.154471966091727e-12
2.3375,1,56,0.39383551799136873,-4.915224852080161e-12,2.0945190700729674,2.4417789412265747,-0.36026333196355986,-4.2643475714660565e-12,1.3466036447632739,2.0017989883807537,-0.315351916213848,-1.2371397878706404e-11,-2.1095559059783127,-3.565636179251534,0.5501053106907274,-6.172707849823758e-12
2.341666666666667,1,56,0.39063809771767444,-4.884493840034837e-12,2.092863089385399,2.438878574110488,-0.36664447015767704,-4.212259233072049e-12,1.3419966890737447,1.9997486163309703,-0.3261251161687361,-1.238723367862766e-11,-2.109104380815919,-3.5649947652190885,0.4652602598241705,-6.190653485345134e-12
2.345833333333333,1,56,0.39459107930147674,-4.854280925175885e-12,2.0952595699021637,2.4360271045718735,-0.3584458141845639,-4.161049057151992e-12,1.3408903930616343,1.9977328117073572,-0.3155556243762147,-1.2402802501224154e-11,-2.110869629378417,-3.5643641648495645,0.5305965912238654,-6.2082965736136705e-12
2.35,1,56,0.3922665027824456,-4.8246068139259775e-12,2.094963704484184,2.433226486865519,-0.36313882166885575,-4.110752140602452e-12,1.3380664995996365,1.9957529560417113,-0.3265026990616394,-1.2418093676402557e-11,-2.1110440684869203,-3.5637448103249563,0.44364352343944297,-6.225625022937963e-12
2.3541666666666665,1,56,0.39529479526186695,-4.795491843438713e-12,2.0947979285453857,2.430478640394906,-0.3593086603986217,-4.061402954417648e-12,1.3353693455763793,1.99381040622821,-0.3065881735746218,-1.2433096724355212e-11,-2.110620319665416,-3.5631371261199183,0.5219292478839843,-6.242626957264416e-12
2.3583333333333334,1,56,0.3927156720926463,-4.7669559676605345e-12,2.0946576881511976,2.4277854483967483,-0.3644262384363179,-4.013035320064739e-12,1.3357920825,1.991906493593463,-0.3166112567920824,-1.2447801362742474e-11,-2.110525928858247,-3.5625415287108493,0.43683346620862723,-6.259290724316512e-12
2.3625,1,56,0.392095714011456,-4.7390187436553084e-12,2.0945078969415003,2.4251487566503127,-0.3666744894698044,-3.965682386304302e-12,1.3353938369392366,1.9900425229840875,-0.2950899286621517,-1.2462197513739701e-11,-2.1104499496227653,-3.5619584262904636,0.5165467241326741,-6.275604903580683e-12
2.3666666666666667,1,56,0.3870458768235454,-4.711699318200863e-12,2.09438588221738,2.422570372212417,-0.37488205028411453,-3.919376606471793e-12,1.3373389761122867,1.9882197718724315,-0.30765228670089745,-1.2476275310944109e-11,-2.108116763157439,-3.5613882184880326,0.4413970499421188,-6.291558314133378e-12
2.370833333333333,1,56,0.38981440631822656,-4.685016414666779e-12,2.097795994213881,2.4200520621789616,-0.3681540795525251,-3.8741497162356965e-12,1.3401731600608433,1.9864394894810589,-0.29294721387153566,-1.249002510613669e-11,-2.1075816654724626,-3.560831296095502,0.5054241780644627,-6.307140022303889e-12
2.375,1,56,0.3870042596117546,-4.6589883201822884e-12,2.096973807121723,2.417595552473851,-0.37282585662985684,-3.830032711847434e-12,1.339338658193305,1.9847028959265933,-0.30867468297296236,-1.2503437475894643e-11,-2.1066852424642675,-3.560288040799661,0.41589983214954745,-6.322339349167765e-12
2.3791666666666664,1,56,0.38986391893603023,-4.633632873103227e-12,2.0963154390810015,2.415202526666132,-0.3685110051495965,-3.787055828898132e-12,1.337149926471334,1.9830111813835125,-0.29231254242279237,-1.2516503228049691e-11,-2.1063425459858482,-3.5597588249205527,0.4724457141276386,-6.337145877865593e-12
2.3833333333333333,1,56,0.38915058164168087,-4.608967450786483e-12,2.094677117921511,2.412874624816158,-0.37007899078903445,-3.745248521596609e-12,1.33464938464823,1.9813655052684611,-0.30568543246358887,-1.2529213407987963e-11,-2.1054254716793497,-3.559244011156306,0.38060861307410304,-6.351549460742208e-12
2.3875,1,56,0.3936388826247339,-4.58500895768045e-12,2.0944749699650806,2.4106134423515764,-0.3632446985319976,-3.704639442582975e-12,1.3326463246434002,1.979766995445645,-0.28623233637190443,-1.2541559304787013e-11,-2.105279256663288,-3.5587439523345594,0.43840370783751825,-6.365540226301382e-12
2.3916666666666666,1,56,0.39313749791889474,-4.561773813739552e-12,2.0925717453205066,2.4084205289739002,-0.3655643914833402,-3.6652564232915195e-12,1.3300620913962706,1.9782167474538495,-0.292953033401398,-1.2553532457185868e-11,-2.10489226650226,-3.558258991170651,0.33919160527927855,-6.379108585971251e-12
2.3958333333333335,1,56,0.39539728465868107,-4.539277943170821e-12,2.093687431504952,2.4062973875964193,-0.3609425368807018,-3.6271264548764326e-12,1.330824431015301,1.9767158237556115,-0.2790845725956378,-1.2565124659383944e-11,-2.105081321773179,-3.5577894600327373,0.384937684495566,-6.392245240675857e-12
2.4,1,56,0.39403940232287255,-4.517536763520253e-12,2.0937306168388288,2.4042454733141807,-0.36240165266196533,-3.590275669713437e-12,1.3309489455265633,1.9752652530090609,-0.29251099824524257,-1.25763279666649e-11,-2.104968010940199,-3.5573356807140075,0.2772329090218416,-6.404941187208252e-12
2.404166666666667,1,56,0.3947759617628297,-4.496565175106382e-12,2.096305403320312,2.402266192406738,-0.36037610009875937,-3.5547293234899395e-12,1.3334856878082824,1.9738660293629298,-0.2707647777729136,-1.2587134700841542e-11,-2.105436966330444,-3.5568979642121397,0.325983405834847,-6.4171877244008635e-12
2.408333333333333,1,56,0.39187547103357595,-4.4763775508083555e-12,2.0958304859099792,2.4003609013743583,-0.36507278535613324,-3.5205117778960693e-12,1.3335025177049626,1.9725191117752126,-0.2768559301318905,-1.2597537455518074e-11,-2.1055198822552503,-3.55647661051616,0.24952084630014476,-6.428976459088824e-12
2.4125,1,56,0.39471837916331415,-4.456987726215471e-12,2.095439321143135,2.3985309060083435,-0.3587664586414059,-3.4876464839283654e-12,1.3323837200375315,1.9712254233559436,-0.2674102927763726,-1.260752910116607e-11,-2.1058153306329674,-3.556071908400844,0.3343790152206955,-6.440299311862242e-12
2.4166666666666665,1,56,0.3931528952521544,-4.438408990144963e-12,2.093826511859276,2.396777460496107,-0.3610361600918502,-3.4561559658176605e-12,1.3309024147242121,1.9699858507345447,-0.2795564181952873,-1.2617102790010698e-11,-2.105637140187732,-3.5556841352288067,0.2832887548425853,-6.451148522603412e-12
2.4208333333333334,1,56,0.39725373472947006,-4.420654075534502e-12,2.09539784095568,2.3951017665616163,-0.3531885059462042,-3.4260618055920765e-12,1.3314356861996868,1.968801243452172,-0.26172144909288886,-1.2626251960723838e-11,-2.1060613817190683,-3.55531355676041,0.3891834024405104,-6.461516655805226e-12
2.425,1,56,0.39631658031263944,-4.4037351507156906e-12,2.0950946909075694,2.393504972641792,-0.35423204969261063,-3.3973846282858006e-12,1.3311045975425182,1.9676724133794847,-0.27304363524881003,-1.2634970342920895e-11,-2.1060566056366623,-3.554960426971626,0.3492797147609159,-6.471396605667084e-12
2.4291666666666667,1,56,0.39629363605208723,-4.387663811074473e-12,2.0948540600734575,2.391988173099424,-0.3541340740106791,-3.3701440878036948e-12,1.3312110035441589,1.9666001341602282,-0.25574481152680395,-1.2643251961458205e-11,-2.1066503205033595,-3.5546249878799725,0.4541835476951232,-6.4807816009648685e-12
2.433333333333333,1,56,0.39171275884888895,-4.372451071104264e-12,2.094624623825401,2.390552407473154,-0.36063881571042605,-3.3443588534515168e-12,1.3335480880029948,1.9655851406810179,-0.2689760947177037,-1.2651091140528098e-11,-2.1072556561151687,-3.554307469378647,0.39751280231807,-6.48966520969159e-12
2.4375,1,56,0.3928054691374047,-4.358107356857142e-12,2.0944949900654835,2.389198659765023,-0.3582338004980265,-3.3200465971408848e-12,1.3354629188639766,1.9646281285676843,-0.24844328787293563,-1.2658482507548817e-11,-2.10887350592767,-3.5540080890789705,0.44507844727841106,-6.4980413434655765e-12
2.4416666666666664,1,56,0.390355835853679,-4.344642498798369e-12,2.093230292415399,2.38792785776609,-0.36133120192991375,-3.2972239812778544e-12,1.3366083471505827,1.963729753708526,-0.2614197593738607,-1.2665420996846611e-11,-2.109361914929541,-3.5537270521612454,0.32419227307437465,-6.505904261703134e-12
2.4458333333333333,1,56,0.3939354658327767,-4.332065725069074e-12,2.095174472370778,2.386740872420566,-0.3537572379843156,-3.2759066473433192e-12,1.3391046746224018,1.9628906318047972,-0.24536463213901027,-1.2671901853127501e-11,-2.1095081270216736,-3.5534645512341374,0.3854066023163526,-6.513248575552866e-12
2.45,1,56,0.39251341727891426,-4.320385655161747e-12,2.0948846647591965,2.3856385172289167,-0.3550829268491093,-3.256109205173135e-12,1.3399865856552544,1.9621113379487347,-0.25856763055679216,-1.2677920634736317e-11,-2.108855749322362,-3.5532207662026694,0.308383665627817,-6.5200692515889155e-12
2.4541666666666666,1,56,0.39208366954995727,-4.30961029401287e-12,2.094651239420996,2.384621547690326,-0.3560416218487887,-3.2378452229452632e-12,1.3411470353858994,1.9613924062294217,-0.23461793448059437,-1.2683473216700791e-11,-2.1089071507554666,-3.552995864144925,0.3786270817290261,-6.5263616152606274e-12
2.4583333333333335,1,56,0.387382803737333,-4.2997470265167334e-12,2.0944617419666978,2.3836906607849166,-0.3626916182911241,-3.2211272178808136e-12,1.3444826044988554,1.9607343293667467,-0.24426194804648185,-1.2688555793558603e-11,-2.1083772979620723,-3.55278999919754,0.30710758602732113,-6.532121354096252e-12
2.4625,1,56,0.3885686863319511,-4.290802612464197e-12,2.0943045187771614,2.3828464944960754,-0.35916147880363,-3.2059666476653756e-12,1.3462921594977004,1.96013755837372,-0.22952979034125617,-1.2693164881965451e-11,-2.108457560010465,-3.5526033124500667,0.380536162549085,-6.537344520658498e-12
2.466666666666667,1,56,0.38617371837686953,-4.282783181909869e-12,2.0927343175680817,2.382089627373209,-0.3610792313338954,-3.1923739025964855e-12,1.3469975716731442,1.9596025022473704,-0.24844388914403692,-1.2697297323082374e-11,-2.107987185478376,-3.5524359318482768,0.3077874233362482,-6.542027535249904e-12
2.470833333333333,1,56,0.38928013985051974,-4.275694230970873e-12,2.094284779379213,2.3814205781352378,-0.3536858566464441,-3.1803582984626435e-12,1.3497247148136606,1.9591295276884406,-0.23501088114738683,-1.270095028474065e-11,-2.1080533838494255,-3.552287972106473,0.38622268300278845,-6.546167188366193e-12
2.475,1,56,0.3881781962386307,-4.26954061806008e-12,2.0941730279100033,2.3808398053150888,-0.3534512617240468,-3.1699280701587285e-12,1.3511063425532517,1.9587189588500677,-0.25333066940212756,-1.2704121263382826e-11,-2.107705044689544,-3.552159534628872,0.3183397001709709,-6.549760642895898e-12
2.4791666666666665,1,56,0.3920428027251136,-4.264326560556401e-12,2.0969565074052063,2.3803477069454435,-0.34520386496073147,-3.16109036604222e-12,1.3544927300945744,1.958371077115625,-0.2389062082082553,-1.2706808085778536e-11,-2.1096111252774588,-3.5520507074401055,0.39416510825670753,-6.552805436064784e-12
2.4833333333333334,1,56,0.39017921357413105,-4.2600556319144e-12,2.096310557567827,2.379944620285943,-0.34755819402260824,-3.1538512430340635e-12,1.3553167175181147,1.9580861209058762,-0.2536123833057095,-1.2709008910513918e-11,-2.110832187627708,-3.5519615651248926,0.3162529212851098,-6.555299481123701e-12
2.4875,1,56,0.3928634214206257,-4.2567307592152305e-12,2.095791941484898,2.3796308215920496,-0.34367088595299705,-3.14821566246757e-12,1.355168254224745,1.957864285515574,-0.23471950150317347,-1.2710722229253634e-11,-2.111609463509926,-3.5518921687769236,0.39302746547673717,-6.557241068778746e-12
2.4916666666666667,1,56,0.39201735897509665,-4.254354221160559e-12,2.094388942792643,2.379406525925713,-0.34484274532463954,-3.1441874866881537e-12,1.3545447720804444,1.9577057229796133,-0.24921099240526148,-1.27119468677746e-11,-2.1115761677485096,-3.5518425659569886,0.33418917673556187,-6.5586288683627275e-12
2.495833333333333,1,56,0.3964467176720281,-4.252927646510859e-12,2.0960158017389685,2.37927188700798,-0.33728422304936073,-3.1417694764062825e-12,1.3559753222697888,1.957610541968836,-0.23063065469941083,-1.271268198677075e-11,-2.1119638499449382,-3.5518127906603825,0.41637415597172256,-6.55946192874713e-12
2.5,1,56,0.3956672501317446,-4.2524520129691355e-12,2.095535456634147,2.3792269971136384,-0.33868203804297,-3.140963288805421e-12,1.355964428280038,1.9575788077155531,-0.2430423798423784,-1.271292708242824e-11,-2.111726075711157,-3.5518028632936067,0.35852676435458763,-6.559739678993979e-12
2.5041666666666664,1,56,0.395713237081128,-5.0793419615438973e-05,2.0951611094179934,2.379102261728959,-0.3401381047094694,-1.6024805032347426e-05,1.3563474241317297,1.9575771191861442,-0.21764616647198273,1.0619081078856747e-05,-2.1119736010342804,-3.5516824790461454,0.4346126136963869,-7.227744494114259e-05
2.5083333333333333,1,56,0.39254076099424384,-0.0002031649625140987,2.094023945888727,2.378728076947688,-0.34549455202524254,-6.40964649391715e-05,1.356260168189343,1.9575720538872383,-0.2289780871572166,4.2474542927140895e-05,-2.111453487250415,-3.551321346930983,0.3621572742024362,-0.000289097375718279
2.5125,1,56,0.392289470349353,-0.00045708852486900744,2.0956213124607292,2.37810450688446,-0.3447847585418033,-0.000144206746029997,1.3586831684411298,1.9575636126867484,-0.21255099153917884,9.556091456253862e-05,-2.1111094281308707,-3.550719528826248,0.4206991091630033,-0.0006504226479122608
2.5166666666666666,1,56,0.38840306000466746,-0.0008125205981849386,2.0952116254899367,2.3772316583847966,-0.34938741202081103,-0.0002563419218205619,1.3592445401375042,1.9575517970310305,-0.23235190532688732,0.00016986909990855556,-2.1103273916032266,-3.5498771278503747,0.3378746166857508,-0.001156191350297778
2.5208333333333335,1,56,0.3894607294779527,-0.001269400281005891,2.094891397285885,2.3761096810067937,-0.34706139797460933,-0.00040048277852576536,1.3588558108284856,1.9575366089446367,-0.21742095883686338,0.0002653863666401707,-2.1099778682782317,-3.5487942883444332,0.3916281387688077,-0.0018063168220113699
2.525,1,56,0.3867149137563251,-0.001827649289350247,2.093689220268001,2.3747387669954994,-0.3504162570388553,-0.0005766046183518535,1.3581559615931271,1.9575180510299672,-0.23534040130739756,0.0003820963483654559,-2.1091733258637615,-3.547471195847399,0.3062011244044757,-0.0026006876674003285
2.529166666666667,1,56,0.389418980283765,-0.002487171970124346,2.0955241183234463,2.373119151249972,-0.34475007395593243,-0.0007846772637282642,1.3596272540462517,1.9574961264668251,-0.22046124031521216,0.0005199790474298767,-2.108096046671791,-3.5459080770643596,0.3714619122135745,-0.0035391677751097934
2.533333333333333,1,56,0.387224408065586,-0.0032478553175119096,2.0951604247017763,2.3712511112830326,-0.34752063142737344,-0.0010246650624783226,1.3594768733091627,1.9574708390118716,-0.23858574772834773,0.0006790108383427372,-2.107625858093186,-3.544105199827672,0.3070634845475426,-0.00462159634140439
2.5375,1,56,0.3892643573044615,-0.004109568992337606,2.0948753612873707,2.369134967173711,-0.3446528890988086,-0.001296526893928248,1.3587144136716018,1.9574421929979817,-0.22239555101495026,0.0008591644718254116,-2.107958650013488,-3.542062873051069,0.3833608357871044,-0.005847787897721978
2.5416666666666665,1,56,0.3871977756000445,-0.00507216534439916,2.0936315845044406,2.3667710815124083,-0.3479808274717316,-0.0016002161759527036,1.3577239775687115,1.9574101933335029,-0.23992159482844944,0.001060409079480192,-2.1076028159692703,-3.5397814466767303,0.3157590686944855,-0.007217532342451532
2.5458333333333334,1,56,0.39023127346333236,-0.006135479437767277,2.095363612992507,2.364159859338762,-0.342891139773756,-0.0019356808729566657,1.3588321334201166,1.9573748455014122,-0.22519693320271075,0.001282710179079603,-2.1079594495852954,-3.5372613116153198,0.3928137130161241,-0.008730594976934158
2.55,1,56,0.38810434531454846,-0.00729932907904589,2.0950338020630705,2.361301748072249,-0.3469221653777319,-0.00230286350479124,1.3588752033088878,1.9573361555583795,-0.2410498295271396,0.0015260296804746115,-2.1077728529357054,-3.534502899679007,0.3155158869386718,-0.010386716545676529
2.5541666666666667,1,56,0.3900133062339871,-0.008563514848590546,2.0947776292709306,2.358197237435522,-0.3455636272918588,-0.0027017011566027446,1.358246355816302,1.9572941301337266,-0.22475609350192766,0.0017903258921212794,-2.107744134108266,-3.5315066835074767,0.3923429271355004,-0.012185613280773671
2.558333333333333,1,56,0.3881570701551031,-0.009927820134677568,2.0936855394438454,2.354846859370496,-0.34933760746968273,-0.0031321254896127275,1.3575717956912978,1.9572487764282942,-0.2436761156100477,0.0020755535282243184,-2.107413902968764,-3.5282731764869455,0.32263709705357785,-0.014126976950530612
2.5625,1,56,0.39109735942159113,-0.011392011170619902,2.0954691514920234,2.3512511879472044,-0.34527414620981706,-0.003594062752827639,1.3590428001885926,1.957200102213206,-0.23059853737464583,0.0023816637164966914,-2.1077258086486856,-3.524802932662195,0.3987540151389938,-0.016210474912277072
2.5666666666666664,1,56,0.389174763474935,-0.012955837074820849,2.0951123256896924,2.347410839265436,-0.3494973907170518,-0.00408743379567537,1.3593131912612693,1.9571481158285382,-0.2486314988374891,0.0027086040065334204,-2.1076638447534584,-3.52109654664164,0.314157047219328,-0.018435750169362653
2.5708333333333333,1,56,0.3912712926562072,-0.014619029893762677,2.094821395799868,2.3433264713491657,-0.348303255975492,-0.0046121540815677224,1.3588876641508278,1.9570928261818903,-0.23415963817110158,0.0030563183787989754,-2.1079832530925664,-3.5171546534954437,0.37859404538100133,-0.020802421432328317
2.575,1,56,0.38931355478237206,-0.016381304647917934,2.0937017299283744,2.338998784033811,-0.3528985488933672,-0.005168133702384954,1.3588924156202469,1.9570342427468586,-0.2541834310671108,0.003424747254225693,-2.108175450296007,-3.5129779286467047,0.29316156603343785,-0.023310083184236708
2.5791666666666666,1,56,0.39226719856742714,-0.01824235938057938,2.09553981033233,2.334428518846314,-0.34918507406252314,-0.005755277393881127,1.3610181734748628,1.956972375561413,-0.24309690432650832,0.003813827504422378,-2.1088638270060573,-3.5085670877557242,0.35699977094665153,-0.025958305750155654
2.5833333333333335,1,56,0.3900036724988805,-0.020201875209599714,2.0951669337796415,2.3296164588780863,-0.3549756318139375,-0.0063734845520074515,1.3617496229556778,1.9569072352261772,-0.260200115341653,0.0042234924624912325,-2.1083259266293566,-3.503922886597381,0.27727274905274196,-0.028746635370782134
2.5875,1,56,0.39177551062434435,-0.022259516382028912,2.0948776650969547,2.3245634286508317,-0.35508582005172684,-0.007022649250149819,1.3620415970556523,1.9568388329026125,-0.24564506861720653,0.004653671934450584,-2.1086675305082676,-3.499046120931636,0.34265049766426575,-0.03167459428018955
2.591666666666667,1,56,0.3894530528149051,-0.024414930331645258,2.093669611439904,2.3192702939752654,-0.36127134862908494,-0.00770266025727924,1.362407451201617,1.9567671803111046,-0.2633996227658798,0.0051042922112625655,-2.1081117762603636,-3.4939376263671793,0.2625583175060669,-0.034741680787692526
2.595833333333333,1,56,0.392043352541465,-0.026667747739364082,2.09547922917326,2.3137379618027665,-0.35894492256714944,-0.008413401057010193,1.3650467586579351,1.9566922897289567,-0.25120089604549706,0.005575276081462443,-2.1084428009746783,-3.488598278218257,0.3296570529033597,-0.037947369363806695
2.6,1,56,0.3891495698817243,-0.0290175825965206,2.09511815931263,2.3079673800699707,-0.36669852072279757,-0.009154749867565698,1.3665684684035564,1.956614173988284,-0.26640161392898876,0.006066542844388791,-2.1079913598331137,-3.4830289913546864,0.24988449336365656,-0.04129111073029817
2.6041666666666665,1,56,0.390286755327988,-0.03146403227100859,2.094838447239375,2.301959537536352,-0.3686366036214237,-0.00992657966264341,1.367676378896732,1.9565328464738168,-0.250911448822375,0.006578008324010741,-2.108396523071544,-3.477230720045102,0.3140821858049518,-0.04477233195429682
2.6083333333333334,1,56,0.3877637524112592,-0.03400667757627113,2.0936676089482593,2.295715463614799,-0.37560082011073365,-0.010728758193181467,1.3686993688068518,1.9564483211206058,-0.2679110551222682,0.00710958488335148,-2.107852831124264,-3.4712044577934416,0.23239886389401027,-0.048390436546467894
2.6125,1,56,0.39019751717392737,-0.03664508284312417,2.095612696732627,2.2892362281952354,-0.3737383892125854,-0.011561148010018113,1.3720680071777143,1.9563606124116353,-0.2559470211321739,0.007661181439504015,-2.1082147144180916,-3.46495123716872,0.29687285005800707,-0.05214480456321481
2.6166666666666667,1,56,0.38650684384736855,-0.03937879599440845,2.095223873716995,2.2825229414612926,-0.38323801098305393,-0.0124236064874436,1.3744085055153972,1.956269735375341,-0.270528355979325,0.008232703479238214,-2.1077505493113384,-3.458472129628099,0.2137288106697335,-0.056034792712906366
2.620833333333333,1,56,0.38725880204638513,-0.04220734862244806,2.0949227235837276,2.275576753700095,-0.38588629803843777,-0.013315985847637567,1.37588460603655,1.9561757055830356,-0.25591237555955787,0.00882405307519464,-2.1081785011114675,-3.451768245333301,0.2740887217022703,-0.060059734466097935
2.625,1,56,0.38423342160204527,-0.04513025606931218,2.093685276760868,2.268398855105154,-0.39393542472165094,-0.014238133185990808,1.3774109760948698,1.9560785391462392,-0.2718090559003213,0.009435128902664422,-2.1076171903686385,-3.444840732960389,0.18951954299791615,-0.06421894016974138
2.6291666666666664,1,56,0.3861586699690614,-0.04814701750985633,2.0956954078661223,2.260990475572444,-0.39298649751813713,-0.01518989049730392,1.3813854331889233,1.9559782527139211,-0.2595774542965473,0.010065826256950213,-2.1079793338765165,-3.4376907795029448,0.25071600353153184,-0.06851169716535009
2.6333333333333333,1,56,0.38290911220429025,-0.05125711603753872,2.095290797424134,2.2533528844896575,-0.40158561388137864,-0.0161710947028615,1.3840856662393137,1.955874863469645,-0.27211655267224666,0.01071603707130735,-2.107480116847979,-3.4303196100686844,0.16633001826168203,-0.07293726991111311
2.6375,1,56,0.3834772690872676,-0.05446001875298715,2.0949777662479567,2.2454873905187096,-0.4046405876987126,-0.01718157767837408,1.3861415962579784,1.9557683891286257,-0.25539271868013963,0.011385649935460023,-2.1078204756225767,-3.422728487669544,0.21564036129597178,-0.07749490010792291
2.6416666666666666,1,56,0.38015587620131613,-0.05775517685530942,2.09364807736119,2.2373953413715006,-0.4134624991883575,-0.018221166282785625,1.3883005286391437,1.9556588479346937,-0.2669888144607794,0.012074550114691027,-2.1072019426689734,-3.4149187130052687,0.12757048559800807,-0.08218380682930729
2.6458333333333335,1,56,0.38160130958962757,-0.06114202573612906,2.095428845379159,2.2290781235789927,-0.41357448885425896,-0.019289682387940862,1.3924160858526609,1.955546258657168,-0.25209903771746645,0.0127826195695013,-2.107267708954673,-3.4068916242405405,0.16378609340392514,-0.08700318665523933
2.65,1,56,0.3783685992695643,-0.06461998507632515,2.095082735219152,2.220537162253639,-0.4217756153110037,-0.02038694290910566,1.395750035138493,1.9554306405876423,-0.261744123413833,0.013509736975834751,-2.106614154700742,-3.398648596775698,0.07638781344116412,-0.09195221380979499
2.654166666666667,1,56,0.37916051264278927,-0.06818845894547004,2.094811909189266,2.2117739208451916,-0.422158987056185,-0.021512759836338675,1.3986813644306875,1.955312013536677,-0.2580013413180419,0.014255777745867174,-2.1064994573550515,-3.390191043011059,0.07964196838772465,-0.09703004030265006
2.658333333333333,1,56,0.37763020235582745,-0.07184683590393598,2.094600914368503,2.202789900889955,-0.42647070121223524,-0.022666940266704867,1.4036452478073507,1.9551903978304073,-0.24846389218131146,0.015020614049353068,-2.10539656101027,-3.3815204121049245,-0.015283089090963098,-0.10223579607437448
2.6625,1,56,0.3801196529524862,-0.07559448910766545,2.094428699220508,2.1935866417534964,-0.4199602835540053,-0.023849286437329538,1.4082139844750503,1.955065814307058,-0.253283498741238,0.015804114835529424,-2.104889795444701,-3.3726381897252606,-0.0434585610665633,-0.10756858914551747
2.6666666666666665,1,56,0.3822427195441671,-0.07943077641557399,2.094309681080796,2.1841657203668925,-0.4188005787572677,-0.02505959575928277,1.4132189336975525,1.9549382843133745,-0.21317147291974195,0.016606145855569795,-2.1040626222969494,-3.36354589779515,-0.06259613985722598,-0.11302750576943815
2.6708333333333334,1,56,0.384237068720436,-0.08335504049958162,2.095207523626235,2.1745287509565214,-0.41454277897598885,-0.02629766085229325,1.4214425814228007,1.9548078297009646,-0.18301537145694424,0.017426569685587968,-2.1030621954163955,-3.354245094232004,-0.10713146369842873,-0.11861161058887698
2.675,1,56,0.3856820294897965,-0.08736660895723879,2.094991609682559,2.164677384767483,-0.40919598623242737,-0.027563269580280568,1.4314111925511241,1.9546744728225547,-0.16143430336376283,0.01826524575018403,-2.1030980987243075,-3.3447373726806355,-0.20629579282694713,-0.1243199467962189
2.6791666666666667,1,56,0.3893298875904067,-0.09146479442694275,2.0948112242052686,2.154613309780656,-0.39562580327741687,-0.028856205087704836,1.4411175705325763,1.9545382365281594,-0.16914686987581565,0.01912203034653201,-2.101907942130245,-3.335024362240184,-0.28651890277253367,-0.1301515362974426
2.683333333333333,1,56,0.3916726528635304,-0.09564889470570993,2.0937526825367967,2.1443382504234823,-0.38679835580557886,-0.030176245836722633,1.4506882307880558,1.9543991441611663,-0.15667996792775968,0.019996776669001882,-2.1003425200983017,-3.325107727184988,-0.3758602572464285,-0.13610537987970694
2.6875,1,56,0.39508774269572994,-0.09991819286949827,2.0926114891533047,2.1338539672744834,-0.37269476142209695,-0.03152316564514748,1.4598711406459128,1.9542572195543366,-0.1682172316780406,0.020889334834314686,-2.098239924234851,-3.314989166679411,-0.4935138246714055,-0.1421804573825658
2.6916666666666664,1,56,0.39349291292448235,-0.1042719573960449,2.0914535355436517,2.123162256761607,-0.37072112580683114,-0.032896733725203894,1.4703711457909083,1.9541124870257207,-0.14236259357757194,0.02179955190722351,-2.097198327203185,-3.304670414486707,-0.6118340892224002,-0.1483757278727624
2.6958333333333333,1,56,0.3898807016608291,-0.10870944229021234,2.091062565166553,2.1122649508544056,-0.3669528059472068,-0.03429671472307277,1.4839133285495627,1.9539649713744929,-0.1399517979361329,0.022727271926718903,-2.0959960209233777,-3.2941532386719414,-0.7673991125633727,-0.15469012982259286
2.7,1,56,0.38742519500171946,-0.1132298872118077,2.0902658325926637,2.101163916750148,-0.3610797097958822,-0.0357228687592171,1.4966379379467525,1.9538146978767,-0.13326189328387175,0.023672335932751344,-2.0948086771233236,-3.2834394412990484,-0.9257908535841239,-0.161122581291789
2.7041666666666666,1,56,0.3930856006080204,-0.1178325176058646,2.091450139937943,2.0898610565538807,-0.34032938576979793,-0.037174951469484525,1.5093666869257645,1.9536616922809324,-0.0891556491825241,0.024634581993468515,-2.0948830895645907,-3.2725308581220545,-0.882593153889149,-0.16767198011290535
2.7083333333333335,1,56,0.39353710449362916,-0.12251654483536033,2.091042825186278,2.0783583069525093,-0.3286584763342404,-0.038652714046978266,1.5220319201464982,1.9535059808039115,-0.05052848008460287,0.025613845232961757,-2.0951823901416065,-3.2614293582705267,-0.8320644993198086,-0.1743372040801716
2.7125,1,56,0.3887377641887783,-0.12728116631634162,2.0904438183607765,2.0666576388829636,-0.325156722687767,-0.04015590328468792,1.5368665485245527,1.9533475901259971,-0.02106864760802281,0.02660995785951605,-2.0954659199717836,-3.2501368439293166,-0.7984293490090173,-0.18111711114177229
2.716666666666667,1,56,0.38101969188410506,-0.132125565655447,2.0902008029159402,2.0547610571944794,-0.3242796517077544,-0.04168426161887636,1.553371488378068,1.9531865473866166,-0.006302928518154858,0.027622749194361043,-2.095672284821248,-3.23865525001262,-0.7784148035141755,-0.1880105395955369
2.720833333333333,1,56,0.37300742353290095,-0.13704891278978773,2.0904910522193627,2.0426706003050885,-0.3215172354581993,-0.04323752717321069,1.5709102513539923,1.9530228801796141,-0.00874653393801361,0.02865204570091515,-2.0957189529213798,-3.22698654383245,-0.7724796177323705,-0.19501630828798583
2.725,1,56,0.36315341936492207,-0.1420503641291789,2.0892200695537713,2.030388339852334,-0.321789495248442,-0.04481543380363477,1.5870487184848145,1.9528566165485233,-0.021205572889394442,0.029697671014521046,-2.0951332065661687,-3.2151327247615367,-0.8958815736402539,-0.20213321681672103
2.7291666666666665,1,56,0.3612508826001597,-0.14712906270067985,2.0907723984768296,2.017916380338318,-0.3120512978611831,-0.046417711143970176,1.604479738291915,1.952687784981761,0.04131533705966475,0.03075944597266388,-2.095552701231839,-3.203095823890757,-0.834986708172108,-0.20936004573610228
2.7333333333333334,1,56,0.35508889309985,-0.15228413829543677,2.09217926526114,2.005256858769095,-0.30706615925338876,-0.048044084652243566,1.623758276359382,1.9525164144077474,0.08585587977002136,0.031837188645670866,-2.0965084278752735,-3.1908779036811072,-0.7057498651536961,-0.2166955567661998
2.7375,1,56,0.3453457375894419,-0.1575147076177838,2.093409581230895,1.9924119442885166,-0.3050670325056811,-0.04969427565772656,1.6437507974114007,1.952342534189948,0.10375780993119509,0.032930714367882974,-2.0966676746104524,-3.178481057610319,-0.7449661551096838,-0.2241384930049604
2.7416666666666667,1,56,0.33644412796099843,-0.16281987443659557,2.0946083105831943,1.9793838378065511,-0.29705209537270616,-0.051368001408685866,1.6629927215001505,1.952166174121843,0.08645433721201047,0.034039835769297415,-2.096299703834249,-3.1659074098141446,-0.8887110823640485,-0.2316875791435772
2.745833333333333,1,56,0.3323752872606593,-0.16819872973884784,2.094467539671357,1.9661747716221774,-0.28629199719847676,-0.05306497512083013,1.6812775737678822,1.9519873644218222,0.1490105013553183,0.03516436280767162,-2.096455597004945,-3.1531591147224076,-0.8282156985728548,-0.23934152168500192
2.75,1,56,0.3235429032717988,-0.17365035188537595,2.0939777656967973,1.9527870090408834,-0.2797383989999297,-0.05478490602645014,1.7006132429345269,1.951806135728007,0.18186341870279937,0.036304102801086854,-2.095625713341597,-3.1402383566898413,-0.9094752029729426,-0.247099009165584
2.7541666666666664,1,56,0.3218134853276004,-0.1791738067687891,2.0948084694861375,1.93922284398687,-0.2582043055136898,-0.05652749942423912,1.71903612576281,1.9516225190930014,0.22068243857623623,0.037458860460962425,-2.0950194272831126,-3.1271473496218207,-0.809115085376962,-0.2549587123797779
2.7583333333333333,1,56,0.3144842386977786,-0.18476814797352895,2.0946769389541036,1.9254846006099873,-0.24259893683821004,-0.058292456729789575,1.7369657361537985,1.9514365459785703,0.22463484497115396,0.03862843792551825,-2.094433656796308,-3.113888336595011,-0.8746634884285074,-0.2629192846079012
2.7625,1,56,0.3118087983923052,-0.19043241693802918,2.094429187213269,1.9115746328875152,-0.21897106987141918,-0.060079475526753065,1.7529741148866542,1.9512482482502498,0.2513177736549387,0.03981263479367665,-2.0941076120769697,-3.100463589473039,-0.7687377659876716,-0.270979361846883
2.7666666666666666,1,56,0.30269004891378154,-0.1961656431189619,2.0874520324463735,1.8974953242208155,-0.20348439767924012,-0.061888249618658145,1.7644282564173588,1.951057658171886,0.24511579134814712,0.04101124815940043,-2.178141077641664,-3.086875408517214,-0.8335946770767235,-0.2791375630439809
2.7708333333333335,1,56,0.2975177022092476,-0.201966844157537,2.0875896371603124,1.8832490870269447,-0.18430638008132263,-0.06371846908137613,1.7800049346118596,1.9508648084001075,0.29883613114428714,0.04222407264646008,-2.1778780990406528,-3.0731261219923884,-0.7396314864754144,-0.28739249033342007
2.775,1,56,0.2868055470981649,-0.20783502604781984,2.0872168661552473,1.8688383623253093,-0.17012747011542254,-0.06556982031622369,1.7945618509256656,1.9506697319787303,0.3062704077655817,0.043450900443623125,-2.178126794358194,-3.0592180857680287,-0.8178031758737105,-0.29574272927590417
2.779166666666667,1,56,0.280393983110173,-0.21376918330705436,2.0864301053217864,1.8542656193193972,-0.14869533520047534,-0.06744198610369792,1.8067512527187644,1.9504724623330947,0.3332756062836846,0.044691521340262524,-2.179175370663491,-3.0451536829145414,-0.7268372561902211,-0.3041868491009794
2.783333333333333,1,56,0.2682413857209464,-0.21976829914794194,2.0852139610999836,1.839533354973705,-0.13264999940001604,-0.06933464565782864,1.817525898673455,1.9502730332643392,0.3125959186541241,0.04594572276237408,-2.179837219316865,-3.030935323294954,-0.8079661941662238,-0.3127234029521822
2.7875,1,56,0.25827890636359974,-0.22583134565286825,2.08494767203828,1.824644093585883,-0.12008415450074773,-0.07124747468114517,1.8309320006674914,1.9500714789436078,0.38614590329194337,0.04721328980900108,-2.1806268442255887,-3.0165654431519875,-0.7074833023629505,-0.3213509281349586
2.7916666666666665,1,56,0.24396423289499308,-0.23195728395002582,2.0843499241865278,1.8096003863542234,-0.10998916575583738,-0.07318014542024115,1.8422187271530193,1.9498678339061957,0.4018269251671086,0.04849400528905521,-2.1813530638090937,-3.002046504690632,-0.7707516339878561,-0.33006794636728104
2.7958333333333334,1,56,0.22710629777617228,-0.23814506439142522,2.0822949119428884,1.7944048109405117,-0.09887335050391653,-0.07513232672193529,1.8484901885544438,1.9496621330456319,0.3543785274599176,0.0497876497585324,-2.1821317268201517,-2.9873809956562454,-0.9418893200061661,-0.3388729640329526
2.8,1,56,0.2125141134759831,-0.24439362673274134,2.0813301883306985,1.779059971028371,-0.09102633543681898,-0.07710368409001099,1.8585699400407905,1.9494544116077,0.40423826692933157,0.05109400155811224,-2.1824437664007315,-2.9725714289083065,-0.8870721949560282,-0.34776447243752295
2.8041666666666667,1,56,0.1943261534480373,-0.25070190031498585,2.0801692962319374,1.7635684958771223,-0.08411028459368926,-0.07909387974253222,1.8662944726724005,1.9492447051843986,0.3988569043647881,0.05241283685113924,-2.181853786935167,-2.9576203419898337,-0.9665792445618636,-0.35674094806680223
2.808333333333333,1,56,0.17886728185813758,-0.2570688042479544,2.080103988307951,1.7479330398712847,-0.07788278739433477,-0.08110257266971907,1.8767456970116294,1.949033049707844,0.47262178994783677,0.053743929661975075,-2.1816076438016467,-2.9425302966926052,-0.8612661417488434,-0.3658008528479007
2.8125,1,56,0.16020349416765806,-0.2634932475954362,2.0797183011409697,1.732156282065751,-0.07148186466689536,-0.08312941869237962,1.8841668426682887,1.9488194814441129,0.4794057167665578,0.05508705191471935,-2.1807117457391523,-2.9273038786181966,-0.9224914009139916,-0.3749426344127764
2.8166666666666664,1,56,0.14546348929805744,-0.2699741295621355,2.078984418245278,1.7162409257267546,-0.05880444769143767,-0.08517407052088179,1.890027340231171,1.9486040369870272,0.504426271349373,0.056441973472288215,-2.18067665448557,-2.9119436967349612,-0.8241034180894258,-0.38416472636421845
2.8208333333333333,1,56,0.1272667542864917,-0.2765103396822922,2.077935218461281,1.700189697868669,-0.04823845199206416,-0.08723617781466098,1.8929111229650915,1.9483867532518857,0.4672079607699279,0.057808462175848174,-2.180468900583844,-2.8964523829309883,-0.9060877199363495,-0.39346554854424814
2.825,1,56,0.11021219922645707,-0.2831007580099502,2.078084697670869,1.6840053487867572,-0.04252488011364042,-0.08931538724224801,1.9013969030745859,1.9481676674691382,0.5233502778991121,0.05918628388459447,-2.1800299091502806,-2.8808325915631494,-0.8112931206749898,-0.4028435073048649
2.8291666666666666,1,56,0.08974457345212179,-0.2897442553108558,2.07780896633375,1.667690651585919,-0.037182360567400846,-0.091411342541811,1.906133806160167,1.9479468171780052,0.508946559010838,0.0605752025158702,-2.178917425168636,-2.8650869990022865,-0.8858024544415002,-0.4122969957811118
2.8333333333333335,1,56,0.07099454596970854,-0.29643969325594866,2.0784282942706525,1.6512484017055278,-0.034726982778147245,-0.09352368458219984,1.9150289141228163,1.9477242402200474,0.5842749821121435,0.06197498008561834,-2.1782551023541776,-2.8492183031746228,-0.7821095214483311,-0.4218243941664071
2.8375,1,56,0.04985024550839973,-0.30318592461640403,2.078497728382728,1.6346814164404586,-0.03042022572373877,-0.0956520514244799,1.9193085274404087,1.9474999747326809,0.5806121975927236,0.06338537674915815,-2.1770480876841947,-2.8332292230994995,-0.8501918558204401,-0.4314240699900831
2.841666666666667,1,56,0.03031710427541717,-0.309981793460209,2.0794497710044775,1.6179925344583472,-0.027776747128388016,-0.09779607838394995,1.9269036596899904,1.947274059142642,0.6519574220558625,0.0648061508422823,-2.1761991080251533,-2.817122498423472,-0.7430083579980352,-0.4410943783971082
2.845833333333333,1,56,0.008984612633254481,-0.3168261353502212,2.0798938435855536,1.6011846153132092,-0.02223571810546325,-0.0999553980926276,1.9295966456297344,1.9470465321594044,0.6382949878142313,0.06623705892266386,-2.1768272559150414,-2.8009008889509,-0.8175530281590602,-0.45083366242991796
2.85,1,56,-0.011556027066640476,-0.3237177775436938,2.081311436006233,1.5842605389554603,-0.020528678994060266,-0.10212964056219732,1.9378230970981103,1.9468174327685452,0.7149050984312597,0.06767785581156983,-2.1773128657381235,-2.7845671741710536,-0.7159081027302625,-0.4606402533123331
2.8541666666666665,1,56,-0.03419707734847419,-0.33065553919321405,2.0819128678970515,1.567223205238461,-0.0166724294382579,-0.10431843324740468,1.9392060878694517,1.9465868002250657,0.6947834357858308,0.06912829463587032,-2.1779940386036496,-2.768124152781877,-0.7861123179586558,-0.47051247073548874
2.8583333333333334,1,56,-0.05615680485929501,-0.3376382315490402,2.083466370568832,1.550075533421633,-0.016689593483839256,-0.10652140110989133,1.946332544161045,1.9463546740466648,0.7645597022453449,0.07058812687033987,-2.177787313610567,-2.751574642210434,-0.6757728428296607,-0.4804486231457534
2.8625,1,56,-0.07931306973578868,-0.34466465816278263,2.0840633937075146,1.5328204616702688,-0.013363099972683595,-0.10873816668245453,1.9462478403595234,1.9461210940069684,0.7348711134164373,0.07205710238024009,-2.1767363552120123,-2.7349214781301665,-0.7451659447807094,-0.49044700803456104
2.8666666666666667,1,56,-0.10751635793376915,-0.351733615092415,2.084874713531867,1.5154609465520794,-0.019997647770019087,-0.1109683501337259,1.9503881442029465,1.9458861001287135,0.7309590509999642,0.07353496946418,-2.1751334369035957,-2.718167513975006,-0.9146286528531818,-0.5005059122301353
2.870833333333333,1,56,-0.13341926561059542,-0.3588438911085567,2.0864277625121286,1.4979999625306182,-0.02554816985511556,-0.11321156933325147,1.9584749264760475,1.9456497326768918,0.8001141805069638,0.07502147489724248,-2.174627580481078,-2.701315620450464,-0.8736419177263745,-0.5106236121910229
2.875,1,56,-0.15948658126048834,-0.3659942679020178,2.0869493909557377,1.480440501455603,-0.025835064750462915,-0.11546743991697012,1.9590270270739172,1.9454120321518489,0.7758611727530049,0.07651636397437449,-2.1735310250010595,-2.6843686850417385,-0.9824827426835208,-0.5207983743014244
2.8791666666666664,1,56,-0.18499701308098868,-0.37318352029254337,2.088320048162823,1.4627855720502971,-0.028880826028589705,-0.11773557535307003,1.9657202756050596,1.9451730392823465,0.8392754248792208,0.078019380554028,-2.173125082525593,-2.667329611518973,-0.9062071914820696,-0.5310284551682293
2.8833333333333333,1,56,-0.21108066888322233,-0.38041041643874834,2.088525446173072,1.4450381993959622,-0.027927200789504183,-0.12001558700822115,1.9642264117186625,1.9449327950185822,0.8062479574312947,0.07953026710205002,-2.1720814879345682,-2.6502013194396934,-0.9940933694655915,-0.5413121019197481
2.8875,1,56,-0.23391420392134973,-0.3876737180491814,2.089371442377703,1.427201424413541,-0.018576190073272457,-0.12230708421416363,1.9556209001861742,1.9446913405251738,0.726302153828605,0.08104876473580841,-2.173641740324375,-2.6329867436485737,-0.9241378573710864,-0.5516475525060491
2.8916666666666666,1,56,-0.25863185632637253,-0.39497218059450223,2.0908408066035764,1.4092783033426046,-0.012981572965180184,-0.12460967433464763,1.9504764159997707,1.9444487171741058,0.6566508008922174,0.08257461326855071,-2.1747587029040667,-2.6156888337745565,-0.7714227477085961,-0.5620330360008804
2.8958333333333335,1,56,-0.2865964673959509,-0.40230455352072797,2.0909159064723295,1.3912719072176762,-0.012527513553149301,-0.12692296283271026,1.9480233419427861,1.9442049665376404,0.5679300108927212,0.08410755125398624,-2.1760536290238717,-2.598310553725445,-0.832908552562775,-0.5724667729051117
2.9,1,56,-0.3141209575675096,-0.4096695804635035,2.0914519040335677,1.3731853213420384,-0.01570197159579742,-0.12924655333827584,1.9525807853042672,1.9439601303811944,0.5699238894015802,0.08564731603108251,-2.177428641116688,-2.580854881180066,-0.7427229923071664,-0.5829469754516357
2.904166666666667,1,56,-0.34508173313894314,-0.41706599946337863,2.090374457940244,1.3550216447590673,-0.02093840296341017,-0.13158004771607343,1.9540178459819817,1.9437142506561824,0.5155774583598467,0.08719364376907196,-2.1775860869673846,-2.563324807078043,-0.8321869380052542,-0.5934718479117002
2.908333333333333,1,56,-0.3746244257340391,-0.4244925431820334,2.0896358470787595,1.3367839897212417,-0.028252094442492947,-0.13392304613385395,1.9610041303448598,1.9434673694928302,0.5479833707872356,0.08874626951265693,-2.177841562232041,-2.5457233351073336,-0.7515904410100854,-0.6040395869025893
2.9125,1,56,-0.4067680375756539,-0.43194793911943474,2.087323063033496,1.3184754811568622,-0.03386138764653228,-0.13627514713090058,1.9633116231884873,1.9432195291929535,0.5021692798989926,0.09030492722740946,-2.1771135687175427,-2.528053481189544,-0.8431830014438948,-0.6146483816966316
2.9166666666666665,1,56,-0.4374453681651524,-0.4394309098318681,2.0853023237650543,1.3000992561346212,-0.04154683198755954,-0.13863594768681584,1.97062459168898,1.942970772222712,0.5413364138137358,0.09186934984535386,-2.1775029479997214,-2.51031827296318,-0.762254541254062,-0.6252964145314518
2.9208333333333334,1,56,-0.4669719403316307,-0.4469401731508256,2.0814856940724176,1.2816584633260721,-0.04260626139646131,-0.14100504329057828,1.9732913896067772,1.9427211412053322,0.5009829718758307,0.09343926931072848,-2.176948440149039,-2.492520749264868,-0.8470404644146816,-0.6359818609214416
2.925,1,56,-0.49556129955584455,-0.45447444240269386,2.0780496885432598,1.2631562624661332,-0.04679448979563386,-0.14338202800985186,1.980829586841758,1.9424706789138038,0.5446114923208447,0.0950144166259146,-2.1776946797540275,-2.4746639596086757,-0.7586413098189116,-0.6467028899703687
2.9291666666666667,1,56,-0.5257074542899371,-0.46203242662922483,2.07313573261909,1.2445958238116677,-0.048213197772177314,-0.14576649456054225,1.9839291767933218,1.9422194282635505,0.5084638189550185,0.09659452189752898,-2.1772562905514254,-2.4567509636635783,-0.8355444926270302,-0.6574576646851003
2.933333333333333,1,56,-0.5550947818733547,-0.4696128308087281,2.0685264624886712,1.2259803275982941,-0.05280610297712934,-0.14815803437658065,1.9916925487341952,1.9419674323050786,0.5541093504484332,0.09817931438266739,-2.178023702247915,-2.4387848307292197,-0.7294011270511198,-0.6682443422903519
2.9375,1,56,-0.5863152152973715,-0.4772143560779733,2.062385620046884,1.2073129634954516,-0.05457843202940709,-0.15055623767993184,1.9950897625993487,1.9417147342165977,0.5179395516156975,0.09976852253529638,-2.180516947443241,-2.4207686392099843,-0.8178708178754354,-0.6790610745444485
2.9416666666666664,1,56,-0.6167878295309898,-0.48483569995473647,2.056251349650137,1.1885969300598835,-0.05977875575449297,-0.15296069355080522,2.0018395775425275,1.9414613772966245,0.5653612247130794,0.1013618740527799,-2.181580517578947,-2.4027054760875455,-0.7314401476285121,-0.6899060080560004
2.9458333333333333,1,56,-0.6468581869300012,-0.492475556560981,2.048322283174358,1.1698354341875643,-0.05934795285864315,-0.15537098999806603,2.003658222336968,1.941207404956563,0.5261634294206998,0.1029590959225384,-2.1812474503626644,-2.3845984363919097,-0.8006744762296097,-0.700777284601483
2.95,1,56,-0.6768377958584485,-0.5001326168466066,2.040745736222303,1.1510316905642295,-0.06342560020108381,-0.15778671402982603,2.010149483377308,1.9409528607132664,0.5711071804113584,0.10455991446882681,-2.182091243473594,-2.366450622671117,-0.7036684701948605,-0.7116730414436242
2.9541666666666666,1,56,-0.7071935887004058,-0.507805568813751,2.0313234372555637,1.1321889211145493,-0.06338892533191773,-0.16020745172420825,2.0116136541888903,1.9406977881815801,0.5288174366018966,0.10616405539962812,-2.1817992169502847,-2.3482651444596243,-0.7674622715117807,-0.7225914116505796
2.9583333333333335,1,56,-0.7438010196620285,-0.5154930977415969,2.021192047537385,1.1133103544500615,-0.07412170236349445,-0.16263278830027128,2.015728732031294,1.9404422310668696,0.5037377142310119,0.10777124385365228,-2.1805711491478816,-2.3300451177455006,-0.9131962045974626,-0.7335305244158243
2.9625,1,56,-0.7784937176149836,-0.5231938864116363,2.011102763528834,1.094399225315981,-0.08486583149456227,-0.16506230818907802,2.0230538391315935,1.9401862331575306,0.5589313897290429,0.10938120444743123,-2.1807153171916265,-2.3117936644365304,-0.8603128203675363,-0.7444885053786988
2.966666666666667,1,56,-0.8120117658145634,-0.5309066153333761,1.9995225614430048,1.0754587740369266,-0.08778966490210048,-0.16749559510490317,2.0259813803908906,1.939929838317487,0.5339156796035235,0.11099366132250564,-2.1776100458044865,-2.2935139118252748,-0.9328499886361139,-0.7554634769455788
2.970833333333333,1,56,-0.8376663462426654,-0.5386299629704191,1.9881177745170746,1.0564922459617225,-0.08513954020750708,-0.16993223211655983,2.0324034155207404,1.939673090478675,0.5839905111297814,0.11260833819269059,-2.1771045087048466,-2.2752089920532432,-0.8477752243047829,-0.7664535586115836
2.975,1,56,-0.8644625189478106,-0.5463626059669091,1.975138514791435,1.0375028909073114,-0.08059495278998963,-0.17237180171884034,2.034150621432838,1.9394160336335147,0.5520941759116976,0.11422495839141705,-2.1754738440929344,-2.256882041574202,-0.9199879195962534,-0.777456867282799
2.9791666666666665,1,56,-0.8848377409727388,-0.5541032193742752,1.9624582312688894,1.0184939626019276,-0.07322789581141219,-0.17481388590405192,2.0401707170074213,1.9391587118273734,0.5980275005002313,0.1158432449191361,-2.174981514658638,-2.23853620061677,-0.8203635770518095,-0.7884715175989272
2.9833333333333334,1,56,-0.9069578730683491,-0.5618504768782598,1.948298233524196,0.9994687181275745,-0.0653576003056109,-0.17725806623364165,2.0414989295052894,1.9389011691510178,0.5606443149296728,0.1174629204907824,-2.171337532827423,-2.2201746126463497,-0.8782560208570629,-0.7994956222563421
2.9875,1,56,-0.9234950571548535,-0.5696030510261715,1.9342029629128954,0.9804304173619547,-0.05628342934951599,-0.17970392390989232,2.0473309334345693,1.9386434497330596,0.6001866442145714,0.1190837075832846,-2.171056033828068,-2.2018004238265156,-0.7679633664938758,-0.8105272923314608
2.9916666666666667,1,56,-0.9415306653398889,-0.577359613454342,1.9187024364362322,0.9613823224198899,-0.046767435319188214,-0.18215103984768294,2.0486386802932066,1.9383855977323945,0.5533071586580884,0.12070532848311859,-2.166203913724185,-2.183416782479928,-0.8310610766666054,-0.8215646376044097
2.995833333333333,1,56,-0.9548106759823715,-0.585118835115728,1.902977326591073,0.9423276970943939,-0.03781328987814469,-0.18459899474629476,2.0545432549973577,1.9381276573306354,0.5842498368636956,0.12232750533389089,-2.1665379202465647,-2.165026838548898,-0.7217338761890681,-0.8326057668828939
3.0,1,56,-0.9701958636006929,-0.5928793865076446,1.885840790569471,0.9232698062974178,-0.02991573042677915,-0.1870473691612586,2.056226223455906,1.937869672724542,0.5307100179924885,0.12394996018394953,-2.158549883094219,-2.1466337430556397,-0.7860802837644477,-0.843648788326254
3.0041666666666664,1,56,-0.9807422738549018,-0.6006399378995604,1.8681657643039613,0.904211915500444,-0.022353503895163288,-0.18949574357622218,2.062657533781802,1.9376116881184486,0.554591305110646,0.12557241503400798,-2.158641432780733,-2.128240647562384,-0.6868853058656099,-0.8546918097696129
3.0083333333333333,1,56,-0.9931633563919366,-0.6083991595609475,1.849291197492699,0.8851572901749454,-0.015094925725893233,-0.19194369847483433,2.065428128412125,1.9373537477166893,0.4954913277256959,0.12719459188478052,-2.1471245046783003,-2.109850703631351,-0.7523327497514094,-0.8657329390480986
3.0125,1,56,-1.0072966310678402,-0.6161557219891178,1.8287047966589471,0.866109195232881,-0.014599182625540821,-0.19439081441262493,2.0712485091523476,1.9370958957160243,0.4511522311074884,0.12881621278461447,-2.1447446673129797,-2.0914670622847638,-0.8965053810150471,-0.8767702843210472
3.0166666666666666,1,56,-1.0157294077306773,-0.6239082961370295,1.807527491077555,0.8470708944672609,-0.01287817275827636,-0.1968366720888756,2.0799861286836063,1.936838176298066,0.47852152372942985,0.13043699987711668,-2.143919803158697,-2.07309287346493,-0.8359864856930954,-0.8878019543961659
3.0208333333333335,1,56,-1.02685026004838,-0.6316555536410142,1.7853135781155138,0.8280456499929079,-0.011882982564842933,-0.19928085241846533,2.085844282856412,1.9365806336217104,0.43484518285211826,0.132056675448763,-2.129829097255965,-2.0547312854945092,-0.9143393709282589,-0.8988260590535809
3.025,1,56,-1.032978966577729,-0.6393961670483801,1.762018947655708,0.809036721687524,-0.010634049155381254,-0.20172293660367688,2.0942302214056165,1.9363233118155692,0.45979185091593655,0.13367496197648204,-2.122603585995554,-2.036385444537078,-0.8186547270305775,-0.9098407093697091
3.029166666666667,1,56,-1.0411582503481898,-0.6471288100448702,1.7371635285651994,0.7900473666331129,-0.009031289988153324,-0.2041625062059574,2.0997658218518005,1.9360662549704089,0.415755159406264,0.1352915821752085,-2.1090495962001294,-2.018058494058036,-0.8770492685392963,-0.9208440180409244
3.033333333333333,1,56,-1.0447859271906315,-0.6548521576819133,1.7098041515465978,0.7710808385579089,-0.006269197652682496,-0.20659914321761408,2.0982698617235225,1.9358095071315968,0.4280708377547802,0.13690625904539347,-2.1060051465978287,-1.9997535742860049,-0.7681008329717104,-0.9318340997069293
3.0375,1,56,-1.0512550978123822,-0.662564886603653,1.6808815106013566,0.7521403872788546,-0.005127651455999702,-0.20903243013343922,2.0955759083107055,1.9355531122915532,0.37380439670753707,0.13851871592046786,-2.1025638681161536,-1.9814738216747496,-0.8105635863780605,-0.9428090712738093
3.0416666666666665,1,56,-1.0534557785756484,-0.6702656752736925,1.6510200166475664,0.7332292581447739,-0.005044956271568432,-0.21146195002224596,2.094963566701021,1.9352971143822142,0.38553550300578665,0.14012867651424682,-2.1000328681400657,-1.9632223683657786,-0.689437979551081,-0.9537670522366838
3.0458333333333334,1,56,-1.0594011782481738,-0.6779532042015384,1.6199478685321387,0.7143506914802862,-0.007769653695481296,-0.213887286598309,2.0934714081469243,1.9350415572675037,0.33640742874088325,0.14173586496827098,-2.097447744737878,-1.9450023416516549,-0.7432736658241483,-0.9647061650019285
3.05,1,56,-1.0674931872468019,-0.6856261561686827,1.5872426534883242,0.695507922030606,-0.017472189075820137,-0.2163080242926912,2.093512598126795,1.9347864847358174,0.3018115088203133,0.14334000589907225,-2.0945106322795994,-1.9268168634401626,-0.8818587672553102,-0.9756245352088838
3.0541666666666667,1,56,-1.0702494075419748,-0.6932832164543083,1.5535010585014273,0.6767041784072709,-0.0265076716157199,-0.21872374832445124,2.095297775738448,1.9345319404925208,0.3299687801428771,0.14494082444536072,-2.094223214149824,-1.9086690497193695,-0.8230308123153793,-0.9865202920510252
3.058333333333333,1,56,-1.0753788534476578,-0.7009230730605519,1.519347308638997,0.6579426825349541,-0.034391073169792265,-0.22113404477171175,2.0946124827254846,1.9342779681524593,0.29911354304912346,0.146538046315119,-2.06884199971361,-1.8905620100237364,-0.8966476042142218,-0.9973915685965064
3.0625,1,56,-1.0796772723540884,-0.7085444169373161,1.481581504893388,0.6392266490993836,-0.04518445939204688,-0.22353850064258543,2.0940904176159614,1.9340246112324861,0.3287436340149292,0.1481313978326027,-2.091598545286702,-1.872498846901295,-0.7953870887699052,-1.0082365021080595
3.0666666666666664,1,56,-1.0859223011882466,-0.7161459422065604,1.4421716746544215,0.6205592849965433,-0.05459647170586702,-0.22593670394593635,2.0930324847450557,1.9337719131440054,0.30091203304414016,0.14972060598523151,-2.1148240204684536,-1.8544826553820617,-0.8301850145232054,-1.019053234362155
3.0708333333333333,1,56,-1.0870537367127089,-0.7237263463860645,1.4032077642279692,0.6019437887831676,-0.06447583183780406,-0.22832824376197502,2.09385447696396,1.9335199171855333,0.3329341340531112,0.1513053984703701,-2.110573802893525,-1.8365165224477014,-0.7173810846213051,-1.0298399119674078
3.075,1,56,-1.0915625370060058,-0.7312843306125955,1.3623148045652445,0.5833833501287022,-0.0736640746525374,-0.23071271031266538,2.093229531653626,1.93326866653528,0.30059367005603255,0.1528855037419845,-2.1052936282017014,-1.8186035265026042,-0.7683620201263637,-1.0405946866821392
3.0791666666666666,1,56,-1.10149495065362,-0.7388185998644637,1.3191115026136337,0.5648811492687631,-0.08953311923055064,-0.233089695031939,2.0928263755126997,1.9330182042437516,0.2779614983170647,0.15446065105717063,-2.1003214946473645,-1.8007467368464112,-0.909096943079694,-1.0513157157310666
3.0833333333333335,1,56,-1.1093073172155825,-0.7463278631834213,1.274529943999891,0.546440356460214,-0.10636165394189669,-0.23545879063570144,2.0931560853835056,1.9327685732263717,0.3164073147548968,0.15603057052254526,-2.0991908105330337,-1.7829492131480993,-0.8604101806654691,-1.0620011621210563
3.0875,1,56,-1.1187853199439746,-0.7538108338958546,1.2290916859924088,0.5280641314379733,-0.11936595587387638,-0.23781959119161666,2.092088215214055,1.9325198162561303,0.29119731913896807,0.15759499314048964,-2.0904363039032856,-1.7652140049217357,-0.945425559908467,-1.0726491949558765
3.091666666666667,1,56,-1.1235385817162293,-0.761266229833256,1.180831925730148,0.5097556228735936,-0.13228769494704054,-0.24017169218866333,2.091353978194762,1.9322719759562537,0.3249712143668947,0.15915365085524216,-2.1102505042016513,-1.7475441510039456,-0.846141344694478,-1.0832579897499188
3.095833333333333,1,56,-1.130271851709757,-0.7686927735519107,1.1315752585604562,0.49151796783576795,-0.14216973249180698,-0.24251469060644384,2.0893008454496846,1.9320250947929014,0.2971966036134564,0.16070627659882714,-2.1054292792969393,-1.729942679033236,-0.9090350825350874,-1.093825728740808
3.1,1,56,-1.1323982934819765,-0.7760891925517858,1.080928119112376,0.47335429125279727,-0.15329140448842565,-0.2448481849842414,2.0875696556570214,1.9317792150678894,0.32857119341880736,0.16225260433681657,-2.103349483366801,-1.712412604931214,-0.8047558875263473,-1.1043506012008721
3.1041666666666665,1,56,-1.1377294755807519,-0.7834542194945613,1.0305466115831234,0.455267705377159,-0.1622288955295729,-0.24717177548980698,2.0843301790693394,1.9315343789114434,0.29722484161785967,0.16379236911391284,-2.065751782764637,-1.6949569323858342,-0.8642020083853488,-1.1148308037473964
3.1083333333333334,1,56,-1.142392416190554,-0.7907865924207871,0.9793156826374663,0.4372613092522306,-0.17353521970988553,-0.24948506398786963,2.081493260979118,1.931290628274978,0.3264439202066598,0.1653253070993484,-2.0146750520543755,-1.6775786523367227,-0.7545510826286904,-1.1252645406516277
3.1125,1,56,-1.1508426510980183,-0.7980850549661079,0.9264910945458567,0.4193381881812943,-0.18544674257699117,-0.25178765410835363,2.0789657650319,1.93104800492391,0.32690411658591895,0.1668511556320907,-1.9679303309372602,-1.6602807424627057,-0.8166192687134239,-1.1356500241464589
3.1166666666666667,1,56,-1.1582222122470478,-0.8053483565765409,0.8732327557445115,0.401501413198873,-0.19585158757480525,-0.25407915131429615,2.0747781887599572,1.9308065504305016,0.35489121669599344,0.16836965326584907,-1.9331335682514532,-1.643066166671586,-0.7399017294489227,-1.14598547473276
3.120833333333333,1,56,-1.1697339586056241,-0.8125752527227451,0.8182130889648764,0.3837540405445403,-0.20720200231371363,-0.256359162969447,2.071200791235003,1.9305663061667373,0.36298934986684833,0.1698805398138709,-1.9055514920002876,-1.6259378745923088,-0.8253961497922426,-1.1562691214842775
3.125,1,56,-1.1805879725727644,-0.8197645051132715,0.7615355020724826,0.36609911113923266,-0.21547020552691676,-0.25862729840554716,2.0651289753980127,1.930327313297235,0.385668545888532,0.1713835563935246,-1.911820280422811,-1.608898801069541,-0.7519753622245166,-1.1664992023510836
3.1291666666666664,1,56,-1.193880644076907,-0.8269148819067318,0.7039781312037389,0.3485396500642195,-0.22138661133595555,-0.26088316898926556,2.0584439959393794,1.930089612772192,0.3626862386899266,0.17287844547065645,-1.9152991822780754,-1.5919518656608176,-0.8267852059372007,-1.1766739644614839
3.1333333333333333,1,56,-1.20079611488903,-0.8340251579228743,0.6486515436537228,0.3310786660427558,-0.2295232635466986,-0.2631263881887914,2.053348044223568,1.9298532453203703,0.38549596480610904,0.1743649509037191,-1.918203928667701,-1.5750999721362735,-0.7488125060707411,-1.1867916644223728
3.1375,1,56,-1.2111125137085257,-0.8410941148525066,0.5919569862144198,0.3137191509245669,-0.2354652538229119,-0.2653565716400627,2.047344050175629,1.9296182514421154,0.36185929241329134,0.175842817987659,-1.9215164268797718,-1.5583460079811131,-0.8234180771744446,-1.196850568617947
3.1416666666666666,1,56,-1.2141065136696565,-0.848120541466249,0.5374845922240068,0.2964640791732025,-0.2450600203115811,-0.26757333721262594,2.0432456907866547,1.929384671402419,0.38510816654594665,0.1773117934975592,-1.922495755802529,-1.541692843900846,-0.7464494009330712,-1.2068489535067546
3.1458333333333335,1,56,-1.221911655726782,-0.8551032338220752,0.48210202068819435,0.27931640735637453,-0.2514693501090069,-0.2697763050751126,2.03829932696982,1.9291525452240181,0.36058459079101357,0.1787716257320288,-1.9260286424836357,-1.5251433333294027,-0.8291968150967935,-1.2167851059170194
3.15,1,56,-1.2208639711338152,-0.8620409954715954,0.42895759241288617,0.2622790736393754,-0.263380265869368,-0.2719650977603199,2.0354614727863836,1.9289219126805386,0.38310608099446436,0.18022206455632922,-1.9244307617956409,-1.5087003119402262,-0.7346132796804306,-1.2266573233401747
3.154166666666667,1,56,-1.2246436963346856,-0.8689326376650682,0.3738053327817576,0.24535499728162558,-0.2715940912588298,-0.2741393402298897,2.031135804651032,1.9286928132896792,0.3552221539168636,0.18166286144523527,-1.9272027828892249,-1.4923665971603794,-0.8114043218068815,-1.2364639142225904
3.158333333333333,1,56,-1.2193175309687516,-0.8757769795550804,0.3207078923610546,0.22854707813648822,-0.28670385817622074,-0.27629865993856734,2.028597367382936,1.9284652863064418,0.37248703686481754,0.1830937695256168,-1.9233425383537144,-1.4761449876878072,-0.7350391386439818,-1.2462031982554
3.1625,1,56,-1.2232491883074443,-0.8825728483988853,0.2668816549752516,0.21185819615437662,-0.29780817278537514,-0.27844268689803736,2.027069928904886,1.928239370716403,0.36829746871395785,0.18451454361874095,-1.923879094681212,-1.4600382630117803,-0.8241353866689498,-1.255873506662425
3.1666666666666665,1,56,-1.2157429227797536,-0.8893190797593405,0.21467124910614943,0.1952912108893079,-0.3168515258061256,-0.28057105374031743,2.0253802311722793,1.9280151052290364,0.395293040778925,0.18592494028228074,-1.922057512494646,-1.4440491829366566,-0.7430413202008355,-1.2654731824861007
3.1708333333333334,1,56,-1.216556779691405,-0.8960145177044336,0.16180544948213837,0.17884896100891634,-0.3285902943319208,-0.28268339578070634,2.022848713712312,1.9277925282710786,0.3724992826495074,0.18732471785202892,-1.9225100918022329,-1.428180487108993,-0.8157117654727618,-1.2750005808713964
3.175,1,56,-1.2074382055025301,-0.9026580150053392,0.11043847607474905,0.162534263808078,-0.3496347290029304,-0.2847793510802693,2.0216502072478812,1.9275716779799457,0.39430003192051527,0.18871363648330464,-1.9186925468299603,-1.41243489454813,-0.7338173708215242,-1.2844540693476432
3.1791666666666667,1,56,-1.205950935022072,-0.9092484333329971,0.05847536749502713,0.1463499147261662,-0.36028015002206104,-0.28685856050785635,2.0176325103006514,1.927352592197198,0.3395640048860628,0.19009145819205092,-1.9154817141923244,-1.3968151031802911,-0.8040775356080977,-1.29383202810826
3.183333333333333,1,56,-1.1965973433883483,-0.9157846434531532,0.007727250731596733,0.13029868686808221,-0.37995153698896045,-0.28892066780163533,2.016109658403322,1.9271353084620566,0.33174121757773506,0.19145794689561077,-1.9089599791639935,-1.3813237893763195,-0.7228509519072409,-1.3031328502882886
3.1875,1,56,-1.194661276599283,-0.922265525419853,-0.044377869389766504,0.11438333052908467,-0.3994450486306048,-0.2909653196301376,2.0177701858659747,1.926919864004971,0.33945444995975305,0.19281286845317971,-1.9048081970015232,-1.3659636074930832,-0.7999537245739821,-1.3123549422397314
3.1916666666666664,1,56,-1.2183434967565805,-0.9286899687673343,-0.09591968174450168,0.09860657272355189,-0.3887721837168955,-0.29299216565279806,2.0175585658424846,1.9267062957412397,0.3553323363459734,0.1941559907059239,-1.9056057290211244,-1.3507371894186755,-0.7223420757895349,-1.3214967238046065
3.1958333333333333,1,56,-1.1658095045176504,-0.9350568727003035,-0.1480613846050438,0.0829711167177134,-0.4608633622937898,-0.29500085857998504,2.017790751823126,1.9264946402646852,0.3292508690050278,0.19548708351675986,-1.8969474210639403,-1.3356471441214461,-0.798037924518204,-1.3305566285857058
3.2,1,56,-1.158101862668496,-0.941365146282548,-0.20034367952873,0.06747964156646447,-0.48709421349366844,-0.29699105423250627,2.018951200309148,1.9262849338413839,0.3463120242623695,0.19680591880978685,-1.8923689504421635,-1.3206960572029733,-0.7219936242488587,-1.339533104214985
3.2041666666666666,1,56,-1.1501394899822965,-0.9476137086238641,-0.25403718059712416,0.05213480165432394,-0.5163710429304763,-0.298962411600582,2.021141649299156,1.926077212403452,0.3435791725395309,0.1981122706093667,-1.882983109308401,-1.305886490455034,-0.8009107072775717,-1.3484246126195554
3.2083333333333335,1,56,-1.169511428880054,-0.9538014890652636,-0.3063874634184174,0.036939226240611855,-0.510236543649288,-0.3009145929022762,2.021586823433273,1.9258715115428882,0.35796729928823195,0.19940591507884392,-1.8773743104054017,-1.2912209814206475,-0.6949961022696666,-1.3572296302852271
3.2125,1,56,-1.1562894432831998,-0.9599274273624211,-0.36110879261206824,0.02189551900895248,-0.5449332722288291,-0.30284726364137216,2.0225752523817175,1.925667866505476,0.33400464007595104,0.20068663055889804,-1.8691454368988827,-1.276702042959292,-0.7551908885270405,-1.3659466485175495
3.216666666666667,1,56,-1.1552855728322218,-0.9659904738673474,-0.41775351350156387,0.007006257621130274,-0.5696831666660357,-0.3047600926646886,2.0241491284780855,1.9254663121847446,0.32928557334807157,0.20195419760552502,-1.8620848361765494,-1.262332162816326,-0.9241795178607326,-1.3745741737003259
3.220833333333333,1,56,-1.1679588716996112,-0.971989589708235,-0.4725866993685538,-0.00772600672456214,-0.5742021238070621,-0.3066527522188194,2.0248397765399506,1.9252668831159891,0.3513648941897799,0.20320839902763657,-1.8540759567742988,-1.248113803196738,-0.9006349676855753,-1.3831107275515286
3.225,1,56,-1.170138399528637,-0.9779237469674695,-0.5269148202384274,-0.0222987497304743,-0.5939310521064034,-0.3085249180062936,2.0282353879857906,1.9250696134703535,0.3619541015380238,0.20444901992427597,-1.8169830978946209,-1.2340494003432507,-1.0259891256005174,-1.391554847376604
3.2291666666666665,1,56,-1.1888069641076988,-0.9837919288577524,-0.5771794717557759,-0.03670947443210926,-0.5847067094785493,-0.31037626924114115,2.027202905650155,1.9248745370489764,0.3635506197431961,0.20567584772143901,-1.7871871054449728,-1.2201413641188914,-0.965390717490829,-1.399905086319088
3.2333333333333334,1,56,-1.18500810609794,-0.9895931298963274,-0.6309857566529099,-0.050955711625980005,-0.6132385416171058,-0.31220648870385914,2.0306040977249036,1.924681687277198,0.3891943488493367,0.20688867220849866,-1.760687820928736,-1.2063920775940655,-1.0682992507122413,-1.408160013608527
3.2375,1,56,-1.1920629634804063,-0.9953263560772602,-0.6823100487903061,-0.06503502029267993,-0.6199206221148549,-0.3140152627957642,2.03079340948003,1.924491097198834,0.40602519301732376,0.20808728557422243,-1.7300225065723422,-1.1928038966382406,-1.003818490602803,-1.416318214805625
3.2416666666666667,1,56,-1.1916325963402798,-1.0009906250417604,-0.7341132419814421,-0.07894498801515226,-0.6400224902151178,-0.3158022815927278,2.034449290759057,1.9243027994705135,0.42503148619193154,0.20927148244238086,-1.6887226976393381,-1.1793791495162682,-1.0975643596287807,-1.424378292044607
3.245833333333333,1,56,-1.1970261015951296,-1.0065849662464996,-0.7815290134346649,-0.09268323139203316,-0.6433089384031113,-0.31756723889827804,2.0355701305715015,1.9241168263560824,0.4345826681734461,0.21044105990693657,-1.6370399729862313,-1.16612013648946,-1.0195118025174106,-1.4323388642727295
3.25,1,56,-1.195511298611123,-1.0121084211299132,-0.8303750993447195,-0.10624739644604819,-0.6621134700634921,-0.31930983229606713,2.041103413675011,1.9239332097210768,0.46267589964393185,0.21159581756681226,-1.587307435887922,-1.153029129421438,-1.1091249663088865,-1.440198567486924
3.2541666666666664,1,56,-1.1994813310772907,-1.017560043276441,-0.8755761156463713,-0.11963515902734034,-0.6649554657798177,-0.32102976320168697,2.0431559385012363,1.9237519810272616,0.47887958638495876,0.21273555756022736,-1.5405867787572225,-1.140108371388873,-1.03506767045113,-1.4479560549675052
3.2583333333333333,1,56,-1.2004702941517933,-1.0229388985786936,-0.920346767020214,-0.13284422521171546,-0.6714929329450164,-0.3227267369138314,2.044682600991277,1.9235731713272408,0.45684725396031145,0.21386008459860167,-1.4948530301340328,-1.1273600762971347,-1.1208173949880007,-1.4556099975089307
3.2624999999999997,1,56,-1.2025116118157053,-1.028244065397505,-0.9628450201286936,-0.14587233169367986,-0.6747367924899852,-0.32440046266479056,2.04844203237999,1.923396811259136,0.47301685666386606,0.214969206000016,-1.4473105588303536,-1.1147864285009623,-1.0579654333282127,-1.463159083647547
3.2666666666666666,1,56,-1.2007823802116697,-1.0334746347198525,-1.0068220440778104,-0.15871724617425942,-0.6913412641121401,-0.3260506536702737,2.0560046202744884,1.9232229310413365,0.5139648389815433,0.21606273172222823,-1.4140237578918295,-1.1023895824301726,-1.171790245383708,-1.4706020198863081
3.2708333333333335,1,56,-1.2037685841016104,-1.0386297103146094,-1.0475592215348746,-0.17137676774348298,-0.6935643838941044,-0.32767702717854713,2.0589671671975194,1.9230515604673228,0.5366598840202275,0.2171404743952352,-1.3920159798216722,-1.0901716622205222,-1.1126768239618279,-1.4779375309164058
3.275,1,56,-1.2058072512692257,-1.0437084088861104,-1.0866389705563197,-0.1838487272574989,-0.697523527540784,-0.32927930451888254,2.062332024431021,1.9228827289005608,0.5285441001279565,0.21820224935337806,-1.3669750350090266,-1.0781347613497427,-1.1998298506587923,-1.485164359835787
3.279166666666667,1,56,-1.208494264870632,-1.0487098602255016,-1.1234480692556266,-0.19613098771025328,-0.6979285973622638,-0.3308572111493066,2.0667315958928967,1.9227164652694697,0.5425869824021634,0.21924787466698395,-1.338534389652675,-1.0662809422788295,-1.1326364358543617,-1.4922812683645224
3.283333333333333,1,56,-1.210511736680739,-1.0536332073598422,-1.1603500986844828,-0.2082214445996442,-0.7027980100477959,-0.33241047670364093,2.0690758701295335,1.9225527980624673,0.5283949525833604,0.22027717117353807,-1.3362890078926974,-1.0546122360986594,-1.2218407465008845,-1.4992870370569713
3.2875,1,56,-1.2128556339123027,-1.0584776066989476,-1.191217535527621,-0.22011802628812838,-0.7027549876967011,-0.3339388350378294,2.078252394555269,1.9223917553230867,0.548856204827871,0.22128996250838304,-1.297633410058305,-1.0431306421819628,-1.1512101446284502,-1.5061804655107358
3.2916666666666665,1,56,-1.2148286156794061,-1.0632422281799288,-1.2211644727622604,-0.23181869435767366,-0.705870651371983,-0.335442024275539,2.0864152674063794,1.9222333646451724,0.540350363136288,0.22228607513493734,-1.2708734734894713,-1.0318381278407531,-1.2435673187017107,-1.5129603725723364
3.2958333333333334,1,56,-1.217926736765892,-1.0679262554094247,-1.2465016843149002,-0.24332144395904542,-0.7038047604390504,-0.33691978685303275,2.0969044054703185,1.9220776531681514,0.5537494564249611,0.22326533837443058,-1.235551217795484,-1.0207366279892254,-1.1793733490386504,-1.5196255965396026
3.3,1,56,-1.2223604316855758,-1.0725288858034816,-1.273031820876509,-0.2546243041553127,-0.704583548794984,-0.3383718695633002,2.0960521546454323,1.921924647572384,0.5301312019607239,0.22422758443514776,-1.2384160664920585,-1.009828044812231,-1.258795114054172,-1.526174995360719
3.3041666666666667,1,56,-1.2275317051496564,-1.077049330725077,-1.294939851044073,-0.26572533825957034,-0.7000048846381023,-0.33979802359944455,2.095477286138024,1.921774374074591,0.5328736868475681,0.2251726484411802,-1.2087209265137702,-0.999114247439338,-1.1547354699927834,-1.5326074468299153
3.308333333333333,1,56,-1.2302250341157388,-1.0814868156192439,-1.3175637428039384,-0.27662264416677074,-0.7072475208480697,-0.34119800459731325,2.094987659754744,1.9216268584233631,0.559338741686781,0.2261003684606755,-1.1838199169094632,-0.9885970716245738,-1.2309475762012965,-1.5389218487797451
3.3125,1,56,-1.2354518860522916,-1.085840580145791,-1.3358090858167393,-0.2873143546796486,-0.705928077444403,-0.3425715726773699,2.090613428697305,1.9214821258947472,0.5642142219148911,0.22701058553358444,-1.182092271727747,-0.9782783194318685,-1.14543687389576,-1.5451171192699424
3.3166666666666664,1,56,-1.2376630449116102,-1.0901098783095788,-1.3513539524278317,-0.2977986378286457,-0.7123423269499047,-0.34391849248579454,2.097088011620833,1.9213402012879175,0.5894359854221909,0.22790314369889714,-1.1421518250881186,-0.9681597589262925,-1.235396121928314,-1.5511921967728006
3.3208333333333333,1,56,-1.2426911585399116,-1.0942939785883465,-1.3637779289849483,-0.3080736971858209,-0.7104486531139603,-0.34523853323481246,2.096333120974573,1.9212011089209244,0.5897723067879777,0.2287778900213671,-1.1316787331342832,-0.9582431238710956,-1.1630484249159831,-1.5571460403550654
3.3249999999999997,1,56,-1.2453584105633773,-1.09839216405805,-1.3786688743811935,-0.3181377721726464,-0.724905405844611,-0.3465314687422366,2.095683910775787,1.9210648726265291,0.616657669428456,0.22963467461771497,-1.176245545972209,-0.9485301134306452,-1.252862739263845,-1.5629776298562885
3.3291666666666666,1,56,-1.2523819976737418,-1.1024037325157074,-1.3823028125575274,-0.3279891383616862,-0.7145048881203296,-0.34779707747022404,2.0950982237225846,1.9209315157481193,0.5679006856567164,0.23047335068231112,-1.1561838470550971,-0.9390223918792757,-1.1572483969136393,-1.568685966063631
3.3333333333333335,1,56,-1.2577109509615423,-1.1063279965997153,-1.388692629539078,-0.33762610777205726,-0.7177847920124465,-0.34903514256323454,2.094650493924625,1.9208010611357094,0.5728460428557784,0.2312937745123293,-1.1439979269933078,-0.9297215883161298,-1.248109394048015,-1.57427007088307
3.3375,1,56,-1.2645542253435142,-1.1101642839076238,-1.3935684074694428,-0.34704702915866115,-0.7190194173171278,-0.35024545188518774,2.0883456454724585,1.9206735311420258,0.5704385374266701,0.2320958055323697,-1.1853735757200456,-0.9206292963860188,-1.17465987218176,-1.5797289875069906
3.341666666666667,1,56,-1.2670313524944277,-1.1139119371113533,-1.3938419523819705,-0.35625028829511995,-0.7267799088424037,-0.3514277980558124,2.098599779429637,1.9205489476186766,0.599795142124134,0.23287930631854603,-1.1560093764783643,-0.9117470740063554,-1.2824450229041267,-1.5850617805781335
3.345833333333333,1,56,-1.2742406454049167,-1.1175703140698192,-1.391426200558874,-0.3652343082503564,-0.7242885836726901,-0.3525819784861786,2.097556094064791,1.9204273319124068,0.5958419479771137,0.23364414262203193,-1.1601692000515496,-0.9030764431002205,-1.2203289723342854,-1.590267536349858
3.35,1,56,-1.279949635059295,-1.121138787938964,-1.388605220482627,-0.37399754965880394,-0.7289649244316252,-0.35370779541341163,2.0966529352070107,1.9203087048614416,0.6114013347547193,0.23439018339206436,-1.138780062671751,-0.8946188893355815,-1.3195515525154387,-1.5953453628427132
3.3541666666666665,1,56,-1.2880236034326704,-1.1246167472791602,-1.3822737204327102,-0.3825385109841575,-0.7263242964690516,-0.35480505593457645,2.092126293081262,1.920193086791916,0.6063540662028236,0.23511730079839782,-1.1383841201426037,-0.8863758618707385,-1.255285870957164,-1.6002943899972688
3.3583333333333334,1,56,-1.2926476874141855,-1.12800359615998,-1.377885521726826,-0.3908557287766654,-0.7397073254037428,-0.3558735720397317,2.093770904080091,1.9200804975143901,0.6436032093026101,0.23582537025320807,-1.1624357008763917,-0.8783487731060107,-1.358764283853707,-1.6051137698232008
3.3625,1,56,-1.301524718994165,-1.131298754262302,-1.3668323240813784,-0.3989477779238739,-0.7341566734735484,-0.3569131606441432,2.087856650976535,1.919970956320458,0.5969397341174616,0.23651427043243908,-1.1854752206224601,-0.8705389984417358,-1.265960529195291,-1.6098026765445852
3.3666666666666667,1,56,-1.3055566545685866,-1.1345016569777506,-1.3534149273051634,-0.4068132718948223,-0.7402250961262646,-0.3579236436196558,2.1009199183642364,1.9198644819794388,0.6140555090082814,0.23718388329659176,-1.1415446232037143,-0.862947876042595,-1.3716623973761402,-1.614360306741395
3.370833333333333,1,56,-1.312992942830912,-1.1376117555054326,-1.3397178445065714,-0.414450862977608,-0.7377520912533473,-0.35890484782521326,2.0994023685557894,1.9197610927351627,0.5983411237558826,0.2378340941109488,-1.1376805206794793,-0.8555767066083355,-1.3062832746703248,-1.6187858794871575
3.375,1,56,-1.3185387499547818,-1.1406285169459771,-1.326653909636935,-0.4218592425103189,-0.7429510356780358,-0.3598566051365265,2.09817798210835,1.9196608063028446,0.6075628798814227,0.2384647914652347,-1.1242113637078772,-0.8484267531508904,-1.4150671794785936,-1.6230786364827667
3.3791666666666664,1,56,-1.3267064070685048,-1.1435514243928409,-1.3130335847432038,-0.42903714110525915,-0.7456479210125522,-0.36077875247487967,2.0902742141994426,1.9195636398660483,0.6088672693428809,0.2390758672927044,-1.1626356529273814,-0.8414992407779787,-1.3401768943317005,-1.6272378421864098
3.3833333333333333,1,56,-1.3313950995535697,-1.1463799770208807,-1.2952818223813873,-0.4359833288664574,-0.7517343056281472,-0.36167113183507366,2.09749360446966,1.9194696100737427,0.6339126906051512,0.23966721688866088,-1.1298465283170671,-0.8347953564831809,-1.439222079892975,-1.6312627839396017
3.3874999999999997,1,56,-1.3409515172857562,-1.1491136901721648,-1.2738146593437552,-0.4426966156003993,-0.7408275290456707,-0.3625335903124991,2.092336131731697,1.9193787330374485,0.5695343260261799,0.24023873892839503,-1.1228189971752183,-0.82831624894256,-1.342446776145275,-1.6351527720892929
3.3916666666666666,1,56,-1.347883217007914,-1.1517520954390181,-1.2503640663657403,-0.4491758510199637,-0.7354316204869845,-0.36336598012933585,2.099709987861455,1.919291024328478,0.5494790806234174,0.24079033548454762,-1.0841399325307985,-0.8220630283178378,-1.430861143775563,-1.6389071401060402
3.3958333333333335,1,56,-1.3560071766150654,-1.1542947407442807,-1.2296280397450572,-0.45541992494151673,-0.7335465406203582,-0.3641681586598739,2.0984309462267676,1.919206498975267,0.557626363803796,0.24132191204388836,-1.085610171752262,-0.8160367660661776,-1.3619186364406959,-1.6425252446982113
3.4,1,56,-1.360733864684744,-1.1567411904187686,-1.212548551003771,-0.46142776747513503,-0.7467486474637522,-0.36493998845495157,2.097364033903177,1.9191251714608,0.5877672210923425,0.2418333775235103,-1.119054678884164,-0.810238494756593,-1.4658864780853171,-1.6460064659222098
3.404166666666667,1,56,-1.369475769238702,-1.1590910252759252,-1.1859832123874647,-0.46719834920793124,-0.7347294516355004,-0.3656813372655071,2.0965140241306384,1.9190470557201271,0.5409847510749494,0.24232464428643666,-1.0862302086013702,-0.8046692078930224,-1.3812077969650491,-1.6493502072887014
3.408333333333333,1,56,-1.3769329329788096,-1.161343842683644,-1.1612046579384667,-0.4727306813804302,-0.7294323103684033,-0.3663920780652381,2.0958000526353606,1.9189721651379792,0.5260863927225767,0.24279562815663655,-1.0539480971815856,-0.7993298597441001,-1.4744854408057686,-1.6525558958648157
3.4125,1,56,-1.382773010974458,-1.1634992566332603,-1.1379882202964222,-0.478023816055996,-0.7301013652244434,-0.36707208907236744,2.095298197083801,1.9189005125464713,0.5555704042247961,0.2432462484334485,-1.045611378805796,-0.7942213651796437,-1.4183916579594538,-1.6556229823723183
3.4166666666666665,1,56,-1.3868780625417816,-1.1655568978056896,-1.1157115075608377,-0.4830768462832511,-0.7369599378634035,-0.36772125377050985,2.0942146456977238,1.9188321102229067,0.5725354686973552,0.2436764279054079,-1.0606287678052055,-0.7893445995138983,-1.5195257833190874,-1.6585509412817259
3.4208333333333334,1,56,-1.3952539264151487,-1.1675164136347098,-1.0878050347294688,-0.4878889062514786,-0.725357945383283,-0.3683394609286362,2.0865288814801985,1.9187669698876708,0.5115512114964549,0.24408609286347674,-1.0769170317385632,-0.7847003983555552,-1.427141528905515,-1.6613392709023524
3.425,1,56,-1.4002998069716892,-1.1693774683673712,-1.055895462637658,-0.4924591714389752,-0.7177168929968086,-0.3689266046201323,2.0965030132850906,1.9187051027022253,0.5045630043494367,0.2444751731136734,-1.0184246879086905,-0.7802895574645747,-1.5285164034547976,-1.6639874934682712
3.4291666666666667,1,56,-1.4065453237927308,-1.1711397431215265,-1.026959997213769,-0.4967868587543305,-0.712291565426923,-0.36948258424094954,2.095909400068086,1.9186465192671935,0.5130780727716138,0.2448436019891001,-1.0066565897016346,-0.7761128326158357,-1.476588015757632,-1.6664951552201797
3.433333333333333,1,56,-1.4094321041998172,-1.1728029359404681,-1.001898223864974,-0.5008712266706001,-0.7205147291502575,-0.3700073045268419,2.091091877166576,1.9185912296205456,0.523447893999271,0.24519131636136565,-1.0504520600002039,-0.7721709394696399,-1.5869127388876232,-1.6688618264831452
3.4375,1,56,-1.4167941044439436,-1.1743667618446694,-0.9677116915287126,-0.5047115753523692,-0.7034530233877144,-0.3705006755696897,2.089390864837691,1.9185392432358779,0.46132165670553904,0.24551825665140242,-1.0258956445944878,-0.7684645534490846,-1.509095747447551,-1.6710871017402311
3.4416666666666664,1,56,-1.419705423271844,-1.1758309528806117,-0.9354475408488584,-0.5083072467756602,-0.699655614280738,-0.37096261283290455,2.0969125173565897,1.9184905690207896,0.4589125606946078,0.24582436683967476,-0.9876988517018488,-0.7649943096243343,-1.625519878353345,-1.6731705997019772
3.4458333333333333,1,56,-1.4259567729772749,-1.177195258166699,-0.9017660731017508,-0.5116576248406868,-0.6836764065299034,-0.3713930371659146,2.094962025049317,1.9184452153153573,0.39089999786208257,0.24610959447577785,-0.9818517533709863,-0.7617608026038027,-1.5472303498286415,-1.6751119633717346
3.4499999999999997,1,56,-1.4298650931022725,-1.1784594439362432,-0.8691272961660191,-0.5147621354774135,-0.6782618041454029,-0.371791874817726,2.09445314182282,1.9184031898907046,0.3804280061151102,0.24637389068742446,-0.9676432603559689,-0.7587645864322727,-1.6559984029488208,-1.6769108601068314
3.4541666666666666,1,56,-1.4327857970955502,-1.179623293577522,-0.8380188911109714,-0.5176202467439261,-0.6802349525938525,-0.3721590574495606,2.0889610911868273,1.9183644999476717,0.40975102669396457,0.2466172101888195,-1.0112851493255157,-0.7560061744959596,-1.6207041480220519,-1.678566981675574
3.4583333333333335,1,56,-1.430923663097486,-1.1806866076708902,-0.8025128288517028,-0.5202314689175731,-0.6851896435537059,-0.3724945221465646,2.097649923421447,1.918329152115581,0.4423462304018097,0.2468395112884189,-0.9790001196262519,-0.7534860394345491,-1.75722816881495,-1.6800800443100565
3.4625,1,56,-1.4371741790441879,-1.1816492040229518,-0.7653757243919308,-0.522595354578876,-0.6674251468838761,-0.3727982114285891,2.0905390127057024,1.918297152451102,0.36688935747305734,0.24704075589607372,-0.9983523833089842,-0.7512046130602101,-1.6750677971528585,-1.6814497887547861
3.466666666666667,1,56,-1.4353061651301178,-1.1825109176977775,-0.7300177906673926,-0.5247114986881973,-0.6665687558742549,-0.373070073260039,2.100432599049193,1.9182685064372123,0.3740630856653745,0.2472209095295564,-0.9508758370999465,-0.7491622862836071,-1.8104448937105782,-1.6826759803111038
3.470833333333333,1,56,-1.437326418905311,-1.183271601045165,-0.6971015069883703,-0.5265795386551368,-0.6615960878043681,-0.37331006105878906,2.0983601683748696,1.9182432189822587,0.36757475693553404,0.24737994132046923,-0.9739282457017494,-0.7473594090469198,-1.776133898055165,-1.6837584088773982
3.475,1,56,-1.4375167476182302,-1.1839311237259391,-0.6670076175909884,-0.5281991544006646,-0.6616571396927386,-0.3735181337041655,2.0971648546097166,1.9182212944191166,0.3975855853412523,0.24751782401953368,-0.9544628582559138,-0.7457962902638804,-1.920664767097118,-1.684696888985108
3.4791666666666665,1,56,-1.4467040275743763,-1.1844893727342833,-0.6361894815445732,-0.5295700684119584,-0.638978626857553,-0.37369425554399155,2.079721856878716,1.9182027365044472,0.3189247801197543,0.24763453400125893,-1.0015571266872187,-0.7444731977668462,-1.8409973205053671,-1.6854912598304967
3.4833333333333334,1,56,-1.4452831883845927,-1.1849462524171044,-0.6071353712966441,-0.5306920457899609,-0.6367770747619773,-0.3738383964006967,2.0807783029700366,1.9181875484180533,0.3250694449918574,0.24773005126799055,-0.9765338759948561,-0.7433903582609052,-1.9799594814460553,-1.6861413853022102
3.4875,1,56,-1.4476130605392752,-1.1853016844904203,-0.5799351673992512,-0.531564894289625,-0.630243199578709,-0.37395053157648733,2.072100303379292,1.9181757327623354,0.3223519302539294,0.2478043594533366,-1.016850665379911,-0.7425479572850313,-1.9440010844730138,-1.686647154004596
3.4916666666666667,1,56,-1.4352750688030036,-1.1855556080527752,-0.554466884949984,-0.5321884643528523,-0.649536863841594,-0.3740306418575781,2.079295024380321,1.9181672915618455,0.3795588784649718,0.24785744582497196,-0.987318777916611,-0.7419461391802966,-2.1045474780825444,-1.6870084792767897
3.495833333333333,1,56,-1.4348439469117622,-1.1857079795956738,-0.5286267788696718,-0.5325626491341238,-0.6479102587226421,-0.37407871351748495,2.0764761771847424,1.9181622262629396,0.39717945568132085,0.24788930128682024,-1.011425949494018,-0.741585007065134,-2.0841868820225495,-1.687225299207567
3.5,1,56,-1.4396613200603876,-1.1857587730110368,-0.49851495730818635,-0.5326873845188032,-0.62450882126294,-0.37409473831937634,2.079425467731838,1.9181605377335307,0.35309056977658987,0.24789992038061204,-0.9703525425541722,-0.7414646228176727,-1.9308722039007582,-1.6872975766459484
3.5041666666666664,1,56,-1.4367468689078244,-1.18579861396103,-0.47071018520437935,-0.5327569974982624,-0.6208981938880607,-0.37404730165550826,2.091090468991236,1.9181462347392735,0.379701542930095,0.24788529273783108,-0.9191524132419578,-0.741402529534228,-2.0198207122900986,-1.6872860285460396
3.5083333333333333,1,56,-1.4374416082383845,-1.1859181095060125,-0.4455972651789356,-0.5329657887273823,-0.6121797698388961,-0.37390502417462385,2.090808443759293,1.91810333555906,0.3792523708013841,0.24784141983454386,-0.935369009156402,-0.7412162922395283,-1.9510307669252447,-1.6872513921608039
3.5124999999999997,1,56,-1.4250712914724875,-1.186117177749707,-0.4186235028200592,-0.5333136151110833,-0.6188427822785665,-0.37366800338660167,2.1039176216607056,1.9180318695938452,0.39888589154402326,0.2477683317390468,-0.8838037495556813,-0.740906038571313,-2.084497050661261,-1.6871936912282897
3.5166666666666666,1,56,-1.4244019679204234,-1.1863956822606825,-0.393794017416665,-0.5338002382665366,-0.608789335666224,-0.3733364017336503,2.101406572629572,1.917931885822832,0.3801613833309133,0.24766607854226974,-0.9001842028082425,-0.7404719811619486,-2.0303752398523183,-1.687112965293834
3.5208333333333335,1,56,-1.4202053907761,-1.1867534321658593,-0.37272375855115125,-0.5344253246865385,-0.6091107021786686,-0.3729104464789788,2.099477095266136,1.9178034527699026,0.4190551975660246,0.24753473032344606,-0.8808950580963273,-0.7399144174927017,-2.1683677609438288,-1.6870092696829595
3.525,1,56,-1.4285986581204375,-1.1871901822813218,-0.3531784208657278,-0.5351884459680806,-0.5846485833913078,-0.3723904295510419,2.0798365401245205,1.9176466584566565,0.340568775865346,0.247374377102084,-0.9331450027084912,-0.7392337296898606,-2.076663707027987,-1.6868826754634587
3.529166666666667,1,56,-1.4161800241687221,-1.1877056332803575,-0.33518628540595985,-0.5360890791059554,-0.593770782002093,-0.37177670734346646,2.0807552100107833,1.9174616103420834,0.3632971805709117,0.2471851287762716,-0.906751522072925,-0.7384303842628439,-2.2007460145060733,-1.6867332693966859
3.533333333333333,1,56,-1.4200130585239,-1.1882994318985987,-0.31900097527248594,-0.5371266068511976,-0.5806079722967954,-0.3710697004707975,2.071384669021037,1.917248435248918,0.350783901814281,0.24696711504735824,-0.934590100891882,-0.7375049317844796,-2.135847012343769,-1.6865611538780965
3.5375,1,56,-1.3955344288676188,-1.1889711711761337,-0.3039205390364738,-0.5383003181341166,-0.6064726536667431,-0.3702698934802297,2.0796373633328806,1.9170072792767208,0.40497478812302806,0.2467204853310637,-0.8902992023527732,-0.7364580065136688,-2.277470230434849,-1.6863664468670692
3.5416666666666665,1,56,-1.4008626308237924,-1.1897203907364156,-0.28917068757840225,-0.539609408551627,-0.584387279016506,-0.36937783451952333,2.0687197148938643,1.9167383077017492,0.3313023878663805,0.24644540865507608,-0.9149674326232823,-0.7352903259606971,-2.179669014870499,-1.6861492818060635
3.5458333333333334,1,56,-1.384163430364177,-1.190546577101782,-0.27542880479859067,-0.5410529809185474,-0.5963750280234046,-0.36839413496133044,2.0776568456564783,1.916441704863685,0.3533004414892319,0.24614207354320872,-0.863582410083427,-0.7340026903954884,-2.304652542844099,-1.685909807529165
3.55,1,56,-1.3931207230434415,-1.191449164045367,-0.2631224821498559,-0.5426300458824852,-0.5755862743741917,-0.36731946898419154,2.0723844746589455,1.916117674039298,0.33281217031028526,0.24581068788619537,-0.8853087631130203,-0.7325959822991406,-2.231260251544724,-1.6856481881600809
3.5541666666666667,1,56,-1.3899034779061996,-1.1924275329791654,-0.24935136918516926,-0.5443395226018908,-0.5642843972765295,-0.3661545731104865,2.081793572858642,1.9157664373031293,0.3317578264788468,0.24545147879921222,-0.8330751108628057,-0.7310711657591159,-2.082721231515631,-1.6853646029996583
3.558333333333333,1,56,-1.362972850106614,-1.1934810133779796,-0.24183535337442216,-0.5461802394868104,-0.5958206099441394,-0.3649002457016594,2.086501085172602,1.9153882353752936,0.3915265772084176,0.2450646924662247,-0.845462530969089,-0.7294292858085049,-2.167773749114368,-1.6850592464030012
3.5625,1,56,-1.375411861564808,-1.1946088832389672,-0.23225773363295688,-0.5481509350018374,-0.5692556934177916,-0.363557346411061,2.0834272377454335,1.9149833274565,0.35863225136970805,0.2446505939712649,-0.8676945107244906,-0.7276714677098116,-2.048672921889286,-1.6847323276462678
3.5666666666666664,1,56,-1.3723260706832159,-1.195810369576464,-0.22095365704086398,-0.5502502585307039,-0.5550661373578397,-0.36212679559478606,2.0953631848161387,1.9145519910504112,0.34661359976539313,0.2442094671167567,-0.8140370716354832,-0.7257989161837565,-1.8700424768391355,-1.684384070783244
3.5708333333333333,1,56,-1.3414356803208916,-1.1970846489517497,-0.21863667577277138,-0.5524767713019272,-0.5927784270819827,-0.3606095736809061,2.0947132230150034,1.9140945217734535,0.4194439927769832,0.2437416142290113,-0.8463658125653413,-0.7238129145836187,-1.9396779681855447,-1.684014714491788
3.5749999999999997,1,56,-1.3268803421676212,-1.198430848037392,-0.2153546754484882,-0.5548289473748701,-0.6031199903199146,-0.3590067204975344,2.090349840938327,1.9136112331522188,0.41496895359663455,0.2432473559510283,-0.8779444958140391,-0.7217148240156929,-1.822724571677096,-1.6836245119102522
3.5791666666666666,1,56,-1.3190165827225115,-1.1998480442157822,-0.2095909608873401,-0.5573051746855465,-0.6039716553727428,-0.35731933456017806,2.1007093250351687,1.913102456408587,0.43471475463060255,0.24272703102274257,-0.8275981016883786,-0.7195060824064514,-1.9020120141616925,-1.683213730463995
3.5833333333333335,1,56,-1.3296350031048447,-1.2013352662114498,-0.206251942064988,-0.559903756151448,-0.5836515002256017,-0.35554857231887194,2.097499959627002,1.9125685402327242,0.41835644009164435,0.24218099604886917,-0.8487695095890212,-0.7171882035170647,-1.8049377301797038,-1.6827826516821003
3.5875,1,56,-1.3409657675378719,-1.2028914947567273,-0.20481940875582277,-0.5626229108346394,-0.564326335747923,-0.3536956473656049,2.096329668140678,1.9120098505441077,0.4427479021401306,0.24160962525450422,-0.8194617348495379,-0.714762775905943,-1.8940383843285515,-1.6823315710044329
3.591666666666667,1,56,-1.3552094737147375,-1.2045156632903053,-0.20451983237354007,-0.5654607751623263,-0.5336125610292308,-0.35176182960258384,2.0785715455792317,1.9114267702407428,0.35063122266976443,0.24101331022864947,-0.8615898942971618,-0.7122314618400176,-1.7665937420414481,-1.6818607975791566
3.595833333333333,1,56,-1.346833637416466,-1.2062066586881999,-0.2034026167197304,-0.5684154042040523,-0.5336314300293202,-0.34974844437190766,2.0835392070000465,1.910819698936744,0.35397654163552805,0.2403924596558371,-0.8162366908263703,-0.7095959961555082,-1.8831096332059185,-1.6813706540508622
3.6,1,56,-1.3532388511182987,-1.2079633220266324,-0.20456997005824076,-0.57148477300466,-0.5175990712437359,-0.3476568715472421,2.0773977679879265,1.9101890526884595,0.3369368729803354,0.2397474990360375,-0.8340551554869589,-0.7068581850689495,-1.8100995809955882,-1.6808614763394403
3.6041666666666665,1,56,-1.3282268738393208,-1.209784449376298,-0.20508318357891084,-0.5746667779720911,-0.5445601663402251,-0.34548854458812533,2.091360064032028,1.9095352637093257,0.40532791226549547,0.23907887039304304,-0.7620284771952536,-0.7040199049393043,-1.9356838694070104,-1.6803336134098603
3.6083333333333334,1,56,-1.3420778559977775,-1.2116687926274785,-0.20624312960523594,-0.5779592383190862,-0.5229338346704204,-0.34324494955754425,2.090965849709348,1.908858780073652,0.42352120022582773,0.2383870319715268,-0.7639671875561367,-0.7010831009819978,-1.8656025180378544,-1.679787427033007
3.6125,1,56,-1.3290551993643673,-1.2136150603454345,-0.20905451002486167,-0.581359897557785,-0.5333154552731277,-0.3409276241034632,2.087694646767438,1.908160065409531,0.4142367434374823,0.23767245792298486,-0.7890120130405438,-0.6980497859357659,-1.9237145439199312,-1.6792232915377403
3.6166666666666667,1,56,-1.3568875644620868,-1.2156219186554909,-0.20678803160758585,-0.5848664250462127,-0.48234226683471926,-0.33853815640499507,2.0919768588548413,1.9074395985810917,0.3366169442803906,0.23693563798077624,-0.7363902863382458,-0.6949220386832236,-1.8060258676843055,-1.6786415935543497
3.620833333333333,1,56,-1.3602576619632436,-1.2176879921572061,-0.21202604178837978,-0.5884764175855829,-0.4791375819226894,-0.33607818408394413,2.082912496133236,1.9066978733603104,0.34369463686306123,0.23617707712448446,-0.8129319682051712,-0.6917020028261036,-1.8719348436060916,-1.6780427317495763
3.625,1,56,-1.3624230245820774,-1.2198118648670053,-0.2138093775358085,-0.592187401067333,-0.4647945837537229,-0.3335493930824605,2.086402895147381,1.9059353980886033,0.30390979329382994,0.23539729523382932,-0.8034534381434738,-0.6883918852161377,-1.7605704403584512,-1.6774271165533874
3.6291666666666664,1,56,-1.3604584816975558,-1.2219920811886225,-0.2150515599079729,-0.5959968321687517,-0.46393921807236305,-0.33095351650758115,2.1023600953071195,1.9051526953284355,0.35249157472560216,0.2345968267323679,-0.7476097917757478,-0.6849939544425921,-1.856182074155182,-1.676795169877688
3.6333333333333333,1,56,-1.3785516143421277,-1.2242271469106953,-0.21932549616796487,-0.5999021000960482,-0.4381955521118104,-0.328292333443443,2.100276563400493,1.9043503015051813,0.35316974274374624,0.23377622022122657,-0.7717394420538939,-0.6815105392774881,-1.7574717225036667,-1.6761473248271626
3.6374999999999997,1,56,-1.3827959320262788,-1.2265155302308217,-0.22658414525079063,-0.6039005283736566,-0.4343559278061364,-0.3255676677319897,2.0929545812739425,1.9035287665394873,0.3772309562793534,0.23293603810311808,-0.8532038504288052,-0.6779440270795799,-1.8126089184634264,-1.6754840254024488
3.6416666666666666,1,56,-1.3863803134052612,-1.2288556628053817,-0.23046171518094558,-0.6079893766785625,-0.4167070144540926,-0.3227813867229993,2.096205243095428,1.902688653470382,0.3370254309670432,0.23207685619689794,-0.8501688582834571,-0.674296862158176,-1.69545176510453,-1.6748057261958396
3.6458333333333335,1,56,-1.390414549816814,-1.231245940824401,-0.23773765273997063,-0.6121658427183796,-0.40636279649802254,-0.3199353999942977,2.0952367906937774,1.9018305380693987,0.35719636820494766,0.23119926334292767,-0.8339470695714765,-0.670571544097934,-1.7689739410366994,-1.6741128920797292
3.65,1,56,-1.3837184146429147,-1.2336847261107216,-0.2468767105682891,-0.616427064151903,-0.40788564730845156,-0.31703165804302896,2.0852018154777845,1.9009550084459692,0.353840330992388,0.23030386099951278,-0.8772027654752016,-0.666770626045769,-1.6773071227770726,-1.6734059978880131
3.654166666666667,1,56,-1.3633433750090471,-1.2361703472427292,-0.25335684334515174,-0.6207701205508158,-0.4279144938737752,-0.31407215094888064,2.0953117447705747,1.9000626646443637,0.401906182222941,0.22939126283069286,-0.8211931861440637,-0.662896712961053,-1.7804973926546015,-1.6726855280906603
3.658333333333333,1,56,-1.3730698725830455,-1.238701100699859,-0.2605495692985415,-0.6251920354012018,-0.4089625141798682,-0.311058907010185,2.09338489991186,1.8991541182324503,0.4040265847776614,0.22846209428566774,-0.8238663022772161,-0.6589524598303088,-1.692931460681691,-1.6719519764616817
3.6625,1,56,-1.3599912618361616,-1.2412752520301056,-0.26914696649026454,-0.6296897781435031,-0.42488178928979825,-0.3079939913538222,2.0956942112102652,1.898229991882557,0.444658218148489,0.22751699217014498,-0.833133326653348,-0.6549405698476116,-1.7805933037000587,-1.6712058457407215
3.6666666666666665,1,56,-1.3840309622370632,-1.2438910370387288,-0.2757377504349169,-0.6342602662495103,-0.3817233410624545,-0.30487950451988777,2.0874352689418747,1.8972909189447227,0.3440215200730992,0.22655660420990587,-0.8531705561183891,-0.6508637925619581,-1.6429176358314734,-1.6704476472885064
3.6708333333333334,1,56,-1.3799425015749032,-1.2465466629973454,-0.2810978832645552,-0.6389003673349776,-0.37832018629178027,-0.3017175810220848,2.1027020270306163,1.896337543012631,0.3503083014026875,0.22558158860688565,-0.7752942155227395,-0.6467249219928592,-1.728299952894554,-1.6696779007363824
3.675,1,56,-1.3796017862457837,-1.2492403098725744,-0.2904482452676834,-0.6436069013063982,-0.37093667473838665,-0.29851038788483797,2.100461570109996,1.8953705174825242,0.33521498606628064,0.2245926135880758,-0.777716657868492,-0.6425267947154629,-1.634863725532853,-1.6688971336301868
3.6791666666666667,1,56,-1.3602175997183519,-1.2519701315733989,-0.30485116198342466,-0.6483766425404858,-0.40373518994565516,-0.29526012315811984,2.0923485591147104,1.8943905051053962,0.4085208332642493,0.22359035694755353,-0.8638746019331741,-0.638272287916503,-1.730195173495469,-1.6681058810686937
3.683333333333333,1,56,-1.3882705240370974,-1.2547342572163818,-0.316231547869887,-0.6532063220948512,-0.36544874404506034,-0.29196901441102047,2.0824316036321977,1.8933981775327775,0.3714885254527099,0.22257550558195666,-0.9309401035547746,-0.633964317422423,-1.6069772346594542,-1.6673046853368851
3.6875,1,56,-1.3814342024872248,-1.2575307924078793,-0.32642719798919273,-0.658092629948377,-0.37540128481455726,-0.28863931720507996,2.095580581886763,1.8923942148564186,0.42691808889109156,0.221548755019718,-0.9000236468184969,-0.6296058357010108,-1.715156590153632,-1.6664940955342948
3.6916666666666664,1,56,-1.3947556730464568,-1.260357820542361,-0.3385935440843235,-0.6630322172697358,-0.35676168227830274,-0.28527331354844176,2.094989725954358,1.891379305142189,0.431568295622973,0.22051080894438574,-0.921098290732732,-0.625199829837928,-1.645244596018841,-1.6656746671986837
3.6958333333333333,1,56,-1.386186084315988,-1.2632134041159566,-0.35210408215544464,-0.6680216987125165,-0.3628870485251509,-0.28187331033187585,2.094272144802526,1.8903541439585108,0.4375465762230788,0.21946237871235322,-0.8819673432035361,-0.6207493194895075,-1.7155031073321472,-1.6648469619253017
3.6999999999999997,1,56,-1.3929434318629765,-1.2660955860543242,-0.3663007991355247,-0.6730576547353672,-0.3498085082700986,-0.2784416377477537,2.0857156115188946,1.8893194338996515,0.42147917807962093,0.2184041828653314,-0.8959682521044976,-0.6162573548132351,-1.644723270726925,-1.6640115469819983
3.7041666666666666,1,56,-1.3764281880785165,-1.2690023910539323,-0.37841705032634215,-0.6781366339455825,-0.3694506856535661,-0.2749806476930477,2.098838151060396,1.8882758841042002,0.48175944278807575,0.2173369466378955,-0.8131808333692684,-0.61172701437732,-1.796363996780954,-1.6631689949204458
3.7083333333333335,1,56,-1.3837767914553118,-1.2719318269358313,-0.39164539673685117,-0.6832551554645122,-0.3550380043235172,-0.2714927121574615,2.0975031130525053,1.8872242097690604,0.4889470834220585,0.2162614014604463,-0.7874290642021133,-0.6071614030508024,-1.7382751988443086,-1.6623198831837405
3.7125,1,56,-1.3773651974937389,-1.2748818860109967,-0.40666419083492167,-0.6884097113131822,-0.3638018516706605,-0.2679802215977854,2.092351673326611,1.8861651316592893,0.49790538933848344,0.21517828445792392,-0.8052790389723444,-0.6025636498756282,-1.8172623478674217,-1.6614647937106533
3.716666666666667,1,56,-1.3825644856935493,-1.2778505464562975,-0.41764971700460923,-0.6935967688164908,-0.34709629691135757,-0.2644455832995952,2.0996771398419907,1.8850993756141208,0.49276948315445435,0.2140883379446187,-0.7296960359957192,-0.59793690592216,-1.751183376841584,-1.6606043125367955
3.720833333333333,1,56,-1.3832704290923215,-1.2808357737001514,-0.43147515905629885,-0.6988127730243233,-0.34193697203354745,-0.26089121972742235,2.0981400305094313,1.884027672049513,0.4827295230527564,0.21299230891542703,-0.709640316224913,-0.5932843421295934,-1.8303261646818734,-1.6597390293929826
3.725,1,56,-1.379122792618268,-1.2838355218169222,-0.4462890632310003,-0.7040541491479424,-0.3486021715365041,-0.25731956686451385,2.0930938252264144,1.882950755457556,0.5158290790226354,0.21189094853389748,-0.7376422398146198,-0.58860914713275,-1.7774283968474316,-1.6588695373010587
3.7291666666666665,1,56,-1.3758147080588763,-1.2868477349290903,-0.46278476977672534,-0.7093173050099639,-0.35567286397567116,-0.25373307254333477,2.0796593165404746,1.881869363903089,0.5007815795696144,0.21078501161742152,-0.8176349476822767,-0.5839145250767507,-1.8253960369231692,-1.657996432167472
3.7333333333333334,1,56,-1.3819960939262506,-1.2898703486162528,-0.47501392455453245,-0.7145986335062621,-0.33732365388380353,-0.25013419476794263,2.080863887203795,1.8807842385178664,0.46229702601346845,0.20967525611991877,-0.7963462430433038,-0.5792036934210498,-1.7498617217478174,-1.6571203123748683
3.7375,1,56,-1.3803495330135156,-1.292901291329971,-0.4862720451570196,-0.7198945150780924,-0.33524881882423385,-0.24652540002939757,2.0953930840844857,1.8796961229926241,0.5002599973552283,0.2085624426123739,-0.7309370129990651,-0.5744798807343541,-1.8941672480677834,-1.6562417783719905
3.7416666666666667,1,56,-1.3823104929960888,-1.295938485813508,-0.499416391008111,-0.725201320192762,-0.32672528063933454,-0.2429091616153492,2.094737058599192,1.8786057630673905,0.4873596902724883,0.20744733376157842,-0.7275692116436281,-0.5697463244819181,-1.8358485359993584,-1.65536143226216
3.745833333333333,1,56,-1.3746106794704442,-1.298979850525476,-0.516335416020194,-0.7305154118311248,-0.3435425083436482,-0.2392879579149722,2.0855281621135657,1.8775139060203938,0.5194615070864318,0.20633069380743801,-0.8162597338644416,-0.5650062688067519,-1.9249698243773012,-1.6544798773906266
3.75,1,56,-1.3848848768243658,-1.302023301066421,-0.528046987999308,-0.7358331479802179,-0.3172240127176564,-0.23566427072039892,2.085014494782456,1.8764213001559147,0.4486245877876275,0.20521328803919964,-0.8008937391289742,-0.5602629623062432,-1.8130490521939366,-1.6535977179310646
3.7541666666666664,1,56,-1.3850864895193138,-1.305066751607366,-0.5392603593285298,-0.7411508841293106,-0.30904546093134677,-0.23204058352582593,2.097850716632603,1.8753286942914353,0.45224708509481015,0.20409588227096134,-0.7439823197899105,-0.5555196558057349,-1.9060430383214364,-1.6527155584715023
3.7583333333333333,1,56,-1.3848577764383991,-1.3081081163193342,-0.5530964781478911,-0.746464975767674,-0.30227052467754073,-0.2284193798254486,2.0966790850178154,1.8742368372444387,0.42744726144661016,0.20297924231682085,-0.7504925708516335,-0.5507796001305683,-1.8320765810849569,-1.651834003599969
3.7624999999999997,1,56,-1.3754304973444493,-1.311145310802871,-0.570714959632075,-0.7517717808823429,-0.3171792836241475,-0.22480314141140065,2.0900564306735827,1.8731464773192052,0.4491306793979286,0.2018641334660255,-0.8228831823962292,-0.5460460438781327,-1.9236986788760324,-1.6509536574901387
3.7666666666666666,1,56,-1.3823367604558205,-1.3141762535165893,-0.5834505780854622,-0.7570676624541739,-0.29187026278218337,-0.22119434667285515,2.0923584998300875,1.8720583617939628,0.36911451682326757,0.2007513199584805,-0.7929933407314382,-0.5413222311914364,-1.8201386861421398,-1.6500751234872606
3.7708333333333335,1,56,-1.3793139955615363,-1.3171988672037518,-0.5955387484399179,-0.7623489909504719,-0.2865531294649888,-0.217595468897463,2.1090437218280966,1.8709732364087401,0.3706167426881335,0.19964156446097772,-0.7160195448995479,-0.5366113995357356,-1.9266589706240917,-1.6491990036946569
3.775,1,56,-1.3776059270354613,-1.32021108031592,-0.6115810192407651,-0.7676121468124936,-0.2811293755770004,-0.21400897457628396,2.1056157955823944,1.8698918448542732,0.3543412437173814,0.1985356275445018,-0.7208939310762399,-0.5319167774797362,-1.8641019325769812,-1.6483258985610703
3.779166666666667,1,56,-1.3684369920897839,-1.3232108284326907,-0.6292171371884834,-0.7728535229361126,-0.29459528838027144,-0.21043732171337545,2.09682740773174,1.868814928262316,0.3841009572280851,0.1974342671629722,-0.7918191180364359,-0.5272415824828929,-1.9713167903938555,-1.6474564064691464
3.783333333333333,1,56,-1.3739085910519993,-1.3261960556765446,-0.6432862430584466,-0.7780695271439452,-0.2710452060445959,-0.20688295814120256,2.0959110274062525,1.8677432246977084,0.3118934061054582,0.19633823813378054,-0.764351665243689,-0.5225890186903264,-1.871432489365273,-1.6465911233253334
3.7875,1,56,-1.3683317639987007,-1.3291647161218454,-0.6617942873350536,-0.7832565846472539,-0.2773186573675344,-0.20334831984301238,2.084525468447086,1.8666774686525398,0.31599409410295326,0.19524829162047533,-0.8485648410920236,-0.5179622747368581,-1.9658837531491502,-1.6457306421514757
3.7916666666666665,1,56,-1.3721816657309003,-1.3321147751970108,-0.6762487052142294,-0.7884111404959238,-0.2567200382295158,-0.19983582928333624,2.0867377154136677,1.8656183905427688,0.25390931384474785,0.1941651746179529,-0.8239357879335322,-0.513364521561684,-1.8667207683723912,-1.6448755526783885
3.7958333333333334,1,56,-1.3709038773949984,-1.3350442110789098,-0.6892882588263224,-0.7935296620148533,-0.25067631706915444,-0.19634789374775008,2.100982950798072,1.864566716207629,0.2633827745959816,0.19308962944050376,-0.7545209961021137,-0.5087989102351662,-1.9783381099330675,-1.6440264409416832
3.8,1,56,-1.3754175555289763,-1.3379510160785175,-0.7050030946366904,-0.7986086412250682,-0.23511494124532145,-0.19288690369304448,2.0991852691031863,1.8635231664121779,0.23439587677348944,0.19202239321306797,-0.7518601995012304,-0.5042685697992517,-1.923540303282491,-1.6431838888801307
3.8041666666666667,1,56,-1.3681508727970346,-1.3408331980168855,-0.7233687335863379,-0.8036445972479196,-0.2505326679896605,-0.18945523110892193,2.0918330516578045,1.8624884563533184,0.3070681374549037,0.19096419736604603,-0.8264670209660262,-0.4997766051229788,-2.0775563007138005,-1.6423484739368273
3.808333333333333,1,56,-1.372662629163462,-1.343688781590481,-0.7379523860887556,-0.8086340786906996,-0.23389417720666733,-0.18605522789235637,2.0973032947819177,1.8614632951696402,0.2836624734029601,0.1899157671340136,-0.796922579724754,-0.4953260947745587,-2.018510391279127,-1.6415207686634452
3.8125,1,56,-1.372744197308112,-1.3465158097249628,-0.7550066450774511,-0.8135736660120589,-0.2308762001083692,-0.18268922423571787,2.09632177696345,1.8604483854554106,0.31228268741018744,0.18887782105868128,-0.7632909179198288,-0.49092008891147554,-2.1548604064533103,-1.640701340327834
3.8166666666666664,1,56,-1.3786541210580705,-1.3493123449164601,-0.7721542863093074,-0.8184599738655842,-0.21563212937961354,-0.17935952702977767,2.0865446228392996,1.8594444227790519,0.28716504586261726,0.1878510704964427,-0.7689812565103671,-0.4865616071900637,-2.09117447894643,-1.6398907505252438
3.8208333333333333,1,56,-1.3762844070205809,-1.3520764705594432,-0.7905427681501654,-0.8232896534199502,-0.21922895678215168,-0.176068418282678,2.0731813610703522,1.8584520952064332,0.3102107976104969,0.18683621913084575,-0.8323721563219443,-0.4822536366959833,-2.0706584982991254,-1.6390895547934352
3.8249999999999997,1,56,-1.3785036092190974,-1.3548062922602673,-0.8010450487317906,-0.8280593946540372,-0.20557514265238294,-0.1728181535559602,2.0795200509748275,1.857472082829305,0.28116330598764994,0.18583396249032358,-0.7784142615501644,-0.4779991298970238,-1.9487953355089263,-1.6382983022319422
3.8291666666666666,1,56,-1.3735168960796378,-1.3574999391354967,-0.8128511256813968,-0.8327659286254584,-0.21359847237833984,-0.16961096041871296,2.086145900375677,1.8565050572991981,0.32673511434735486,0.18484498747151357,-0.7564554248827556,-0.473801002619627,-2.057858914125044,-1.6375175351257465
3.8333333333333335,1,56,-1.3757168669158384,-1.3601555650941133,-0.8233248589917224,-0.8374060297109256,-0.20634712330841187,-0.1664490369209101,2.083611360791369,1.8555516813671065,0.3097386997895469,0.1838699718684934,-0.7776198755494778,-0.46966213205052826,-1.9804170864747617,-1.6367477885736226
3.8375,1,56,-1.373435259051091,-1.3627713501027365,-0.8328085860871237,-0.841976517816933,-0.21101202765260985,-0.1633345500869756,2.0806588188166146,1.8546126084292722,0.333545691212453,0.18290958390825424,-0.8329305254538076,-0.4655853547648746,-2.079596452316085,-1.6359895901214074
3.841666666666667,1,56,-1.379294487619455,-1.3653455014329832,-0.8353023832957002,-0.8464742605592341,-0.18908063007228357,-0.1602696344306128,2.0911716475305084,1.8536884820793789,0.2724870577288826,0.1819644817927315,-0.7803686902695958,-0.46157346478217753,-1.9825148530814678,-1.6352434594004472
3.845833333333333,1,56,-1.3784116960298445,-1.3678762548901129,-0.8423959715698914,-0.8508961754096203,-0.1900723369641769,-0.15725639049191714,2.0891884962011193,1.8527799356674655,0.27507641321210735,0.1810353132477064,-0.8379371759108473,-0.4576292116514333,-2.086068263212417,-1.6345099077714687
3.85,1,56,-1.3817641164209489,-1.3703618760221203,-0.8432124496503663,-0.8552392318085329,-0.1752518484916959,-0.15429688339776887,2.1033470950314896,1.85188759186586,0.2409116937583291,0.18012271507888647,-0.7858372449731281,-0.45375529856671737,-2.010697573511613,-1.6337894379741158
3.8541666666666665,1,56,-1.381711216078033,-1.3728006613084411,-0.8493955350841311,-0.8595004532420565,-0.1728440079520102,-0.15139314144650007,2.1011401243409886,1.8510120622424306,0.2521466453863139,0.17922731273547154,-0.7544098982132138,-0.4499543805145523,-2.1136091567277613,-1.6330825437823997
3.8583333333333334,1,56,-1.385404001953261,-1.3751909393274602,-0.8562094273176798,-0.8636769192818735,-0.1608395846339532,-0.1485471547177985,2.091321540563335,1.8501539468414472,0.2115406612007752,0.1783497198815013,-0.7605205135878779,-0.4462290624543103,-2.03041564806128,-1.6323897096662894
3.8625,1,56,-1.3822521629471274,-1.3775310719020202,-0.8643154561511756,-0.8677657675867789,-0.1661810489715991,-0.1457608737088084,2.078164123894259,1.849313833772342,0.22823044796677247,0.17749053797528128,-0.8191071638726088,-0.4425818975329069,-2.1356171626092477,-1.6317114104596802
3.8666666666666667,1,56,-1.3853901123508543,-1.3798194552221468,-0.8657092065489606,-0.8717641958643878,-0.15082854500570786,-0.14303620799735484,2.0823780932521427,1.848492298806648,0.17913883310763412,0.1766503558571727,-0.7650124999084263,-0.43901538533499823,-2.048880189381388,-1.6310481110349664
3.870833333333333,1,56,-1.3802862598176384,-1.3820545209442194,-0.8710789315575138,-0.8756694637916838,-0.16355692172690356,-0.14037502493321696,2.076026008622353,1.847689904983394,0.24161610627621505,0.17582974934603146,-0.8133768588042185,-0.43553197016989453,-2.1932114889864724,-1.6304002659844412
3.875,1,56,-1.3830241983228335,-1.3842347372658368,-0.87266275488941,-0.8794788948931029,-0.1541197055599069,-0.1377791483583373,2.0738206990923804,1.8469072022232258,0.21727736663481306,0.17502928084456992,-0.8259880503433265,-0.4321340393963486,-2.123787348526138,-1.6297683193087416
3.8791666666666664,1,56,-1.3815816240686263,-1.3863586099756358,-0.8683486818889389,-0.8831898783748526,-0.15245290466240186,-0.1352503573568539,2.094028360359357,1.846144726951519,0.2522001113235219,0.17424949895391487,-0.727194017361712,-0.42882392178638296,-2.2444603444841826,-1.6291527041125526
3.8833333333333333,1,56,-1.3834202250835488,-1.3884246834773513,-0.8666940368391874,-0.8867998709142233,-0.14084547558647847,-0.13279038503580273,2.1027013703982895,1.8454030017307375,0.23130052013638253,0.173490938097623,-0.681323336060283,-0.4256038859292628,-2.16240667426548,-1.6285538423077792
3.8874999999999997,1,56,-1.3780525152118883,-1.3904315417874074,-0.868675667378342,-0.8903063984026505,-0.1526115095927909,-0.1304009173373348,2.100656804636828,1.8446825349022984,0.30520518398431046,0.17275411815541447,-0.6932709068768143,-0.42247613867672074,-2.3040616063016683,-1.6279721443243886
3.8916666666666666,1,56,-1.3805677605808537,-1.3923778095053636,-0.8681321010780744,-0.8937070576413497,-0.14491688004040063,-0.12808359188325352,2.0990324743773194,1.843983820238177,0.3046792124028163,0.17203954410687244,-0.6864845309284515,-0.41944282363048857,-2.2399671017287224,-1.6274080088291218
3.8958333333333335,1,56,-1.3842273638394433,-1.3942621527565442,-0.867495454453711,-0.8969995179883449,-0.13138835094584814,-0.12583999685267247,2.0949411976181573,1.8433073366025035,0.2528893721295841,0.17134770568535618,-0.6928238630857706,-0.41650601967318196,-2.0630919942665518,-1.6268618224522686
3.9,1,56,-1.3833089221871269,-1.3960832801062097,-0.8683353861601539,-0.9001815229557759,-0.12993546750081778,-0.12367166989355566,2.086048102430716,1.8426535476233696,0.23686546090128802,0.17067907704236174,-0.7567843078039295,-0.4136677395435368,-1.8709784532271179,-1.6263339595226887
3.904166666666667,1,56,-1.3792661720746027,-1.3978399434446422,-0.8682624054609571,-0.9032508917563835,-0.14041785739415424,-0.12158009706889011,2.079123846079599,1.842022901375085,0.2858058760420707,0.17003411642256214,-0.8458033302814426,-0.4109299284569782,-1.9193810203968917,-1.6258247818112668
3.908333333333333,1,56,-1.382542509123487,-1.3995309388425368,-0.8622925981049055,-0.9062055207981097,-0.12737051402015337,-0.11956671183821393,2.08810119913087,1.8414158300710863,0.25416579497151115,0.1694132658497498,-0.8191341321047655,-0.4082944627724686,-1.789696053657378,-1.6253346382829723
3.9125,1,56,-1.3787702290107804,-1.4011551073761148,-0.8553609893276738,-0.9090433851257964,-0.13428587466708394,-0.1176328940751929,2.109416855352972,1.8408327497677215,0.3129487611390809,0.16881695082389503,-0.7446110136499987,-0.40576314870654334,-1.9016866267999595,-1.624863864857696
3.9166666666666665,1,56,-1.3798716817281462,-1.4027113359213923,-0.8536299828784972,-0.9117625398089879,-0.12829939606096075,-0.11577996912192584,2.106135079289345,1.840274060079105,0.29813291114327334,0.16824558002953005,-0.7480317036495443,-0.4033377210954216,-1.8152674817400447,-1.6244127841800287
3.9208333333333334,1,56,-1.3773993463770486,-1.40419855791706,-0.8536095553257507,-0.9143611212748894,-0.13438079712945378,-0.11400920688061977,2.0972342068342242,1.8397401439032421,0.3222610214499856,0.1676995450556567,-0.8110591709964691,-0.40101984220603487,-1.9117220286688819,-1.623981705398134
3.925,1,56,-1.3826793759149143,-1.40561575409545,-0.8491557857777665,-0.9168373485855656,-0.11540001688696795,-0.1123218209432636,2.096232625154318,1.8392313671596103,0.25830969594771375,0.16717922012737102,-0.7761834604993618,-0.3988111005967937,-1.8075136330211998,-1.6235709239518767
3.9291666666666667,1,56,-1.3791330794564474,-1.4069619531810924,-0.8488756423603415,-0.9191895246585089,-0.12355799010763968,-0.11071896775989165,2.0853805617423298,1.8387480785383756,0.2765903426523656,0.16668496184938794,-0.8450100824288025,-0.3967130100288675,-1.9200502590881918,-1.6231807213703409
3.933333333333333,1,56,-1.3834240964217415,-1.408236232556378,-0.8424097554270341,-0.9214160374297318,-0.10702573542216774,-0.10920174584601189,2.090264254215249,1.838290609261418,0.21744354955383285,0.1662171089616426,-0.7989181389529902,-0.39472700842873004,-1.8270431885794072,-1.622811365078885
3.9375,1,56,-1.3812979901995661,-1.4094377188938747,-0.8352008524555755,-0.9235153609585985,-0.10987222804079504,-0.10777119502973675,2.1081944776688117,1.8378592728553291,0.250609327053591,0.16577598210713435,-0.7059648878165208,-0.3928544569026746,-1.964676395754874,-1.6224631082158611
3.9416666666666664,1,56,-1.3829190127413735,-1.4105655887548625,-0.832410344109028,-0.9254860564736254,-0.10179318605317864,-0.10642829573913853,2.1050830275759203,1.8374543649365358,0.219247718975168,0.1653618836121746,-0.6921427397648946,-0.3910966388039816,-1.8841622088147163,-1.6221361894591277
3.9458333333333333,1,56,-1.3772230582760894,-1.411619069153677,-0.8325347746539985,-0.9273267733585453,-0.11832110732836117,-0.10517396833031128,2.090894393290745,1.8370761630086998,0.28202476476938104,0.16497509727918702,-0.7785950475134231,-0.38945475885337044,-2.0208030829970975,-1.6218308328624707
3.9499999999999997,1,56,-1.3800890563093948,-1.4125974380874748,-0.8295390021888428,-0.9290362500779505,-0.11093981611287507,-0.10400907245660634,2.08216628064616,1.8367249262725314,0.24233219977287868,0.1646158881922039,-0.823254951493185,-0.3879299423133459,-1.9355103556723081,-1.621547247702048
3.9541666666666666,1,56,-1.3794971821138067,-1.41350002503106,-0.8203998793512963,-0.9306133150418886,-0.10985806142428411,-0.10293440647946733,2.097138567353955,1.836400895448144,0.2619187173014603,0.16428450253519056,-0.7476083518811518,-0.38652323421699786,-2.0398425647164955,-1.621285628332964
3.9583333333333335,1,56,-1.3813317426016365,-1.4143262113964266,-0.8150704271162251,-0.932056887408809,-0.1006021103365489,-0.1019507069212745,2.096273127897183,1.83610429261008,0.22460362119572622,0.16398116742332317,-0.7327416584440138,-0.3852355986517892,-1.9376259379675487,-1.6210461540560654
3.9625,1,56,-1.375573183630528,-1.4150754309567084,-0.8132388986528938,-0.9333659778263192,-0.11649671367516547,-0.10105864796056807,2.0843625276219337,1.8358353210351084,0.27894205860367843,0.16370609074733555,-0.8210732172154908,-0.3840679180988175,-2.0534342557752683,-1.6208289889950598
3.966666666666667,1,56,-1.379220669094547,-1.4157471702342435,-0.805621146954819,-0.9345396891092383,-0.10497757347364231,-0.10025884097000026,2.0890586197985965,1.835594165062911,0.2417381598951716,0.16345946103104098,-0.7910300000291908,-0.38302099282800667,-1.959530511247493,-1.6206342819840325
3.970833333333333,1,56,-1.375248533977378,-1.4163409688524846,-0.7970388223765097,-0.9355772168544806,-0.11442814238273191,-0.09955183409733132,2.1059557405249008,1.8353809899697457,0.29867960048794684,0.16324144730212764,-0.7167403103180678,-0.3820955403496423,-2.0831111454291733,-1.620462166465443
3.975,1,56,-1.3779207598244798,-1.4168564198515203,-0.792729776874648,-0.9364778499923554,-0.10881735766718577,-0.09893811188975588,2.103322411685904,1.8351959418551727,0.28416830620487776,0.16305219897631526,-0.7145446456108321,-0.3812921949226257,-1.9996599146896796,-1.6203127603986702
3.9791666666666665,1,56,-1.3781504500485182,-1.417293169966983,-0.7907247865683188,-0.9372409712738975,-0.10908250984360544,-0.09841809496181897,2.0892546227616116,1.8350391475419265,0.26042677682108134,0.1628918457549532,-0.7963094801943252,-0.3806115071197846,-1.8435959791857568,-1.6201861661791694
3.9833333333333334,1,56,-1.3768856052310137,-1.4176509198721596,-0.78266839134556,-0.9378660576938995,-0.11318837281231894,-0.09799213970714749,2.1017626936361222,1.8349107144889971,0.30470426123200006,0.1627604975361295,-0.7481640076293365,-0.3800539434505377,-1.9237507153296813,-1.620082470568295
3.9875,1,56,-1.3802589053641532,-1.417929424383135,-0.7775259877254275,-0.9383526808493525,-0.10613411987918969,-0.09766053805419617,2.0999191263609127,1.834810730717984,0.2882080427366582,0.16265824433935244,-0.7536857811317343,-0.3796198860411733,-1.8363394940108704,-1.6200017446338393
3.9916666666666667,1,56,-1.3788549630883746,-1.4181284926268294,-0.774233164705125,-0.9387005072330536,-0.11260542847701097,-0.09742351726617393,2.0933334200803224,1.8347392647527692,0.3142377177067419,0.1625851562438554,-0.8148978598425359,-0.37930963237295795,-1.9430488532742747,-1.619944043701325
3.995833333333333,1,56,-1.3848316589176746,-1.418247988171812,-0.7689789297409725,-0.9389092984621734,-0.09512508750038916,-0.09728123978528957,2.0987936954410795,1.8346963655725557,0.2606261839686222,0.16254128334056817,-0.771051410275639,-0.3791233950782584,-1.8528324199660575,-1.6199094073160893
4.0,1,56,-1.380735547807404,-1.4182878291218053,-0.7679643049050872,-0.938978911441633,-0.1071911975376477,-0.09723380312142144,2.093694676441352,1.8346820625782985,0.2991809002100277,0.1625266556977872,-0.8350471403280907,-0.3790613017948135,-1.983227462975024,-1.6198978592161806
4.004166666666666,1,56,-1.3855961566969544,-1.4182878291218053,-0.7647958953788377,-0.938978911441633,-0.09282004820624365,-0.09723380312142145,2.100260841943497,1.8346820625782985,0.25379199380879974,0.1625266556977872,-0.7945017585900304,-0.3790613017948135,-1.9001225183187989,-1.6198978592161806
4.008333333333333,1,56,-1.3821553834710119,-1.4182878291218053,-0.7653142704907963,-0.938978911441633,-0.10064885866584942,-0.09723380312142145,2.098621302851352,1.8346820625782985,0.2886530401393799,0.1625266556977872,-0.7603244245726978,-0.3790613017948135,-2.0141807606979327,-1.6198978592161806
4.0125,1,56,-1.3844471857653817,-1.4182878291218053,-0.7669310564249874,-0.938978911441633,-0.09535980881119414,-0.09723380312142145,2.089477847759352,1.8346820625782985,0.267807434511855,0.1625266556977872,-0.7628177235835294,-0.3790613017948135,-1.9322641338743094,-1.6198978592161806
4.016666666666667,1,56,-1.3815493710097733,-1.4182878291218053,-0.7700624631033282,-0.938978911441633,-0.10460961905514118,-0.09723380312142145,2.075617718000126,1.8346820625782985,0.29171008581233343,0.1625266556977872,-0.8265525515495229,-0.3790613017948135,-2.035818501265606,-1.6198978592161806
4.020833333333333,1,56,-1.386811579679585,-1.4182878291218053,-0.7705688638178009,-0.938978911441633,-0.08895921662486658,-0.09723380312142145,2.075318297792043,1.8346820625782985,0.2367716203658592,0.1625266556977872,-0.7818410862740512,-0.3790613017948135,-1.9345119541012357,-1.6198978592161806
4.025,1,56,-1.382594122339178,-1.4182878291218053,-0.7747458346593957,-0.938978911441633,-0.09995837606670642,-0.09723380312142145,2.0644113734955782,1.8346820625782985,0.25272661322592593,0.1625266556977872,-0.8434184272048567,-0.3790613017948135,-2.0376467529757964,-1.6198978592161806
4.029166666666667,1,56,-1.3867371309681,-1.4182878291218053,-0.7761564957315501,-0.938978911441633,-0.0863259198481192,-0.09723380312142145,2.06692586311689,1.8346820625782985,0.19179739709210167,0.1625266556977872,-0.7978305811862791,-0.3790613017948135,-1.9256806179940948,-1.6198978592161806
4.033333333333333,1,56,-1.3802505140004753,-1.4182878291218053,-0.7760505498306466,-0.938978911441633,-0.1019586680152308,-0.09723380312142145,2.084319413583835,1.8346820625782985,0.2564714847014387,0.1625266556977872,-0.7023848179718205,-0.3790613017948135,-2.0475044173750128,-1.6198978592161806
4.0375,1,56,-1.380226711900279,-1.4182878291218053,-0.7785505606731281,-0.938978911441633,-0.10158921802615621,-0.09723380312142145,2.0895626980165423,1.8346820625782985,0.2577095619873972,0.1625266556977872,-0.6680036303526107,-0.3790613017948135,-1.9790966697188443,-1.6198978592161806
4.041666666666667,1,56,-1.382800414461659,-1.4182878291218053,-0.781721773633908,-0.938978911441633,-0.09311138341258658,-0.09723380312142145,2.0877357685176383,1.8346820625782985,0.195355108684678,0.1625266556977872,-0.6713887678059641,-0.3790613017948135,-1.8027355953560311,-1.6198978592161806
4.045833333333333,1,56,-1.378200095057046,-1.4182878291218053,-0.7865699503999715,-0.938978911441633,-0.10584016174196821,-0.09723380312142145,2.080604422107555,1.8346820625782985,0.2273384928603696,0.1625266556977872,-0.7385207032518757,-0.3790613017948135,-1.877388922621075,-1.6198978592161806
4.05,1,56,-1.3806436407795077,-1.4182878291218053,-0.7906635750460218,-0.938978911441633,-0.10037255901330008,-0.09723380312142145,2.066009374447922,1.8346820625782985,0.16618247538981099,0.1625266556977872,-0.8478826106852965,-0.3790613017948135,-1.7462126359247079,-1.6198978592161806
4.054166666666666,1,56,-1.3766222856948802,-1.4182878291218053,-0.7882748036925257,-0.938978911441633,-0.11009719289122842,-0.09723380312142145,2.079745260723998,1.8346820625782985,0.2008334968824675,0.1625266556977872,-0.8242994537057404,-0.3790613017948135,-1.8335532323331372,-1.6198978592161806
4.058333333333334,1,56,-1.3788560355546595,-1.4182878291218053,-0.7873325712352826,-0.938978911441633,-0.10560476651851966,-0.09723380312142145,2.083570091686871,1.8346820625782985,0.1801162291926,0.1625266556977872,-0.8426976668225284,-0.3790613017948135,-1.7532506510720853,-1.6198978592161806
4.0625,1,56,-1.3743090359502328,-1.4182878291218053,-0.7806358556295682,-0.938978911441633,-0.11688436485591797,-0.09723380312142145,2.1100100702987503,1.8346820625782985,0.23856483167041012,0.1625266556977872,-0.7464924505952231,-0.3790613017948135,-1.8862365064644666,-1.6198978592161806
4.066666666666666,1,56,-1.3762273279960704,-1.4182878291218053,-0.7809770802546251,-0.938978911441633,-0.11169664590959053,-0.09723380312142145,2.1065729781328995,1.8346820625782985,0.2206545288621064,0.1625266556977872,-0.7450969408212111,-0.3790613017948135,-1.815995412846899,-1.6198978592161806
4.070833333333333,1,56,-1.370285555960335,-1.4182878291218053,-0.7832513704153098,-0.938978911441633,-0.130729588085808,-0.09723380312142145,2.097858895610267,1.8346820625782985,0.2941994551842679,0.1625266556977872,-0.8123203700410203,-0.3790613017948135,-1.962570121359967,-1.6198978592161806
4.075,1,56,-1.3728489526000887,-1.4182878291218053,-0.7858449621563716,-0.938978911441633,-0.12617350543950548,-0.09723380312142145,2.090994244591298,1.8346820625782985,0.26924110234815596,0.1625266556977872,-0.8472008029523423,-0.3790613017948135,-1.8906953145767624,-1.6198978592161806
4.079166666666667,1,56,-1.371249498886582,-1.4182878291218053,-0.7819807932068421,-0.938978911441633,-0.12934220793349058,-0.09723380312142145,2.1072475667840442,1.8346820625782985,0.3041666083969006,0.1625266556977872,-0.7678431709451544,-0.3790613017948135,-2.0074824722376725,-1.6198978592161806
4.083333333333333,1,56,-1.3730870972109073,-1.4182878291218053,-0.7826142235201223,-0.938978911441633,-0.12249533884273041,-0.09723380312142145,2.104306023583717,1.8346820625782985,0.2773362490457057,0.1625266556977872,-0.7533029463671249,-0.3790613017948135,-1.9238239849317942,-1.6198978592161806
4.0875,1,56,-1.3667998923149547,-1.4182878291218053,-0.7865248092746094,-0.938978911441633,-0.14134557430553701,-0.09723380312142145,2.091179771874586,1.8346820625782985,0.33181915524466127,0.1625266556977872,-0.8417061971898869,-0.3790613017948135,-2.0505629170676163,-1.6198978592161806
4.091666666666667,1,56,-1.3703727056323596,-1.4182878291218053,-0.7839442129813792,-0.938978911441633,-0.13135560387636547,-0.09723380312142145,2.0941961839324157,1.8346820625782985,0.29778875284369144,0.1625266556977872,-0.8118625706810577,-0.3790613017948135,-1.9714480762619473,-1.6198978592161806
4.095833333333333,1,56,-1.3663837812592,-1.4182878291218053,-0.7798362541740924,-0.938978911441633,-0.14115055488565847,-0.09723380312142145,2.110547297387678,1.8346820625782985,0.35086906458207273,0.1625266556977872,-0.7358544479220643,-0.3790613017948135,-2.1058107892777507,-1.6198978592161806
4.1,1,56,-1.370408427459462,-1.4182878291218053,-0.7799289972938128,-0.938978911441633,-0.13485156275174365,-0.09723380312142145,2.1070029459933513,1.8346820625782985,0.33326893317596007,0.1625266556977872,-0.7309702152747296,-0.3790613017948135,-2.023193750146925,-1.6198978592161806
4.104166666666667,1,56,-1.369200660162584,-1.4182878291218053,-0.7823303820071523,-0.938978911441633,-0.1441955124178627,-0.09723380312142145,2.094190830098178,1.8346820625782985,0.35086725882571485,0.1625266556977872,-0.813274634399424,-0.3790613017948135,-2.1188538865720976,-1.6198978592161806
4.108333333333333,1,56,-1.3765255543917538,-1.4182878291218053,-0.7819758429020156,-0.938978911441633,-0.12589659822687363,-0.09723380312142145,2.0945326175806116,1.8346820625782985,0.27777608729267816,0.1625266556977872,-0.7826284196573936,-0.3790613017948135,-2.0108471885145702,-1.6198978592161806
4.1125,1,56,-1.3733757436658183,-1.4182878291218053,-0.7854292637777778,-0.938978911441633,-0.13746171991631728,-0.09723380312142145,2.085503370609093,1.8346820625782985,0.2902662036437097,0.1625266556977872,-0.8577459904608223,-0.3790613017948135,-2.11496840337076,-1.6198978592161806
4.116666666666666,1,56,-1.3791950219205857,-1.4182878291218053,-0.7823628809548614,-0.938978911441633,-0.12213821922648953,-0.09723380312142145,2.091967898855385,1.8346820625782985,0.22474737053499247,0.1625266556977872,-0.8176673879493637,-0.3790613017948135,-2.0134436366077133,-1.6198978592161806
4.120833333333334,1,56,-1.375873536078415,-1.4182878291218053,-0.7781887034280198,-0.938978911441633,-0.131089846363518,-0.09723380312142145,2.1113490432247835,1.8346820625782985,0.25815025529862623,0.1625266556977872,-0.7341887628098739,-0.3790613017948135,-2.122529827721905,-1.6198978592161806
4.125,1,56,-1.377579579923252,-1.4182878291218053,-0.7791449370742671,-0.938978911441633,-0.12736945677835926,-0.09723380312142145,2.1075516735174333,1.8346820625782985,0.2232281960920163,0.1625266556977872,-0.7323665659783907,-0.3790613017948135,-2.0273544255196208,-1.6198978592161806
4.129166666666666,1,56,-1.3739098532114091,-1.4182878291218053,-0.7821009619582424,-0.938978911441633,-0.13931550748855734,-0.09723380312142145,2.096042601659853,1.8346820625782985,0.24073861327669344,0.1625266556977872,-0.8086473625997358,-0.3790613017948135,-2.1135035611083453,-1.6198978592161806
4.133333333333333,1,56,-1.377845795072781,-1.4182878291218053,-0.7836549863403002,-0.938978911441633,-0.12835461900286682,-0.09723380312142145,2.0952775202691067,1.8346820625782985,0.18470373829097012,0.1625266556977872,-0.7812681971048132,-0.3790613017948135,-2.0065823223003125,-1.6198978592161806
4.1375,1,56,-1.37199400202255,-1.4182878291218053,-0.7887250645216329,-0.938978911441633,-0.14628118672095733,-0.09723380312142145,2.0842819449911243,1.8346820625782985,0.2245453807574994,0.1625266556977872,-0.8577650072075796,-0.3790613017948135,-2.1176143327660903,-1.6198978592161806
4.141666666666667,1,56,-1.3743777770679764,-1.4182878291218053,-0.7873063373062751,-0.938978911441633,-0.14030967864813132,-0.09723380312142145,2.090553029328872,1.8346820625782985,0.19148538322327882,0.1625266556977872,-0.8172524969360497,-0.3790613017948135,-2.033806264280834,-1.6198978592161806
4.145833333333333,1,56,-1.3693665303569926,-1.4182878291218053,-0.7871698795998712,-0.938978911441633,-0.15702326778972708,-0.09723380312142145,2.097136877122024,1.8346820625782985,0.24650447371542375,0.1625266556977872,-0.8066433206070661,-0.3790613017948135,-2.153768377982608,-1.6198978592161806
4.15,1,56,-1.372716148592056,-1.4182878291218053,-0.7863950386193993,-0.938978911441633,-0.15515771320685856,-0.09723380312142145,2.0961284248547667,1.8346820625782985,0.23801139253927567,0.1625266556977872,-0.8301438710829538,-0.3790613017948135,-2.0802035099848895,-1.6198978592161806
4.154166666666667,1,56,-1.3781306511791345,-1.4182878291218053,-0.7842851635867644,-0.938978911441633,-0.148385684155687,-0.09723380312142145,2.095247567219887,1.8346820625782985,0.22928441494791668,0.1625266556977872,-0.788594163646538,-0.3790613017948135,-1.9828504019150806,-1.6198978592161806
4.158333333333333,1,56,-1.3813833906882305,-1.4182878291218053,-0.7830282983306767,-0.938978911441633,-0.144443657280487,-0.09723380312142145,2.0919527331425507,1.8346820625782985,0.2150937022670709,0.1625266556977872,-0.7758388571717916,-0.3790613017948135,-1.8422435893855011,-1.6198978592161806
4.1625,1,56,-1.3776338735688545,-1.4182878291218053,-0.7825023184650555,-0.938978911441633,-0.16204294557390617,-0.09723380312142145,2.091636791777494,1.8346820625782985,0.29574391815091966,0.1625266556977872,-0.7831451022761379,-0.3790613017948135,-1.9595404503717875,-1.6198978592161806
4.166666666666667,1,56,-1.3816059781571814,-1.4182878291218053,-0.783202988157308,-0.938978911441633,-0.1607886568757545,-0.09723380312142145,2.089546482844334,1.8346820625782985,0.3116859229517055,0.1625266556977872,-0.7828023035093773,-0.3790613017948135,-1.9140440862274035,-1.6198978592161806
4.170833333333333,1,56,-1.3873878107626263,-1.4182878291218053,-0.7831837362956532,-0.938978911441633,-0.152870588202481,-0.09723380312142145,2.087957962226538,1.8346820625782985,0.2854883013908135,0.1625266556977872,-0.7796133859057087,-0.3790613017948135,-1.960756456268316,-1.6198978592161806
4.175,1,56,-1.3876519831438727,-1.4182878291218053,-0.7880253544387591,-0.938978911441633,-0.1585082017770556,-0.09723380312142145,2.0751487862811695,1.8346820625782985,0.2950410988233679,0.1625266556977872,-0.857277924679481,-0.3790613017948135,-1.8955551547937943,-1.6198978592161806
4.179166666666666,1,56,-1.390091672347364,-1.4182878291218053,-0.7858739052171615,-0.938978911441633,-0.15474695006926573,-0.09723380312142145,2.0846032168798776,1.8346820625782985,0.296195032937661,0.1625266556977872,-0.8108393523172384,-0.3790613017948135,-1.975172514837664,-1.6198978592161806
4.183333333333334,1,56,-1.391812829477511,-1.4182878291218053,-0.7853419450133218,-0.938978911441633,-0.15166427850648168,-0.09723380312142145,2.0877599366980695,1.8346820625782985,0.2909460945349904,0.1625266556977872,-0.8013176681547612,-0.3790613017948135,-1.889938822927543,-1.6198978592161806
4.1875,1,56,-1.3887012855095988,-1.4182878291218053,-0.7853307657893727,-0.938978911441633,-0.16303067364962257,-0.09723380312142145,2.0937837207501317,1.8346820625782985,0.33819336434512853,0.1625266556977872,-0.8001772204803611,-0.3790613017948135,-2.018581710169709,-1.6198978592161806
4.191666666666666,1,56,-1.393530149998335,-1.4182878291218053,-0.7833504672512293,-0.938978911441633,-0.15579534257142458,-0.09723380312142145,2.097016676168363,1.8346820625782985,0.32467728790516215,0.1625266556977872,-0.8027534108696386,-0.3790613017948135,-1.9489801433521887,-1.6198978592161806
4.195833333333333,1,56,-1.3967798892750682,-1.4182878291218053,-0.7831061740163769,-0.938978911441633,-0.15107539170396952,-0.09723380312142145,2.0959084230043494,1.8346820625782985,0.3303261447464383,0.1625266556977872,-0.7660622329820929,-0.3790613017948135,-2.040794370678171,-1.6198978592161806
4.2,1,56,-1.401347746988436,-1.4182878291218053,-0.7841516321224378,-0.938978911441633,-0.1426304060092251,-0.09723380312142145,2.088555447619842,1.8346820625782985,0.308360412384766,0.1625266556977872,-0.7652688650278288,-0.3790613017948135,-1.947240579367422,-1.6198978592161806
4.204166666666667,1,56,-1.4005440330156829,-1.4182878291218053,-0.7872323526959774,-0.938978911441633,-0.1491632870522143,-0.09723380312142145,2.075064230265007,1.8346820625782985,0.32537042511050995,0.1625266556977872,-0.8331593644616933,-0.3790613017948135,-2.038813602424202,-1.6198978592161806
4.208333333333333,1,56,-1.4078371839603325,-1.4182878291218053,-0.7836720706798131,-0.938978911441633,-0.12980318132496232,-0.09723380312142145,2.077082788233633,1.8346820625782985,0.26349424970332014,0.1625266556977872,-0.7872805842521952,-0.3790613017948135,-1.9385109265620042,-1.6198978592161806
4.2125,1,56,-1.4086462100986763,-1.4182878291218053,-0.7792785167211577,-0.938978911441633,-0.12727211132080893,-0.09723380312142145,2.092178043688842,1.8346820625782985,0.2779780661150667,0.1625266556977872,-0.6969943647743064,-0.3790613017948135,-2.0276075176379833,-1.6198978592161806
4.216666666666667,1,56,-1.4107139246874612,-1.4182878291218053,-0.7777349534132497,-0.938978911441633,-0.11918858327017166,-0.09723380312142145,2.0957185569024315,1.8346820625782985,0.24032533090684266,0.1625266556977872,-0.662166812474567,-0.3790613017948135,-1.9079913568269449,-1.6198978592161806
4.220833333333333,1,56,-1.4041594445346657,-1.4182878291218053,-0.779391648353728,-0.938978911441633,-0.13818213436517626,-0.09723380312142145,2.0869177449615774,1.8346820625782985,0.2996580910240265,0.1625266556977872,-0.7365779220879601,-0.3790613017948135,-2.0380632184878125,-1.6198978592161806
4.225,1,56,-1.405317488238161,-1.4182878291218053,-0.7838728275813707,-0.938978911441633,-0.13793573498896905,-0.09723380312142145,2.0683281867062524,1.8346820625782985,0.24985466270862675,0.1625266556977872,-0.859094202758795,-0.3790613017948135,-1.9365864849179952,-1.6198978592161806
4.229166666666667,1,56,-1.4036712066347747,-1.4182878291218053,-0.785311732028386,-0.938978911441633,-0.14149779609475005,-0.09723380312142145,2.0746604573673224,1.8346820625782985,0.263774042463338,0.1625266556977872,-0.8494397015682357,-0.3790613017948135,-2.01610461325346,-1.6198978592161806
4.233333333333333,1,56,-1.4054661460445985,-1.4182878291218053,-0.7872818340368449,-0.938978911441633,-0.13495740794622157,-0.09723380312142145,2.0752541606027752,1.8346820625782985,0.23162434128240658,0.1625266556977872,-0.8585740839713969,-0.3790613017948135,-1.9104289540320245,-1.6198978592161806
4.2375,1,56,-1.4041393859717712,-1.4182878291218053,-0.7834860209848794,-0.938978911441633,-0.1356704129494612,-0.09723380312142145,2.0961481086627276,1.8346820625782985,0.25200379555448615,0.1625266556977872,-0.7656143965806975,-0.3790613017948135,-1.9945389748033164,-1.6198978592161806
4.241666666666666,1,56,-1.4057597586698554,-1.4182878291218053,-0.7850328567113161,-0.938978911441633,-0.12740182885307463,-0.09723380312142145,2.0953860039240535,1.8346820625782985,0.20950109700204916,0.1625266556977872,-0.7437581349650036,-0.3790613017948135,-1.8989273011145649,-1.6198978592161806
4.245833333333334,1,56,-1.3991300591425169,-1.4182878291218053,-0.7898531484181103,-0.938978911441633,-0.14521339382781207,-0.09723380312142145,2.0843168843899615,1.8346820625782985,0.2630320358806149,0.1625266556977872,-0.8234175568366187,-0.3790613017948135,-2.0237692349777117,-1.6198978592161806
4.25,1,56,-1.401980201256856,-1.4182878291218053,-0.7882331915159172,-0.938978911441633,-0.1354569632422447,-0.09723380312142145,2.0903376606352224,1.8346820625782985,0.22621941550985739,0.1625266556977872,-0.7848104962629175,-0.3790613017948135,-1.9356172935188696,-1.6198978592161806
4.254166666666666,1,56,-1.397055962869485,-1.4182878291218053,-0.7878398652461854,-0.938978911441633,-0.14902786001349905,-0.09723380312142145,2.0973193917574005,1.8346820625782985,0.28233966273130895,0.1625266556977872,-0.7741247676891043,-0.3790613017948135,-2.0587968320050085,-1.6198978592161806
4.258333333333333,1,56,-1.4003948301675213,-1.4182878291218053,-0.7867945296535176,-0.938978911441633,-0.14430437482013853,-0.09723380312142145,2.0963206354902613,1.8346820625782985,0.27224236354122533,0.1625266556977872,-0.7968420974599851,-0.3790613017948135,-1.9761471354318156,-1.6198978592161806
4.2625,1,56,-1.40106842988412,-1.4182878291218053,-0.784996432852558,-0.938978911441633,-0.14261193578345827,-0.09723380312142145,2.095430183801491,1.8346820625782985,0.2828981472086201,0.1625266556977872,-0.755213326813471,-0.3790613017948135,-2.053157509238681,-1.6198978592161806
4.266666666666667,1,56,-1.40446620162452,-1.4182878291218053,-0.7844052031372927,-0.938978911441633,-0.13336482254863308,-0.09723380312142145,2.0871295230686235,1.8346820625782985,0.2445717668759954,0.1625266556977872,-0.7511812933981906,-0.3790613017948135,-1.94600018782512,-1.6198978592161806
4.270833333333333,1,56,-1.4016798606276804,-1.4182878291218053,-0.7860865317068756,-0.938978911441633,-0.1411574553407505,-0.09723380312142145,2.0717951020200185,1.8346820625782985,0.2580594856285434,0.1625266556977872,-0.8219999664762023,-0.3790613017948135,-2.0288438194912817,-1.6198978592161806
4.275,1,56,-1.406327365664117,-1.4182878291218053,-0.7813880402269539,-0.938978911441633,-0.12521366775691695,-0.09723380312142145,2.073522421161698,1.8346820625782985,0.19455635528709722,0.1625266556977872,-0.7751409477657383,-0.3790613017948135,-1.9093621024826568,-1.6198978592161806
4.279166666666667,1,56,-1.4006514256985003,-1.4182878291218053,-0.7808290293163294,-0.938978911441633,-0.13928003462290264,-0.09723380312142145,2.0652767970520665,1.8346820625782985,0.22880459652896828,0.1625266556977872,-0.8319036441021127,-0.3790613017948135,-2.00124833862642,-1.6198978592161806
4.283333333333333,1,56,-1.4029346883638651,-1.4182878291218053,-0.7777306001091896,-0.938978911441633,-0.13024538606251923,-0.09723380312142145,2.071078937777959,1.8346820625782985,0.19056743779698468,0.1625266556977872,-0.7800077559176798,-0.3790613017948135,-1.894210614170629,-1.6198978592161806
4.2875,1,56,-1.397395529420302,-1.4182878291218053,-0.7759948505996104,-0.938978911441633,-0.14476532702747671,-0.09723380312142145,2.0778324311120473,1.8346820625782985,0.24727139612327953,0.1625266556977872,-0.7560526062548846,-0.3790613017948135,-2.0001452467759204,-1.6198978592161806
4.291666666666667,1,56,-1.3994105876294947,-1.4182878291218053,-0.7753965461590955,-0.938978911441633,-0.14248703913992264,-0.09723380312142145,2.075987335912758,1.8346820625782985,0.24057792074693438,0.1625266556977872,-0.7689501492452229,-0.3790613017948135,-1.9075418076875739,-1.6198978592161806
4.295833333333333,1,56,-1.397934943437649,-1.4182878291218053,-0.7776121135352435,-0.938978911441633,-0.1503731812366298,-0.09723380312142145,2.0709013852330496,1.8346820625782985,0.26928957731164826,0.1625266556977872,-0.8205121151019942,-0.3790613017948135,-1.9928266045114547,-1.6198978592161806
4.3,1,56,-1.4043804639929978,-1.4182878291218053,-0.7771833282009462,-0.938978911441633,-0.13337467646303328,-0.09723380312142145,2.0788107278313124,1.8346820625782985,0.21609088242566807,0.1625266556977872,-0.7638539088763114,-0.3790613017948135,-1.8710744063064022,-1.6198978592161806
4.304166666666666,1,56,-1.4014473251475612,-1.4182878291218053,-0.7808286666928386,-0.938978911441633,-0.14287258289904722,-0.09723380312142145,2.074958214213027,1.8346820625782985,0.2348416384794947,0.1625266556977872,-0.814843466616225,-0.3790613017948135,-1.9555745208252513,-1.6198978592161806
4.308333333333334,1,56,-1.405322159082489,-1.4182878291218053,-0.781924182349492,-0.938978911441633,-0.1309843984944863,-0.09723380312142145,2.0849154876546163,1.8346820625782985,0.18439956568251914,0.1625266556977872,-0.7562615797671461,-0.3790613017948135,-1.8390908967808692,-1.6198978592161806
4.3125,1,56,-1.397800636466177,-1.4182878291218053,-0.7872497891946086,-0.938978911441633,-0.15268701041845184,-0.09723380312142145,2.08346539508338,1.8346820625782985,0.2551028003375933,0.1625266556977872,-0.8063892330012076,-0.3790613017948135,-1.9584786112369417,-1.6198978592161806
4.316666666666666,1,56,-1.3995748320227774,-1.4182878291218053,-0.7890390812732443,-0.938978911441633,-0.1499179097801503,-0.09723380312142145,2.086071564061462,1.8346820625782985,0.23154573751701937,0.1625266556977872,-0.8197468714608959,-0.3790613017948135,-1.8661637577172698,-1.6198978592161806
4.320833333333333,1,56,-1.3983771759339458,-1.4182878291218053,-0.7848990996829962,-0.938978911441633,-0.15230137045621125,-0.09723380312142145,2.1101760369404703,1.8346820625782985,0.25905106944140593,0.1625266556977872,-0.7192623365551266,-0.3790613017948135,-1.945828681328431,-1.6198978592161806
4.325,1,56,-1.4015477764774174,-1.4182878291218053,-0.7871725268666999,-0.938978911441633,-0.14331986029052604,-0.09723380312142145,2.106565945562705,1.8346820625782985,0.2160468637561574,0.1625266556977872,-0.7082057458998658,-0.3790613017948135,-1.8284909830430054,-1.6198978592161806
4.329166666666667,1,56,-1.3988796058092339,-1.4182878291218053,-0.792144335748944,-0.938978911441633,-0.151466922530952,-0.09723380312142145,2.0915834408508105,1.8346820625782985,0.22788456442813845,0.1625266556977872,-0.8016561528734342,-0.3790613017948135,-1.9015120355257151,-1.6198978592161806
4.333333333333333,1,56,-1.403227568202855,-1.4182878291218053,-0.7907568349140982,-0.938978911441633,-0.1375022028709271,-0.09723380312142145,2.0958667305789214,1.8346820625782985,0.17324086415192347,0.1625266556977872,-0.7687709104472111,-0.3790613017948135,-1.7748590632963523,-1.6198978592161806
4.3375,1,56,-1.3975124573211712,-1.4182878291218053,-0.793052209508106,-0.938978911441633,-0.15308776429126617,-0.09723380312142145,2.0888851308590346,1.8346820625782985,0.2184771957771662,0.1625266556977872,-0.8413624138756675,-0.3790613017948135,-1.8669579814486048,-1.6198978592161806
4.341666666666667,1,56,-1.4002219939387381,-1.4182878291218053,-0.7917947468702277,-0.938978911441633,-0.1462137265354253,-0.09723380312142145,2.08746442797337,1.8346820625782985,0.18293138615950194,0.1625266556977872,-0.8712329588385964,-0.3790613017948135,-1.7632750601177705,-1.6198978592161806
4.345833333333333,1,56,-1.39655494777417,-1.4182878291218053,-0.7845946895765505,-0.938978911441633,-0.1542894119159603,-0.09723380312142145,2.108599224449258,1.8346820625782985,0.22569185981534096,0.1625266556977872,-0.7886869730249846,-0.3790613017948135,-1.8407893695530027,-1.6198978592161806
4.35,1,56,-1.3991202426746137,-1.4182878291218053,-0.7832164052479399,-0.938978911441633,-0.14685134114201395,-0.09723380312142145,2.10537325008396,1.8346820625782985,0.2000325237631497,0.1625266556977872,-0.7823675280599343,-0.3790613017948135,-1.7327915937475504,-1.6198978592161806
4.354166666666667,1,56,-1.393544199302489,-1.4182878291218053,-0.7846047517202687,-0.938978911441633,-0.1645094757334892,-0.09723380312142145,2.094481800868107,1.8346820625782985,0.2649501100508181,0.1625266556977872,-0.8586014348962832,-0.3790613017948135,-1.845587374021256,-1.6198978592161806
4.358333333333333,1,56,-1.3977804991988458,-1.4182878291218053,-0.7841120237317174,-0.938978911441633,-0.15391841431850123,-0.09723380312142145,2.094024573165323,1.8346820625782985,0.23691396163459627,0.1625266556977872,-0.8307084604965465,-0.3790613017948135,-1.7513897789270347,-1.6198978592161806
4.3625,1,56,-1.3941089891709513,-1.4182878291218053,-0.7820693879306514,-0.938978911441633,-0.16408551745387065,-0.09723380312142145,2.1065860538343997,1.8346820625782985,0.2963638531624937,0.1625266556977872,-0.7558393017019055,-0.3790613017948135,-1.8549077206373832,-1.6198978592161806
4.366666666666666,1,56,-1.3981206265001644,-1.4182878291218053,-0.783116922891754,-0.938978911441633,-0.15682913753765917,-0.09723380312142145,2.1037361909563335,1.8346820625782985,0.2882790166244913,0.1625266556977872,-0.7361234951817471,-0.3790613017948135,-1.7706981965085054,-1.6198978592161806
4.370833333333334,1,56,-1.3958777636664252,-1.4182878291218053,-0.7851964358830325,-0.938978911441633,-0.16791109854588127,-0.09723380312142145,2.1013227945047945,1.8346820625782985,0.3498943334848433,0.1625266556977872,-0.7429143208901924,-0.3790613017948135,-1.8830320108315404,-1.6198978592161806
4.375,1,56,-1.4009996535763642,-1.4182878291218053,-0.7847026292320017,-0.938978911441633,-0.16063159375458017,-0.09723380312142145,2.09942471639266,1.8346820625782985,0.34588821739303405,0.1625266556977872,-0.7326191295509062,-0.3790613017948135,-1.8105729256704757,-1.6198978592161806
4.379166666666666,1,56,-1.4003989794737484,-1.4182878291218053,-0.7852582328232474,-0.938978911441633,-0.16897118408672335,-0.09723380312142145,2.0978492815375223,1.8346820625782985,0.392555980630155,0.1625266556977872,-0.7496027830202733,-0.3790613017948135,-1.9188972589175237,-1.6198978592161806
4.383333333333333,1,56,-1.4077997651364194,-1.4182878291218053,-0.7824464905459745,-0.938978911441633,-0.1531998130516342,-0.09723380312142145,2.0963843428818687,1.8346820625782985,0.3293505306914314,0.1625266556977872,-0.7339141883865874,-0.3790613017948135,-1.8019163729028103,-1.6198978592161806
4.3875,1,56,-1.4049568526095437,-1.4182878291218053,-0.783443438010024,-0.938978911441633,-0.16694258956715566,-0.09723380312142145,2.086090951914562,1.8346820625782985,0.35364361482741447,0.1625266556977872,-0.8246373189597783,-0.3790613017948135,-1.8943528527735851,-1.6198978592161806
4.391666666666667,1,56,-1.4124608196289046,-1.4182878291218053,-0.7814176244694607,-0.938978911441633,-0.14947887054116252,-0.09723380312142145,2.088823097905978,1.8346820625782985,0.2827335368525032,0.1625266556977872,-0.7953518137897772,-0.3790613017948135,-1.7692176160590845,-1.6198978592161806
4.395833333333333,1,56,-1.4112196105902335,-1.4182878291218053,-0.778094532450989,-0.938978911441633,-0.15392180600899272,-0.09723380312142145,2.1058014067843884,1.8346820625782985,0.3049120872953005,0.1625266556977872,-0.7200935449854493,-0.3790613017948135,-1.8369355106590575,-1.6198978592161806
4.4,1,56,-1.414045092541998,-1.4182878291218053,-0.7790655004451433,-0.938978911441633,-0.14803713304139782,-0.09723380312142145,2.103082170608133,1.8346820625782985,0.2617332286627467,0.1625266556977872,-0.7148897417155732,-0.3790613017948135,-1.7118003698688977,-1.6198978592161806
4.404166666666667,1,56,-1.408474660959459,-1.4182878291218053,-0.7827426981282841,-0.938978911441633,-0.16798914905308235,-0.09723380312142145,2.0929802055616045,1.8346820625782985,0.311986859469341,0.1625266556977872,-0.7955522602906648,-0.3790613017948135,-1.809910934195836,-1.6198978592161806
4.408333333333333,1,56,-1.412522157516144,-1.4182878291218053,-0.7836438629239203,-0.938978911441633,-0.1596087837180011,-0.09723380312142145,2.097452094268571,1.8346820625782985,0.2703901576588248,0.1625266556977872,-0.7586468749513553,-0.3790613017948135,-1.699994425193523,-1.6198978592161806
4.4125,1,56,-1.4075991354343527,-1.4182878291218053,-0.7884328973139078,-0.938978911441633,-0.17828094116624452,-0.09723380312142145,2.0913436071886986,1.8346820625782985,0.31241986829113494,0.1625266556977872,-0.8272290696717367,-0.3790613017948135,-1.7982558978469725,-1.6198978592161806
4.416666666666667,1,56,-1.4128287508454938,-1.4182878291218053,-0.7864737461889895,-0.938978911441633,-0.16731069173212032,-0.09723380312142145,2.1002529750936714,1.8346820625782985,0.2647224028063221,0.1625266556977872,-0.7776608318687261,-0.3790613017948135,-1.690668014824979,-1.6198978592161806
4.420833333333333,1,56,-1.4076594179939437,-1.4182878291218053,-0.788930447356979,-0.938978911441633,-0.18691059836463284,-0.09723380312142145,2.098692913164711,1.8346820625782985,0.3101230700832022,0.1625266556977872,-0.8347455861459177,-0.3790613017948135,-1.8046554718218084,-1.6198978592161806
4.425,1,56,-1.4134844336818146,-1.4182878291218053,-0.78800190212156,-0.938978911441633,-0.17550755646395771,-0.09723380312142145,2.0972920470228913,1.8346820625782985,0.25211760417984214,0.1625266556977872,-0.8085021668754746,-0.3790613017948135,-1.685569823090075,-1.6198978592161806
4.429166666666666,1,56,-1.4111292810999978,-1.4182878291218053,-0.7891203255441798,-0.938978911441633,-0.1858202313011676,-0.09723380312142145,2.096147175850965,1.8346820625782985,0.27725625174800084,0.1625266556977872,-0.7701493665969822,-0.3790613017948135,-1.7382178335479195,-1.6198978592161806
4.433333333333334,1,56,-1.41544060166421,-1.4182878291218053,-0.7911128817223161,-0.938978911441633,-0.18118843465428547,-0.09723380312142145,2.0878289224054405,1.8346820625782985,0.24576552082036612,0.1625266556977872,-0.7620046419375749,-0.3790613017948135,-1.615281498976812,-1.6198978592161806
4.4375,1,56,-1.4122889860446821,-1.4182878291218053,-0.79597428736607,-0.938978911441633,-0.20039914689904417,-0.09723380312142145,2.0734594786182083,1.8346820625782985,0.30253289843151393,0.1625266556977872,-0.833550349101922,-0.3790613017948135,-1.7251543023241744,-1.6198978592161806
4.441666666666666,1,56,-1.4187776522363769,-1.4182878291218053,-0.7937200537590055,-0.938978911441633,-0.1903640602475405,-0.09723380312142145,2.0755442104351443,1.8346820625782985,0.2678100614235439,0.1625266556977872,-0.785336984789952,-0.3790613017948135,-1.6342032153271666,-1.6198978592161806
4.445833333333333,1,56,-1.4175168135578526,-1.4182878291218053,-0.7929142737325813,-0.938978911441633,-0.20136236815848726,-0.09723380312142145,2.079349398847014,1.8346820625782985,0.30684520024263573,0.1625266556977872,-0.7655569097015964,-0.3790613017948135,-1.7078153404982963,-1.6198978592161806
4.45,1,56,-1.4229066715651566,-1.4182878291218053,-0.7928265598272196,-0.938978911441633,-0.1973684785768164,-0.09723380312142145,2.07517981339053,1.8346820625782985,0.28425771801104593,0.1625266556977872,-0.777287511941295,-0.3790613017948135,-1.606198385153292,-1.6198978592161806
4.454166666666667,1,56,-1.42120102387548,-1.4182878291218053,-0.7925760450876884,-0.938978911441633,-0.21401809432651486,-0.09723380312142145,2.072347665119003,1.8346820625782985,0.3424086131496438,0.1625266556977872,-0.8251671847903371,-0.3790613017948135,-1.7030258107458889,-1.6198978592161806
4.458333333333333,1,56,-1.4282334235312355,-1.4182878291218053,-0.7884663760907724,-0.938978911441633,-0.20586212214915267,-0.09723380312142145,2.071976003757312,1.8346820625782985,0.3053684889580665,0.1625266556977872,-0.8337324480514524,-0.3790613017948135,-1.584874568192499,-1.6198978592161806
4.4625,1,56,-1.4290015361317838,-1.4182878291218053,-0.7813487738073098,-0.938978911441633,-0.2120970404759884,-0.09723380312142145,2.0930777290962475,1.8346820625782985,0.35435374562578115,0.1625266556977872,-0.7427735955431658,-0.3790613017948135,-1.6497451774823448,-1.6198978592161806
4.466666666666667,1,56,-1.4353995121962608,-1.4182878291218053,-0.7764480080081061,-0.938978911441633,-0.2050745651674798,-0.09723380312142145,2.1043921500897795,1.8346820625782985,0.3444911252853342,0.1625266556977872,-0.693515410092951,-0.3790613017948135,-1.562109202354249,-1.6198978592161806
4.470833333333333,1,56,-1.4353848096685222,-1.4182878291218053,-0.7765258106653924,-0.938978911441633,-0.21712405140455898,-0.09723380312142145,2.1018797634627604,1.8346820625782985,0.3912789869922104,0.1625266556977872,-0.7092007156271936,-0.3790613017948135,-1.6710150893395705,-1.6198978592161806
4.475,1,56,-1.44129537774356,-1.4182878291218053,-0.7769361497986087,-0.938978911441633,-0.2117504117446463,-0.09723380312142145,2.0997705027010984,1.8346820625782985,0.3739554818637364,0.1625266556977872,-0.6942261921748344,-0.3790613017948135,-1.6026924473886992,-1.6198978592161806
4.479166666666667,1,56,-1.4385630549199244,-1.4182878291218053,-0.7811775890579783,-0.938978911441633,-0.23254847873370266,-0.09723380312142145,2.088122500983645,1.8346820625782985,0.4328796296468562,0.1625266556977872,-0.7856009523215535,-0.3790613017948135,-1.7275796840469178,-1.6198978592161806
4.483333333333333,1,56,-1.446954512946591,-1.4182878291218053,-0.781764511674691,-0.938978911441633,-0.21923513157645141,-0.09723380312142145,2.0892418381593427,1.8346820625782985,0.38203639855915095,0.1625266556977872,-0.753611713082857,-0.3790613017948135,-1.6245983247529778,-1.6198978592161806
4.4875,1,56,-1.444870071283136,-1.4182878291218053,-0.7866543009714763,-0.938978911441633,-0.2356217564793451,-0.09723380312142145,2.0812853117640056,1.8346820625782985,0.40667459826417773,0.1625266556977872,-0.8315057886506828,-0.3790613017948135,-1.7115002674452815,-1.6198978592161806
4.491666666666666,1,56,-1.4534413544977907,-1.4182878291218053,-0.7839675055743228,-0.938978911441633,-0.21894881292872329,-0.09723380312142145,2.087295152979648,1.8346820625782985,0.3352164441789521,0.1625266556977872,-0.783879115710818,-0.3790613017948135,-1.5829214874351232,-1.6198978592161806
4.495833333333334,1,56,-1.4517081754173256,-1.4182878291218053,-0.7860863785633864,-0.938978911441633,-0.23170776921844924,-0.09723380312142145,2.0836949525010993,1.8346820625782985,0.33498333664168634,0.1625266556977872,-0.847531519626081,-0.3790613017948135,-1.6609760233569233,-1.6198978592161806
4.5,1,56,-1.4572274005724937,-1.4182878291218053,-0.7813804567144568,-0.938978911441633,-0.22185261489068528,-0.09723380312142145,2.096123638863542,1.8346820625782985,0.2917555311999326,0.1625266556977872,-0.7901314117384877,-0.3790613017948135,-1.556046672532542,-1.6198978592161806
4.504166666666666,1,56,-1.4578751005727721,-1.4182479881718122,-0.7795482300612097,-0.9389092984621735,-0.22346569262990754,-0.09728123978528953,2.09577782519365,1.8346963655725557,0.37895156428129284,0.16254128334056817,-0.8519880354829197,-0.3791233950782583,-1.9570121239494318,-1.6199094073160893
4.508333333333333,1,56,-1.4649604915953995,-1.4181284926268296,-0.7797279118580768,-0.9387005072330536,-0.20709090306252873,-0.09742351726617392,2.09550128063292,1.8347392647527692,0.3611077649641067,0.1625851562438554,-0.5271907264914074,-0.3793096323729579,-1.540345457282765,-1.619944043701325
4.5125,1,56,-1.4600825163117317,-1.417929424383135,-0.7812520125943826,-0.9383526808493525,-0.2162598737035908,-0.09766053805419615,2.095280044984336,1.834810730717984,0.5953828368201124,0.16265824433935244,-0.49013754608371873,-0.3796198860411733,-1.9567646755730255,-1.6200017446338393
4.516666666666667,1,56,-1.4624331658628766,-1.4176509198721596,-0.7839682555568119,-0.9378660576938994,-0.21945771166645225,-0.09799213970714749,2.077761747545631,1.8349107144889971,0.4726942642319907,0.1627604975361295,-0.6810465155820238,-0.3800539434505377,-1.5400980089063587,-1.620082470568295
4.520833333333333,1,56,-1.4588657060550716,-1.417293169966983,-0.7887629419553096,-0.9372409712738975,-0.2345358781241527,-0.09841809496181893,2.0668009576507846,1.8350391475419263,0.5048581353522934,0.16289184575495316,-0.9709362296361103,-0.3806115071197845,-1.9567646755730255,-1.6201861661791694
4.525,1,56,-1.4685510847087955,-1.4168564198515203,-0.7884435174175314,-0.9364778499923553,-0.21763738990732243,-0.09893811188975594,2.067843871621001,1.8351959418551727,0.34988077487186187,0.1630521989763153,-0.8060569715092214,-0.3812921949226258,-1.5400980089063587,-1.6203127603986702
4.529166666666667,1,56,-1.4669807422327186,-1.4163409688524846,-0.789344260096993,-0.9355772168544806,-0.22545952323411456,-0.09955183409733133,2.073844401123889,1.8353809899697457,0.33419481178728494,0.16324144730212764,-0.7734237517370359,-0.3820955403496423,-1.9567646755730255,-1.620462166465443
4.533333333333333,1,56,-1.465852377616239,-1.4157471702342435,-0.7906255121470707,-0.9345396891092383,-0.23113165890501666,-0.10025884097000026,2.06554595349496,1.835594165062911,0.346200474063182,0.163459461031041,-1.112432841146094,-0.38302099282800667,-1.5400980089063587,-1.6206342819840325
4.5375,1,56,-1.4653665014801445,-1.4150754309567086,-0.7882921915707553,-0.9333659778263195,-0.23465607849447664,-0.10105864796056797,2.0804559980214457,1.8358353210351082,0.3388557732060851,0.16370609074733553,-0.9880419982395547,-0.3840679180988174,-1.9567646755730255,-1.6208289889950598
4.541666666666667,1,56,-1.4680785469917992,-1.4143262113964266,-0.7861785206559873,-0.9320568874088089,-0.22991956547953668,-0.10195070692127459,2.0888901501613897,1.8361042926100801,0.3452731893341532,0.1639811674233232,-0.9870371916541185,-0.38523559865178936,-1.5400980089063587,-1.6210461540560654
4.545833333333333,1,56,-1.4665913311127448,-1.41350002503106,-0.7841076840757085,-0.9306133150418886,-0.23634477325933134,-0.10293440647946736,2.105793252150522,1.836400895448144,0.3691036803451136,0.16428450253519053,-0.8445047215880552,-0.38652323421699786,-1.9567646755730255,-1.621285628332964
4.55,1,56,-1.4707012666522734,-1.412597438087475,-0.7831515629724155,-0.9290362500779508,-0.23209536886278445,-0.10400907245660623,2.1035136221984176,1.8367249262725311,0.2869766270270756,0.16461588819220388,-0.8522154220704252,-0.3879299423133457,-1.5400980089063587,-1.621547247702048
4.554166666666666,1,56,-1.46913373248284,-1.411619069153677,-0.7865023089612839,-0.9273267733585454,-0.2385344538592305,-0.10517396833031117,2.101689918236734,1.8370761630086998,0.3565683531248577,0.16497509727918697,-0.5552509296230262,-0.3894547588533702,-1.944264221206278,-1.6218308328624704
4.558333333333334,1,56,-1.4706849393343826,-1.4105655887548625,-0.7893854167595097,-0.9254860564736254,-0.2382828906979036,-0.10642829573913855,2.088311974156012,1.8374543649365358,0.30159083278245385,0.1653618836121746,-0.4992691969431456,-0.3910966388039816,-1.5275975545396112,-1.6221361894591277
4.5625,1,56,-1.4663704417263905,-1.409437718893875,-0.7919519679042992,-0.9235153609585985,-0.2509127522513412,-0.10777119502973678,2.0819174694002602,1.8378592728553291,0.4439250763482115,0.16577598210713435,-0.5462665528484478,-0.3928544569026746,-1.944264221206278,-1.6224631082158611
4.566666666666666,1,56,-1.4726719319646657,-1.4082362325563782,-0.7908081606044811,-0.9214160374297321,-0.24383613533402243,-0.10920174584601172,2.0741105187994173,1.838290609261418,0.26186920370083844,0.16621710896164255,-0.4839739154440889,-0.3947270084287298,-1.5275975545396112,-1.622811365078885
4.570833333333333,1,56,-1.4682173438288313,-1.4069619531810926,-0.7897428435429167,-0.9191895246585091,-0.25985044043265554,-0.1107189677598915,2.061732627143411,1.8387480785383754,0.3042603519636049,0.16668496184938789,-0.8130878267509795,-0.3967130100288673,-1.944264221206278,-1.6231807213703409
4.575,1,56,-1.4740422663942359,-1.40561575409545,-0.7849343547889673,-0.9168373485855656,-0.2506938596043837,-0.1123218209432636,2.065962815697796,1.8392313671596103,0.18441731682061344,0.167179220127371,-0.6907075999849539,-0.3988111005967937,-1.5275975545396112,-1.6235709239518767
4.579166666666667,1,56,-1.4695795220072405,-1.40419855791706,-0.7813725885914762,-0.9143611212748894,-0.2639954284274251,-0.11400920688061976,2.073196434935594,1.8397401439032421,0.26556237406276073,0.16769954505565668,-0.701189725739793,-0.4010198422060348,-1.944264221206278,-1.623981705398134
4.583333333333333,1,56,-1.4703621436227519,-1.4027113359213925,-0.779457209825702,-0.9117625398089882,-0.26595472097963724,-0.11577996912192567,2.0690095215316258,1.840274060079105,0.22509645510510062,0.16824558002953002,-0.8845648837004519,-0.4033377210954214,-1.5275975545396112,-1.6244127841800287
4.5875,1,56,-1.4665043323770068,-1.4011551073761146,-0.7789845578593052,-0.9090433851257962,-0.27695325033073714,-0.11763289407519309,2.0886806525164006,1.8408327497677215,0.36101940126053167,0.16881695082389508,-0.6478914365615897,-0.40576314870654356,-1.944264221206278,-1.6248638648576963
4.591666666666667,1,56,-1.4683658474769379,-1.3995309388425368,-0.7782523136075977,-0.9062055207981097,-0.27492327132982897,-0.11956671183821392,2.0951546691371776,1.8414158300710863,0.37517537746231827,0.16941326584974978,-0.6231510888713042,-0.4082944627724686,-1.5275975545396112,-1.6253346382829723
4.595833333333333,1,56,-1.4661664360739222,-1.3978399434446422,-0.7781365714685521,-0.9032508917563836,-0.2869863509283953,-0.12158009706889013,2.095002755787742,1.842022901375085,0.3976460577541016,0.17003411642256214,-0.7949367141692005,-0.4109299284569782,-1.9414194656969082,-1.6258247818112668
4.6,1,56,-1.4745290749950775,-1.39608328010621,-0.7789248773727325,-0.9001815229557762,-0.2736834848120662,-0.12367166989355544,2.094881225108194,1.8426535476233696,0.23700945212050886,0.17067907704236168,-0.5790048854986733,-0.41366773954353653,-1.5247527990302414,-1.6263339595226887
4.604166666666667,1,56,-1.4698058709216852,-1.394262152756544,-0.7816683985647374,-0.8969995179883445,-0.28784053612215066,-0.1258399968526727,2.0947840005645553,1.8433073366025035,0.3393622623835356,0.17134770568535626,-0.5346267119577738,-0.41650601967318224,-1.9377130545640704,-1.6268618224522686
4.608333333333333,1,56,-1.4699395098834194,-1.3923778095053636,-0.7852165475213901,-0.8937070576413497,-0.2934346293980017,-0.12808359188325355,2.0803993952900317,1.843983820238177,0.3054245369484484,0.17203954410687244,-0.7656919989421096,-0.41944282363048857,-1.5210463878974037,-1.6274080088291218
4.6125,1,56,-1.4642510168116014,-1.3904315417874076,-0.786866076487491,-0.8903063984026509,-0.31150304736663303,-0.13040091733733455,2.074341646837092,1.8446825349022982,0.438933897333222,0.17275411815541436,-1.1092497008791433,-0.42247613867672035,-1.9377130545640704,-1.6279721443243886
4.616666666666666,1,56,-1.4700436157201668,-1.3884246834773515,-0.7831219309826375,-0.8867998709142236,-0.3016121219661198,-0.13279038503580248,2.0804995046346804,1.8454030017307375,0.39498141387314045,0.17349093809762292,-1.026776729078961,-0.4256038859292624,-1.5210463878974037,-1.6285538423077792
4.620833333333334,1,56,-1.4650493935561006,-1.3863586099756358,-0.781386134578962,-0.8831898783748526,-0.31605357424507796,-0.13525035735685392,2.0896056557494305,1.846144726951519,0.45663344123998933,0.17424949895391487,-1.0860250582667972,-0.42882392178638296,-1.9377130545640704,-1.6291527041125526
4.625,1,56,-1.4686850958312612,-1.3842347372658368,-0.778964028701811,-0.8794788948931029,-0.3074256605142497,-0.1377791483583373,2.104262572182599,1.8469072022232258,0.4480094976129784,0.17502928084456992,-0.7854427259228708,-0.4321340393963486,-1.5210463878974037,-1.6297683193087416
4.629166666666666,1,56,-1.4641240281141137,-1.3820545209442197,-0.7803702798822894,-0.8756694637916843,-0.3215462821399232,-0.14037502493321666,2.102289078224079,1.8476899049833937,0.4593600207355668,0.17582974934603135,-0.7053692057251366,-0.43553197016989414,-1.9254669793059387,-1.630400265984441
4.633333333333333,1,56,-1.4652654926854092,-1.379819455222147,-0.7806567798811124,-0.8717641958643882,-0.32438829003598424,-0.14303620799735453,2.091964314828142,1.8484922988066477,0.3681307358654452,0.1766503558571726,-0.7736634544648793,-0.43901538533499784,-1.508800312639272,-1.6310481110349664
4.6375,1,56,-1.4572919277555632,-1.3775310719020202,-0.7837046132858616,-0.8677657675867789,-0.3473491951737034,-0.14576087370880839,2.0861814460146553,1.849313833772342,0.44605521979361873,0.17749053797528128,-1.007527613989901,-0.4425818975329068,-1.9254669793059387,-1.6317114104596802
4.641666666666667,1,56,-1.4604010159174312,-1.3751909393274604,-0.7851076132908514,-0.8636769192818736,-0.34369130009360416,-0.1485471547177985,2.0888948802521874,1.8501539468414472,0.3513430472196817,0.1783497198815013,-0.8480133376958954,-0.44622906245431027,-1.508800312639272,-1.6323897096662894
4.645833333333333,1,56,-1.454099118918831,-1.3728006613084414,-0.7879018842342583,-0.8595004532420568,-0.36190053896600205,-0.1513931414464998,2.095389654996767,1.8510120622424304,0.3934321631891072,0.17922731273547146,-0.8546587514955564,-0.44995438051455194,-1.9254669793059387,-1.6330825437823997
4.65,1,56,-1.4575132432763669,-1.3703618760221201,-0.7877250697895549,-0.8552392318085326,-0.3562539207679874,-0.15429688339776915,2.0951907444754134,1.8518875918658602,0.3398345027490215,0.18012271507888655,-0.5899402552318719,-0.4537552985667177,-1.508800312639272,-1.6337894379741158
4.654166666666667,1,56,-1.4489648269935262,-1.3678762548901129,-0.7896955001528488,-0.8508961754096201,-0.37653489366086956,-0.15725639049191717,2.0950316160583307,1.8527799356674655,0.5515997931439038,0.1810353132477064,-0.585086157343297,-0.45762921165143333,-1.9235070922719864,-1.6345099077714687
4.658333333333333,1,56,-1.4500750779583929,-1.3653455014329832,-0.7872105433219649,-0.8464742605592341,-0.3830606637932189,-0.16026963443061276,2.081907682213271,1.8536884820793789,0.43667163231457967,0.1819644817927315,-0.7577589022955118,-0.4615734647821775,-1.5068404256053196,-1.6352434594004472
4.6625,1,56,-1.444360803620924,-1.3627713501027368,-0.7836043427082627,-0.8419765178169334,-0.4039915886980312,-0.16333455008697526,2.0764575989014116,1.854612608429272,0.49566246415871273,0.18290958390825415,-1.081748876310475,-0.46558535476487417,-1.9235070922719864,-1.6359895901214072
4.666666666666667,1,56,-1.4493598466164754,-1.360155565094113,-0.777991102191806,-0.8374060297109251,-0.3977030293858656,-0.1664490369209104,2.079856031487433,1.8555516813671067,0.38468921726447775,0.1838699718684935,-1.001258687754711,-0.4696621320505286,-1.5068404256053196,-1.6367477885736226
4.670833333333333,1,56,-1.44536134335369,-1.3574999391354967,-0.7737689584033037,-0.8327659286254584,-0.40989689417558034,-0.16961096041871299,2.0949022492112688,1.8565050572991981,0.3997627652551131,0.1848449874715136,-0.8178273483660748,-0.473801002619627,-1.9235070922719864,-1.6375175351257465
4.675,1,56,-1.4464179192483593,-1.3548062922602677,-0.7695478355517318,-0.8280593946540378,-0.41142905334927343,-0.17281815355595984,2.094800819847015,1.857472082829305,0.3227896341942603,0.18583396249032347,-0.8309817615564162,-0.4779991298970233,-1.5068404256053196,-1.6382983022319422
4.679166666666666,1,56,-1.4426872082566133,-1.3520764705594437,-0.7702894665620627,-0.8232896534199508,-0.4229161713503935,-0.17606841828267764,2.094719676355612,1.858452095206433,0.4038782972530228,0.1868362191308456,-0.5342415318569208,-0.4822536366959828,-1.9094220756187172,-1.6390895547934352
4.683333333333334,1,56,-1.4425309135810287,-1.3493123449164601,-0.7700789410464833,-0.8184599738655842,-0.42730340433602687,-0.17935952702977764,2.08032852694837,1.8594444227790516,0.36964848921603694,0.1878510704964427,-0.5610389003536578,-0.4865616071900637,-1.4927554089520505,-1.6398907505252438
4.6875,1,56,-1.4367310030416565,-1.3465158097249628,-0.771889969449796,-0.8135736660120589,-0.44246300485631546,-0.18268922423571787,2.080591119481835,1.8604483854554106,0.5493533211519787,0.18887782105868128,-0.5039124215886625,-0.4909200889114755,-1.9094220756187172,-1.640701340327834
4.691666666666666,1,56,-1.4351087609836475,-1.3436887815904812,-0.7743272132693547,-0.8086340786907001,-0.4522072501812437,-0.18605522789235604,2.0668293577208074,1.8614632951696402,0.5894228983193791,0.1899157671340135,-0.7290872383605026,-0.49532609477455825,-1.4927554089520505,-1.6415207686634452
4.695833333333333,1,56,-1.4297384371715514,-1.340833198016886,-0.7788599492145452,-0.80364459724792,-0.4764281592565606,-0.18945523110892154,2.0553379449257134,1.8624884563533182,0.5945273244271658,0.19096419736604592,-1.1151552006942909,-0.4997766051229783,-1.9094220756187172,-1.6423484739368273
4.7,1,56,-1.435503384971743,-1.3379510160785175,-0.7795966188372472,-0.7986086412250682,-0.4700143966654163,-0.1928869036930445,2.0542517280271304,1.8635231664121779,0.4574294086052095,0.19202239321306797,-1.0889935476255757,-0.5042685697992517,-1.4927554089520505,-1.6431838888801307
4.704166666666667,1,56,-1.4319200395871738,-1.3350442110789098,-0.7813652172888043,-0.7935296620148533,-0.48192619198659326,-0.19634789374775008,2.0660553175616245,1.864566716207629,0.4301736306438332,0.19308962944050376,-0.9641819976175213,-0.5087989102351662,-1.9094220756187172,-1.6440264409416832
4.708333333333333,1,56,-1.4308498159726857,-1.332114775197011,-0.7827584731218616,-0.7884111404959244,-0.48558421985178907,-0.19983582928333585,2.0712320088469354,1.8656183905427686,0.46290119576938854,0.1941651746179528,-1.021646736262551,-0.5133645215616834,-1.4927554089520505,-1.6448755526783883
4.7125,1,56,-1.4266403954974518,-1.3291647161218452,-0.7859781521621237,-0.7832565846472532,-0.4990331541417833,-0.20334831984301277,2.0822056980808497,1.86667746865254,0.4628167637085622,0.19524829162047544,-1.0176154655942566,-0.5179622747368586,-1.9094220756187172,-1.645730642151476
4.716666666666667,1,56,-1.4290905336675133,-1.3261960556765446,-0.7840076627442131,-0.7780695271439453,-0.49240654698314723,-0.20688295814120256,2.096540577263524,1.8677432246977084,0.4625486846008242,0.19633823813378054,-0.8538231789316426,-0.5225890186903264,-1.4927554089520505,-1.6465911233253334
4.720833333333333,1,56,-1.4238310127766718,-1.3232108284326907,-0.7860511169664411,-0.7728535229361126,-0.5083172530921889,-0.21043732171337542,2.096111482288819,1.868814928262316,0.5186382361414459,0.1974342671629722,-0.9146780658289486,-0.5272415824828929,-1.898388023869663,-1.6474564064691464
4.725,1,56,-1.4283387596534138,-1.3202110803159202,-0.7824795161314935,-0.7676121468124942,-0.49747485868272984,-0.21400897457628354,2.0957682063090552,1.869891844854273,0.49349942838909355,0.19853562754450166,-0.6573928049791157,-0.5319167774797358,-1.4817213572029964,-1.6483258985610703
4.729166666666667,1,56,-1.419024186876986,-1.3171988672037516,-0.7833955744241496,-0.7623489909504714,-0.5179489436057897,-0.2175954688974634,2.095493585525244,1.8709732364087404,0.7360702313706501,0.19964156446097783,-0.6931640928488197,-0.5366113995357361,-1.8953010918042548,-1.649199003694657
4.733333333333333,1,56,-1.4205819480225068,-1.3141762535165893,-0.7824365488941533,-0.7570676624541739,-0.5203543889744757,-0.22119434667285515,2.086266535716738,1.8720583617939628,0.6736196283127198,0.20075131995848047,-0.7323692203875958,-0.5413222311914364,-1.478634425137588,-1.6500751234872606
4.7375,1,56,-1.4131488121640545,-1.3111453108028712,-0.7855463751406653,-0.7517717808823435,-0.5464902510297819,-0.22480314141140023,2.081242897357727,1.873146477319205,0.7316053766067911,0.20186413346602539,-0.9916368770148596,-0.5460460438781323,-1.8953010918042548,-1.6509536574901384
4.741666666666666,1,56,-1.4189399087899528,-1.3081081163193344,-0.7794527644854422,-0.7464649757676746,-0.5393680000830162,-0.2284193798254482,2.081888393790538,1.8742368372444385,0.5633357641215456,0.2029792423168207,-0.8834495180262413,-0.5507796001305677,-1.478634425137588,-1.6518340035999688
4.745833333333334,1,56,-1.4157831111001709,-1.305066751607366,-0.7752960326486966,-0.7411508841293106,-0.5501728974404748,-0.23204058352582596,2.095497230605856,1.8753286942914353,0.5212470962612461,0.20409588227096134,-0.7123807339967912,-0.5555196558057349,-1.8953010918042548,-1.6527155584715023
4.75,1,56,-1.414036364025997,-1.302023301066421,-0.772023423847014,-0.735833147980218,-0.5562964012597215,-0.23566427072039886,2.095276804962685,1.8764213001559145,0.5290978481158874,0.2052132880391996,-0.7610857838618197,-0.5602629623062432,-1.478634425137588,-1.6535977179310644
4.754166666666666,1,56,-1.4091681168663346,-1.2989798505254762,-0.7719932542024862,-0.7305154118311253,-0.5726694382685833,-0.23928795791497187,2.095100464448148,1.8775139060203938,0.5554550406131815,0.2063306938074379,-0.7742270264075393,-0.5650062688067514,-1.8888650607052182,-1.6544798773906266
4.758333333333333,1,56,-1.4078086509132064,-1.2959384858135083,-0.7723641000206505,-0.7252013201927626,-0.58254021299658,-0.2429091616153488,2.0839196759179655,1.8786057630673905,0.49252809820469334,0.20744733376157828,-1.0201425601705463,-0.5697463244819175,-1.4721983940385515,-1.65536143226216
4.7625,1,56,-1.4026528109207512,-1.292901291329971,-0.7736210575618879,-0.7198945150780924,-0.5949511942250347,-0.24652540002939755,2.0952898788540066,1.8796961229926241,0.5515215697701963,0.20856244261237386,-0.9063898772659612,-0.5744798807343541,-1.8888650607052182,-1.6562417783719905
4.766666666666667,1,56,-1.403672186913459,-1.2898703486162528,-0.7729476018197214,-0.7145986335062622,-0.5953924812867293,-0.25013419476794263,2.0951109235612053,1.8807842385178664,0.5294558836336313,0.20967525611991877,-1.0016265725145443,-0.5792036934210498,-1.4721983940385515,-1.6571203123748683
4.770833333333333,1,56,-1.4013670206904758,-1.2868477349290905,-0.7760973142902827,-0.7093173050099646,-0.6029365270777579,-0.2537330725433344,2.0949677593269644,1.8818693639030888,0.598774033793377,0.21078501161742141,-0.8038824099920681,-0.5839145250767501,-1.8744143340035189,-1.6579964321674718
4.775,1,56,-1.4017502118570264,-1.283835521816922,-0.7776661635255769,-0.7040541491479418,-0.6045685329596148,-0.25731956686451424,2.0856033452588196,1.8829507554575562,0.5849822694659457,0.2118909485338976,-0.8345594541879792,-0.5886091471327506,-1.4577476673368521,-1.6588695373010587
4.779166666666667,1,56,-1.3944335979685016,-1.2808357737001514,-0.7826247820279858,-0.6988127730243234,-0.6237964828578167,-0.26089121972742235,2.0894645081555576,1.884027672049513,0.7128052420382106,0.21299230891542703,-0.8268890970337747,-0.5932843421295934,-1.8744143340035189,-1.6597390293929826
4.783333333333333,1,56,-1.3932497725026023,-1.2778505464562975,-0.7868132167271055,-0.6935967688164908,-0.6315247853723763,-0.2644455832995952,2.084726135677401,1.8850993756141208,0.7452257448302952,0.21408833794461868,-0.9602945361435681,-0.59793690592216,-1.4577476673368521,-1.6606043125367955
4.7875,1,56,-1.3933549069698048,-1.274881886010997,-0.7855776484824369,-0.6884097113131826,-0.6355921132573414,-0.267980221597785,2.097011341289341,1.8861651316592891,0.7264716192956945,0.2151782844579238,-0.7707233365132579,-0.6025636498756277,-1.8744143340035189,-1.661464793710653
4.791666666666667,1,56,-1.392654444752268,-1.271931826935831,-0.7855675630153927,-0.6832551554645117,-0.6402911891720806,-0.2714927121574619,2.096488093509473,1.8872242097690606,0.7624081792710868,0.21626140146044642,-0.8165155559067223,-0.6071614030508028,-1.4577476673368521,-1.6623198831837407
4.795833333333333,1,56,-1.3919610564728417,-1.2690023910539323,-0.7829036948195532,-0.6781366339455825,-0.6504631125372642,-0.2749806476930477,2.0960694952855783,1.8882758841042002,0.7208025943910116,0.2173369466378955,-0.840292991490887,-0.61172701437732,-1.8678196355011816,-1.6631689949204458
4.8,1,56,-1.3965522634069978,-1.2660955860543246,-0.7794741358840946,-0.6730576547353677,-0.637578694293621,-0.2784416377477533,2.0957346167064625,1.8893194338996513,0.7514374672709022,0.21840418286533125,-0.5687972680875958,-0.6162573548132345,-1.4511529688345148,-1.6640115469819983
4.804166666666666,1,56,-1.3885603827449107,-1.2632134041159568,-0.7808641489067958,-0.6680216987125169,-0.6581621641901533,-0.2818733103318755,2.09546671384317,1.8903541439585108,0.9270593346511976,0.2194623787123531,-0.627519251144274,-0.6207493194895071,-1.8667992921838223,-1.6648469619253017
4.808333333333334,1,56,-1.388906131880862,-1.260357820542361,-0.7792558393107308,-0.6630322172697358,-0.6650789574906727,-0.2852733135484417,2.087693118022385,1.891379305142189,0.8055264712418019,0.22051080894438574,-0.6666047415849321,-0.625199829837928,-1.4501326255171556,-1.6656746671986837
4.8125,1,56,-1.3804052034541638,-1.2575307924078793,-0.782456648351864,-0.6580926299483771,-0.6958767916752462,-0.2886393172050799,2.0837007566075334,1.8923942148564186,0.802574593494283,0.22154875501971796,-0.9558261035959932,-0.6296058357010108,-1.8667992921838223,-1.6664940955342948
4.816666666666666,1,56,-1.3824548118412576,-1.254734257216382,-0.7800281466313647,-0.6532063220948517,-0.6956802776564377,-0.29196901441102013,2.0842960123905807,1.8933981775327773,0.6430352813679726,0.22257550558195655,-0.8903717493695665,-0.6339643174224225,-1.4501326255171556,-1.6673046853368851
4.820833333333333,1,56,-1.3782596013370785,-1.251970131573399,-0.7788230196669096,-0.6483766425404862,-0.7085562005123764,-0.2952601231581195,2.0972195702810463,1.894390505105396,0.592929919529989,0.22359035694755341,-0.7736874806972838,-0.6382722879165026,-1.8667992921838223,-1.6681058810686937
4.825,1,56,-1.3765770659515653,-1.2492403098725744,-0.7775712130546437,-0.6436069013063982,-0.7145344622625511,-0.29851038788483797,2.096654676702837,1.8953705174825242,0.6004228839241768,0.2245926135880758,-0.883050013862379,-0.6425267947154629,-1.4501326255171556,-1.6688971336301868
4.829166666666667,1,56,-1.3748235565791493,-1.2465466629973454,-0.7783785858379889,-0.6389003673349776,-0.7220338356939845,-0.30171758102208485,2.0962027618402694,1.896337543012631,0.6018726227485416,0.22558158860688565,-0.7083735618575676,-0.6467249219928592,-1.8529299953582525,-1.6696779007363824
4.833333333333333,1,56,-1.374159064003185,-1.243891037038729,-0.7779557011069637,-0.6342602662495108,-0.72572386757489,-0.3048795045198874,2.088443511832439,1.8972909189447225,0.5917856286368368,0.22655660420990575,-0.7676844268234189,-0.6508637925619576,-1.4362633286915858,-1.6704476472885064
4.8375,1,56,-1.3675246862515198,-1.2412752520301054,-0.7808302872971168,-0.6296897781435027,-0.7438761647999949,-0.30799399135382255,2.0932420663569906,1.8982299918825571,0.7195500775941227,0.2275169921701451,-0.7959211042516502,-0.6549405698476121,-1.8529299953582525,-1.6712058457407217
4.841666666666667,1,56,-1.36918109781785,-1.238701100699859,-0.7800312972136133,-0.6251920354012019,-0.7450968610372467,-0.311058907010185,2.08943707482693,1.8991541182324503,0.5824848930121581,0.22846209428566774,-0.8162818230763209,-0.6589524598303087,-1.4362633286915858,-1.6719519764616817
4.845833333333333,1,56,-1.3650952134639776,-1.2361703472427292,-0.7815684097576436,-0.6207701205508158,-0.7548708544363978,-0.31407215094888064,2.1066669325102967,1.9000626646443637,0.6069928715327771,0.2293912628306929,-0.5514058876301399,-0.662896712961053,-1.8529299953582525,-1.6726855280906603
4.85,1,56,-1.366208460071836,-1.233684726110722,-0.7817783348124417,-0.6164270641519034,-0.7600495576375579,-0.31703165804302863,2.1042125664862374,1.900955008445969,0.5277470525666175,0.23030386099951267,-0.6894671564816418,-0.6667706260457685,-1.4362633286915858,-1.6734059978880131
4.854166666666667,1,56,-1.3609900760323066,-1.2312459408244008,-0.7871566154929169,-0.6121658427183791,-0.7850415169911181,-0.31993539999429804,2.10224907366699,1.9018305380693987,0.6269472283495546,0.23119926334292779,-1.0586509108662092,-0.6705715440979344,-1.850691963475908,-1.6741128920797292
4.858333333333333,1,56,-1.3680002474718405,-1.228855662805382,-0.7822985362205876,-0.6079893766785625,-0.7758536633031786,-0.3227813867229993,2.100678279411592,1.902688653470382,0.5242408169258633,0.23207685619689794,-1.0779220966656318,-0.674296862158176,-1.4340252968092413,-1.6748057261958396
4.8625,1,56,-1.3684099604392967,-1.226515530230822,-0.7813988280447007,-0.603900528373657,-0.7825015421112017,-0.32556766773198936,2.0994216440072737,1.903528766539487,0.5333453650027314,0.23293603810311797,-0.8477276268609558,-0.6779440270795793,-1.83647052157725,-1.6754840254024488
4.866666666666666,1,56,-1.3722640046105867,-1.2242271469106956,-0.7785014932355441,-0.5999021000960485,-0.7808326445238774,-0.32829233344344266,2.0898999183124154,1.9043503015051813,0.5058228385666519,0.23377622022122646,-0.8671199613517263,-0.6815105392774876,-1.4198038549105834,-1.6761473248271626
4.870833333333334,1,56,-1.3669538690071226,-1.2219920811886222,-0.7803220586241748,-0.5959968321687517,-0.8004309590713126,-0.33095351650758115,2.093626814563479,1.9051526953284355,0.6369088893423842,0.2345968267323679,-0.8694339218807076,-0.6849939544425923,-1.83647052157725,-1.676795169877688
4.875,1,56,-1.3676952861738172,-1.2198118648670053,-0.7806191314206519,-0.592187401067333,-0.806064158100082,-0.3335493930824605,2.0901485305352043,1.9059353980886033,0.680947574949722,0.23539729523382935,-0.975495942433724,-0.6883918852161377,-1.4198038549105834,-1.6774271165533874
4.879166666666666,1,56,-1.3780961864675254,-1.2176879921572064,-0.7764972579688926,-0.5884764175855832,-0.7871364784445165,-0.3360781840839439,2.1014027782102533,1.9066978733603102,0.6871038039611557,0.23617707712448438,-0.7683001415259341,-0.6917020028261034,-1.83647052157725,-1.6780427317495763
4.883333333333333,1,56,-1.386594432822121,-1.215621918655491,-0.77341691880418,-0.5848664250462131,-0.7738579841928629,-0.3385381564049948,2.1000012430462025,1.9074395985810915,0.6471813339729079,0.23693563798077616,-0.821490907416647,-0.6949220386832232,-1.4198038549105834,-1.6786415935543497
4.8875,1,56,-1.388873057995779,-1.2136150603454345,-0.775783109420586,-0.581359897557785,-0.774544450923558,-0.3409276241034633,2.098880014914962,1.9081600654095308,0.737751561840631,0.23767245792298486,-0.6180423652785576,-0.6980497859357659,-1.8183638636598007,-1.6792232915377403
4.891666666666667,1,56,-1.3908909036427046,-1.2116687926274785,-0.7771561567863833,-0.5779592383190862,-0.7779642347663648,-0.34324494955754425,2.085800986428872,1.908858780073652,0.73189500478616,0.23838703197152677,-0.7389591813968678,-0.7010831009819978,-1.401697196993134,-1.679787427033007
4.895833333333333,1,56,-1.3857090590964203,-1.2097844493762981,-0.7834790790668741,-0.5746667779720914,-0.8047218492045843,-0.3454885445881251,2.077667282201816,1.9095352637093257,0.8167052691907007,0.23907887039304299,-1.0972361500308676,-0.7040199049393041,-1.8183638636598007,-1.6803336134098603
4.9,1,56,-1.390746959905869,-1.2079633220266321,-0.7822315582678184,-0.5714847730046597,-0.8005898647180103,-0.34765687154724234,2.073554395399063,1.9101890526884595,0.6790212010192205,0.2397474990360376,-1.1029603177866851,-0.7068581850689498,-1.401697196993134,-1.6808614763394403
4.904166666666667,1,56,-1.400595526457528,-1.2062066586881999,-0.7769216143758676,-0.5684154042040523,-0.7794479467996372,-0.34974844437190766,2.0866759725956716,1.910819698936744,0.6276216021280864,0.2403924596558371,-0.8763794234547024,-0.7095959961555081,-1.8183638636598007,-1.6813706540508622
4.908333333333333,1,56,-1.4058318605772513,-1.2045156632903053,-0.7738411958922401,-0.5654607751623264,-0.7658747036008069,-0.35176182960258384,2.093252293496625,1.9114267702407428,0.6459021289916532,0.24101331022864947,-0.9055763730466837,-0.7122314618400176,-1.401697196993134,-1.6818607975791566
4.9125,1,56,-1.4036755415295623,-1.2028914947567275,-0.771909451528731,-0.5626229108346398,-0.7725540384689916,-0.35369564736560466,2.105389059103559,1.9120098505441077,0.6172982865990014,0.24160962525450413,-0.931646085843697,-0.7147627759059427,-1.8183638636598007,-1.6823315710044326
4.916666666666667,1,56,-1.4076313781225287,-1.2013352662114496,-0.7704595594260576,-0.5599037561514477,-0.7581139738969529,-0.35554857231887216,2.1031902677608474,1.9125685402327242,0.6518007433419479,0.24218099604886922,-0.7007893330930632,-0.7171882035170649,-1.401697196993134,-1.6827826516821003
4.920833333333333,1,56,-1.4002121690130833,-1.1998480442157822,-0.7739347126683794,-0.5573051746855466,-0.7748010347676938,-0.357319334560178,2.101431234686678,1.913102456408587,0.8192367144116223,0.24272703102274257,-0.7354512510510042,-0.7195060824064514,-1.815004397895325,-1.683213730463995
4.925,1,56,-1.400973392663325,-1.1984308480373922,-0.7733557418969136,-0.5548289473748703,-0.7754244958800851,-0.3590067204975342,2.0920594795984178,1.9136112331522188,0.7106301754314456,0.24324735595102825,-0.7658590592178506,-0.7217148240156925,-1.3983377312286582,-1.6836245119102522
4.929166666666666,1,56,-1.3925165190120363,-1.19708464895175,-0.7788890861299369,-0.5524767713019274,-0.803133233748158,-0.36060957368090596,2.0868923888287556,1.9140945217734535,0.7356805547543902,0.24374161422901125,-1.058249796748838,-0.7238129145836185,-1.815004397895325,-1.684014714491788
4.933333333333334,1,56,-1.3942581607917144,-1.195810369576464,-0.7773283354328723,-0.5502502585307039,-0.8004750865715194,-0.3621267955947861,2.08611445238997,1.9145519910504112,0.5664106336763443,0.2442094671167567,-1.0090914426356727,-0.7257989161837565,-1.3983377312286582,-1.684384070783244
4.9375,1,56,-1.4003209932834868,-1.1946088832389674,-0.7733736956254866,-0.5481509350018374,-0.7853510830319559,-0.363557346411061,2.096829665436072,1.9149833274565,0.5030427274837082,0.2446505939712649,-0.9001654584948869,-0.7276714677098117,-1.815004397895325,-1.6847323276462678
4.941666666666666,1,56,-1.4031996461393075,-1.1934810133779796,-0.7712028662799034,-0.5461802394868105,-0.7745804427322253,-0.36490024570165924,2.0963427528268577,1.9153882353752933,0.5077124898354037,0.24506469246622464,-1.0271743865465826,-0.7294292858085047,-1.3983377312286582,-1.6850592464030012
4.945833333333333,1,56,-1.4010072228559987,-1.1924275329791654,-0.7732123908179225,-0.544339522601891,-0.777841917765642,-0.3661545731104863,2.095953222739486,1.9157664373031293,0.5121177101607152,0.2454514787992122,-0.8785372604537607,-0.7310711657591157,-1.8028683088933855,-1.6853646029996583
4.95,1,56,-1.4017895779241027,-1.191449164045367,-0.7733049927884127,-0.5426300458824852,-0.7737476766441743,-0.3673194689841916,2.0880688572768946,1.916117674039298,0.49736404878056,0.24581068788619537,-0.9616454286208103,-0.7325959822991406,-1.3862016422267187,-1.6856481881600809
4.954166666666667,1,56,-1.3944251890735067,-1.190546577101782,-0.7766809912706646,-0.5410529809185474,-0.7859437332616792,-0.36839413496133044,2.1018721217431433,1.916441704863685,0.6302141245999273,0.24614207354320872,-0.7465884316903518,-0.7340026903954884,-1.8028683088933855,-1.685909807529165
4.958333333333333,1,56,-1.392792045221908,-1.1897203907364156,-0.777170762452327,-0.5396094085516272,-0.7860277826843631,-0.3693778345195232,2.1003767178725146,1.916738307701749,0.6696528622420852,0.24644540865507605,-0.7904463864745612,-0.7352903259606969,-1.3862016422267187,-1.6861492818060635
4.9625,1,56,-1.4000754534358462,-1.1889711711761335,-0.7735322466051249,-0.5383003181341164,-0.7689658601940228,-0.3702698934802298,2.0991803947760115,1.917007279276721,0.6574139644764752,0.24672048533106372,-0.805724932522378,-0.736458006513669,-1.7975840856899699,-1.6863664468670692
4.966666666666667,1,56,-1.407016395029661,-1.1882994318985987,-0.7707409475341251,-0.5371266068511976,-0.7413763312416917,-0.3710697004707975,2.098223336298809,1.917248435248918,0.7157843023151483,0.24696711504735824,-0.547016614651616,-0.7375049317844796,-1.3809174190233031,-1.6865611538780965
4.970833333333333,1,56,-1.4040792838492522,-1.1877056332803575,-0.7711656087869929,-0.5360890791059554,-0.7468256966621876,-0.37177670734346646,2.093700636364195,1.9174616103420834,0.7499520686648093,0.24718512877627158,-0.6291953232964537,-0.7384303842628439,-1.7975840856899699,-1.6867332693966859
4.975,1,56,-1.4019703029584787,-1.1871901822813218,-0.7722271501686423,-0.5351884459680807,-0.7529925515231194,-0.37239042955104185,2.0799472311618366,1.9176466584566565,0.688316355466102,0.247374377102084,-0.9522056755286367,-0.7392337296898606,-1.3809174190233031,-1.6868826754634587
4.979166666666667,1,56,-1.3955806447006087,-1.186753432165859,-0.7743397377087219,-0.5344253246865385,-0.7609525603404655,-0.37291044647897886,2.0901819305753073,1.9178034527699026,0.7539308801289325,0.24753473032344608,-0.9179541095096758,-0.7399144174927017,-1.7975840856899699,-1.6870092696829595
4.983333333333333,1,56,-1.3945063437460978,-1.1863956822606825,-0.7738803435802745,-0.5338002382665366,-0.7596250681256802,-0.3733364017336503,2.090199816440132,1.917931885822832,0.7403257592246693,0.24766607854226974,-1.0894200040157276,-0.7404719811619486,-1.3809174190233031,-1.687112965293834
4.9875,1,56,-1.3895721290780076,-1.186117177749707,-0.7742825676033266,-0.5333136151110834,-0.7626041835150533,-0.3736680033866016,2.10732712482997,1.9180318695938452,0.7807559642440499,0.24776833173904678,-0.9453911317628743,-0.740906038571313,-1.7975840856899699,-1.6871936912282897
4.991666666666666,1,56,-1.3897037635972227,-1.1859181095060127,-0.7740243637843004,-0.5329657887273824,-0.758911196920227,-0.37390502417462385,2.104740720341976,1.91810333555906,0.7426218514885021,0.24784141983454383,-1.0387488201330666,-0.7412162922395283,-1.3809174190233031,-1.6872513921608039
4.995833333333334,1,56,-1.3863205887247978,-1.18579861396103,-0.7776519855276007,-0.5327569974982624,-0.7635559457158876,-0.37404730165550826,2.1026715967515806,1.9181462347392735,0.771774643816373,0.24788529273783105,-0.854184700718599,-0.7414025295342279,-1.7811776976373093,-1.6872860285460396
